"dataset","site_rate"
"real",0.0405405405405405
"real",1
"real",0.18552036199095
"real",0.103603603603604
"real",0.995495495495496
"real",0.786363636363636
"real",0.0497737556561086
"real",0.0045045045045045
"real",0
"real",0.995495495495496
"real",0.972850678733032
"real",0
"real",0.0045045045045045
"real",0.00904977375565611
"real",0.995495495495496
"real",0.158371040723982
"real",0.0135746606334842
"real",0.027027027027027
"real",0
"real",0.027027027027027
"real",1
"real",1
"real",0.995495495495496
"real",0.00900900900900901
"real",0.018018018018018
"real",0
"real",0.0045045045045045
"real",0.995495495495496
"real",0.995495495495496
"real",0.00452488687782805
"real",0
"real",0.0045045045045045
"real",0.00900900900900901
"real",0.027027027027027
"real",0.963963963963964
"real",0.441441441441441
"real",0.045045045045045
"real",0.0045045045045045
"real",1
"real",0.995495495495496
"real",0.990990990990991
"real",0.00900900900900901
"real",0.0045045045045045
"real",0
"real",0.0045045045045045
"real",0.990990990990991
"real",0.270642201834862
"real",0.0045045045045045
"real",0.0226244343891403
"real",0.0045045045045045
"real",0
"real",0.513636363636364
"real",0.018018018018018
"real",0
"real",0.0045045045045045
"real",0.0045045045045045
"real",0
"real",0.559090909090909
"real",0.402714932126697
"real",0.990990990990991
"real",0.0315315315315315
"real",0.00900900900900901
"real",0.0045045045045045
"real",0.0045045045045045
"real",0.132420091324201
"real",0.0855855855855856
"real",0.0135746606334842
"real",0.104072398190045
"real",0
"real",0.995495495495496
"real",0.995495495495496
"real",1
"real",0
"real",0
"real",0.0135135135135135
"real",1
"real",0.0900900900900901
"real",0.182648401826484
"real",0.240909090909091
"real",0
"real",0
"real",0
"real",0.00452488687782805
"real",0.00452488687782805
"real",0.995475113122172
"real",1
"real",0.0226244343891403
"real",0.0316742081447964
"real",0.163636363636364
"real",0.376146788990826
"real",0.118181818181818
"real",0.0271493212669683
"real",0.00452488687782805
"real",0.0180995475113122
"real",0
"real",0.0316742081447964
"real",0.0136363636363636
"real",0.990950226244344
"real",0.0316742081447964
"real",0.00452488687782805
"real",0.00452488687782805
"real",0.694063926940639
"real",1
"real",0
"real",1
"real",0.0730593607305936
"real",0
"real",0.00900900900900901
"real",0
"real",0.47945205479452
"real",0.477272727272727
"real",0
"real",0.00900900900900901
"real",0.0045045045045045
"real",0.411764705882353
"real",0.995495495495496
"real",0.218181818181818
"real",0.121621621621622
"real",0.00900900900900901
"real",1
"real",0.995495495495496
"real",0.0135135135135135
"real",0.0225225225225225
"real",0
"real",0.00900900900900901
"real",0.0315315315315315
"real",0.0045045045045045
"real",0.995495495495496
"real",0.995495495495496
"real",0.990990990990991
"real",0.0045045045045045
"real",0.027027027027027
"real",0
"real",0.828054298642534
"real",0.726027397260274
"real",0.0180995475113122
"real",0.0045045045045045
"real",0
"real",0.00900900900900901
"real",0.0045045045045045
"real",1
"real",0.995495495495496
"real",0.0271493212669683
"real",0
"real",0.381818181818182
"real",0.036036036036036
"real",0.085972850678733
"real",0
"real",0
"real",0.873873873873874
"real",0.285067873303167
"real",0.577272727272727
"real",0.0727272727272727
"real",0.027027027027027
"real",0.0045045045045045
"real",0
"real",0
"real",0.981981981981982
"real",0.0630630630630631
"real",0.0315315315315315
"real",0.0045045045045045
"real",0.00900900900900901
"real",0.995495495495496
"real",0.00900900900900901
"real",0
"real",0.0045045045045045
"real",0.627272727272727
"real",0.853881278538813
"real",0.109090909090909
"real",0
"real",0.0045045045045045
"real",0.00900900900900901
"real",1
"real",0.995495495495496
"real",0.00454545454545455
"real",0
"real",1
"real",0.995495495495496
"real",0.995495495495496
"real",0.0135135135135135
"real",0.0045045045045045
"real",0
"real",0.781818181818182
"real",0.887387387387387
"real",0.0045045045045045
"real",0.710407239819005
"real",0.69683257918552
"real",0.0769230769230769
"real",0.045045045045045
"real",0.936936936936937
"real",0.15
"real",0.027027027027027
"real",0.0045045045045045
"real",0.995475113122172
"real",0.286363636363636
"real",0.05
"real",0.00452488687782805
"real",0
"real",0.00452488687782805
"real",0.823529411764706
"real",0.873303167420814
"real",0.0180995475113122
"real",0.0818181818181818
"real",0
"real",0.0271493212669683
"real",0.0271493212669683
"real",0.828054298642534
"real",0.3
"real",0.0363636363636364
"real",0
"real",0
"real",0.00900900900900901
"real",0.018018018018018
"real",0.995495495495496
"real",0.239819004524887
"real",0.0135135135135135
"real",0
"real",0.995495495495496
"real",0.223744292237443
"real",0.0405405405405405
"real",0
"real",0
"real",0.763636363636364
"real",0.280542986425339
"real",0.00900900900900901
"real",0.0361990950226244
"real",0
"real",0.0045045045045045
"real",0.0225225225225225
"real",0.266968325791855
"real",0.819004524886878
"real",0.30316742081448
"real",0.0045045045045045
"real",1
"real",0.995495495495496
"real",0.027027027027027
"real",0
"real",0
"real",0.675675675675676
"real",0.815315315315315
"real",0
"real",0.018018018018018
"real",0.625570776255708
"real",0.995495495495496
"real",0.0045045045045045
"real",0.0675675675675676
"real",0.995495495495496
"real",0.0045045045045045
"real",0
"real",0
"real",0.018018018018018
"real",0.990950226244344
"real",0.0315315315315315
"real",0.195454545454545
"real",0.018018018018018
"real",0
"real",0.0045045045045045
"real",0.995475113122172
"real",0.995475113122172
"real",0
"real",0
"real",0.0045045045045045
"real",1
"real",0.638888888888889
"real",0.00900900900900901
"real",0.0045045045045045
"real",0
"real",0.0045045045045045
"real",0.995475113122172
"real",0.645161290322581
"real",0.018018018018018
"real",0.0045045045045045
"real",0.0416666666666667
"real",1
"real",0.199074074074074
"real",0.0934579439252336
"real",0.99537037037037
"real",0.621495327102804
"real",0.102325581395349
"real",0.00925925925925926
"real",0
"real",0.99537037037037
"real",0.851851851851852
"real",0
"real",0.00462962962962963
"real",0.00925925925925926
"real",0.833333333333333
"real",0.206572769953052
"real",0.0185185185185185
"real",0.013953488372093
"real",0
"real",0.0277777777777778
"real",1
"real",0.953703703703704
"real",0.407407407407407
"real",0.00925925925925926
"real",0
"real",0
"real",0.00462962962962963
"real",0.962962962962963
"real",0.976851851851852
"real",0.0324074074074074
"real",0
"real",0.00462962962962963
"real",0.00925925925925926
"real",0.0185185185185185
"real",0.944444444444444
"real",0.493023255813954
"real",0.0462962962962963
"real",0.00462962962962963
"real",0.99537037037037
"real",0.134259259259259
"real",0.50462962962963
"real",0.0601851851851852
"real",0.00462962962962963
"real",0
"real",0.0138888888888889
"real",0.799065420560748
"real",0.189814814814815
"real",0
"real",0.0416666666666667
"real",0.0138888888888889
"real",0
"real",1
"real",0.316279069767442
"real",0.0277777777777778
"real",0.0324074074074074
"real",0.00925925925925926
"real",0
"real",0.98936170212766
"real",0.563829787234043
"real",0.0319148936170213
"real",0.074468085106383
"real",0.0106382978723404
"real",0.0106382978723404
"real",0.0638297872340425
"real",0.329787234042553
"real",0.904255319148936
"real",0.138297872340426
"real",0.10752688172043
"real",0
"real",1
"real",0.0106382978723404
"real",1
"real",0
"real",0
"real",0.0319148936170213
"real",1
"real",0
"real",0.180851063829787
"real",0.172043010752688
"real",0
"real",0
"real",0
"real",0.0106382978723404
"real",0.00462962962962963
"real",0.585106382978723
"real",0.407407407407407
"real",0.157407407407407
"real",0.111111111111111
"real",0.181395348837209
"real",0.548837209302326
"real",0.106481481481481
"real",0.0231481481481481
"real",0.00925925925925926
"real",0.0231481481481481
"real",0
"real",0.0138888888888889
"real",0.0138888888888889
"real",1
"real",1
"real",0.00462962962962963
"real",0.00462962962962963
"real",0.893518518518518
"real",1
"real",0
"real",1
"real",0.297674418604651
"real",0
"real",0.00462962962962963
"real",0
"real",0.662037037037037
"real",0.241860465116279
"real",0
"real",0.0138888888888889
"real",0
"real",0.0972222222222222
"real",0.99537037037037
"real",0.546728971962617
"real",0.0462962962962963
"real",0.00925925925925926
"real",1
"real",0.99537037037037
"real",0.00925925925925926
"real",0.0601851851851852
"real",0
"real",0
"real",0.0558139534883721
"real",0.00462962962962963
"real",0.716981132075472
"real",0.0747663551401869
"real",0.0883720930232558
"real",0.0324074074074074
"real",0.0558139534883721
"real",0
"real",0.375
"real",0.92093023255814
"real",0
"real",0.00465116279069767
"real",0
"real",0
"real",0.00465116279069767
"real",1
"real",0.995348837209302
"real",0.0324074074074074
"real",0
"real",0.288372093023256
"real",0.0558139534883721
"real",0.189814814814815
"real",0.00925925925925926
"real",0
"real",0.99537037037037
"real",0.99537037037037
"real",0.99537037037037
"real",0
"real",0
"real",0.00462962962962963
"real",0
"real",0
"real",0.990740740740741
"real",0.185185185185185
"real",0.699074074074074
"real",0.00462962962962963
"real",0.00462962962962963
"real",0.856481481481482
"real",0.564814814814815
"real",0
"real",0.00462962962962963
"real",0.777777777777778
"real",0.472222222222222
"real",0.537037037037037
"real",0
"real",0
"real",0.00925925925925926
"real",0.845794392523365
"real",0.99537037037037
"real",0.102325581395349
"real",0.00462962962962963
"real",0.995348837209302
"real",0.734883720930233
"real",0.990697674418605
"real",0.00930232558139535
"real",0.00930232558139535
"real",0
"real",1
"real",0.0511627906976744
"real",0.00930232558139535
"real",0.274418604651163
"real",0.836448598130841
"real",0.106976744186047
"real",0.0560747663551402
"real",0.655813953488372
"real",0.804651162790698
"real",0.115740740740741
"real",0.00462962962962963
"real",0.99537037037037
"real",0.75
"real",0.0325581395348837
"real",0
"real",0
"real",0.00462962962962963
"real",0.967592592592593
"real",0.976851851851852
"real",0.0138888888888889
"real",0.00925925925925926
"real",0
"real",0.0324074074074074
"real",0.00462962962962963
"real",0.883720930232558
"real",0.0416666666666667
"real",0.0138888888888889
"real",0
"real",0.00925925925925926
"real",0
"real",0.268518518518519
"real",0.990740740740741
"real",0.579439252336449
"real",0.00462962962962963
"real",0
"real",1
"real",0.49537037037037
"real",0.0740740740740741
"real",0
"real",0
"real",0.962962962962963
"real",0.111627906976744
"real",0.0186046511627907
"real",0.0277777777777778
"real",0
"real",0
"real",0
"real",0.288372093023256
"real",0.534883720930233
"real",0.564814814814815
"real",0
"real",1
"real",0.99537037037037
"real",0.990740740740741
"real",0
"real",0.00462962962962963
"real",0.791666666666667
"real",0.310185185185185
"real",0
"real",0.0465116279069767
"real",0.99537037037037
"real",0.99537037037037
"real",0.00462962962962963
"real",0.013953488372093
"real",0.99537037037037
"real",0.00462962962962963
"real",0
"real",0
"real",0.0186046511627907
"real",0.675925925925926
"real",0.143518518518519
"real",0.967592592592593
"real",0.0277777777777778
"real",0
"real",0.00462962962962963
"real",0.884259259259259
"real",0.976851851851852
"real",0
"real",0.00462962962962963
"real",0.00462962962962963
"real",1
"real",0.99537037037037
"real",0
"real",0
"real",0.00462962962962963
"real",0.00462962962962963
"real",0.990740740740741
"real",0.981481481481482
"real",0.0324074074074074
"real",0.00925925925925926
"real",0.00956937799043062
"real",1
"real",1
"real",0
"real",1
"real",0.681159420289855
"real",0.114832535885167
"real",0.0143540669856459
"real",0
"real",1
"real",0.923444976076555
"real",0
"real",0
"real",0
"real",1
"real",0.0772946859903382
"real",0.0143540669856459
"real",0.00956937799043062
"real",0.00478468899521531
"real",0.00478468899521531
"real",1
"real",0.995215311004785
"real",0.0625
"real",0.0287081339712919
"real",0.00478468899521531
"real",0
"real",0.00478468899521531
"real",1
"real",0.00961538461538462
"real",1
"real",0
"real",0.00478468899521531
"real",0
"real",0.00956937799043062
"real",0.976076555023923
"real",0.360576923076923
"real",0.0288461538461538
"real",0
"real",1
"real",0.206730769230769
"real",0.376811594202899
"real",0.0480769230769231
"real",0
"real",0.00483091787439614
"real",0
"real",0.857843137254902
"real",1
"real",0
"real",0.00970873786407767
"real",0.00485436893203883
"real",0
"real",1
"real",0.0731707317073171
"real",0.0634146341463415
"real",0.0390243902439024
"real",0.00485436893203883
"real",0
"real",1
"real",1
"real",0.0338164251207729
"real",0.0144927536231884
"real",0
"real",0
"real",0.0821256038647343
"real",0.236714975845411
"real",0.8743961352657
"real",0.256038647342995
"real",0.130434782608696
"real",0
"real",0.0192307692307692
"real",0.0144230769230769
"real",1
"real",0
"real",0
"real",0.00478468899521531
"real",1
"real",0.0191387559808612
"real",0.130434782608696
"real",0.177033492822967
"real",0
"real",0.00478468899521531
"real",0
"real",0.00478468899521531
"real",0
"real",0.423076923076923
"real",0.625
"real",0.669856459330144
"real",0.0336538461538462
"real",0.285024154589372
"real",0.285024154589372
"real",0.196172248803828
"real",0.0526315789473684
"real",0
"real",0.00478468899521531
"real",0
"real",0.00956937799043062
"real",0.0143540669856459
"real",1
"real",0.0478468899521531
"real",0
"real",0
"real",0.875598086124402
"real",1
"real",0.00478468899521531
"real",1
"real",1
"real",0
"real",0
"real",0
"real",1
"real",0.0287081339712919
"real",0
"real",0.00478468899521531
"real",0
"real",0.0191387559808612
"real",1
"real",1
"real",0
"real",0.00478468899521531
"real",1
"real",1
"real",1
"real",0.00956937799043062
"real",0
"real",0
"real",0.00478468899521531
"real",0
"real",1
"real",0.0813397129186603
"real",1
"real",0.0191387559808612
"real",0.129807692307692
"real",0
"real",1
"real",1
"real",0.00478468899521531
"real",0
"real",0
"real",0.00478468899521531
"real",0
"real",1
"real",1
"real",1
"real",0
"real",0.602870813397129
"real",0.110576923076923
"real",0.0961538461538462
"real",0
"real",0
"real",1
"real",0.0239234449760766
"real",0.995215311004785
"real",0.00956937799043062
"real",0
"real",0
"real",0
"real",0
"real",1
"real",0.995215311004785
"real",0
"real",0
"real",0
"real",1
"real",0.0192307692307692
"real",0.00478468899521531
"real",0
"real",0.0191387559808612
"real",1
"real",0.995215311004785
"real",0
"real",0.00478468899521531
"real",0.00478468899521531
"real",1
"real",1
"real",0.0143540669856459
"real",0
"real",1
"real",0.995215311004785
"real",1
"real",0.00478468899521531
"real",0
"real",0
"real",1
"real",0.0717703349282297
"real",0.0287081339712919
"real",0.0432692307692308
"real",1
"real",0.0143540669856459
"real",0.00480769230769231
"real",0.995215311004785
"real",1
"real",0.995215311004785
"real",0
"real",1
"real",1
"real",0.0478468899521531
"real",0
"real",0.00478468899521531
"real",0
"real",1
"real",1
"real",0.00478468899521531
"real",0.00478468899521531
"real",0
"real",0.00478468899521531
"real",0
"real",1
"real",0.134615384615385
"real",0.105263157894737
"real",0
"real",0.00956937799043062
"real",0
"real",0.0287081339712919
"real",1
"real",0.288461538461538
"real",0.0334928229665072
"real",0.00478468899521531
"real",1
"real",0.386473429951691
"real",0.0526315789473684
"real",0.00478468899521531
"real",0.00478468899521531
"real",0.550724637681159
"real",0.495145631067961
"real",0.0430622009569378
"real",0.0382775119617225
"real",0
"real",0
"real",0.00956937799043062
"real",0.0430622009569378
"real",1
"real",0.00478468899521531
"real",0
"real",0.274038461538462
"real",1
"real",0.0861244019138756
"real",0
"real",0
"real",0.966507177033493
"real",0.442307692307692
"real",0
"real",0.0287081339712919
"real",1
"real",0.421052631578947
"real",0
"real",0.00956937799043062
"real",1
"real",0.00478468899521531
"real",0
"real",0
"real",0.0143540669856459
"real",0.995215311004785
"real",0.0191387559808612
"real",0.267942583732057
"real",0.0334928229665072
"real",0.00478468899521531
"real",0
"real",1
"real",1
"real",0
"real",0
"real",0.00956937799043062
"real",1
"real",0.674641148325359
"real",0
"real",0
"real",0
"real",0
"real",0.933014354066986
"real",0.980861244019139
"real",0.00961538461538462
"real",0
"real",0.0384615384615385
"real",1
"real",0.164251207729469
"real",0.0673076923076923
"real",0.995192307692308
"real",0.521739130434783
"real",0.106796116504854
"real",0.0144230769230769
"real",0.00480769230769231
"real",0.995192307692308
"real",0.841346153846154
"real",0
"real",0.00480769230769231
"real",0.0144230769230769
"real",0.553398058252427
"real",0.576923076923077
"real",0.0193236714975845
"real",0.0144230769230769
"real",0.00480769230769231
"real",0.0240384615384615
"real",1
"real",1
"real",1
"real",0.00480769230769231
"real",0.00961538461538462
"real",0
"real",0.00480769230769231
"real",0.995192307692308
"real",0.995192307692308
"real",0.00480769230769231
"real",0
"real",0.0192307692307692
"real",0.00480769230769231
"real",0.0240384615384615
"real",0.942307692307692
"real",0.37378640776699
"real",0.0673076923076923
"real",0.00480769230769231
"real",0.980769230769231
"real",0.173076923076923
"real",0.399038461538462
"real",0.0869565217391304
"real",0.00480769230769231
"real",0
"real",0.0192307692307692
"real",0.995192307692308
"real",0.193236714975845
"real",0
"real",0.0240384615384615
"real",0.00480769230769231
"real",0
"real",1
"real",0.101941747572816
"real",0.0432692307692308
"real",0.0192307692307692
"real",0.00961538461538462
"real",0
"real",0.686274509803922
"real",0.229268292682927
"real",0.995192307692308
"real",0.0338164251207729
"real",0.00961538461538462
"real",0.00480769230769231
"real",0.0288461538461538
"real",0.0676328502415459
"real",0.995192307692308
"real",0.0576923076923077
"real",0.0531400966183575
"real",0
"real",0.0434782608695652
"real",0.0144927536231884
"real",1
"real",0
"real",0
"real",0.00961538461538462
"real",1
"real",0
"real",0.00480769230769231
"real",1
"real",0
"real",0
"real",0
"real",0.00961538461538462
"real",0.00480769230769231
"real",0.429951690821256
"real",0.763285024154589
"real",0.48792270531401
"real",0.0528846153846154
"real",0.139423076923077
"real",0.288461538461538
"real",0.163461538461538
"real",0.0625
"real",0.00480769230769231
"real",0.0192307692307692
"real",0
"real",0.0192307692307692
"real",0.0240384615384615
"real",0.980769230769231
"real",0.899038461538462
"real",0.00961538461538462
"real",0.00480769230769231
"real",1
"real",1
"real",0
"real",1
"real",0.184466019417476
"real",0
"real",0.00480769230769231
"real",0
"real",0.723300970873786
"real",0.202898550724638
"real",0
"real",0.00961538461538462
"real",0
"real",0.193236714975845
"real",0.995192307692308
"real",0.247572815533981
"real",0.111111111111111
"real",0.0288461538461538
"real",1
"real",0.995192307692308
"real",0.0144927536231884
"real",0.0336538461538462
"real",0.00480769230769231
"real",0
"real",0.00483091787439614
"real",0.00480769230769231
"real",0.995192307692308
"real",0.207729468599034
"real",0.396135265700483
"real",0.0338164251207729
"real",0.263414634146341
"real",0
"real",0.757281553398058
"real",0.802884615384615
"real",0
"real",0.00480769230769231
"real",0
"real",0
"real",0.00480769230769231
"real",1
"real",0.995192307692308
"real",0.0528846153846154
"real",0
"real",0.51980198019802
"real",0.197115384615385
"real",0.110576923076923
"real",0
"real",0
"real",0.995192307692308
"real",0.00961538461538462
"real",1
"real",0.995192307692308
"real",0
"real",0.00480769230769231
"real",0
"real",0
"real",1
"real",0.995192307692308
"real",0.00961538461538462
"real",0
"real",0.00961538461538462
"real",0.995192307692308
"real",0.0192307692307692
"real",0
"real",0.00480769230769231
"real",1
"real",0.671497584541063
"real",0.168269230769231
"real",0.00961538461538462
"real",0
"real",0.0144230769230769
"real",1
"real",0.995192307692308
"real",0.00483091787439614
"real",0.00483091787439614
"real",1
"real",1
"real",0.995192307692308
"real",0
"real",0.00961538461538462
"real",0
"real",1
"real",0.178743961352657
"real",0.0144230769230769
"real",0.444444444444444
"real",0.702439024390244
"real",0.21256038647343
"real",0.0384615384615385
"real",0.995192307692308
"real",0.995192307692308
"real",0.00480769230769231
"real",0.00961538461538462
"real",1
"real",0.995192307692308
"real",0.00480769230769231
"real",0
"real",0
"real",0.00480769230769231
"real",0.689320388349515
"real",1
"real",0.00480769230769231
"real",0.0288461538461538
"real",0.00483091787439614
"real",0.0384615384615385
"real",0.00961538461538462
"real",0.995192307692308
"real",0.0913461538461538
"real",0.0769230769230769
"real",0.00961538461538462
"real",0
"real",0.00480769230769231
"real",0.00483091787439614
"real",0.995192307692308
"real",0.280193236714976
"real",0.0144230769230769
"real",0
"real",0.995192307692308
"real",0.342995169082126
"real",0.0338164251207729
"real",0.00961538461538462
"real",0
"real",0.507246376811594
"real",0.514423076923077
"real",0.211538461538462
"real",0.0288461538461538
"real",0
"real",0
"real",0
"real",0.0144230769230769
"real",0.995192307692308
"real",0.995192307692308
"real",0
"real",1
"real",0.995192307692308
"real",0.00961538461538462
"real",0
"real",0.00480769230769231
"real",0.956730769230769
"real",0.528846153846154
"real",0
"real",0.192307692307692
"real",0.995192307692308
"real",0.341346153846154
"real",0.00480769230769231
"real",0.0240384615384615
"real",0.995192307692308
"real",0.00480769230769231
"real",0
"real",0
"real",0.00966183574879227
"real",0.995192307692308
"real",0.0144230769230769
"real",0.995192307692308
"real",0
"real",0
"real",0.00480769230769231
"real",0.995192307692308
"real",0.995192307692308
"real",0
"real",0
"real",0.00961538461538462
"real",1
"real",0.825242718446602
"real",0.0384615384615385
"real",0.00480769230769231
"real",0
"real",0.00480769230769231
"real",0.759615384615385
"real",0.971153846153846
"real",0.00961538461538462
"real",0.00480769230769231
"real",0.116161616161616
"real",1
"real",0.192893401015228
"real",0.0757575757575758
"real",0.989949748743719
"real",0.67005076142132
"real",0.0808080808080808
"real",0.0150753768844221
"real",0
"real",0.989949748743719
"real",0.974874371859296
"real",0
"real",0.0100502512562814
"real",0.0050251256281407
"real",0.989949748743719
"real",0.095959595959596
"real",0.0251256281407035
"real",0.0301507537688442
"real",0.0050251256281407
"real",0.0201005025125628
"real",1
"real",0.994974874371859
"real",0.130653266331658
"real",0.0150753768844221
"real",0.0050251256281407
"real",0.0150753768844221
"real",0.0100502512562814
"real",0.989949748743719
"real",0.989949748743719
"real",0.0100502512562814
"real",0
"real",0
"real",0.0100502512562814
"real",0.0351758793969849
"real",0.994974874371859
"real",0.272727272727273
"real",0.0656565656565657
"real",0.0100502512562814
"real",0.994974874371859
"real",0.492462311557789
"real",0.381909547738693
"real",0.0402010050251256
"real",0.0100502512562814
"real",0
"real",0.0100502512562814
"real",0.989949748743719
"real",0.368686868686869
"real",0
"real",0.0100502512562814
"real",0
"real",0
"real",1
"real",0.0201005025125628
"real",0.989949748743719
"real",0.0050251256281407
"real",0.0100502512562814
"real",0
"real",0.994974874371859
"real",0.32994923857868
"real",0.0753768844221105
"real",0.0452261306532663
"real",0.0100502512562814
"real",0.0100502512562814
"real",0.0201005025125628
"real",0.0904522613065327
"real",0.989949748743719
"real",0.0505050505050505
"real",0.289340101522843
"real",0
"real",0.0402010050251256
"real",1
"real",1
"real",0
"real",0
"real",0.0301507537688442
"real",1
"real",0.0251256281407035
"real",0.116161616161616
"real",0.185929648241206
"real",0.0050251256281407
"real",0
"real",0
"real",0.0100502512562814
"real",0.0050251256281407
"real",0.226130653266332
"real",0.371859296482412
"real",0.100502512562814
"real",1
"real",0.0251256281407035
"real",0.050251256281407
"real",0.989949748743719
"real",0.0100502512562814
"real",0
"real",0
"real",0.0050251256281407
"real",0
"real",0.0301507537688442
"real",1
"real",1
"real",0.0100502512562814
"real",0.0100502512562814
"real",0.893939393939394
"real",1
"real",0
"real",1
"real",0.191919191919192
"real",0
"real",0.0100502512562814
"real",0
"real",0.532663316582915
"real",0.336683417085427
"real",0.0050251256281407
"real",0.0402010050251256
"real",0
"real",0.221105527638191
"real",0.994974874371859
"real",0.263959390862944
"real",0.0904522613065327
"real",0.0150753768844221
"real",0.994974874371859
"real",0.844221105527638
"real",0.306532663316583
"real",0.0555555555555556
"real",0.0100502512562814
"real",0.0050251256281407
"real",0.0404040404040404
"real",0.0100502512562814
"real",0.989949748743719
"real",1
"real",0.989949748743719
"real",0.989949748743719
"real",0.0301507537688442
"real",0.0100502512562814
"real",0.989949748743719
"real",0.648241206030151
"real",0
"real",0.0100502512562814
"real",0.0050251256281407
"real",0.0100502512562814
"real",0.0100502512562814
"real",1
"real",0.989949748743719
"real",0.0301507537688442
"real",0
"real",0.431472081218274
"real",0.0707070707070707
"real",0.0707070707070707
"real",0.0100502512562814
"real",0
"real",0.989949748743719
"real",0.0201005025125628
"real",0.989949748743719
"real",0.0100502512562814
"real",0
"real",0
"real",0
"real",0
"real",1
"real",0.989949748743719
"real",0.0150753768844221
"real",0
"real",0.0100502512562814
"real",0.989949748743719
"real",0.0351758793969849
"real",0.0100502512562814
"real",0.0100502512562814
"real",1
"real",0.864321608040201
"real",0.0301507537688442
"real",0
"real",0
"real",0
"real",0.934343434343434
"real",0.989949748743719
"real",0.0251256281407035
"real",0
"real",1
"real",1
"real",0.989949748743719
"real",0.0050251256281407
"real",0.0100502512562814
"real",0
"real",1
"real",0.0555555555555556
"real",0.0150753768844221
"real",0.727272727272727
"real",0.353535353535354
"real",0.49748743718593
"real",0.0402010050251256
"real",0.601010101010101
"real",0.98989898989899
"real",0.0406091370558376
"real",0.0101522842639594
"real",0.98989898989899
"real",0.247474747474747
"real",0.111111111111111
"real",0
"real",0
"real",0.0101010101010101
"real",0.67005076142132
"real",1
"real",0.126262626262626
"real",0.0151515151515152
"real",0
"real",0.0454545454545455
"real",0.0151515151515152
"real",0.98989898989899
"real",0.147208121827411
"real",0.0656565656565657
"real",0
"real",0
"real",0.00505050505050505
"real",0.0101010101010101
"real",0.98989898989899
"real",0.446700507614213
"real",0.0151515151515152
"real",0
"real",0.98989898989899
"real",0.421319796954315
"real",0.0454545454545455
"real",0.00505050505050505
"real",0.00505050505050505
"real",0.181818181818182
"real",0.914141414141414
"real",0.0454545454545455
"real",0.0050761421319797
"real",0
"real",0.00505050505050505
"real",0
"real",0.883838383838384
"real",0.98989898989899
"real",0
"real",0
"real",1
"real",0.989949748743719
"real",0.0552763819095477
"real",0
"real",0.0100502512562814
"real",0.698492462311558
"real",0.884422110552764
"real",0
"real",0.0402010050251256
"real",1
"real",0.989949748743719
"real",0.0100502512562814
"real",0.0251256281407035
"real",0.989949748743719
"real",0.0100502512562814
"real",0
"real",0
"real",0.0100502512562814
"real",0.252525252525253
"real",0.0201005025125628
"real",0.989949748743719
"real",0.0050251256281407
"real",0
"real",0.0100502512562814
"real",0.647959183673469
"real",0.989949748743719
"real",0.0050251256281407
"real",0
"real",0.0151515151515152
"real",1
"real",0.989949748743719
"real",0
"real",0
"real",0
"real",0.0100502512562814
"real",1
"real",0.904522613065327
"real",0.0251256281407035
"real",0.0100502512562814
"real",0.0100502512562814
"real",1
"real",0.994974874371859
"real",0.0201005025125628
"real",0.994974874371859
"real",0.994974874371859
"real",0.0603015075376884
"real",0.0100502512562814
"real",0
"real",0.994974874371859
"real",0.994974874371859
"real",0
"real",0.0050251256281407
"real",0.0301507537688442
"real",0.994974874371859
"real",0.161616161616162
"real",0.0201005025125628
"real",0.0150753768844221
"real",0
"real",0.0201005025125628
"real",1
"real",0.994974874371859
"real",0.0251256281407035
"real",0.0301507537688442
"real",0.0050251256281407
"real",0
"real",0.0050251256281407
"real",0.994974874371859
"real",0.994974874371859
"real",0.0050251256281407
"real",0
"real",0.0050251256281407
"real",0.0050251256281407
"real",0.0201005025125628
"real",0
"real",0.0703517587939698
"real",0.0603015075376884
"real",0.0150753768844221
"real",0.994974874371859
"real",0.0150753768844221
"real",0.994974874371859
"real",0.050251256281407
"real",0.0050251256281407
"real",0
"real",0.0050251256281407
"real",0.994974874371859
"real",0.366834170854271
"real",0.0100502512562814
"real",0.0201005025125628
"real",0
"real",0.0050251256281407
"real",1
"real",0.050251256281407
"real",0.437185929648241
"real",0.0351758793969849
"real",0.0050251256281407
"real",0
"real",1
"real",0.54040404040404
"real",0.106060606060606
"real",0.0909090909090909
"real",0.0101010101010101
"real",0.00505050505050505
"real",0.0252525252525253
"real",0.0707070707070707
"real",0.994949494949495
"real",0.333333333333333
"real",0.0404040404040404
"real",0
"real",0.0404040404040404
"real",0.0406091370558376
"real",1
"real",0
"real",0
"real",0.0101010101010101
"real",1
"real",0.0303030303030303
"real",0.444444444444444
"real",0.52020202020202
"real",0
"real",0
"real",0
"real",0.00505050505050505
"real",0.00505050505050505
"real",1
"real",1
"real",0.994949494949495
"real",0.0909090909090909
"real",0.00505050505050505
"real",0.0304568527918782
"real",0.994949494949495
"real",0.00505050505050505
"real",0.00505050505050505
"real",0.0101010101010101
"real",0
"real",0
"real",0.0101010101010101
"real",0.994949494949495
"real",0.202020202020202
"real",0.0353535353535354
"real",0.00505050505050505
"real",1
"real",1
"real",0.0050251256281407
"real",1
"real",0.64321608040201
"real",0
"real",0.0050251256281407
"real",0
"real",0.994974874371859
"real",0.0303030303030303
"real",0
"real",0.0150753768844221
"real",0
"real",0.246231155778894
"real",1
"real",0.404040404040404
"real",0.110552763819095
"real",0.0151515151515152
"real",1
"real",0.994974874371859
"real",0.0050251256281407
"real",0.0402010050251256
"real",0
"real",0
"real",0.050251256281407
"real",0
"real",0.557788944723618
"real",0.14572864321608
"real",0.442211055276382
"real",0.0050251256281407
"real",0.0552763819095477
"real",0.0050251256281407
"real",0.994974874371859
"real",0.294416243654822
"real",0.0050251256281407
"real",0.0050251256281407
"real",0
"real",0.0100502512562814
"real",0.0050251256281407
"real",1
"real",0.994974874371859
"real",0.050251256281407
"real",0
"real",0.407035175879397
"real",0.0201005025125628
"real",0.105527638190955
"real",0
"real",0
"real",0.994974874371859
"real",0.0100502512562814
"real",0.994974874371859
"real",0.0050251256281407
"real",0
"real",0
"real",0
"real",0
"real",0.994949494949495
"real",0.0355329949238579
"real",0.0353535353535354
"real",0
"real",0.00505050505050505
"real",0.994949494949495
"real",0.095959595959596
"real",0.0101010101010101
"real",0.00505050505050505
"real",1
"real",0.994949494949495
"real",0.0202020202020202
"real",0
"real",0
"real",0.0101010101010101
"real",0.822335025380711
"real",0.994949494949495
"real",0.131313131313131
"real",0
"real",1
"real",1
"real",0.994974874371859
"real",0.0100502512562814
"real",0.0100502512562814
"real",0
"real",1
"real",0.0404040404040404
"real",0.0150753768844221
"real",0.381909547738693
"real",0.753768844221106
"real",0.160804020100503
"real",0.0351758793969849
"real",0.0606060606060606
"real",0
"real",0.0101010101010101
"real",0
"real",1
"real",0.222222222222222
"real",0.0909090909090909
"real",0
"real",0
"real",0
"real",0.535714285714286
"real",1
"real",0.0101010101010101
"real",0.0454545454545455
"real",0.0101010101010101
"real",0.0353535353535354
"real",0
"real",1
"real",0.095959595959596
"real",0.0710659898477157
"real",0
"real",0.00505050505050505
"real",0
"real",0.0101010101010101
"real",1
"real",0.309644670050761
"real",0.0100502512562814
"real",0
"real",1
"real",0.316582914572864
"real",0.0753768844221105
"real",0.0100502512562814
"real",0
"real",0.0050251256281407
"real",0.994974874371859
"real",0.994974874371859
"real",0.0050251256281407
"real",0
"real",0.00505050505050505
"real",0.0151515151515152
"real",0.994949494949495
"real",0.151515151515152
"real",0.00505050505050505
"real",0
"real",0.301507537688442
"real",0.994974874371859
"real",0.14070351758794
"real",0.0050251256281407
"real",0.00505050505050505
"real",0.994974874371859
"real",0.0150753768844221
"real",0.0050251256281407
"real",0.0150753768844221
"real",0.994974874371859
"real",0.778894472361809
"real",0.0050251256281407
"real",0.989949748743719
"real",0.989949748743719
"real",0.0050251256281407
"real",0.989949748743719
"real",0.0050251256281407
"real",0.0150753768844221
"real",0.874371859296482
"real",0.165829145728643
"real",0.909547738693467
"real",0.0201005025125628
"real",0
"real",0.0050251256281407
"real",0.989949748743719
"real",0.989949748743719
"real",0
"real",0
"real",0.0050251256281407
"real",0.994974874371859
"real",0.989949748743719
"real",0
"real",0
"real",0
"real",0.0050251256281407
"real",0.994974874371859
"real",0.989949748743719
"real",0.0201005025125628
"real",0.0050251256281407
"real",0.0459183673469388
"real",0.994897959183674
"real",0.23469387755102
"real",0.086734693877551
"real",0.994897959183674
"real",0.605128205128205
"real",0.0663265306122449
"real",0.0153061224489796
"real",0.00510204081632653
"real",0.989795918367347
"real",0.989795918367347
"real",0.0102040816326531
"real",0.0102040816326531
"real",0
"real",0.989795918367347
"real",0.0974358974358974
"real",0.0102040816326531
"real",0.0153061224489796
"real",0.0153061224489796
"real",0
"real",0.492307692307692
"real",0.533333333333333
"real",0.163265306122449
"real",0.0459183673469388
"real",0
"real",0
"real",0.0102040816326531
"real",0.88265306122449
"real",0.989795918367347
"real",0.0204081632653061
"real",0.00510204081632653
"real",0
"real",0.0357142857142857
"real",0.0153061224489796
"real",0.958974358974359
"real",0.362244897959184
"real",0.0204081632653061
"real",0.00510204081632653
"real",0.989795918367347
"real",0.143589743589744
"real",0.331632653061224
"real",0.076530612244898
"real",0.00512820512820513
"real",0
"real",0.00510204081632653
"real",0.738461538461539
"real",0.989795918367347
"real",0
"real",0
"real",0
"real",0
"real",0.994897959183674
"real",0.173469387755102
"real",0.0561224489795918
"real",0.0306122448979592
"real",0.0204081632653061
"real",0.00510204081632653
"real",0.994897959183674
"real",0.994897959183674
"real",0.00510204081632653
"real",0.994897959183674
"real",0.00510204081632653
"real",0.0102040816326531
"real",0.0969387755102041
"real",0.282051282051282
"real",0.637755102040816
"real",0.596938775510204
"real",0.086734693877551
"real",0
"real",0.0564102564102564
"real",0.0357142857142857
"real",1
"real",0
"real",0.00510204081632653
"real",0.0204081632653061
"real",0.954081632653061
"real",0.0459183673469388
"real",0.163265306122449
"real",0.497435897435897
"real",0
"real",0
"real",0
"real",0.0204081632653061
"real",0.00510204081632653
"real",0.301020408163265
"real",0.88265306122449
"real",0.497435897435897
"real",0.0357142857142857
"real",0.147959183673469
"real",0.219387755102041
"real",0.193877551020408
"real",0.0357142857142857
"real",0.0204081632653061
"real",0.0204081632653061
"real",0.0306122448979592
"real",0.0256410256410256
"real",0.0459183673469388
"real",0.969387755102041
"real",0.739795918367347
"real",0.0153061224489796
"real",0.0102040816326531
"real",0.770408163265306
"real",1
"real",0.00510204081632653
"real",0.994897959183674
"real",0.13265306122449
"real",0
"real",0.00510204081632653
"real",0
"real",0.561224489795918
"real",0.423469387755102
"real",0
"real",0.0255102040816327
"real",0.00510204081632653
"real",0.142857142857143
"real",0.994897959183674
"real",0.323076923076923
"real",0.11734693877551
"real",0.0102040816326531
"real",1
"real",0.994871794871795
"real",0.00512820512820513
"real",0.0256410256410256
"real",0
"real",0
"real",0.0307692307692308
"real",0.00512820512820513
"real",0.938461538461538
"real",0.733333333333333
"real",0.17948717948718
"real",0.0153846153846154
"real",0.18974358974359
"real",0.00512820512820513
"real",0.815384615384615
"real",0.711340206185567
"real",0.00512820512820513
"real",0.00512820512820513
"real",0
"real",0
"real",0.00512820512820513
"real",1
"real",1
"real",1
"real",0
"real",0.666666666666667
"real",0.0615384615384615
"real",0.0876288659793814
"real",0
"real",0
"real",0.994871794871795
"real",0.0256410256410256
"real",0.0666666666666667
"real",0.994845360824742
"real",0.00512820512820513
"real",0
"real",0
"real",0
"real",0.927835051546392
"real",0.456410256410256
"real",0.271794871794872
"real",0
"real",0.0102564102564103
"real",0.943298969072165
"real",0.175257731958763
"real",0.0102564102564103
"real",0.00515463917525773
"real",0.711340206185567
"real",0.489690721649485
"real",0.43298969072165
"real",0
"real",0
"real",0.00512820512820513
"real",0.775510204081633
"real",0.989795918367347
"real",0.0561224489795918
"real",0
"real",0.994897959183674
"real",0.391752577319588
"real",0.994897959183674
"real",0.0459183673469388
"real",0.0153846153846154
"real",0
"real",0.994897959183674
"real",0.0612244897959184
"real",0.00510204081632653
"real",0.719387755102041
"real",0.785714285714286
"real",0.0561224489795918
"real",0.0255102040816327
"real",0.602040816326531
"real",0.739795918367347
"real",0.479591836734694
"real",0.00510204081632653
"real",0.994897959183674
"real",0.989795918367347
"real",0.0204081632653061
"real",0
"real",0.00510204081632653
"real",0.0102040816326531
"real",0.748717948717949
"real",0.994897959183674
"real",0.0102040816326531
"real",0.0204081632653061
"real",0
"real",0.280612244897959
"real",0.0153061224489796
"real",0.989795918367347
"real",0.133333333333333
"real",0.0255102040816327
"real",0
"real",0.00510204081632653
"real",0.00510204081632653
"real",0.0153061224489796
"real",0.989795918367347
"real",0.341836734693878
"real",0.0153061224489796
"real",0.00510204081632653
"real",0.989795918367347
"real",0.358974358974359
"real",0.076530612244898
"real",0
"real",0
"real",0.964285714285714
"real",0.438144329896907
"real",0.0255102040816327
"real",0.0204081632653061
"real",0
"real",0.00510204081632653
"real",0.0255102040816327
"real",0.117948717948718
"real",0.98469387755102
"real",0.0204081632653061
"real",0
"real",0.994897959183674
"real",0.933673469387755
"real",0.392857142857143
"real",0
"real",0.00510204081632653
"real",0.979591836734694
"real",0.112244897959184
"real",0.00510204081632653
"real",0.0612244897959184
"real",0.994897959183674
"real",0.770408163265306
"real",0.00510204081632653
"real",0.0153061224489796
"real",0.989795918367347
"real",0.00510204081632653
"real",0
"real",0
"real",0
"real",0.0357142857142857
"real",0.887755102040816
"real",0.98974358974359
"real",0
"real",0
"real",0.0102040816326531
"real",0.994897959183674
"real",0.994897959183674
"real",0.0102040816326531
"real",0
"real",0.0153061224489796
"real",0.994845360824742
"real",0.806122448979592
"real",0
"real",0
"real",0.00510204081632653
"real",0.0102040816326531
"real",0.994897959183674
"real",0.989795918367347
"real",0.0153061224489796
"real",0.00510204081632653
"real",1
"real",1
"real",0.0251572327044025
"real",0.0125786163522013
"real",0.993710691823899
"real",0.782051282051282
"real",0.050314465408805
"real",0.00628930817610063
"real",0.00628930817610063
"real",0.993710691823899
"real",0.840764331210191
"real",0
"real",0.00628930817610063
"real",0.00628930817610063
"real",0.835443037974684
"real",0.337579617834395
"real",0.164556962025316
"real",0.0189873417721519
"real",0
"real",0.0188679245283019
"real",0.993710691823899
"real",1
"real",1
"real",0.00628930817610063
"real",0
"real",0
"real",0.00628930817610063
"real",0.993710691823899
"real",0.993710691823899
"real",0.0125786163522013
"real",0.00628930817610063
"real",0.0314465408805031
"real",0
"real",0.0314465408805031
"real",1
"real",1
"real",0.00628930817610063
"real",0.00628930817610063
"real",0.993710691823899
"real",0.089171974522293
"real",0.810126582278481
"real",0.0316455696202532
"real",0.00628930817610063
"real",0
"real",0.00628930817610063
"real",0.993710691823899
"real",0.254777070063694
"real",0
"real",0.0189873417721519
"real",0
"real",0
"real",1
"real",0.17948717948718
"real",0.0769230769230769
"real",0.0251572327044025
"real",0.00628930817610063
"real",0
"real",1
"real",0.341772151898734
"real",0.0440251572327044
"real",0.0691823899371069
"real",0.00628930817610063
"real",0.00628930817610063
"real",0.0700636942675159
"real",0.401273885350318
"real",0.468354430379747
"real",0.411392405063291
"real",0.210191082802548
"real",0
"real",1
"real",0.119496855345912
"real",0.423076923076923
"real",0
"real",0
"real",0.0125786163522013
"real",1
"real",0.0569620253164557
"real",0.159235668789809
"real",0.222929936305732
"real",0.00628930817610063
"real",0
"real",0
"real",0.00628930817610063
"real",0.00628930817610063
"real",1
"real",1
"real",0.993670886075949
"real",0.00632911392405063
"real",0.288461538461538
"real",0.397435897435897
"real",0.114649681528662
"real",0.0443037974683544
"real",0.00632911392405063
"real",0
"real",0
"real",0.0254777070063694
"real",0.0126582278481013
"real",1
"real",0.0903225806451613
"real",0.00632911392405063
"real",0.00632911392405063
"real",1
"real",1
"real",0
"real",1
"real",0.993710691823899
"real",0
"real",0.00628930817610063
"real",0
"real",0.75796178343949
"real",0.346153846153846
"real",0
"real",0.00628930817610063
"real",0
"real",1
"real",0.993710691823899
"real",0.0188679245283019
"real",0
"real",0
"real",1
"real",0.949367088607595
"real",0.121019108280255
"real",0.0632911392405063
"real",0
"real",0.00628930817610063
"real",0.0691823899371069
"real",0.00628930817610063
"real",0.987421383647799
"real",0.113207547169811
"real",0.426751592356688
"real",0.0125786163522013
"real",0.412903225806452
"real",0.00628930817610063
"real",0.993710691823899
"real",0.424050632911392
"real",0
"real",0.00628930817610063
"real",0
"real",0
"real",0.00632911392405063
"real",1
"real",1
"real",0.993630573248408
"real",0
"real",0.405228758169935
"real",0.0764331210191083
"real",0.0897435897435897
"real",0
"real",0
"real",0.993710691823899
"real",0.0316455696202532
"real",0.993710691823899
"real",0.0125786163522013
"real",0
"real",0
"real",0
"real",0
"real",0.981132075471698
"real",0.146496815286624
"real",0.0566037735849057
"real",0
"real",0.0125786163522013
"real",0.993710691823899
"real",0.00628930817610063
"real",0.00628930817610063
"real",0.00628930817610063
"real",1
"real",0.748427672955975
"real",0.0691823899371069
"real",0.00628930817610063
"real",0
"real",0.0125786163522013
"real",0.892405063291139
"real",0.993710691823899
"real",0.0759493670886076
"real",0
"real",1
"real",0.993710691823899
"real",0.874213836477987
"real",0.0125786163522013
"real",0.00628930817610063
"real",0
"real",1
"real",0.119496855345912
"real",0.0125786163522013
"real",0.987421383647799
"real",0.987421383647799
"real",0
"real",0.0251572327044025
"real",0.767295597484277
"real",0.987421383647799
"real",0.430379746835443
"real",0.00628930817610063
"real",1
"real",0.867924528301887
"real",0.050314465408805
"real",0
"real",0
"real",0.00632911392405063
"real",1
"real",1
"real",0
"real",0.0125786163522013
"real",0
"real",0.0125786163522013
"real",0.00628930817610063
"real",1
"real",1
"real",0.855345911949686
"real",0
"real",0
"real",0
"real",0.0188679245283019
"real",0.993710691823899
"real",0.371794871794872
"real",0.00628930817610063
"real",0.00628930817610063
"real",1
"real",0.383116883116883
"real",0.107594936708861
"real",0.00628930817610063
"real",0
"real",0.993710691823899
"real",0.993710691823899
"real",0
"real",0.0125786163522013
"real",0
"real",0.00628930817610063
"real",0
"real",1
"real",0.987421383647799
"real",0
"real",0
"real",1
"real",0.993710691823899
"real",1
"real",0
"real",0.00628930817610063
"real",0.993710691823899
"real",0.0636942675159236
"real",0
"real",0.0817610062893082
"real",1
"real",0.993710691823899
"real",0.00628930817610063
"real",0
"real",0.993710691823899
"real",0.00628930817610063
"real",0
"real",0
"real",0.0251572327044025
"real",0.169811320754717
"real",0.0377358490566038
"real",0.993710691823899
"real",0
"real",0
"real",0.00628930817610063
"real",0.705128205128205
"real",0.993710691823899
"real",0
"real",0
"real",0.00628930817610063
"real",0.841772151898734
"real",0.993710691823899
"real",0
"real",0
"real",0
"real",0.00628930817610063
"real",1
"real",0.822784810126582
"real",0.0126582278481013
"real",0.00628930817610063
"real",0.0285714285714286
"real",1
"real",0.2
"real",0.0380952380952381
"real",1
"real",0.514285714285714
"real",0.586538461538462
"real",0.00952380952380952
"real",0
"real",1
"real",0.857142857142857
"real",0.00952380952380952
"real",0
"real",0.019047619047619
"real",0.857142857142857
"real",0.533333333333333
"real",0.00952380952380952
"real",0.0288461538461538
"real",0
"real",0
"real",1
"real",1
"real",0.0285714285714286
"real",0
"real",0
"real",0
"real",0
"real",1
"real",1
"real",0.00952380952380952
"real",0
"real",0
"real",0.00952380952380952
"real",0.0380952380952381
"real",0.961904761904762
"real",0.298076923076923
"real",0.0571428571428571
"real",0
"real",0.485714285714286
"real",0.0288461538461538
"real",0.0666666666666667
"real",1
"real",0
"real",0
"real",0.00952380952380952
"real",1
"real",0.0761904761904762
"real",0.00952380952380952
"real",0.019047619047619
"real",0
"real",0
"real",1
"real",0.104761904761905
"real",0.0952380952380952
"real",0.0285714285714286
"real",0
"real",0
"real",0.952380952380952
"real",0.8
"real",0.0952380952380952
"real",0.219047619047619
"real",0.00952380952380952
"real",0
"real",0.0380952380952381
"real",0.0380952380952381
"real",1
"real",0.133333333333333
"real",0.0666666666666667
"real",0
"real",0.123809523809524
"real",1
"real",0.219047619047619
"real",0
"real",0
"real",0
"real",1
"real",0
"real",1
"real",0.0285714285714286
"real",0
"real",0
"real",0
"real",0
"real",0
"real",1
"real",1
"real",0.00952380952380952
"real",0
"real",0.104761904761905
"real",0.40952380952381
"real",0.161904761904762
"real",0.0380952380952381
"real",0
"real",0.00952380952380952
"real",0
"real",0.0380952380952381
"real",0
"real",0.133333333333333
"real",1
"real",0
"real",0
"real",1
"real",1
"real",0
"real",1
"real",0.114285714285714
"real",0
"real",0
"real",0
"real",0.952380952380952
"real",0.114285714285714
"real",0
"real",0.00952380952380952
"real",0
"real",0.257142857142857
"real",1
"real",0.295238095238095
"real",0.133333333333333
"real",0.0285714285714286
"real",1
"real",1
"real",0
"real",0.00970873786407767
"real",0
"real",0
"real",0.00952380952380952
"real",0
"real",0.99047619047619
"real",0.0761904761904762
"real",0.733333333333333
"real",0.00952380952380952
"real",0.638095238095238
"real",0
"real",0.961904761904762
"real",0.552380952380952
"real",0.00952380952380952
"real",0
"real",0
"real",0.0285714285714286
"real",0
"real",1
"real",1
"real",0
"real",0
"real",0.514285714285714
"real",0.0857142857142857
"real",0.0476190476190476
"real",0
"real",0
"real",1
"real",0.138613861386139
"real",0.415841584158416
"real",0.0693069306930693
"real",0.0396039603960396
"real",0
"real",0
"real",0
"real",0.96039603960396
"real",0.676190476190476
"real",0
"real",0
"real",0
"real",0.952380952380952
"real",0.19047619047619
"real",0
"real",0
"real",1
"real",0.621359223300971
"real",0.0480769230769231
"real",0
"real",0
"real",0
"real",1
"real",1
"real",0.019047619047619
"real",0
"real",0.644230769230769
"real",1
"real",0.580952380952381
"real",0.019047619047619
"real",0.0380952380952381
"real",0
"real",1
"real",0.0761904761904762
"real",0.00952380952380952
"real",0.857142857142857
"real",0.333333333333333
"real",0.0380952380952381
"real",0.0285714285714286
"real",0.375
"real",0.865384615384615
"real",0.0961538461538462
"real",0
"real",0.990384615384615
"real",0.666666666666667
"real",0.0666666666666667
"real",0
"real",0
"real",0
"real",0.333333333333333
"real",1
"real",0
"real",0
"real",0.0380952380952381
"real",0
"real",0.0476190476190476
"real",0
"real",0.019047619047619
"real",0.019047619047619
"real",0
"real",0
"real",0
"real",0.0380952380952381
"real",0.99047619047619
"real",0.2
"real",0
"real",0
"real",1
"real",0.201923076923077
"real",0.0571428571428571
"real",0
"real",0
"real",0.676190476190476
"real",0.180952380952381
"real",0.0666666666666667
"real",0.019047619047619
"real",0
"real",0
"real",0.019047619047619
"real",0.266666666666667
"real",0.761904761904762
"real",0.019047619047619
"real",0.00952380952380952
"real",0.714285714285714
"real",0.847619047619048
"real",0.20952380952381
"real",0
"real",0
"real",0.542857142857143
"real",0.114285714285714
"real",0
"real",0
"real",0.54368932038835
"real",0.342857142857143
"real",0
"real",0.60952380952381
"real",0.923809523809524
"real",0
"real",0
"real",0
"real",0.00952380952380952
"real",1
"real",1
"real",1
"real",0
"real",0
"real",0
"real",0.855769230769231
"real",1
"real",0
"real",0
"real",0
"real",1
"real",0.495238095238095
"real",0
"real",0.00952380952380952
"real",0
"real",0
"real",0.980952380952381
"real",0.836538461538462
"real",0
"real",0
"shipped_shape0.5",0.355855855855856
"shipped_shape0.5",0.0045045045045045
"shipped_shape0.5",0.502262443438914
"shipped_shape0.5",0.0225225225225225
"shipped_shape0.5",0.0585585585585586
"shipped_shape0.5",0.0954545454545455
"shipped_shape0.5",0.171945701357466
"shipped_shape0.5",0.13963963963964
"shipped_shape0.5",0.594594594594595
"shipped_shape0.5",0.112612612612613
"shipped_shape0.5",0.461538461538462
"shipped_shape0.5",0.0495495495495495
"shipped_shape0.5",0.355855855855856
"shipped_shape0.5",0.122171945701357
"shipped_shape0.5",0.328828828828829
"shipped_shape0.5",0.0633484162895928
"shipped_shape0.5",0.221719457013575
"shipped_shape0.5",0.27027027027027
"shipped_shape0.5",0.328828828828829
"shipped_shape0.5",0.86036036036036
"shipped_shape0.5",0.0630630630630631
"shipped_shape0.5",0.0630630630630631
"shipped_shape0.5",0.225225225225225
"shipped_shape0.5",0
"shipped_shape0.5",0.018018018018018
"shipped_shape0.5",0.0495495495495495
"shipped_shape0.5",0.00900900900900901
"shipped_shape0.5",0.945945945945946
"shipped_shape0.5",0.0990990990990991
"shipped_shape0.5",0
"shipped_shape0.5",0.13963963963964
"shipped_shape0.5",0.0945945945945946
"shipped_shape0.5",0.833333333333333
"shipped_shape0.5",0.027027027027027
"shipped_shape0.5",0.162162162162162
"shipped_shape0.5",0.585585585585586
"shipped_shape0.5",0.162162162162162
"shipped_shape0.5",0.671171171171171
"shipped_shape0.5",0
"shipped_shape0.5",0.00900900900900901
"shipped_shape0.5",0.301801801801802
"shipped_shape0.5",0.0855855855855856
"shipped_shape0.5",0.0135135135135135
"shipped_shape0.5",0.283783783783784
"shipped_shape0.5",0.68018018018018
"shipped_shape0.5",0.0585585585585586
"shipped_shape0.5",0.00458715596330275
"shipped_shape0.5",0.864864864864865
"shipped_shape0.5",0.0226244343891403
"shipped_shape0.5",0.364864864864865
"shipped_shape0.5",0.0135135135135135
"shipped_shape0.5",0.0363636363636364
"shipped_shape0.5",0.675675675675676
"shipped_shape0.5",0.468468468468468
"shipped_shape0.5",0.144144144144144
"shipped_shape0.5",0.036036036036036
"shipped_shape0.5",0.0585585585585586
"shipped_shape0.5",0.0590909090909091
"shipped_shape0.5",0.0769230769230769
"shipped_shape0.5",0.0630630630630631
"shipped_shape0.5",0
"shipped_shape0.5",0.0045045045045045
"shipped_shape0.5",0.216216216216216
"shipped_shape0.5",0
"shipped_shape0.5",0.141552511415525
"shipped_shape0.5",0.018018018018018
"shipped_shape0.5",0.0950226244343891
"shipped_shape0.5",0.0361990950226244
"shipped_shape0.5",0.0630630630630631
"shipped_shape0.5",0.18018018018018
"shipped_shape0.5",0.256756756756757
"shipped_shape0.5",0.238738738738739
"shipped_shape0.5",0.216216216216216
"shipped_shape0.5",0.0135135135135135
"shipped_shape0.5",0.815315315315315
"shipped_shape0.5",0.0045045045045045
"shipped_shape0.5",0.252252252252252
"shipped_shape0.5",0.264840182648402
"shipped_shape0.5",0.459090909090909
"shipped_shape0.5",0.352941176470588
"shipped_shape0.5",0.00452488687782805
"shipped_shape0.5",0
"shipped_shape0.5",0.212669683257919
"shipped_shape0.5",0.117647058823529
"shipped_shape0.5",0.085972850678733
"shipped_shape0.5",0.850678733031674
"shipped_shape0.5",0.0407239819004525
"shipped_shape0.5",0.0904977375565611
"shipped_shape0.5",0
"shipped_shape0.5",0.192660550458716
"shipped_shape0.5",0
"shipped_shape0.5",0.764705882352941
"shipped_shape0.5",0.00452488687782805
"shipped_shape0.5",0.647058823529412
"shipped_shape0.5",0.0135746606334842
"shipped_shape0.5",0.85972850678733
"shipped_shape0.5",0
"shipped_shape0.5",0.0452488687782805
"shipped_shape0.5",0
"shipped_shape0.5",0.131221719457014
"shipped_shape0.5",0
"shipped_shape0.5",0.232876712328767
"shipped_shape0.5",0.00452488687782805
"shipped_shape0.5",0.117647058823529
"shipped_shape0.5",0.126696832579186
"shipped_shape0.5",0.223744292237443
"shipped_shape0.5",0.167420814479638
"shipped_shape0.5",0.0945945945945946
"shipped_shape0.5",0
"shipped_shape0.5",0.4337899543379
"shipped_shape0.5",0.0363636363636364
"shipped_shape0.5",0.51131221719457
"shipped_shape0.5",0.297297297297297
"shipped_shape0.5",0
"shipped_shape0.5",0.0135746606334842
"shipped_shape0.5",0.0990990990990991
"shipped_shape0.5",0.0409090909090909
"shipped_shape0.5",0.243243243243243
"shipped_shape0.5",0.720720720720721
"shipped_shape0.5",0.675675675675676
"shipped_shape0.5",0.027027027027027
"shipped_shape0.5",0.86036036036036
"shipped_shape0.5",0.121621621621622
"shipped_shape0.5",0.0045045045045045
"shipped_shape0.5",0.265765765765766
"shipped_shape0.5",0.117117117117117
"shipped_shape0.5",0.441441441441441
"shipped_shape0.5",0.0045045045045045
"shipped_shape0.5",0.481981981981982
"shipped_shape0.5",0.148648648648649
"shipped_shape0.5",0.662162162162162
"shipped_shape0.5",0.126126126126126
"shipped_shape0.5",0.576576576576577
"shipped_shape0.5",0.276018099547511
"shipped_shape0.5",0.0319634703196347
"shipped_shape0.5",0.728506787330317
"shipped_shape0.5",0.00900900900900901
"shipped_shape0.5",0.027027027027027
"shipped_shape0.5",0.0540540540540541
"shipped_shape0.5",0.018018018018018
"shipped_shape0.5",0.121621621621622
"shipped_shape0.5",0.148648648648649
"shipped_shape0.5",0.158371040723982
"shipped_shape0.5",0.171171171171171
"shipped_shape0.5",0.145454545454545
"shipped_shape0.5",0
"shipped_shape0.5",0.00452488687782805
"shipped_shape0.5",0.315315315315315
"shipped_shape0.5",0.711711711711712
"shipped_shape0.5",0.121621621621622
"shipped_shape0.5",0.420814479638009
"shipped_shape0.5",0.0181818181818182
"shipped_shape0.5",0.427272727272727
"shipped_shape0.5",0.873873873873874
"shipped_shape0.5",0
"shipped_shape0.5",0.490990990990991
"shipped_shape0.5",0.0045045045045045
"shipped_shape0.5",0.00900900900900901
"shipped_shape0.5",0
"shipped_shape0.5",0.0855855855855856
"shipped_shape0.5",0.0045045045045045
"shipped_shape0.5",0.00900900900900901
"shipped_shape0.5",0.198198198198198
"shipped_shape0.5",0.54954954954955
"shipped_shape0.5",0
"shipped_shape0.5",0.193693693693694
"shipped_shape0.5",0.0681818181818182
"shipped_shape0.5",0
"shipped_shape0.5",0.0181818181818182
"shipped_shape0.5",0
"shipped_shape0.5",0.148648648648649
"shipped_shape0.5",0.0135135135135135
"shipped_shape0.5",0.220720720720721
"shipped_shape0.5",0.0720720720720721
"shipped_shape0.5",0.477272727272727
"shipped_shape0.5",0
"shipped_shape0.5",0.0810810810810811
"shipped_shape0.5",0.540540540540541
"shipped_shape0.5",0.333333333333333
"shipped_shape0.5",0.0225225225225225
"shipped_shape0.5",0.0315315315315315
"shipped_shape0.5",0.513513513513513
"shipped_shape0.5",0.00454545454545455
"shipped_shape0.5",0.027027027027027
"shipped_shape0.5",0.0315315315315315
"shipped_shape0.5",0.0316742081447964
"shipped_shape0.5",0.0452488687782805
"shipped_shape0.5",0.0588235294117647
"shipped_shape0.5",0.594594594594595
"shipped_shape0.5",0.328828828828829
"shipped_shape0.5",0.818181818181818
"shipped_shape0.5",0
"shipped_shape0.5",0.045045045045045
"shipped_shape0.5",0.0135746606334842
"shipped_shape0.5",0.163636363636364
"shipped_shape0.5",0.286363636363636
"shipped_shape0.5",0.167420814479638
"shipped_shape0.5",0.357466063348416
"shipped_shape0.5",0.158371040723982
"shipped_shape0.5",0.538461538461538
"shipped_shape0.5",0.153846153846154
"shipped_shape0.5",0.280542986425339
"shipped_shape0.5",0.0136363636363636
"shipped_shape0.5",0.764705882352941
"shipped_shape0.5",0.65158371040724
"shipped_shape0.5",0.085972850678733
"shipped_shape0.5",0.30316742081448
"shipped_shape0.5",0.704545454545455
"shipped_shape0.5",0.445454545454545
"shipped_shape0.5",0.244343891402715
"shipped_shape0.5",0.167420814479638
"shipped_shape0.5",0
"shipped_shape0.5",0.0765765765765766
"shipped_shape0.5",0.342342342342342
"shipped_shape0.5",0.153846153846154
"shipped_shape0.5",0.45945945945946
"shipped_shape0.5",0.536036036036036
"shipped_shape0.5",0.0045045045045045
"shipped_shape0.5",0.0091324200913242
"shipped_shape0.5",0.243243243243243
"shipped_shape0.5",0.0675675675675676
"shipped_shape0.5",0.0045045045045045
"shipped_shape0.5",0.304545454545455
"shipped_shape0.5",0.900452488687783
"shipped_shape0.5",0.238738738738739
"shipped_shape0.5",0.846153846153846
"shipped_shape0.5",0.441441441441441
"shipped_shape0.5",0.567567567567568
"shipped_shape0.5",0.54954954954955
"shipped_shape0.5",0.0723981900452489
"shipped_shape0.5",0.416289592760181
"shipped_shape0.5",0.0995475113122172
"shipped_shape0.5",0
"shipped_shape0.5",0.0630630630630631
"shipped_shape0.5",0
"shipped_shape0.5",0.103603603603604
"shipped_shape0.5",0.0855855855855856
"shipped_shape0.5",0.0675675675675676
"shipped_shape0.5",0.0135135135135135
"shipped_shape0.5",0.0945945945945946
"shipped_shape0.5",0.0045045045045045
"shipped_shape0.5",0.0045045045045045
"shipped_shape0.5",0
"shipped_shape0.5",0.135135135135135
"shipped_shape0.5",0.0495495495495495
"shipped_shape0.5",0.414414414414414
"shipped_shape0.5",0.0810810810810811
"shipped_shape0.5",0.0135135135135135
"shipped_shape0.5",0.144144144144144
"shipped_shape0.5",0.693693693693694
"shipped_shape0.5",0.220720720720721
"shipped_shape0.5",0.334841628959276
"shipped_shape0.5",0
"shipped_shape0.5",0.286363636363636
"shipped_shape0.5",0.0630630630630631
"shipped_shape0.5",0
"shipped_shape0.5",0.954954954954955
"shipped_shape0.5",0.085972850678733
"shipped_shape0.5",0.782805429864253
"shipped_shape0.5",0.0225225225225225
"shipped_shape0.5",0.396396396396396
"shipped_shape0.5",0.463963963963964
"shipped_shape0.5",0.00452488687782805
"shipped_shape0.5",0.185185185185185
"shipped_shape0.5",0.0945945945945946
"shipped_shape0.5",0.0405405405405405
"shipped_shape0.5",0.0900900900900901
"shipped_shape0.5",0.0855855855855856
"shipped_shape0.5",0.352941176470588
"shipped_shape0.5",0.0138248847926267
"shipped_shape0.5",0.0225225225225225
"shipped_shape0.5",0.0675675675675676
"shipped_shape0.5",0.236111111111111
"shipped_shape0.5",0.00925925925925926
"shipped_shape0.5",0.402777777777778
"shipped_shape0.5",0.0467289719626168
"shipped_shape0.5",0.037037037037037
"shipped_shape0.5",0.0700934579439252
"shipped_shape0.5",0.297674418604651
"shipped_shape0.5",0.203703703703704
"shipped_shape0.5",0.699074074074074
"shipped_shape0.5",0.0925925925925926
"shipped_shape0.5",0.259259259259259
"shipped_shape0.5",0.00930232558139535
"shipped_shape0.5",0.361111111111111
"shipped_shape0.5",0.106481481481481
"shipped_shape0.5",0.305555555555556
"shipped_shape0.5",0.126760563380282
"shipped_shape0.5",0.203703703703704
"shipped_shape0.5",0.27906976744186
"shipped_shape0.5",0.37037037037037
"shipped_shape0.5",0.777777777777778
"shipped_shape0.5",0.0925925925925926
"shipped_shape0.5",0.0462962962962963
"shipped_shape0.5",0.305555555555556
"shipped_shape0.5",0
"shipped_shape0.5",0.0324074074074074
"shipped_shape0.5",0.0185185185185185
"shipped_shape0.5",0.037037037037037
"shipped_shape0.5",0.925925925925926
"shipped_shape0.5",0.101851851851852
"shipped_shape0.5",0
"shipped_shape0.5",0.189814814814815
"shipped_shape0.5",0.199074074074074
"shipped_shape0.5",0.902777777777778
"shipped_shape0.5",0.00925925925925926
"shipped_shape0.5",0.0925925925925926
"shipped_shape0.5",0.595348837209302
"shipped_shape0.5",0.217592592592593
"shipped_shape0.5",0.703703703703704
"shipped_shape0.5",0.0324074074074074
"shipped_shape0.5",0.00925925925925926
"shipped_shape0.5",0.351851851851852
"shipped_shape0.5",0.0833333333333333
"shipped_shape0.5",0.0972222222222222
"shipped_shape0.5",0.430555555555556
"shipped_shape0.5",0.824074074074074
"shipped_shape0.5",0.0233644859813084
"shipped_shape0.5",0
"shipped_shape0.5",0.773148148148148
"shipped_shape0.5",0.00462962962962963
"shipped_shape0.5",0.449074074074074
"shipped_shape0.5",0.0185185185185185
"shipped_shape0.5",0.037037037037037
"shipped_shape0.5",0.586046511627907
"shipped_shape0.5",0.259259259259259
"shipped_shape0.5",0.277777777777778
"shipped_shape0.5",0.0555555555555556
"shipped_shape0.5",0.138297872340426
"shipped_shape0.5",0.0531914893617021
"shipped_shape0.5",0.138297872340426
"shipped_shape0.5",0.0851063829787234
"shipped_shape0.5",0
"shipped_shape0.5",0
"shipped_shape0.5",0.276595744680851
"shipped_shape0.5",0
"shipped_shape0.5",0.0531914893617021
"shipped_shape0.5",0.0319148936170213
"shipped_shape0.5",0.0638297872340425
"shipped_shape0.5",0.010752688172043
"shipped_shape0.5",0.074468085106383
"shipped_shape0.5",0.159574468085106
"shipped_shape0.5",0.202127659574468
"shipped_shape0.5",0.223404255319149
"shipped_shape0.5",0.25531914893617
"shipped_shape0.5",0.0106382978723404
"shipped_shape0.5",0.670212765957447
"shipped_shape0.5",0
"shipped_shape0.5",0.191489361702128
"shipped_shape0.5",0.287234042553192
"shipped_shape0.5",0.419354838709677
"shipped_shape0.5",0.521276595744681
"shipped_shape0.5",0
"shipped_shape0.5",0
"shipped_shape0.5",0.351063829787234
"shipped_shape0.5",0.217592592592593
"shipped_shape0.5",0
"shipped_shape0.5",0.916666666666667
"shipped_shape0.5",0.115740740740741
"shipped_shape0.5",0.0324074074074074
"shipped_shape0.5",0
"shipped_shape0.5",0.0418604651162791
"shipped_shape0.5",0
"shipped_shape0.5",0.782407407407407
"shipped_shape0.5",0.0601851851851852
"shipped_shape0.5",0.449074074074074
"shipped_shape0.5",0.0138888888888889
"shipped_shape0.5",0.773148148148148
"shipped_shape0.5",0
"shipped_shape0.5",0.0555555555555556
"shipped_shape0.5",0.00925925925925926
"shipped_shape0.5",0.0648148148148148
"shipped_shape0.5",0.0324074074074074
"shipped_shape0.5",0.166666666666667
"shipped_shape0.5",0.00925925925925926
"shipped_shape0.5",0.101851851851852
"shipped_shape0.5",0.203703703703704
"shipped_shape0.5",0.344186046511628
"shipped_shape0.5",0.125
"shipped_shape0.5",0.0231481481481481
"shipped_shape0.5",0
"shipped_shape0.5",0.527777777777778
"shipped_shape0.5",0.027906976744186
"shipped_shape0.5",0.509259259259259
"shipped_shape0.5",0.305555555555556
"shipped_shape0.5",0
"shipped_shape0.5",0.0138888888888889
"shipped_shape0.5",0.0740740740740741
"shipped_shape0.5",0.0747663551401869
"shipped_shape0.5",0.171296296296296
"shipped_shape0.5",0.592592592592593
"shipped_shape0.5",0.736111111111111
"shipped_shape0.5",0.0416666666666667
"shipped_shape0.5",0.759259259259259
"shipped_shape0.5",0.12037037037037
"shipped_shape0.5",0
"shipped_shape0.5",0.291666666666667
"shipped_shape0.5",0.0976744186046512
"shipped_shape0.5",0.314814814814815
"shipped_shape0.5",0.00471698113207547
"shipped_shape0.5",0.598130841121495
"shipped_shape0.5",0.153488372093023
"shipped_shape0.5",0.49537037037037
"shipped_shape0.5",0.0511627906976744
"shipped_shape0.5",0.671296296296296
"shipped_shape0.5",0.342592592592593
"shipped_shape0.5",0.013953488372093
"shipped_shape0.5",0.67906976744186
"shipped_shape0.5",0
"shipped_shape0.5",0.00465116279069767
"shipped_shape0.5",0.0325581395348837
"shipped_shape0.5",0.0372093023255814
"shipped_shape0.5",0.130232558139535
"shipped_shape0.5",0.213953488372093
"shipped_shape0.5",0.314814814814815
"shipped_shape0.5",0.222222222222222
"shipped_shape0.5",0.134883720930233
"shipped_shape0.5",0
"shipped_shape0.5",0.0138888888888889
"shipped_shape0.5",0.268518518518519
"shipped_shape0.5",0.564814814814815
"shipped_shape0.5",0.0925925925925926
"shipped_shape0.5",0.365740740740741
"shipped_shape0.5",0.0416666666666667
"shipped_shape0.5",0.560185185185185
"shipped_shape0.5",0.967592592592593
"shipped_shape0.5",0
"shipped_shape0.5",0.328703703703704
"shipped_shape0.5",0
"shipped_shape0.5",0.0231481481481481
"shipped_shape0.5",0
"shipped_shape0.5",0.0833333333333333
"shipped_shape0.5",0
"shipped_shape0.5",0.0185185185185185
"shipped_shape0.5",0.148148148148148
"shipped_shape0.5",0.453703703703704
"shipped_shape0.5",0.00462962962962963
"shipped_shape0.5",0.314814814814815
"shipped_shape0.5",0.111111111111111
"shipped_shape0.5",0.00462962962962963
"shipped_shape0.5",0.0416666666666667
"shipped_shape0.5",0.0231481481481481
"shipped_shape0.5",0.25
"shipped_shape0.5",0.037037037037037
"shipped_shape0.5",0.327102803738318
"shipped_shape0.5",0.0601851851851852
"shipped_shape0.5",0.455813953488372
"shipped_shape0.5",0
"shipped_shape0.5",0.2
"shipped_shape0.5",0.67906976744186
"shipped_shape0.5",0.348837209302326
"shipped_shape0.5",0.0232558139534884
"shipped_shape0.5",0.027906976744186
"shipped_shape0.5",0.655813953488372
"shipped_shape0.5",0.0465116279069767
"shipped_shape0.5",0.00930232558139535
"shipped_shape0.5",0.0186046511627907
"shipped_shape0.5",0.0186046511627907
"shipped_shape0.5",0.154205607476636
"shipped_shape0.5",0.0558139534883721
"shipped_shape0.5",0.44392523364486
"shipped_shape0.5",0.269767441860465
"shipped_shape0.5",0.776744186046512
"shipped_shape0.5",0
"shipped_shape0.5",0.0601851851851852
"shipped_shape0.5",0.0277777777777778
"shipped_shape0.5",0.240740740740741
"shipped_shape0.5",0.395348837209302
"shipped_shape0.5",0.217592592592593
"shipped_shape0.5",0.439814814814815
"shipped_shape0.5",0.0694444444444444
"shipped_shape0.5",0.467592592592593
"shipped_shape0.5",0.143518518518519
"shipped_shape0.5",0.282407407407407
"shipped_shape0.5",0.0277777777777778
"shipped_shape0.5",0.810185185185185
"shipped_shape0.5",0.560185185185185
"shipped_shape0.5",0.0509259259259259
"shipped_shape0.5",0.26046511627907
"shipped_shape0.5",0.592592592592593
"shipped_shape0.5",0.384259259259259
"shipped_shape0.5",0.337962962962963
"shipped_shape0.5",0.101851851851852
"shipped_shape0.5",0
"shipped_shape0.5",0.0787037037037037
"shipped_shape0.5",0.185185185185185
"shipped_shape0.5",0.317757009345794
"shipped_shape0.5",0.365740740740741
"shipped_shape0.5",0.518518518518518
"shipped_shape0.5",0
"shipped_shape0.5",0
"shipped_shape0.5",0.180555555555556
"shipped_shape0.5",0.0277777777777778
"shipped_shape0.5",0.0138888888888889
"shipped_shape0.5",0.222222222222222
"shipped_shape0.5",0.865116279069767
"shipped_shape0.5",0.167441860465116
"shipped_shape0.5",0.833333333333333
"shipped_shape0.5",0.310185185185185
"shipped_shape0.5",0.430555555555556
"shipped_shape0.5",0.365740740740741
"shipped_shape0.5",0.0837209302325581
"shipped_shape0.5",0.432558139534884
"shipped_shape0.5",0.0138888888888889
"shipped_shape0.5",0
"shipped_shape0.5",0.0694444444444444
"shipped_shape0.5",0
"shipped_shape0.5",0.180555555555556
"shipped_shape0.5",0.0324074074074074
"shipped_shape0.5",0.138888888888889
"shipped_shape0.5",0.0324074074074074
"shipped_shape0.5",0.111111111111111
"shipped_shape0.5",0.0601851851851852
"shipped_shape0.5",0
"shipped_shape0.5",0.00462962962962963
"shipped_shape0.5",0.101851851851852
"shipped_shape0.5",0.138888888888889
"shipped_shape0.5",0.344186046511628
"shipped_shape0.5",0.0324074074074074
"shipped_shape0.5",0.0277777777777778
"shipped_shape0.5",0.189814814814815
"shipped_shape0.5",0.62037037037037
"shipped_shape0.5",0.223255813953488
"shipped_shape0.5",0.361111111111111
"shipped_shape0.5",0.00925925925925926
"shipped_shape0.5",0.189814814814815
"shipped_shape0.5",0.143518518518519
"shipped_shape0.5",0
"shipped_shape0.5",0.888888888888889
"shipped_shape0.5",0.00462962962962963
"shipped_shape0.5",0.726851851851852
"shipped_shape0.5",0.0185185185185185
"shipped_shape0.5",0.550925925925926
"shipped_shape0.5",0.537037037037037
"shipped_shape0.5",0.00462962962962963
"shipped_shape0.5",0.12037037037037
"shipped_shape0.5",0.111111111111111
"shipped_shape0.5",0.0231481481481481
"shipped_shape0.5",0.0648148148148148
"shipped_shape0.5",0.12037037037037
"shipped_shape0.5",0.421296296296296
"shipped_shape0.5",0
"shipped_shape0.5",0.0231481481481481
"shipped_shape0.5",0.189814814814815
"shipped_shape0.5",0.282296650717703
"shipped_shape0.5",0.00956937799043062
"shipped_shape0.5",0.45933014354067
"shipped_shape0.5",0.062200956937799
"shipped_shape0.5",0.0669856459330144
"shipped_shape0.5",0.111111111111111
"shipped_shape0.5",0.177033492822967
"shipped_shape0.5",0.215311004784689
"shipped_shape0.5",0.770334928229665
"shipped_shape0.5",0.0813397129186603
"shipped_shape0.5",0.320574162679426
"shipped_shape0.5",0.0287081339712919
"shipped_shape0.5",0.401913875598086
"shipped_shape0.5",0.0526315789473684
"shipped_shape0.5",0.344497607655502
"shipped_shape0.5",0.0869565217391304
"shipped_shape0.5",0.344497607655502
"shipped_shape0.5",0.349282296650718
"shipped_shape0.5",0.425837320574163
"shipped_shape0.5",0.813397129186603
"shipped_shape0.5",0.0574162679425837
"shipped_shape0.5",0.119617224880383
"shipped_shape0.5",0.456730769230769
"shipped_shape0.5",0
"shipped_shape0.5",0.0861244019138756
"shipped_shape0.5",0.00478468899521531
"shipped_shape0.5",0.0191387559808612
"shipped_shape0.5",0.933014354066986
"shipped_shape0.5",0.0961538461538462
"shipped_shape0.5",0
"shipped_shape0.5",0.15311004784689
"shipped_shape0.5",0.138755980861244
"shipped_shape0.5",0.875598086124402
"shipped_shape0.5",0.0143540669856459
"shipped_shape0.5",0.205741626794258
"shipped_shape0.5",0.543269230769231
"shipped_shape0.5",0.163461538461538
"shipped_shape0.5",0.673076923076923
"shipped_shape0.5",0.0192307692307692
"shipped_shape0.5",0.0288461538461538
"shipped_shape0.5",0.458937198067633
"shipped_shape0.5",0.0336538461538462
"shipped_shape0.5",0.106280193236715
"shipped_shape0.5",0.285024154589372
"shipped_shape0.5",0.855072463768116
"shipped_shape0.5",0.053921568627451
"shipped_shape0.5",0.00970873786407767
"shipped_shape0.5",0.733009708737864
"shipped_shape0.5",0.00485436893203883
"shipped_shape0.5",0.300970873786408
"shipped_shape0.5",0
"shipped_shape0.5",0.0533980582524272
"shipped_shape0.5",0.634146341463415
"shipped_shape0.5",0.180487804878049
"shipped_shape0.5",0.0926829268292683
"shipped_shape0.5",0.0922330097087379
"shipped_shape0.5",0.1256038647343
"shipped_shape0.5",0.0869565217391304
"shipped_shape0.5",0.101449275362319
"shipped_shape0.5",0.0869565217391304
"shipped_shape0.5",0.00483091787439614
"shipped_shape0.5",0.0241545893719807
"shipped_shape0.5",0.260869565217391
"shipped_shape0.5",0.00966183574879227
"shipped_shape0.5",0.0579710144927536
"shipped_shape0.5",0.0628019323671498
"shipped_shape0.5",0.0869565217391304
"shipped_shape0.5",0.00483091787439614
"shipped_shape0.5",0.0338164251207729
"shipped_shape0.5",0.201923076923077
"shipped_shape0.5",0.1875
"shipped_shape0.5",0.25
"shipped_shape0.5",0.133971291866029
"shipped_shape0.5",0.00956937799043062
"shipped_shape0.5",0.679425837320574
"shipped_shape0.5",0
"shipped_shape0.5",0.215311004784689
"shipped_shape0.5",0.251207729468599
"shipped_shape0.5",0.320574162679426
"shipped_shape0.5",0.421052631578947
"shipped_shape0.5",0.00478468899521531
"shipped_shape0.5",0
"shipped_shape0.5",0.339712918660287
"shipped_shape0.5",0.119617224880383
"shipped_shape0.5",0.0288461538461538
"shipped_shape0.5",0.764423076923077
"shipped_shape0.5",0.0478468899521531
"shipped_shape0.5",0.0673076923076923
"shipped_shape0.5",0.00483091787439614
"shipped_shape0.5",0.072463768115942
"shipped_shape0.5",0
"shipped_shape0.5",0.794258373205742
"shipped_shape0.5",0.0143540669856459
"shipped_shape0.5",0.449760765550239
"shipped_shape0.5",0.0478468899521531
"shipped_shape0.5",0.679425837320574
"shipped_shape0.5",0
"shipped_shape0.5",0.0143540669856459
"shipped_shape0.5",0.00956937799043062
"shipped_shape0.5",0.0382775119617225
"shipped_shape0.5",0.0382775119617225
"shipped_shape0.5",0.215311004784689
"shipped_shape0.5",0
"shipped_shape0.5",0.205741626794258
"shipped_shape0.5",0.177033492822967
"shipped_shape0.5",0.311004784688995
"shipped_shape0.5",0.205741626794258
"shipped_shape0.5",0.0287081339712919
"shipped_shape0.5",0
"shipped_shape0.5",0.703349282296651
"shipped_shape0.5",0.0430622009569378
"shipped_shape0.5",0.38755980861244
"shipped_shape0.5",0.382775119617225
"shipped_shape0.5",0.0191387559808612
"shipped_shape0.5",0.00956937799043062
"shipped_shape0.5",0.105263157894737
"shipped_shape0.5",0.0288461538461538
"shipped_shape0.5",0.263157894736842
"shipped_shape0.5",0.727272727272727
"shipped_shape0.5",0.794258373205742
"shipped_shape0.5",0.296650717703349
"shipped_shape0.5",0.779904306220096
"shipped_shape0.5",0.210526315789474
"shipped_shape0.5",0.00478468899521531
"shipped_shape0.5",0.23444976076555
"shipped_shape0.5",0.062200956937799
"shipped_shape0.5",0.421052631578947
"shipped_shape0.5",0.00956937799043062
"shipped_shape0.5",0.45933014354067
"shipped_shape0.5",0.215311004784689
"shipped_shape0.5",0.473684210526316
"shipped_shape0.5",0.0625
"shipped_shape0.5",0.588516746411483
"shipped_shape0.5",0.244019138755981
"shipped_shape0.5",0.0287081339712919
"shipped_shape0.5",0.751196172248804
"shipped_shape0.5",0
"shipped_shape0.5",0.0239234449760766
"shipped_shape0.5",0.0143540669856459
"shipped_shape0.5",0.0861244019138756
"shipped_shape0.5",0.0861244019138756
"shipped_shape0.5",0.15311004784689
"shipped_shape0.5",0.196172248803828
"shipped_shape0.5",0.167464114832536
"shipped_shape0.5",0.157894736842105
"shipped_shape0.5",0.00480769230769231
"shipped_shape0.5",0
"shipped_shape0.5",0.296650717703349
"shipped_shape0.5",0.68421052631579
"shipped_shape0.5",0.062200956937799
"shipped_shape0.5",0.411483253588517
"shipped_shape0.5",0.0669856459330144
"shipped_shape0.5",0.526315789473684
"shipped_shape0.5",0.899521531100478
"shipped_shape0.5",0
"shipped_shape0.5",0.598086124401914
"shipped_shape0.5",0.00478468899521531
"shipped_shape0.5",0
"shipped_shape0.5",0.00956937799043062
"shipped_shape0.5",0.143540669856459
"shipped_shape0.5",0.00956937799043062
"shipped_shape0.5",0.0143540669856459
"shipped_shape0.5",0.196172248803828
"shipped_shape0.5",0.543269230769231
"shipped_shape0.5",0.00478468899521531
"shipped_shape0.5",0.200956937799043
"shipped_shape0.5",0.114832535885167
"shipped_shape0.5",0
"shipped_shape0.5",0
"shipped_shape0.5",0.0430622009569378
"shipped_shape0.5",0.334928229665072
"shipped_shape0.5",0.0287081339712919
"shipped_shape0.5",0.186602870813397
"shipped_shape0.5",0.0574162679425837
"shipped_shape0.5",0.478468899521531
"shipped_shape0.5",0.0143540669856459
"shipped_shape0.5",0.124401913875598
"shipped_shape0.5",0.712918660287081
"shipped_shape0.5",0.253588516746411
"shipped_shape0.5",0.0143540669856459
"shipped_shape0.5",0.0669856459330144
"shipped_shape0.5",0.569377990430622
"shipped_shape0.5",0.00956937799043062
"shipped_shape0.5",0.0287081339712919
"shipped_shape0.5",0.0239234449760766
"shipped_shape0.5",0.0480769230769231
"shipped_shape0.5",0.076555023923445
"shipped_shape0.5",0.0574162679425837
"shipped_shape0.5",0.519230769230769
"shipped_shape0.5",0.363636363636364
"shipped_shape0.5",0.698564593301435
"shipped_shape0.5",0
"shipped_shape0.5",0.0191387559808612
"shipped_shape0.5",0.0191387559808612
"shipped_shape0.5",0.229665071770335
"shipped_shape0.5",0.325358851674641
"shipped_shape0.5",0.191387559808612
"shipped_shape0.5",0.411483253588517
"shipped_shape0.5",0.0909090909090909
"shipped_shape0.5",0.444976076555024
"shipped_shape0.5",0.133971291866029
"shipped_shape0.5",0.248803827751196
"shipped_shape0.5",0.0143540669856459
"shipped_shape0.5",0.818181818181818
"shipped_shape0.5",0.511961722488038
"shipped_shape0.5",0.0526315789473684
"shipped_shape0.5",0.267942583732057
"shipped_shape0.5",0.504807692307692
"shipped_shape0.5",0.478468899521531
"shipped_shape0.5",0.210526315789474
"shipped_shape0.5",0.148325358851675
"shipped_shape0.5",0
"shipped_shape0.5",0.0526315789473684
"shipped_shape0.5",0.15311004784689
"shipped_shape0.5",0.326923076923077
"shipped_shape0.5",0.320574162679426
"shipped_shape0.5",0.545454545454545
"shipped_shape0.5",0
"shipped_shape0.5",0.00483091787439614
"shipped_shape0.5",0.200956937799043
"shipped_shape0.5",0.0430622009569378
"shipped_shape0.5",0.0191387559808612
"shipped_shape0.5",0.246376811594203
"shipped_shape0.5",0.776699029126214
"shipped_shape0.5",0.177033492822967
"shipped_shape0.5",0.856459330143541
"shipped_shape0.5",0.392344497607655
"shipped_shape0.5",0.421052631578947
"shipped_shape0.5",0.444976076555024
"shipped_shape0.5",0.0669856459330144
"shipped_shape0.5",0.339712918660287
"shipped_shape0.5",0.220095693779904
"shipped_shape0.5",0
"shipped_shape0.5",0.0913461538461538
"shipped_shape0.5",0
"shipped_shape0.5",0.263157894736842
"shipped_shape0.5",0.0717703349282297
"shipped_shape0.5",0.191387559808612
"shipped_shape0.5",0.00478468899521531
"shipped_shape0.5",0.0961538461538462
"shipped_shape0.5",0.00478468899521531
"shipped_shape0.5",0
"shipped_shape0.5",0.00478468899521531
"shipped_shape0.5",0.0813397129186603
"shipped_shape0.5",0.100478468899522
"shipped_shape0.5",0.244019138755981
"shipped_shape0.5",0.062200956937799
"shipped_shape0.5",0.00956937799043062
"shipped_shape0.5",0.143540669856459
"shipped_shape0.5",0.607655502392344
"shipped_shape0.5",0.291866028708134
"shipped_shape0.5",0.258373205741627
"shipped_shape0.5",0
"shipped_shape0.5",0.210526315789474
"shipped_shape0.5",0.062200956937799
"shipped_shape0.5",0
"shipped_shape0.5",0.885167464114832
"shipped_shape0.5",0.00478468899521531
"shipped_shape0.5",0.866028708133971
"shipped_shape0.5",0.0191387559808612
"shipped_shape0.5",0.339712918660287
"shipped_shape0.5",0.454545454545455
"shipped_shape0.5",0.00478468899521531
"shipped_shape0.5",0.0909090909090909
"shipped_shape0.5",0.0909090909090909
"shipped_shape0.5",0.0717703349282297
"shipped_shape0.5",0.00956937799043062
"shipped_shape0.5",0.0574162679425837
"shipped_shape0.5",0.421052631578947
"shipped_shape0.5",0.00956937799043062
"shipped_shape0.5",0.0769230769230769
"shipped_shape0.5",0.0334928229665072
"shipped_shape0.5",0.274038461538462
"shipped_shape0.5",0.0192307692307692
"shipped_shape0.5",0.376811594202899
"shipped_shape0.5",0.115384615384615
"shipped_shape0.5",0.0865384615384615
"shipped_shape0.5",0.0917874396135266
"shipped_shape0.5",0.169902912621359
"shipped_shape0.5",0.278846153846154
"shipped_shape0.5",0.653846153846154
"shipped_shape0.5",0.125
"shipped_shape0.5",0.418269230769231
"shipped_shape0.5",0.0144230769230769
"shipped_shape0.5",0.259615384615385
"shipped_shape0.5",0.134615384615385
"shipped_shape0.5",0.388349514563107
"shipped_shape0.5",0.0528846153846154
"shipped_shape0.5",0.231884057971014
"shipped_shape0.5",0.341346153846154
"shipped_shape0.5",0.269230769230769
"shipped_shape0.5",0.802884615384615
"shipped_shape0.5",0.0625
"shipped_shape0.5",0.0384615384615385
"shipped_shape0.5",0.260869565217391
"shipped_shape0.5",0
"shipped_shape0.5",0.0144230769230769
"shipped_shape0.5",0.0288461538461538
"shipped_shape0.5",0.0576923076923077
"shipped_shape0.5",0.966346153846154
"shipped_shape0.5",0.0913461538461538
"shipped_shape0.5",0
"shipped_shape0.5",0.240384615384615
"shipped_shape0.5",0.221153846153846
"shipped_shape0.5",0.899038461538462
"shipped_shape0.5",0
"shipped_shape0.5",0.158653846153846
"shipped_shape0.5",0.621359223300971
"shipped_shape0.5",0.1875
"shipped_shape0.5",0.605769230769231
"shipped_shape0.5",0.0144230769230769
"shipped_shape0.5",0.0240384615384615
"shipped_shape0.5",0.3125
"shipped_shape0.5",0.0144927536231884
"shipped_shape0.5",0.144230769230769
"shipped_shape0.5",0.471153846153846
"shipped_shape0.5",0.764423076923077
"shipped_shape0.5",0.0480769230769231
"shipped_shape0.5",0
"shipped_shape0.5",0.725961538461538
"shipped_shape0.5",0.00480769230769231
"shipped_shape0.5",0.427884615384615
"shipped_shape0.5",0.0480769230769231
"shipped_shape0.5",0.0769230769230769
"shipped_shape0.5",0.713592233009709
"shipped_shape0.5",0.230769230769231
"shipped_shape0.5",0.125
"shipped_shape0.5",0.0384615384615385
"shipped_shape0.5",0.0721153846153846
"shipped_shape0.5",0.0931372549019608
"shipped_shape0.5",0.141463414634146
"shipped_shape0.5",0.105769230769231
"shipped_shape0.5",0
"shipped_shape0.5",0
"shipped_shape0.5",0.192307692307692
"shipped_shape0.5",0
"shipped_shape0.5",0.072463768115942
"shipped_shape0.5",0.173076923076923
"shipped_shape0.5",0.105769230769231
"shipped_shape0.5",0.0241545893719807
"shipped_shape0.5",0.0528846153846154
"shipped_shape0.5",0.285024154589372
"shipped_shape0.5",0.260869565217391
"shipped_shape0.5",0.298076923076923
"shipped_shape0.5",0.269230769230769
"shipped_shape0.5",0.00480769230769231
"shipped_shape0.5",0.745192307692308
"shipped_shape0.5",0
"shipped_shape0.5",0.211538461538462
"shipped_shape0.5",0.466346153846154
"shipped_shape0.5",0.254807692307692
"shipped_shape0.5",0.456730769230769
"shipped_shape0.5",0.0192307692307692
"shipped_shape0.5",0
"shipped_shape0.5",0.302884615384615
"shipped_shape0.5",0.1875
"shipped_shape0.5",0.0531400966183575
"shipped_shape0.5",0.845410628019324
"shipped_shape0.5",0.101449275362319
"shipped_shape0.5",0.134615384615385
"shipped_shape0.5",0
"shipped_shape0.5",0.0769230769230769
"shipped_shape0.5",0
"shipped_shape0.5",0.807692307692308
"shipped_shape0.5",0.0384615384615385
"shipped_shape0.5",0.451923076923077
"shipped_shape0.5",0.0192307692307692
"shipped_shape0.5",0.721153846153846
"shipped_shape0.5",0
"shipped_shape0.5",0.0144230769230769
"shipped_shape0.5",0.0144230769230769
"shipped_shape0.5",0.0769230769230769
"shipped_shape0.5",0.00961538461538462
"shipped_shape0.5",0.144230769230769
"shipped_shape0.5",0
"shipped_shape0.5",0.105769230769231
"shipped_shape0.5",0.173076923076923
"shipped_shape0.5",0.276699029126214
"shipped_shape0.5",0.235576923076923
"shipped_shape0.5",0.0192307692307692
"shipped_shape0.5",0
"shipped_shape0.5",0.475728155339806
"shipped_shape0.5",0.0434782608695652
"shipped_shape0.5",0.461538461538462
"shipped_shape0.5",0.3125
"shipped_shape0.5",0.00480769230769231
"shipped_shape0.5",0.00966183574879227
"shipped_shape0.5",0.0528846153846154
"shipped_shape0.5",0.00970873786407767
"shipped_shape0.5",0.410628019323671
"shipped_shape0.5",0.682692307692308
"shipped_shape0.5",0.658653846153846
"shipped_shape0.5",0.0480769230769231
"shipped_shape0.5",0.710144927536232
"shipped_shape0.5",0.0673076923076923
"shipped_shape0.5",0.00480769230769231
"shipped_shape0.5",0.211538461538462
"shipped_shape0.5",0.111111111111111
"shipped_shape0.5",0.302884615384615
"shipped_shape0.5",0
"shipped_shape0.5",0.579710144927536
"shipped_shape0.5",0.251207729468599
"shipped_shape0.5",0.51207729468599
"shipped_shape0.5",0.0390243902439024
"shipped_shape0.5",0.682692307692308
"shipped_shape0.5",0.252427184466019
"shipped_shape0.5",0.100961538461538
"shipped_shape0.5",0.788461538461538
"shipped_shape0.5",0.00480769230769231
"shipped_shape0.5",0.0240384615384615
"shipped_shape0.5",0.00966183574879227
"shipped_shape0.5",0.0528846153846154
"shipped_shape0.5",0.0865384615384615
"shipped_shape0.5",0.182692307692308
"shipped_shape0.5",0.3125
"shipped_shape0.5",0.110576923076923
"shipped_shape0.5",0.440594059405941
"shipped_shape0.5",0
"shipped_shape0.5",0.0144230769230769
"shipped_shape0.5",0.245192307692308
"shipped_shape0.5",0.552884615384615
"shipped_shape0.5",0.125
"shipped_shape0.5",0.331730769230769
"shipped_shape0.5",0.0865384615384615
"shipped_shape0.5",0.375
"shipped_shape0.5",0.913461538461538
"shipped_shape0.5",0
"shipped_shape0.5",0.548076923076923
"shipped_shape0.5",0
"shipped_shape0.5",0.0192307692307692
"shipped_shape0.5",0.00961538461538462
"shipped_shape0.5",0.0769230769230769
"shipped_shape0.5",0
"shipped_shape0.5",0.00961538461538462
"shipped_shape0.5",0.144230769230769
"shipped_shape0.5",0.557692307692308
"shipped_shape0.5",0
"shipped_shape0.5",0.254807692307692
"shipped_shape0.5",0.0865384615384615
"shipped_shape0.5",0
"shipped_shape0.5",0
"shipped_shape0.5",0.0144230769230769
"shipped_shape0.5",0.182692307692308
"shipped_shape0.5",0.0240384615384615
"shipped_shape0.5",0.384615384615385
"shipped_shape0.5",0.0721153846153846
"shipped_shape0.5",0.381642512077295
"shipped_shape0.5",0.072463768115942
"shipped_shape0.5",0.115384615384615
"shipped_shape0.5",0.673076923076923
"shipped_shape0.5",0.283653846153846
"shipped_shape0.5",0.0240384615384615
"shipped_shape0.5",0.0384615384615385
"shipped_shape0.5",0.644230769230769
"shipped_shape0.5",0.00480769230769231
"shipped_shape0.5",0.0144927536231884
"shipped_shape0.5",0.0913461538461538
"shipped_shape0.5",0.0483091787439614
"shipped_shape0.5",0.0878048780487805
"shipped_shape0.5",0.106280193236715
"shipped_shape0.5",0.533653846153846
"shipped_shape0.5",0.264423076923077
"shipped_shape0.5",0.735576923076923
"shipped_shape0.5",0.0144230769230769
"shipped_shape0.5",0.0625
"shipped_shape0.5",0
"shipped_shape0.5",0.192307692307692
"shipped_shape0.5",0.298076923076923
"shipped_shape0.5",0.110576923076923
"shipped_shape0.5",0.346153846153846
"shipped_shape0.5",0.0480769230769231
"shipped_shape0.5",0.461165048543689
"shipped_shape0.5",0.0817307692307692
"shipped_shape0.5",0.322115384615385
"shipped_shape0.5",0.0192307692307692
"shipped_shape0.5",0.821256038647343
"shipped_shape0.5",0.519230769230769
"shipped_shape0.5",0.0432692307692308
"shipped_shape0.5",0.322115384615385
"shipped_shape0.5",0.629807692307692
"shipped_shape0.5",0.466346153846154
"shipped_shape0.5",0.317307692307692
"shipped_shape0.5",0.322115384615385
"shipped_shape0.5",0
"shipped_shape0.5",0.0628019323671498
"shipped_shape0.5",0.235576923076923
"shipped_shape0.5",0.285024154589372
"shipped_shape0.5",0.317307692307692
"shipped_shape0.5",0.586538461538462
"shipped_shape0.5",0
"shipped_shape0.5",0.0241545893719807
"shipped_shape0.5",0.0821256038647343
"shipped_shape0.5",0.0721153846153846
"shipped_shape0.5",0.00480769230769231
"shipped_shape0.5",0.251207729468599
"shipped_shape0.5",0.826923076923077
"shipped_shape0.5",0.240384615384615
"shipped_shape0.5",0.841346153846154
"shipped_shape0.5",0.350961538461538
"shipped_shape0.5",0.403846153846154
"shipped_shape0.5",0.403846153846154
"shipped_shape0.5",0.0480769230769231
"shipped_shape0.5",0.298076923076923
"shipped_shape0.5",0.0288461538461538
"shipped_shape0.5",0
"shipped_shape0.5",0.110576923076923
"shipped_shape0.5",0
"shipped_shape0.5",0.115384615384615
"shipped_shape0.5",0.134615384615385
"shipped_shape0.5",0.100961538461538
"shipped_shape0.5",0
"shipped_shape0.5",0.125
"shipped_shape0.5",0.0336538461538462
"shipped_shape0.5",0.00480769230769231
"shipped_shape0.5",0
"shipped_shape0.5",0.0913461538461538
"shipped_shape0.5",0.0913461538461538
"shipped_shape0.5",0.331730769230769
"shipped_shape0.5",0.0144230769230769
"shipped_shape0.5",0.0288461538461538
"shipped_shape0.5",0.177884615384615
"shipped_shape0.5",0.639423076923077
"shipped_shape0.5",0.33816425120773
"shipped_shape0.5",0.240384615384615
"shipped_shape0.5",0.00961538461538462
"shipped_shape0.5",0.274038461538462
"shipped_shape0.5",0.0913461538461538
"shipped_shape0.5",0
"shipped_shape0.5",0.855769230769231
"shipped_shape0.5",0.0336538461538462
"shipped_shape0.5",0.807692307692308
"shipped_shape0.5",0
"shipped_shape0.5",0.514423076923077
"shipped_shape0.5",0.509615384615385
"shipped_shape0.5",0.0192307692307692
"shipped_shape0.5",0.0679611650485437
"shipped_shape0.5",0.0625
"shipped_shape0.5",0.00961538461538462
"shipped_shape0.5",0.00961538461538462
"shipped_shape0.5",0.144230769230769
"shipped_shape0.5",0.370192307692308
"shipped_shape0.5",0
"shipped_shape0.5",0.00480769230769231
"shipped_shape0.5",0.0480769230769231
"shipped_shape0.5",0.348484848484849
"shipped_shape0.5",0
"shipped_shape0.5",0.558375634517767
"shipped_shape0.5",0.121212121212121
"shipped_shape0.5",0.0653266331658292
"shipped_shape0.5",0.16243654822335
"shipped_shape0.5",0.247474747474747
"shipped_shape0.5",0.311557788944724
"shipped_shape0.5",0.693467336683417
"shipped_shape0.5",0.0753768844221105
"shipped_shape0.5",0.366834170854271
"shipped_shape0.5",0.0251256281407035
"shipped_shape0.5",0.271356783919598
"shipped_shape0.5",0.0150753768844221
"shipped_shape0.5",0.422110552763819
"shipped_shape0.5",0.116161616161616
"shipped_shape0.5",0.266331658291457
"shipped_shape0.5",0.346733668341709
"shipped_shape0.5",0.301507537688442
"shipped_shape0.5",0.743718592964824
"shipped_shape0.5",0.0402010050251256
"shipped_shape0.5",0.105527638190955
"shipped_shape0.5",0.185929648241206
"shipped_shape0.5",0.0050251256281407
"shipped_shape0.5",0.0351758793969849
"shipped_shape0.5",0.0201005025125628
"shipped_shape0.5",0.0150753768844221
"shipped_shape0.5",0.92462311557789
"shipped_shape0.5",0.0402010050251256
"shipped_shape0.5",0
"shipped_shape0.5",0.120603015075377
"shipped_shape0.5",0.120603015075377
"shipped_shape0.5",0.864321608040201
"shipped_shape0.5",0.0050251256281407
"shipped_shape0.5",0.105527638190955
"shipped_shape0.5",0.651515151515151
"shipped_shape0.5",0.217171717171717
"shipped_shape0.5",0.733668341708543
"shipped_shape0.5",0.0201005025125628
"shipped_shape0.5",0.0452261306532663
"shipped_shape0.5",0.487437185929648
"shipped_shape0.5",0.0703517587939698
"shipped_shape0.5",0.050251256281407
"shipped_shape0.5",0.346733668341709
"shipped_shape0.5",0.708542713567839
"shipped_shape0.5",0.085427135678392
"shipped_shape0.5",0
"shipped_shape0.5",0.814070351758794
"shipped_shape0.5",0
"shipped_shape0.5",0.35678391959799
"shipped_shape0.5",0.0101010101010101
"shipped_shape0.5",0.0603015075376884
"shipped_shape0.5",0.5678391959799
"shipped_shape0.5",0.241206030150754
"shipped_shape0.5",0.135678391959799
"shipped_shape0.5",0.0251256281407035
"shipped_shape0.5",0.0954773869346734
"shipped_shape0.5",0.085427135678392
"shipped_shape0.5",0.101522842639594
"shipped_shape0.5",0.0954773869346734
"shipped_shape0.5",0
"shipped_shape0.5",0.0100502512562814
"shipped_shape0.5",0.376884422110553
"shipped_shape0.5",0
"shipped_shape0.5",0.135678391959799
"shipped_shape0.5",0.115577889447236
"shipped_shape0.5",0.353535353535354
"shipped_shape0.5",0.0203045685279188
"shipped_shape0.5",0.0150753768844221
"shipped_shape0.5",0.21608040201005
"shipped_shape0.5",0.185929648241206
"shipped_shape0.5",0.547738693467337
"shipped_shape0.5",0.396984924623116
"shipped_shape0.5",0.0050251256281407
"shipped_shape0.5",0.688442211055276
"shipped_shape0.5",0
"shipped_shape0.5",0.190954773869347
"shipped_shape0.5",0.368686868686869
"shipped_shape0.5",0.35678391959799
"shipped_shape0.5",0.613065326633166
"shipped_shape0.5",0.0050251256281407
"shipped_shape0.5",0
"shipped_shape0.5",0.316582914572864
"shipped_shape0.5",0.331658291457286
"shipped_shape0.5",0.0552763819095477
"shipped_shape0.5",0.85427135678392
"shipped_shape0.5",0.160804020100503
"shipped_shape0.5",0.0753768844221105
"shipped_shape0.5",0.0050251256281407
"shipped_shape0.5",0.0804020100502513
"shipped_shape0.5",0
"shipped_shape0.5",0.768844221105528
"shipped_shape0.5",0.0552763819095477
"shipped_shape0.5",0.487437185929648
"shipped_shape0.5",0.0201005025125628
"shipped_shape0.5",0.814070351758794
"shipped_shape0.5",0
"shipped_shape0.5",0.0301507537688442
"shipped_shape0.5",0
"shipped_shape0.5",0.0402010050251256
"shipped_shape0.5",0.0100502512562814
"shipped_shape0.5",0.207070707070707
"shipped_shape0.5",0
"shipped_shape0.5",0.201005025125628
"shipped_shape0.5",0.135678391959799
"shipped_shape0.5",0.373737373737374
"shipped_shape0.5",0.105527638190955
"shipped_shape0.5",0.0100502512562814
"shipped_shape0.5",0
"shipped_shape0.5",0.562814070351759
"shipped_shape0.5",0.0301507537688442
"shipped_shape0.5",0.417085427135678
"shipped_shape0.5",0.386934673366834
"shipped_shape0.5",0
"shipped_shape0.5",0.0301507537688442
"shipped_shape0.5",0.0251256281407035
"shipped_shape0.5",0.0862944162436548
"shipped_shape0.5",0.195979899497487
"shipped_shape0.5",0.673366834170854
"shipped_shape0.5",0.733668341708543
"shipped_shape0.5",0.0753768844221105
"shipped_shape0.5",0.778894472361809
"shipped_shape0.5",0.136363636363636
"shipped_shape0.5",0.0050251256281407
"shipped_shape0.5",0.170854271356784
"shipped_shape0.5",0.257575757575758
"shipped_shape0.5",0.386934673366834
"shipped_shape0.5",0.0100502512562814
"shipped_shape0.5",0.653266331658292
"shipped_shape0.5",0.130653266331658
"shipped_shape0.5",0.492462311557789
"shipped_shape0.5",0.0301507537688442
"shipped_shape0.5",0.587939698492462
"shipped_shape0.5",0.326633165829146
"shipped_shape0.5",0.0452261306532663
"shipped_shape0.5",0.718592964824121
"shipped_shape0.5",0
"shipped_shape0.5",0.0050251256281407
"shipped_shape0.5",0
"shipped_shape0.5",0.0804020100502513
"shipped_shape0.5",0.150753768844221
"shipped_shape0.5",0.190954773869347
"shipped_shape0.5",0.437185929648241
"shipped_shape0.5",0.206030150753769
"shipped_shape0.5",0.121827411167513
"shipped_shape0.5",0
"shipped_shape0.5",0.00505050505050505
"shipped_shape0.5",0.241206030150754
"shipped_shape0.5",0.57286432160804
"shipped_shape0.5",0.0603015075376884
"shipped_shape0.5",0.306532663316583
"shipped_shape0.5",0.0954773869346734
"shipped_shape0.5",0.542713567839196
"shipped_shape0.5",0.92462311557789
"shipped_shape0.5",0
"shipped_shape0.5",0.487437185929648
"shipped_shape0.5",0
"shipped_shape0.5",0.0150753768844221
"shipped_shape0.5",0
"shipped_shape0.5",0.0452261306532663
"shipped_shape0.5",0.0050251256281407
"shipped_shape0.5",0.0251256281407035
"shipped_shape0.5",0.175879396984925
"shipped_shape0.5",0.507537688442211
"shipped_shape0.5",0
"shipped_shape0.5",0.160804020100503
"shipped_shape0.5",0.0402010050251256
"shipped_shape0.5",0.0050251256281407
"shipped_shape0.5",0
"shipped_shape0.5",0.0201005025125628
"shipped_shape0.5",0.135678391959799
"shipped_shape0.5",0.0150753768844221
"shipped_shape0.5",0.242424242424242
"shipped_shape0.5",0.0753768844221105
"shipped_shape0.5",0.341708542713568
"shipped_shape0.5",0.0150753768844221
"shipped_shape0.5",0.0753768844221105
"shipped_shape0.5",0.683417085427136
"shipped_shape0.5",0.316582914572864
"shipped_shape0.5",0.0603015075376884
"shipped_shape0.5",0.0201005025125628
"shipped_shape0.5",0.623115577889447
"shipped_shape0.5",0
"shipped_shape0.5",0.0353535353535354
"shipped_shape0.5",0.0351758793969849
"shipped_shape0.5",0.0151515151515152
"shipped_shape0.5",0.186868686868687
"shipped_shape0.5",0.085427135678392
"shipped_shape0.5",0.452261306532663
"shipped_shape0.5",0.494949494949495
"shipped_shape0.5",0.661616161616162
"shipped_shape0.5",0.0050761421319797
"shipped_shape0.5",0.0761421319796954
"shipped_shape0.5",0.00505050505050505
"shipped_shape0.5",0.227272727272727
"shipped_shape0.5",0.47979797979798
"shipped_shape0.5",0.101010101010101
"shipped_shape0.5",0.277777777777778
"shipped_shape0.5",0.0757575757575758
"shipped_shape0.5",0.50761421319797
"shipped_shape0.5",0.207070707070707
"shipped_shape0.5",0.353535353535354
"shipped_shape0.5",0.0202020202020202
"shipped_shape0.5",0.767676767676768
"shipped_shape0.5",0.717171717171717
"shipped_shape0.5",0.0202020202020202
"shipped_shape0.5",0.318181818181818
"shipped_shape0.5",0.578680203045685
"shipped_shape0.5",0.474747474747475
"shipped_shape0.5",0.217171717171717
"shipped_shape0.5",0.126262626262626
"shipped_shape0.5",0
"shipped_shape0.5",0.0808080808080808
"shipped_shape0.5",0.207070707070707
"shipped_shape0.5",0.634517766497462
"shipped_shape0.5",0.328282828282828
"shipped_shape0.5",0.661616161616162
"shipped_shape0.5",0.0151515151515152
"shipped_shape0.5",0
"shipped_shape0.5",0.196969696969697
"shipped_shape0.5",0.0656565656565657
"shipped_shape0.5",0.0101010101010101
"shipped_shape0.5",0.287878787878788
"shipped_shape0.5",0.818181818181818
"shipped_shape0.5",0.141414141414141
"shipped_shape0.5",0.923857868020305
"shipped_shape0.5",0.565656565656566
"shipped_shape0.5",0.358585858585859
"shipped_shape0.5",0.328282828282828
"shipped_shape0.5",0.116161616161616
"shipped_shape0.5",0.323232323232323
"shipped_shape0.5",0.0505050505050505
"shipped_shape0.5",0
"shipped_shape0.5",0.0452261306532663
"shipped_shape0.5",0
"shipped_shape0.5",0.130653266331658
"shipped_shape0.5",0.050251256281407
"shipped_shape0.5",0.110552763819095
"shipped_shape0.5",0.0100502512562814
"shipped_shape0.5",0.180904522613065
"shipped_shape0.5",0.0251256281407035
"shipped_shape0.5",0
"shipped_shape0.5",0
"shipped_shape0.5",0.110552763819095
"shipped_shape0.5",0.170854271356784
"shipped_shape0.5",0.296482412060302
"shipped_shape0.5",0.0603015075376884
"shipped_shape0.5",0.0753768844221105
"shipped_shape0.5",0.301507537688442
"shipped_shape0.5",0.64321608040201
"shipped_shape0.5",0.331658291457286
"shipped_shape0.5",0.348484848484849
"shipped_shape0.5",0.0050251256281407
"shipped_shape0.5",0.487437185929648
"shipped_shape0.5",0.0402010050251256
"shipped_shape0.5",0
"shipped_shape0.5",0.909547738693467
"shipped_shape0.5",0.0153061224489796
"shipped_shape0.5",0.78391959798995
"shipped_shape0.5",0.0251256281407035
"shipped_shape0.5",0.517587939698492
"shipped_shape0.5",0.353535353535354
"shipped_shape0.5",0
"shipped_shape0.5",0.105527638190955
"shipped_shape0.5",0.0653266331658292
"shipped_shape0.5",0.0100502512562814
"shipped_shape0.5",0.0402010050251256
"shipped_shape0.5",0.0301507537688442
"shipped_shape0.5",0.301507537688442
"shipped_shape0.5",0
"shipped_shape0.5",0.0402010050251256
"shipped_shape0.5",0.120603015075377
"shipped_shape0.5",0.321608040201005
"shipped_shape0.5",0
"shipped_shape0.5",0.618090452261307
"shipped_shape0.5",0.0603015075376884
"shipped_shape0.5",0.120603015075377
"shipped_shape0.5",0.14572864321608
"shipped_shape0.5",0.251256281407035
"shipped_shape0.5",0.206030150753769
"shipped_shape0.5",0.668341708542714
"shipped_shape0.5",0.050251256281407
"shipped_shape0.5",0.341708542713568
"shipped_shape0.5",0.0452261306532663
"shipped_shape0.5",0.371859296482412
"shipped_shape0.5",0.0804020100502513
"shipped_shape0.5",0.306532663316583
"shipped_shape0.5",0.363636363636364
"shipped_shape0.5",0.396984924623116
"shipped_shape0.5",0.221105527638191
"shipped_shape0.5",0.363636363636364
"shipped_shape0.5",0.844221105527638
"shipped_shape0.5",0.050251256281407
"shipped_shape0.5",0.0351758793969849
"shipped_shape0.5",0.21105527638191
"shipped_shape0.5",0
"shipped_shape0.5",0.0201005025125628
"shipped_shape0.5",0.0251256281407035
"shipped_shape0.5",0.0150753768844221
"shipped_shape0.5",0.879396984924623
"shipped_shape0.5",0.105527638190955
"shipped_shape0.5",0
"shipped_shape0.5",0.115577889447236
"shipped_shape0.5",0.150753768844221
"shipped_shape0.5",0.874371859296482
"shipped_shape0.5",0.0150753768844221
"shipped_shape0.5",0.0703517587939698
"shipped_shape0.5",0.623115577889447
"shipped_shape0.5",0.160804020100503
"shipped_shape0.5",0.718592964824121
"shipped_shape0.5",0.0150753768844221
"shipped_shape0.5",0.0201005025125628
"shipped_shape0.5",0.361809045226131
"shipped_shape0.5",0.0402010050251256
"shipped_shape0.5",0.135678391959799
"shipped_shape0.5",0.396984924623116
"shipped_shape0.5",0.723618090452261
"shipped_shape0.5",0.0603015075376884
"shipped_shape0.5",0
"shipped_shape0.5",0.778894472361809
"shipped_shape0.5",0
"shipped_shape0.5",0.326633165829146
"shipped_shape0.5",0.0100502512562814
"shipped_shape0.5",0.14572864321608
"shipped_shape0.5",0.618090452261307
"shipped_shape0.5",0.276381909547739
"shipped_shape0.5",0.190954773869347
"shipped_shape0.5",0.0753768844221105
"shipped_shape0.5",0.101010101010101
"shipped_shape0.5",0.186868686868687
"shipped_shape0.5",0.095959595959596
"shipped_shape0.5",0.0656565656565657
"shipped_shape0.5",0
"shipped_shape0.5",0.0101010101010101
"shipped_shape0.5",0.212121212121212
"shipped_shape0.5",0.00505050505050505
"shipped_shape0.5",0.171717171717172
"shipped_shape0.5",0.0404040404040404
"shipped_shape0.5",0.282828282828283
"shipped_shape0.5",0.0656565656565657
"shipped_shape0.5",0.0303030303030303
"shipped_shape0.5",0.212121212121212
"shipped_shape0.5",0.243654822335025
"shipped_shape0.5",0.304568527918782
"shipped_shape0.5",0.207070707070707
"shipped_shape0.5",0.0151515151515152
"shipped_shape0.5",0.616161616161616
"shipped_shape0.5",0
"shipped_shape0.5",0.186868686868687
"shipped_shape0.5",0.363636363636364
"shipped_shape0.5",0.333333333333333
"shipped_shape0.5",0.318181818181818
"shipped_shape0.5",0
"shipped_shape0.5",0.00505050505050505
"shipped_shape0.5",0.323232323232323
"shipped_shape0.5",0.146464646464646
"shipped_shape0.5",0.0353535353535354
"shipped_shape0.5",0.888888888888889
"shipped_shape0.5",0.111111111111111
"shipped_shape0.5",0.116161616161616
"shipped_shape0.5",0.0101010101010101
"shipped_shape0.5",0.0710659898477157
"shipped_shape0.5",0
"shipped_shape0.5",0.787878787878788
"shipped_shape0.5",0.0101010101010101
"shipped_shape0.5",0.424242424242424
"shipped_shape0.5",0.0151515151515152
"shipped_shape0.5",0.671717171717172
"shipped_shape0.5",0
"shipped_shape0.5",0.106060606060606
"shipped_shape0.5",0.0202020202020202
"shipped_shape0.5",0.0707070707070707
"shipped_shape0.5",0.0151515151515152
"shipped_shape0.5",0.171717171717172
"shipped_shape0.5",0.00505050505050505
"shipped_shape0.5",0.14572864321608
"shipped_shape0.5",0.115577889447236
"shipped_shape0.5",0.341708542713568
"shipped_shape0.5",0.14070351758794
"shipped_shape0.5",0.0050251256281407
"shipped_shape0.5",0
"shipped_shape0.5",0.457286432160804
"shipped_shape0.5",0.0454545454545455
"shipped_shape0.5",0.487437185929648
"shipped_shape0.5",0.331658291457286
"shipped_shape0.5",0
"shipped_shape0.5",0.0100502512562814
"shipped_shape0.5",0.0150753768844221
"shipped_shape0.5",0.0555555555555556
"shipped_shape0.5",0.180904522613065
"shipped_shape0.5",0.646464646464647
"shipped_shape0.5",0.623115577889447
"shipped_shape0.5",0.0201005025125628
"shipped_shape0.5",0.773869346733668
"shipped_shape0.5",0.14070351758794
"shipped_shape0.5",0
"shipped_shape0.5",0.21608040201005
"shipped_shape0.5",0.130653266331658
"shipped_shape0.5",0.442211055276382
"shipped_shape0.5",0
"shipped_shape0.5",0.467336683417085
"shipped_shape0.5",0.201005025125628
"shipped_shape0.5",0.628140703517588
"shipped_shape0.5",0.0753768844221105
"shipped_shape0.5",0.638190954773869
"shipped_shape0.5",0.221105527638191
"shipped_shape0.5",0.0203045685279188
"shipped_shape0.5",0.658291457286432
"shipped_shape0.5",0
"shipped_shape0.5",0.050251256281407
"shipped_shape0.5",0.0150753768844221
"shipped_shape0.5",0.120603015075377
"shipped_shape0.5",0.180904522613065
"shipped_shape0.5",0.120603015075377
"shipped_shape0.5",0.21608040201005
"shipped_shape0.5",0.195979899497487
"shipped_shape0.5",0.130653266331658
"shipped_shape0.5",0.0050251256281407
"shipped_shape0.5",0.0100502512562814
"shipped_shape0.5",0.316582914572864
"shipped_shape0.5",0.648241206030151
"shipped_shape0.5",0.0753768844221105
"shipped_shape0.5",0.467336683417085
"shipped_shape0.5",0.0603015075376884
"shipped_shape0.5",0.437185929648241
"shipped_shape0.5",0.884422110552764
"shipped_shape0.5",0
"shipped_shape0.5",0.542713567839196
"shipped_shape0.5",0
"shipped_shape0.5",0.0101010101010101
"shipped_shape0.5",0.0253807106598985
"shipped_shape0.5",0.0454545454545455
"shipped_shape0.5",0
"shipped_shape0.5",0.0151515151515152
"shipped_shape0.5",0.297979797979798
"shipped_shape0.5",0.656565656565657
"shipped_shape0.5",0
"shipped_shape0.5",0.212121212121212
"shipped_shape0.5",0.151515151515152
"shipped_shape0.5",0
"shipped_shape0.5",0.00505050505050505
"shipped_shape0.5",0.0101010101010101
"shipped_shape0.5",0.197969543147208
"shipped_shape0.5",0.0151515151515152
"shipped_shape0.5",0.203045685279188
"shipped_shape0.5",0.0202020202020202
"shipped_shape0.5",0.525252525252525
"shipped_shape0.5",0.0101010101010101
"shipped_shape0.5",0.0707070707070707
"shipped_shape0.5",0.666666666666667
"shipped_shape0.5",0.266331658291457
"shipped_shape0.5",0.050251256281407
"shipped_shape0.5",0.0301507537688442
"shipped_shape0.5",0.582914572864322
"shipped_shape0.5",0
"shipped_shape0.5",0.00505050505050505
"shipped_shape0.5",0.0050251256281407
"shipped_shape0.5",0.0100502512562814
"shipped_shape0.5",0.125628140703518
"shipped_shape0.5",0.0402010050251256
"shipped_shape0.5",0.542713567839196
"shipped_shape0.5",0.267676767676768
"shipped_shape0.5",0.691919191919192
"shipped_shape0.5",0.0101010101010101
"shipped_shape0.5",0.0353535353535354
"shipped_shape0.5",0.00505050505050505
"shipped_shape0.5",0.116161616161616
"shipped_shape0.5",0.388888888888889
"shipped_shape0.5",0.106598984771574
"shipped_shape0.5",0.388888888888889
"shipped_shape0.5",0.0606060606060606
"shipped_shape0.5",0.443877551020408
"shipped_shape0.5",0.176767676767677
"shipped_shape0.5",0.393939393939394
"shipped_shape0.5",0.0151515151515152
"shipped_shape0.5",0.878787878787879
"shipped_shape0.5",0.54040404040404
"shipped_shape0.5",0.0656565656565657
"shipped_shape0.5",0.237373737373737
"shipped_shape0.5",0.494949494949495
"shipped_shape0.5",0.472081218274112
"shipped_shape0.5",0.242424242424242
"shipped_shape0.5",0.141414141414141
"shipped_shape0.5",0
"shipped_shape0.5",0.106060606060606
"shipped_shape0.5",0.111111111111111
"shipped_shape0.5",0.279187817258883
"shipped_shape0.5",0.512562814070352
"shipped_shape0.5",0.517587939698492
"shipped_shape0.5",0
"shipped_shape0.5",0
"shipped_shape0.5",0.125628140703518
"shipped_shape0.5",0.0201005025125628
"shipped_shape0.5",0.0050251256281407
"shipped_shape0.5",0.331658291457286
"shipped_shape0.5",0.738693467336683
"shipped_shape0.5",0.180904522613065
"shipped_shape0.5",0.944723618090452
"shipped_shape0.5",0.358585858585859
"shipped_shape0.5",0.505050505050505
"shipped_shape0.5",0.363636363636364
"shipped_shape0.5",0.106060606060606
"shipped_shape0.5",0.409090909090909
"shipped_shape0.5",0.0353535353535354
"shipped_shape0.5",0
"shipped_shape0.5",0.085427135678392
"shipped_shape0.5",0
"shipped_shape0.5",0.190954773869347
"shipped_shape0.5",0.0301507537688442
"shipped_shape0.5",0.126262626262626
"shipped_shape0.5",0.0351758793969849
"shipped_shape0.5",0.120603015075377
"shipped_shape0.5",0.0150753768844221
"shipped_shape0.5",0
"shipped_shape0.5",0.0050251256281407
"shipped_shape0.5",0.100502512562814
"shipped_shape0.5",0.14070351758794
"shipped_shape0.5",0.402010050251256
"shipped_shape0.5",0.110552763819095
"shipped_shape0.5",0.050251256281407
"shipped_shape0.5",0.195979899497487
"shipped_shape0.5",0.723618090452261
"shipped_shape0.5",0.231155778894472
"shipped_shape0.5",0.246231155778894
"shipped_shape0.5",0
"shipped_shape0.5",0.251256281407035
"shipped_shape0.5",0.155778894472362
"shipped_shape0.5",0
"shipped_shape0.5",0.879396984924623
"shipped_shape0.5",0.0100502512562814
"shipped_shape0.5",0.708542713567839
"shipped_shape0.5",0.0301507537688442
"shipped_shape0.5",0.376884422110553
"shipped_shape0.5",0.542713567839196
"shipped_shape0.5",0.0050251256281407
"shipped_shape0.5",0.050251256281407
"shipped_shape0.5",0.135678391959799
"shipped_shape0.5",0.0050251256281407
"shipped_shape0.5",0.0201005025125628
"shipped_shape0.5",0.14572864321608
"shipped_shape0.5",0.341708542713568
"shipped_shape0.5",0.0050251256281407
"shipped_shape0.5",0.0050251256281407
"shipped_shape0.5",0.0653266331658292
"shipped_shape0.5",0.163265306122449
"shipped_shape0.5",0.00510204081632653
"shipped_shape0.5",0.408163265306122
"shipped_shape0.5",0.0255102040816327
"shipped_shape0.5",0.0306122448979592
"shipped_shape0.5",0.123076923076923
"shipped_shape0.5",0.270408163265306
"shipped_shape0.5",0.280612244897959
"shipped_shape0.5",0.642857142857143
"shipped_shape0.5",0.076530612244898
"shipped_shape0.5",0.586734693877551
"shipped_shape0.5",0.0204081632653061
"shipped_shape0.5",0.255102040816327
"shipped_shape0.5",0.102040816326531
"shipped_shape0.5",0.581632653061224
"shipped_shape0.5",0.235897435897436
"shipped_shape0.5",0.326530612244898
"shipped_shape0.5",0.239795918367347
"shipped_shape0.5",0.377551020408163
"shipped_shape0.5",0.846153846153846
"shipped_shape0.5",0.128205128205128
"shipped_shape0.5",0.133333333333333
"shipped_shape0.5",0.270408163265306
"shipped_shape0.5",0.00510204081632653
"shipped_shape0.5",0.0408163265306122
"shipped_shape0.5",0.0510204081632653
"shipped_shape0.5",0.0663265306122449
"shipped_shape0.5",0.964285714285714
"shipped_shape0.5",0.137755102040816
"shipped_shape0.5",0.00510204081632653
"shipped_shape0.5",0.173469387755102
"shipped_shape0.5",0.13265306122449
"shipped_shape0.5",0.857142857142857
"shipped_shape0.5",0.00510204081632653
"shipped_shape0.5",0.0923076923076923
"shipped_shape0.5",0.551020408163265
"shipped_shape0.5",0.204081632653061
"shipped_shape0.5",0.663265306122449
"shipped_shape0.5",0.0204081632653061
"shipped_shape0.5",0.0205128205128205
"shipped_shape0.5",0.372448979591837
"shipped_shape0.5",0.0459183673469388
"shipped_shape0.5",0.0974358974358974
"shipped_shape0.5",0.38265306122449
"shipped_shape0.5",0.785714285714286
"shipped_shape0.5",0.0461538461538462
"shipped_shape0.5",0.00510204081632653
"shipped_shape0.5",0.877551020408163
"shipped_shape0.5",0
"shipped_shape0.5",0.438775510204082
"shipped_shape0.5",0.0153061224489796
"shipped_shape0.5",0.0714285714285714
"shipped_shape0.5",0.73469387755102
"shipped_shape0.5",0.25
"shipped_shape0.5",0.122448979591837
"shipped_shape0.5",0.0510204081632653
"shipped_shape0.5",0.107142857142857
"shipped_shape0.5",0.076530612244898
"shipped_shape0.5",0.147959183673469
"shipped_shape0.5",0.0918367346938776
"shipped_shape0.5",0
"shipped_shape0.5",0
"shipped_shape0.5",0.214285714285714
"shipped_shape0.5",0.00510204081632653
"shipped_shape0.5",0.0666666666666667
"shipped_shape0.5",0.0306122448979592
"shipped_shape0.5",0.112244897959184
"shipped_shape0.5",0.0255102040816327
"shipped_shape0.5",0.0459183673469388
"shipped_shape0.5",0.205128205128205
"shipped_shape0.5",0.25
"shipped_shape0.5",0.270408163265306
"shipped_shape0.5",0.270408163265306
"shipped_shape0.5",0.00510204081632653
"shipped_shape0.5",0.724489795918367
"shipped_shape0.5",0.0153061224489796
"shipped_shape0.5",0.188775510204082
"shipped_shape0.5",0.306122448979592
"shipped_shape0.5",0.348717948717949
"shipped_shape0.5",0.357142857142857
"shipped_shape0.5",0
"shipped_shape0.5",0
"shipped_shape0.5",0.255102040816327
"shipped_shape0.5",0.239795918367347
"shipped_shape0.5",0.0459183673469388
"shipped_shape0.5",0.821428571428571
"shipped_shape0.5",0.0512820512820513
"shipped_shape0.5",0.102040816326531
"shipped_shape0.5",0
"shipped_shape0.5",0.0612244897959184
"shipped_shape0.5",0
"shipped_shape0.5",0.801020408163265
"shipped_shape0.5",0.0357142857142857
"shipped_shape0.5",0.586734693877551
"shipped_shape0.5",0.0204081632653061
"shipped_shape0.5",0.697435897435897
"shipped_shape0.5",0
"shipped_shape0.5",0.0714285714285714
"shipped_shape0.5",0
"shipped_shape0.5",0.0561224489795918
"shipped_shape0.5",0.0204081632653061
"shipped_shape0.5",0.122448979591837
"shipped_shape0.5",0.00510204081632653
"shipped_shape0.5",0.13265306122449
"shipped_shape0.5",0.153061224489796
"shipped_shape0.5",0.275510204081633
"shipped_shape0.5",0.127551020408163
"shipped_shape0.5",0.0714285714285714
"shipped_shape0.5",0
"shipped_shape0.5",0.561224489795918
"shipped_shape0.5",0.0204081632653061
"shipped_shape0.5",0.602040816326531
"shipped_shape0.5",0.336734693877551
"shipped_shape0.5",0.00510204081632653
"shipped_shape0.5",0.0204081632653061
"shipped_shape0.5",0.0561224489795918
"shipped_shape0.5",0.0666666666666667
"shipped_shape0.5",0.244897959183673
"shipped_shape0.5",0.647959183673469
"shipped_shape0.5",0.57948717948718
"shipped_shape0.5",0.0358974358974359
"shipped_shape0.5",0.758974358974359
"shipped_shape0.5",0.194871794871795
"shipped_shape0.5",0
"shipped_shape0.5",0.184615384615385
"shipped_shape0.5",0.107692307692308
"shipped_shape0.5",0.661538461538462
"shipped_shape0.5",0
"shipped_shape0.5",0.471794871794872
"shipped_shape0.5",0.158974358974359
"shipped_shape0.5",0.543589743589744
"shipped_shape0.5",0.102564102564103
"shipped_shape0.5",0.651282051282051
"shipped_shape0.5",0.292307692307692
"shipped_shape0.5",0.0309278350515464
"shipped_shape0.5",0.805128205128205
"shipped_shape0.5",0.0512820512820513
"shipped_shape0.5",0.0307692307692308
"shipped_shape0.5",0.041025641025641
"shipped_shape0.5",0.107692307692308
"shipped_shape0.5",0.164102564102564
"shipped_shape0.5",0.138461538461538
"shipped_shape0.5",0.251282051282051
"shipped_shape0.5",0.143589743589744
"shipped_shape0.5",0.102564102564103
"shipped_shape0.5",0
"shipped_shape0.5",0.0103092783505155
"shipped_shape0.5",0.251282051282051
"shipped_shape0.5",0.738461538461539
"shipped_shape0.5",0.133333333333333
"shipped_shape0.5",0.333333333333333
"shipped_shape0.5",0.041025641025641
"shipped_shape0.5",0.324742268041237
"shipped_shape0.5",0.835897435897436
"shipped_shape0.5",0
"shipped_shape0.5",0.569230769230769
"shipped_shape0.5",0
"shipped_shape0.5",0.00515463917525773
"shipped_shape0.5",0.00512820512820513
"shipped_shape0.5",0.0717948717948718
"shipped_shape0.5",0
"shipped_shape0.5",0.0358974358974359
"shipped_shape0.5",0.22680412371134
"shipped_shape0.5",0.438144329896907
"shipped_shape0.5",0
"shipped_shape0.5",0.365979381443299
"shipped_shape0.5",0.0721649484536082
"shipped_shape0.5",0.00515463917525773
"shipped_shape0.5",0
"shipped_shape0.5",0.0103092783505155
"shipped_shape0.5",0.266666666666667
"shipped_shape0.5",0.0307692307692308
"shipped_shape0.5",0.244897959183673
"shipped_shape0.5",0.0153061224489796
"shipped_shape0.5",0.530612244897959
"shipped_shape0.5",0
"shipped_shape0.5",0.107142857142857
"shipped_shape0.5",0.716494845360825
"shipped_shape0.5",0.25
"shipped_shape0.5",0.0306122448979592
"shipped_shape0.5",0.0358974358974359
"shipped_shape0.5",0.479591836734694
"shipped_shape0.5",0.00510204081632653
"shipped_shape0.5",0.0204081632653061
"shipped_shape0.5",0.0153061224489796
"shipped_shape0.5",0.0306122448979592
"shipped_shape0.5",0.0510204081632653
"shipped_shape0.5",0.076530612244898
"shipped_shape0.5",0.38265306122449
"shipped_shape0.5",0.357142857142857
"shipped_shape0.5",0.683673469387755
"shipped_shape0.5",0.0102040816326531
"shipped_shape0.5",0.0306122448979592
"shipped_shape0.5",0.0306122448979592
"shipped_shape0.5",0.163265306122449
"shipped_shape0.5",0.459183673469388
"shipped_shape0.5",0.11734693877551
"shipped_shape0.5",0.311224489795918
"shipped_shape0.5",0.127551020408163
"shipped_shape0.5",0.435897435897436
"shipped_shape0.5",0.127551020408163
"shipped_shape0.5",0.219387755102041
"shipped_shape0.5",0.0204081632653061
"shipped_shape0.5",0.760204081632653
"shipped_shape0.5",0.596938775510204
"shipped_shape0.5",0.076530612244898
"shipped_shape0.5",0.270408163265306
"shipped_shape0.5",0.569230769230769
"shipped_shape0.5",0.413265306122449
"shipped_shape0.5",0.143589743589744
"shipped_shape0.5",0.0663265306122449
"shipped_shape0.5",0
"shipped_shape0.5",0.0408163265306122
"shipped_shape0.5",0.127551020408163
"shipped_shape0.5",0.23469387755102
"shipped_shape0.5",0.336734693877551
"shipped_shape0.5",0.464285714285714
"shipped_shape0.5",0
"shipped_shape0.5",0
"shipped_shape0.5",0.122448979591837
"shipped_shape0.5",0.107142857142857
"shipped_shape0.5",0
"shipped_shape0.5",0.178571428571429
"shipped_shape0.5",0.757731958762887
"shipped_shape0.5",0.147959183673469
"shipped_shape0.5",0.88265306122449
"shipped_shape0.5",0.311224489795918
"shipped_shape0.5",0.438775510204082
"shipped_shape0.5",0.530612244897959
"shipped_shape0.5",0.0717948717948718
"shipped_shape0.5",0.36734693877551
"shipped_shape0.5",0.0102040816326531
"shipped_shape0.5",0
"shipped_shape0.5",0.107142857142857
"shipped_shape0.5",0
"shipped_shape0.5",0.224489795918367
"shipped_shape0.5",0.0459183673469388
"shipped_shape0.5",0.163265306122449
"shipped_shape0.5",0.0357142857142857
"shipped_shape0.5",0.397959183673469
"shipped_shape0.5",0.0153061224489796
"shipped_shape0.5",0
"shipped_shape0.5",0.00510204081632653
"shipped_shape0.5",0.0510204081632653
"shipped_shape0.5",0.0612244897959184
"shipped_shape0.5",0.372448979591837
"shipped_shape0.5",0.0102040816326531
"shipped_shape0.5",0.0204081632653061
"shipped_shape0.5",0.147959183673469
"shipped_shape0.5",0.683673469387755
"shipped_shape0.5",0.309278350515464
"shipped_shape0.5",0.377551020408163
"shipped_shape0.5",0.0663265306122449
"shipped_shape0.5",0.292307692307692
"shipped_shape0.5",0.086734693877551
"shipped_shape0.5",0
"shipped_shape0.5",0.908163265306122
"shipped_shape0.5",0.00510204081632653
"shipped_shape0.5",0.846938775510204
"shipped_shape0.5",0.00510204081632653
"shipped_shape0.5",0.459183673469388
"shipped_shape0.5",0.571428571428571
"shipped_shape0.5",0
"shipped_shape0.5",0.0510204081632653
"shipped_shape0.5",0.147959183673469
"shipped_shape0.5",0.0153061224489796
"shipped_shape0.5",0.0969387755102041
"shipped_shape0.5",0.112244897959184
"shipped_shape0.5",0.433673469387755
"shipped_shape0.5",0.0357142857142857
"shipped_shape0.5",0.0204081632653061
"shipped_shape0.5",0.0459183673469388
"shipped_shape0.5",0.30188679245283
"shipped_shape0.5",0.0125786163522013
"shipped_shape0.5",0.459119496855346
"shipped_shape0.5",0.0377358490566038
"shipped_shape0.5",0.308176100628931
"shipped_shape0.5",0.115384615384615
"shipped_shape0.5",0.163522012578616
"shipped_shape0.5",0.182389937106918
"shipped_shape0.5",0.635220125786163
"shipped_shape0.5",0.0566037735849057
"shipped_shape0.5",0.375796178343949
"shipped_shape0.5",0.00628930817610063
"shipped_shape0.5",0.283018867924528
"shipped_shape0.5",0.0566037735849057
"shipped_shape0.5",0.322784810126582
"shipped_shape0.5",0.121019108280255
"shipped_shape0.5",0.272151898734177
"shipped_shape0.5",0.215189873417722
"shipped_shape0.5",0.345911949685535
"shipped_shape0.5",0.836477987421384
"shipped_shape0.5",0.0628930817610063
"shipped_shape0.5",0.119496855345912
"shipped_shape0.5",0.276729559748428
"shipped_shape0.5",0.00628930817610063
"shipped_shape0.5",0.0125786163522013
"shipped_shape0.5",0.0377358490566038
"shipped_shape0.5",0.0125786163522013
"shipped_shape0.5",0.905660377358491
"shipped_shape0.5",0.0628930817610063
"shipped_shape0.5",0
"shipped_shape0.5",0.157232704402516
"shipped_shape0.5",0.182389937106918
"shipped_shape0.5",0.886792452830189
"shipped_shape0.5",0.0125786163522013
"shipped_shape0.5",0.132075471698113
"shipped_shape0.5",0.515723270440252
"shipped_shape0.5",0.29559748427673
"shipped_shape0.5",0.735849056603774
"shipped_shape0.5",0.00628930817610063
"shipped_shape0.5",0
"shipped_shape0.5",0.455696202531646
"shipped_shape0.5",0.0569620253164557
"shipped_shape0.5",0.0754716981132075
"shipped_shape0.5",0.232704402515723
"shipped_shape0.5",0.823899371069182
"shipped_shape0.5",0.0314465408805031
"shipped_shape0.5",0.00636942675159236
"shipped_shape0.5",0.729559748427673
"shipped_shape0.5",0
"shipped_shape0.5",0.421383647798742
"shipped_shape0.5",0.0188679245283019
"shipped_shape0.5",0.0754716981132075
"shipped_shape0.5",0.647435897435897
"shipped_shape0.5",0.506410256410256
"shipped_shape0.5",0.220125786163522
"shipped_shape0.5",0.10062893081761
"shipped_shape0.5",0.163522012578616
"shipped_shape0.5",0.0880503144654088
"shipped_shape0.5",0.132911392405063
"shipped_shape0.5",0.0880503144654088
"shipped_shape0.5",0
"shipped_shape0.5",0
"shipped_shape0.5",0.283018867924528
"shipped_shape0.5",0
"shipped_shape0.5",0.0955414012738854
"shipped_shape0.5",0.0189873417721519
"shipped_shape0.5",0.0886075949367089
"shipped_shape0.5",0.0509554140127389
"shipped_shape0.5",0.0440251572327044
"shipped_shape0.5",0.257861635220126
"shipped_shape0.5",0.132075471698113
"shipped_shape0.5",0.307692307692308
"shipped_shape0.5",0.264150943396226
"shipped_shape0.5",0.050314465408805
"shipped_shape0.5",0.672955974842767
"shipped_shape0.5",0
"shipped_shape0.5",0.29746835443038
"shipped_shape0.5",0.331210191082803
"shipped_shape0.5",0.32484076433121
"shipped_shape0.5",0.364779874213836
"shipped_shape0.5",0.00628930817610063
"shipped_shape0.5",0
"shipped_shape0.5",0.333333333333333
"shipped_shape0.5",0.10062893081761
"shipped_shape0.5",0.10828025477707
"shipped_shape0.5",0.860759493670886
"shipped_shape0.5",0.0759493670886076
"shipped_shape0.5",0.069620253164557
"shipped_shape0.5",0.00641025641025641
"shipped_shape0.5",0.0769230769230769
"shipped_shape0.5",0
"shipped_shape0.5",0.791139240506329
"shipped_shape0.5",0.0443037974683544
"shipped_shape0.5",0.411392405063291
"shipped_shape0.5",0
"shipped_shape0.5",0.777070063694268
"shipped_shape0.5",0
"shipped_shape0.5",0.0126582278481013
"shipped_shape0.5",0.0193548387096774
"shipped_shape0.5",0.0569620253164557
"shipped_shape0.5",0.0253164556962025
"shipped_shape0.5",0.139240506329114
"shipped_shape0.5",0
"shipped_shape0.5",0.144654088050314
"shipped_shape0.5",0.125786163522013
"shipped_shape0.5",0.320754716981132
"shipped_shape0.5",0.207547169811321
"shipped_shape0.5",0.0188679245283019
"shipped_shape0.5",0
"shipped_shape0.5",0.394904458598726
"shipped_shape0.5",0.0256410256410256
"shipped_shape0.5",0.647798742138365
"shipped_shape0.5",0.371069182389937
"shipped_shape0.5",0
"shipped_shape0.5",0
"shipped_shape0.5",0.0943396226415094
"shipped_shape0.5",0.0377358490566038
"shipped_shape0.5",0.150943396226415
"shipped_shape0.5",0.80503144654088
"shipped_shape0.5",0.672955974842767
"shipped_shape0.5",0.0316455696202532
"shipped_shape0.5",0.859872611464968
"shipped_shape0.5",0.0886075949367089
"shipped_shape0.5",0
"shipped_shape0.5",0.226415094339623
"shipped_shape0.5",0.125786163522013
"shipped_shape0.5",0.383647798742138
"shipped_shape0.5",0
"shipped_shape0.5",0.779874213836478
"shipped_shape0.5",0.21656050955414
"shipped_shape0.5",0.59748427672956
"shipped_shape0.5",0.0258064516129032
"shipped_shape0.5",0.584905660377358
"shipped_shape0.5",0.345911949685535
"shipped_shape0.5",0.0253164556962025
"shipped_shape0.5",0.742138364779874
"shipped_shape0.5",0
"shipped_shape0.5",0.0126582278481013
"shipped_shape0.5",0.0189873417721519
"shipped_shape0.5",0.0569620253164557
"shipped_shape0.5",0.151898734177215
"shipped_shape0.5",0.164556962025316
"shipped_shape0.5",0.235668789808917
"shipped_shape0.5",0.234177215189873
"shipped_shape0.5",0.183006535947712
"shipped_shape0.5",0.00636942675159236
"shipped_shape0.5",0
"shipped_shape0.5",0.322784810126582
"shipped_shape0.5",0.622641509433962
"shipped_shape0.5",0.0817610062893082
"shipped_shape0.5",0.329113924050633
"shipped_shape0.5",0.0566037735849057
"shipped_shape0.5",0.339622641509434
"shipped_shape0.5",0.89937106918239
"shipped_shape0.5",0
"shipped_shape0.5",0.515723270440252
"shipped_shape0.5",0.00628930817610063
"shipped_shape0.5",0.0377358490566038
"shipped_shape0.5",0
"shipped_shape0.5",0.125786163522013
"shipped_shape0.5",0
"shipped_shape0.5",0.0125786163522013
"shipped_shape0.5",0.415094339622642
"shipped_shape0.5",0.60377358490566
"shipped_shape0.5",0
"shipped_shape0.5",0.213836477987421
"shipped_shape0.5",0.132075471698113
"shipped_shape0.5",0
"shipped_shape0.5",0.0125786163522013
"shipped_shape0.5",0.00628930817610063
"shipped_shape0.5",0.176100628930818
"shipped_shape0.5",0.0314465408805031
"shipped_shape0.5",0.215189873417722
"shipped_shape0.5",0.0188679245283019
"shipped_shape0.5",0.613924050632911
"shipped_shape0.5",0
"shipped_shape0.5",0.144654088050314
"shipped_shape0.5",0.610062893081761
"shipped_shape0.5",0.327044025157233
"shipped_shape0.5",0.0314465408805031
"shipped_shape0.5",0.0314465408805031
"shipped_shape0.5",0.509433962264151
"shipped_shape0.5",0.0125786163522013
"shipped_shape0.5",0.00628930817610063
"shipped_shape0.5",0.0628930817610063
"shipped_shape0.5",0.0251572327044025
"shipped_shape0.5",0.0566037735849057
"shipped_shape0.5",0.333333333333333
"shipped_shape0.5",0.484276729559748
"shipped_shape0.5",0.30188679245283
"shipped_shape0.5",0.79874213836478
"shipped_shape0.5",0.0126582278481013
"shipped_shape0.5",0.0691823899371069
"shipped_shape0.5",0
"shipped_shape0.5",0.509433962264151
"shipped_shape0.5",0.308176100628931
"shipped_shape0.5",0.176100628930818
"shipped_shape0.5",0.308176100628931
"shipped_shape0.5",0.0949367088607595
"shipped_shape0.5",0.522012578616352
"shipped_shape0.5",0.144654088050314
"shipped_shape0.5",0.339622641509434
"shipped_shape0.5",0.0125786163522013
"shipped_shape0.5",0.69811320754717
"shipped_shape0.5",0.616352201257862
"shipped_shape0.5",0.0440251572327044
"shipped_shape0.5",0.283018867924528
"shipped_shape0.5",0.534591194968553
"shipped_shape0.5",0.465408805031447
"shipped_shape0.5",0.182389937106918
"shipped_shape0.5",0.132075471698113
"shipped_shape0.5",0
"shipped_shape0.5",0.0628930817610063
"shipped_shape0.5",0.0754716981132075
"shipped_shape0.5",0.282051282051282
"shipped_shape0.5",0.389937106918239
"shipped_shape0.5",0.773584905660377
"shipped_shape0.5",0.0125786163522013
"shipped_shape0.5",0.00649350649350649
"shipped_shape0.5",0.132911392405063
"shipped_shape0.5",0.0188679245283019
"shipped_shape0.5",0
"shipped_shape0.5",0.264150943396226
"shipped_shape0.5",0.849056603773585
"shipped_shape0.5",0.238993710691824
"shipped_shape0.5",0.886792452830189
"shipped_shape0.5",0.327044025157233
"shipped_shape0.5",0.377358490566038
"shipped_shape0.5",0.352201257861635
"shipped_shape0.5",0.125786163522013
"shipped_shape0.5",0.320754716981132
"shipped_shape0.5",0.050314465408805
"shipped_shape0.5",0
"shipped_shape0.5",0.0880503144654088
"shipped_shape0.5",0
"shipped_shape0.5",0.10062893081761
"shipped_shape0.5",0.050314465408805
"shipped_shape0.5",0.138364779874214
"shipped_shape0.5",0.00628930817610063
"shipped_shape0.5",0.222929936305732
"shipped_shape0.5",0.0566037735849057
"shipped_shape0.5",0
"shipped_shape0.5",0.00628930817610063
"shipped_shape0.5",0.0440251572327044
"shipped_shape0.5",0.169811320754717
"shipped_shape0.5",0.257861635220126
"shipped_shape0.5",0.0566037735849057
"shipped_shape0.5",0.0754716981132075
"shipped_shape0.5",0.119496855345912
"shipped_shape0.5",0.742138364779874
"shipped_shape0.5",0.220125786163522
"shipped_shape0.5",0.333333333333333
"shipped_shape0.5",0
"shipped_shape0.5",0.30188679245283
"shipped_shape0.5",0.0440251572327044
"shipped_shape0.5",0
"shipped_shape0.5",0.911949685534591
"shipped_shape0.5",0.0128205128205128
"shipped_shape0.5",0.786163522012579
"shipped_shape0.5",0.00628930817610063
"shipped_shape0.5",0.415094339622642
"shipped_shape0.5",0.446540880503145
"shipped_shape0.5",0.0126582278481013
"shipped_shape0.5",0.0628930817610063
"shipped_shape0.5",0.188679245283019
"shipped_shape0.5",0.0440251572327044
"shipped_shape0.5",0.0251572327044025
"shipped_shape0.5",0.169811320754717
"shipped_shape0.5",0.477987421383648
"shipped_shape0.5",0.0189873417721519
"shipped_shape0.5",0.0253164556962025
"shipped_shape0.5",0.0314465408805031
"shipped_shape0.5",0.295238095238095
"shipped_shape0.5",0
"shipped_shape0.5",0.495238095238095
"shipped_shape0.5",0.0666666666666667
"shipped_shape0.5",0.0476190476190476
"shipped_shape0.5",0.180952380952381
"shipped_shape0.5",0.0961538461538462
"shipped_shape0.5",0.352380952380952
"shipped_shape0.5",0.657142857142857
"shipped_shape0.5",0.0380952380952381
"shipped_shape0.5",0.304761904761905
"shipped_shape0.5",0.00952380952380952
"shipped_shape0.5",0.180952380952381
"shipped_shape0.5",0.104761904761905
"shipped_shape0.5",0.304761904761905
"shipped_shape0.5",0.0952380952380952
"shipped_shape0.5",0.323809523809524
"shipped_shape0.5",0.346153846153846
"shipped_shape0.5",0.276190476190476
"shipped_shape0.5",0.828571428571429
"shipped_shape0.5",0.0285714285714286
"shipped_shape0.5",0.104761904761905
"shipped_shape0.5",0.380952380952381
"shipped_shape0.5",0
"shipped_shape0.5",0.00952380952380952
"shipped_shape0.5",0.00952380952380952
"shipped_shape0.5",0.019047619047619
"shipped_shape0.5",0.923809523809524
"shipped_shape0.5",0.133333333333333
"shipped_shape0.5",0
"shipped_shape0.5",0.180952380952381
"shipped_shape0.5",0.123809523809524
"shipped_shape0.5",0.866666666666667
"shipped_shape0.5",0
"shipped_shape0.5",0.114285714285714
"shipped_shape0.5",0.75
"shipped_shape0.5",0.19047619047619
"shipped_shape0.5",0.723809523809524
"shipped_shape0.5",0
"shipped_shape0.5",0.0480769230769231
"shipped_shape0.5",0.285714285714286
"shipped_shape0.5",0.0285714285714286
"shipped_shape0.5",0.0476190476190476
"shipped_shape0.5",0.333333333333333
"shipped_shape0.5",0.847619047619048
"shipped_shape0.5",0.00952380952380952
"shipped_shape0.5",0
"shipped_shape0.5",0.857142857142857
"shipped_shape0.5",0
"shipped_shape0.5",0.4
"shipped_shape0.5",0.0761904761904762
"shipped_shape0.5",0.0761904761904762
"shipped_shape0.5",0.60952380952381
"shipped_shape0.5",0.2
"shipped_shape0.5",0.123809523809524
"shipped_shape0.5",0.0285714285714286
"shipped_shape0.5",0.019047619047619
"shipped_shape0.5",0.0666666666666667
"shipped_shape0.5",0.104761904761905
"shipped_shape0.5",0.0571428571428571
"shipped_shape0.5",0
"shipped_shape0.5",0.00952380952380952
"shipped_shape0.5",0.19047619047619
"shipped_shape0.5",0
"shipped_shape0.5",0.123809523809524
"shipped_shape0.5",0.0666666666666667
"shipped_shape0.5",0.123809523809524
"shipped_shape0.5",0.00952380952380952
"shipped_shape0.5",0.00952380952380952
"shipped_shape0.5",0.314285714285714
"shipped_shape0.5",0.266666666666667
"shipped_shape0.5",0.219047619047619
"shipped_shape0.5",0.219047619047619
"shipped_shape0.5",0.00952380952380952
"shipped_shape0.5",0.733333333333333
"shipped_shape0.5",0
"shipped_shape0.5",0.333333333333333
"shipped_shape0.5",0.266666666666667
"shipped_shape0.5",0.228571428571429
"shipped_shape0.5",0.295238095238095
"shipped_shape0.5",0
"shipped_shape0.5",0
"shipped_shape0.5",0.352380952380952
"shipped_shape0.5",0.238095238095238
"shipped_shape0.5",0.019047619047619
"shipped_shape0.5",0.866666666666667
"shipped_shape0.5",0.0761904761904762
"shipped_shape0.5",0.0384615384615385
"shipped_shape0.5",0.0380952380952381
"shipped_shape0.5",0.0761904761904762
"shipped_shape0.5",0
"shipped_shape0.5",0.866666666666667
"shipped_shape0.5",0.00952380952380952
"shipped_shape0.5",0.495238095238095
"shipped_shape0.5",0.019047619047619
"shipped_shape0.5",0.761904761904762
"shipped_shape0.5",0
"shipped_shape0.5",0.0285714285714286
"shipped_shape0.5",0.019047619047619
"shipped_shape0.5",0.0666666666666667
"shipped_shape0.5",0.00952380952380952
"shipped_shape0.5",0.0857142857142857
"shipped_shape0.5",0
"shipped_shape0.5",0.0952380952380952
"shipped_shape0.5",0.123809523809524
"shipped_shape0.5",0.323809523809524
"shipped_shape0.5",0.152380952380952
"shipped_shape0.5",0.0285714285714286
"shipped_shape0.5",0.00952380952380952
"shipped_shape0.5",0.419047619047619
"shipped_shape0.5",0.0666666666666667
"shipped_shape0.5",0.561904761904762
"shipped_shape0.5",0.361904761904762
"shipped_shape0.5",0
"shipped_shape0.5",0.019047619047619
"shipped_shape0.5",0.0857142857142857
"shipped_shape0.5",0.0380952380952381
"shipped_shape0.5",0.19047619047619
"shipped_shape0.5",0.666666666666667
"shipped_shape0.5",0.742857142857143
"shipped_shape0.5",0.0380952380952381
"shipped_shape0.5",0.8
"shipped_shape0.5",0.135922330097087
"shipped_shape0.5",0
"shipped_shape0.5",0.161904761904762
"shipped_shape0.5",0.114285714285714
"shipped_shape0.5",0.40952380952381
"shipped_shape0.5",0
"shipped_shape0.5",0.485714285714286
"shipped_shape0.5",0.219047619047619
"shipped_shape0.5",0.542857142857143
"shipped_shape0.5",0.0761904761904762
"shipped_shape0.5",0.638095238095238
"shipped_shape0.5",0.295238095238095
"shipped_shape0.5",0.0476190476190476
"shipped_shape0.5",0.714285714285714
"shipped_shape0.5",0
"shipped_shape0.5",0.0476190476190476
"shipped_shape0.5",0.019047619047619
"shipped_shape0.5",0.0857142857142857
"shipped_shape0.5",0.104761904761905
"shipped_shape0.5",0.219047619047619
"shipped_shape0.5",0.19047619047619
"shipped_shape0.5",0.152380952380952
"shipped_shape0.5",0.152380952380952
"shipped_shape0.5",0.00952380952380952
"shipped_shape0.5",0.00952380952380952
"shipped_shape0.5",0.361904761904762
"shipped_shape0.5",0.732673267326733
"shipped_shape0.5",0.108910891089109
"shipped_shape0.5",0.336633663366337
"shipped_shape0.5",0.128712871287129
"shipped_shape0.5",0.356435643564356
"shipped_shape0.5",0.94059405940594
"shipped_shape0.5",0
"shipped_shape0.5",0.564356435643564
"shipped_shape0.5",0.0198019801980198
"shipped_shape0.5",0
"shipped_shape0.5",0.00952380952380952
"shipped_shape0.5",0.0571428571428571
"shipped_shape0.5",0
"shipped_shape0.5",0.00952380952380952
"shipped_shape0.5",0.142857142857143
"shipped_shape0.5",0.504761904761905
"shipped_shape0.5",0
"shipped_shape0.5",0.19047619047619
"shipped_shape0.5",0.133333333333333
"shipped_shape0.5",0
"shipped_shape0.5",0
"shipped_shape0.5",0.00952380952380952
"shipped_shape0.5",0.219047619047619
"shipped_shape0.5",0.019047619047619
"shipped_shape0.5",0.295238095238095
"shipped_shape0.5",0.0857142857142857
"shipped_shape0.5",0.580952380952381
"shipped_shape0.5",0.00952380952380952
"shipped_shape0.5",0.0769230769230769
"shipped_shape0.5",0.685714285714286
"shipped_shape0.5",0.333333333333333
"shipped_shape0.5",0.0666666666666667
"shipped_shape0.5",0.0666666666666667
"shipped_shape0.5",0.580952380952381
"shipped_shape0.5",0
"shipped_shape0.5",0.00952380952380952
"shipped_shape0.5",0
"shipped_shape0.5",0.0285714285714286
"shipped_shape0.5",0.0761904761904762
"shipped_shape0.5",0.0571428571428571
"shipped_shape0.5",0.485714285714286
"shipped_shape0.5",0.278846153846154
"shipped_shape0.5",0.75
"shipped_shape0.5",0.00961538461538462
"shipped_shape0.5",0.0571428571428571
"shipped_shape0.5",0.0384615384615385
"shipped_shape0.5",0.104761904761905
"shipped_shape0.5",0.380952380952381
"shipped_shape0.5",0.152380952380952
"shipped_shape0.5",0.228571428571429
"shipped_shape0.5",0.0857142857142857
"shipped_shape0.5",0.438095238095238
"shipped_shape0.5",0.161904761904762
"shipped_shape0.5",0.238095238095238
"shipped_shape0.5",0.00952380952380952
"shipped_shape0.5",0.866666666666667
"shipped_shape0.5",0.59047619047619
"shipped_shape0.5",0.142857142857143
"shipped_shape0.5",0.161904761904762
"shipped_shape0.5",0.59047619047619
"shipped_shape0.5",0.438095238095238
"shipped_shape0.5",0.2
"shipped_shape0.5",0.171428571428571
"shipped_shape0.5",0
"shipped_shape0.5",0.0476190476190476
"shipped_shape0.5",0.142857142857143
"shipped_shape0.5",0.333333333333333
"shipped_shape0.5",0.247619047619048
"shipped_shape0.5",0.59047619047619
"shipped_shape0.5",0.00952380952380952
"shipped_shape0.5",0
"shipped_shape0.5",0.19047619047619
"shipped_shape0.5",0.0285714285714286
"shipped_shape0.5",0
"shipped_shape0.5",0.304761904761905
"shipped_shape0.5",0.866666666666667
"shipped_shape0.5",0.219047619047619
"shipped_shape0.5",0.866666666666667
"shipped_shape0.5",0.238095238095238
"shipped_shape0.5",0.476190476190476
"shipped_shape0.5",0.438095238095238
"shipped_shape0.5",0.142857142857143
"shipped_shape0.5",0.333333333333333
"shipped_shape0.5",0.0380952380952381
"shipped_shape0.5",0
"shipped_shape0.5",0.0666666666666667
"shipped_shape0.5",0
"shipped_shape0.5",0.19047619047619
"shipped_shape0.5",0.00952380952380952
"shipped_shape0.5",0.161904761904762
"shipped_shape0.5",0.0761904761904762
"shipped_shape0.5",0.0761904761904762
"shipped_shape0.5",0.00952380952380952
"shipped_shape0.5",0
"shipped_shape0.5",0
"shipped_shape0.5",0.0476190476190476
"shipped_shape0.5",0.0380952380952381
"shipped_shape0.5",0.361904761904762
"shipped_shape0.5",0.0380952380952381
"shipped_shape0.5",0.019047619047619
"shipped_shape0.5",0.161904761904762
"shipped_shape0.5",0.619047619047619
"shipped_shape0.5",0.323809523809524
"shipped_shape0.5",0.352380952380952
"shipped_shape0.5",0
"shipped_shape0.5",0.276190476190476
"shipped_shape0.5",0.0857142857142857
"shipped_shape0.5",0
"shipped_shape0.5",0.952380952380952
"shipped_shape0.5",0.0192307692307692
"shipped_shape0.5",0.838095238095238
"shipped_shape0.5",0
"shipped_shape0.5",0.314285714285714
"shipped_shape0.5",0.428571428571429
"shipped_shape0.5",0.019047619047619
"shipped_shape0.5",0.0761904761904762
"shipped_shape0.5",0.0476190476190476
"shipped_shape0.5",0.019047619047619
"shipped_shape0.5",0.104761904761905
"shipped_shape0.5",0.142857142857143
"shipped_shape0.5",0.352380952380952
"shipped_shape0.5",0.0192307692307692
"shipped_shape0.5",0.019047619047619
"shipped_shape0.5",0.0571428571428571
"fitted_shape",1
"fitted_shape",0
"fitted_shape",1
"fitted_shape",0
"fitted_shape",0
"fitted_shape",0
"fitted_shape",0
"fitted_shape",0.166666666666667
"fitted_shape",0.373873873873874
"fitted_shape",0.00900900900900901
"fitted_shape",1
"fitted_shape",0
"fitted_shape",0.207207207207207
"fitted_shape",0
"fitted_shape",0.207207207207207
"fitted_shape",0.00452488687782805
"fitted_shape",1
"fitted_shape",0.693693693693694
"fitted_shape",0.0405405405405405
"fitted_shape",0.990990990990991
"fitted_shape",0
"fitted_shape",0
"fitted_shape",0.0675675675675676
"fitted_shape",0
"fitted_shape",0
"fitted_shape",0
"fitted_shape",0.0765765765765766
"fitted_shape",0.369369369369369
"fitted_shape",0
"fitted_shape",0
"fitted_shape",0
"fitted_shape",0
"fitted_shape",1
"fitted_shape",0
"fitted_shape",0.0405405405405405
"fitted_shape",0.220720720720721
"fitted_shape",0.0315315315315315
"fitted_shape",0.0315315315315315
"fitted_shape",0
"fitted_shape",0
"fitted_shape",0.959459459459459
"fitted_shape",0
"fitted_shape",0
"fitted_shape",1
"fitted_shape",0.306306306306306
"fitted_shape",0.018018018018018
"fitted_shape",0
"fitted_shape",0.364864864864865
"fitted_shape",0.00904977375565611
"fitted_shape",1
"fitted_shape",0.00900900900900901
"fitted_shape",0
"fitted_shape",0.0225225225225225
"fitted_shape",0.103603603603604
"fitted_shape",0.0405405405405405
"fitted_shape",0
"fitted_shape",0
"fitted_shape",0
"fitted_shape",0
"fitted_shape",0
"fitted_shape",0
"fitted_shape",0
"fitted_shape",0.630630630630631
"fitted_shape",0
"fitted_shape",0
"fitted_shape",0
"fitted_shape",0
"fitted_shape",0
"fitted_shape",0
"fitted_shape",0.873873873873874
"fitted_shape",0.558558558558559
"fitted_shape",0.216216216216216
"fitted_shape",0.765765765765766
"fitted_shape",0
"fitted_shape",0.995495495495496
"fitted_shape",0
"fitted_shape",0.594594594594595
"fitted_shape",0.995433789954338
"fitted_shape",0.986363636363636
"fitted_shape",0.0452488687782805
"fitted_shape",0
"fitted_shape",0
"fitted_shape",0.990950226244344
"fitted_shape",0
"fitted_shape",0
"fitted_shape",0.0633484162895928
"fitted_shape",0
"fitted_shape",0
"fitted_shape",0
"fitted_shape",0
"fitted_shape",0
"fitted_shape",0.131221719457014
"fitted_shape",0
"fitted_shape",1
"fitted_shape",0
"fitted_shape",0.0588235294117647
"fitted_shape",0
"fitted_shape",0
"fitted_shape",0
"fitted_shape",0
"fitted_shape",0
"fitted_shape",1
"fitted_shape",0
"fitted_shape",0
"fitted_shape",0
"fitted_shape",0.187214611872146
"fitted_shape",0
"fitted_shape",0
"fitted_shape",0
"fitted_shape",0.360730593607306
"fitted_shape",0.0136363636363636
"fitted_shape",0.990950226244344
"fitted_shape",0.986486486486487
"fitted_shape",0
"fitted_shape",0.0180995475113122
"fitted_shape",0
"fitted_shape",0
"fitted_shape",1
"fitted_shape",0.333333333333333
"fitted_shape",0.864864864864865
"fitted_shape",0
"fitted_shape",0.261261261261261
"fitted_shape",0.0045045045045045
"fitted_shape",0
"fitted_shape",0.148648648648649
"fitted_shape",0
"fitted_shape",1
"fitted_shape",0
"fitted_shape",0.0135135135135135
"fitted_shape",0.734234234234234
"fitted_shape",0.977477477477477
"fitted_shape",0
"fitted_shape",0.747747747747748
"fitted_shape",0.190045248868778
"fitted_shape",0
"fitted_shape",0.927601809954751
"fitted_shape",0.027027027027027
"fitted_shape",0
"fitted_shape",0
"fitted_shape",0
"fitted_shape",0
"fitted_shape",0
"fitted_shape",1
"fitted_shape",0.716216216216216
"fitted_shape",0
"fitted_shape",0
"fitted_shape",0
"fitted_shape",0.364864864864865
"fitted_shape",0.0765765765765766
"fitted_shape",0
"fitted_shape",0.493212669683258
"fitted_shape",0
"fitted_shape",0.127272727272727
"fitted_shape",1
"fitted_shape",0
"fitted_shape",0.0990990990990991
"fitted_shape",0
"fitted_shape",0
"fitted_shape",0
"fitted_shape",0
"fitted_shape",0
"fitted_shape",0
"fitted_shape",1
"fitted_shape",0.986486486486487
"fitted_shape",0
"fitted_shape",0.391891891891892
"fitted_shape",0
"fitted_shape",0
"fitted_shape",0
"fitted_shape",0
"fitted_shape",0.306306306306306
"fitted_shape",0
"fitted_shape",0.788288288288288
"fitted_shape",0
"fitted_shape",0.1
"fitted_shape",0
"fitted_shape",0
"fitted_shape",0.882882882882883
"fitted_shape",0.716216216216216
"fitted_shape",0
"fitted_shape",0.0495495495495495
"fitted_shape",0.972972972972973
"fitted_shape",0
"fitted_shape",0.027027027027027
"fitted_shape",0.0135135135135135
"fitted_shape",0
"fitted_shape",0
"fitted_shape",0
"fitted_shape",0.855855855855856
"fitted_shape",0.797297297297297
"fitted_shape",0.518181818181818
"fitted_shape",0
"fitted_shape",0
"fitted_shape",0
"fitted_shape",0.790909090909091
"fitted_shape",0.513636363636364
"fitted_shape",0
"fitted_shape",0.330316742081448
"fitted_shape",0
"fitted_shape",0.298642533936652
"fitted_shape",0.0226244343891403
"fitted_shape",0.158371040723982
"fitted_shape",0
"fitted_shape",1
"fitted_shape",1
"fitted_shape",0
"fitted_shape",1
"fitted_shape",0.131818181818182
"fitted_shape",0.709090909090909
"fitted_shape",0.97737556561086
"fitted_shape",0
"fitted_shape",0
"fitted_shape",0
"fitted_shape",0
"fitted_shape",0.434389140271493
"fitted_shape",1
"fitted_shape",0.932432432432432
"fitted_shape",0.0405405405405405
"fitted_shape",0
"fitted_shape",0.0315315315315315
"fitted_shape",0
"fitted_shape",0
"fitted_shape",0.995454545454545
"fitted_shape",0.624434389140271
"fitted_shape",1
"fitted_shape",0.158371040723982
"fitted_shape",1
"fitted_shape",0.292792792792793
"fitted_shape",0.855855855855856
"fitted_shape",0.0226244343891403
"fitted_shape",0.131221719457014
"fitted_shape",0
"fitted_shape",0
"fitted_shape",0
"fitted_shape",0.00900900900900901
"fitted_shape",0
"fitted_shape",0
"fitted_shape",0.108108108108108
"fitted_shape",0
"fitted_shape",0
"fitted_shape",0
"fitted_shape",0
"fitted_shape",0
"fitted_shape",0
"fitted_shape",0.018018018018018
"fitted_shape",1
"fitted_shape",0
"fitted_shape",0
"fitted_shape",0.00900900900900901
"fitted_shape",1
"fitted_shape",0.0720720720720721
"fitted_shape",0.995475113122172
"fitted_shape",0.018018018018018
"fitted_shape",0.763636363636364
"fitted_shape",0.0135135135135135
"fitted_shape",0
"fitted_shape",0.103603603603604
"fitted_shape",0
"fitted_shape",0.108597285067873
"fitted_shape",0
"fitted_shape",0.279279279279279
"fitted_shape",0.364864864864865
"fitted_shape",0.00904977375565611
"fitted_shape",0
"fitted_shape",0
"fitted_shape",0
"fitted_shape",0.0315315315315315
"fitted_shape",0
"fitted_shape",0.176470588235294
"fitted_shape",0
"fitted_shape",0
"fitted_shape",0
"fitted_shape",1
"fitted_shape",0
"fitted_shape",1
"fitted_shape",0
"fitted_shape",0
"fitted_shape",0
"fitted_shape",0
"fitted_shape",0.12037037037037
"fitted_shape",0.361111111111111
"fitted_shape",0.0138888888888889
"fitted_shape",1
"fitted_shape",0.027906976744186
"fitted_shape",0.282407407407407
"fitted_shape",0
"fitted_shape",0.162037037037037
"fitted_shape",0.00938967136150235
"fitted_shape",1
"fitted_shape",0.669767441860465
"fitted_shape",0.0416666666666667
"fitted_shape",0.981481481481482
"fitted_shape",0
"fitted_shape",0
"fitted_shape",0.0601851851851852
"fitted_shape",0
"fitted_shape",0
"fitted_shape",0
"fitted_shape",0
"fitted_shape",0.384259259259259
"fitted_shape",0
"fitted_shape",0
"fitted_shape",0
"fitted_shape",0
"fitted_shape",1
"fitted_shape",0
"fitted_shape",0.00925925925925926
"fitted_shape",0.251162790697674
"fitted_shape",0.0324074074074074
"fitted_shape",0.12962962962963
"fitted_shape",0
"fitted_shape",0
"fitted_shape",0.962962962962963
"fitted_shape",0
"fitted_shape",0
"fitted_shape",1
"fitted_shape",0.342592592592593
"fitted_shape",0
"fitted_shape",0
"fitted_shape",0.476851851851852
"fitted_shape",0.0138888888888889
"fitted_shape",1
"fitted_shape",0.0231481481481481
"fitted_shape",0
"fitted_shape",0.0325581395348837
"fitted_shape",0.0509259259259259
"fitted_shape",0.0324074074074074
"fitted_shape",0
"fitted_shape",0
"fitted_shape",0
"fitted_shape",0
"fitted_shape",0
"fitted_shape",0
"fitted_shape",0
"fitted_shape",0.691489361702128
"fitted_shape",0
"fitted_shape",0
"fitted_shape",0
"fitted_shape",0
"fitted_shape",0
"fitted_shape",0
"fitted_shape",0.851063829787234
"fitted_shape",0.531914893617021
"fitted_shape",0.319148936170213
"fitted_shape",0.851063829787234
"fitted_shape",0
"fitted_shape",1
"fitted_shape",0
"fitted_shape",0.478723404255319
"fitted_shape",1
"fitted_shape",0.967741935483871
"fitted_shape",0.0212765957446809
"fitted_shape",0
"fitted_shape",0
"fitted_shape",1
"fitted_shape",0
"fitted_shape",0
"fitted_shape",0.037037037037037
"fitted_shape",0
"fitted_shape",0
"fitted_shape",0
"fitted_shape",0
"fitted_shape",0
"fitted_shape",0.189814814814815
"fitted_shape",0
"fitted_shape",1
"fitted_shape",0
"fitted_shape",0.0787037037037037
"fitted_shape",0
"fitted_shape",0
"fitted_shape",0
"fitted_shape",0
"fitted_shape",0
"fitted_shape",1
"fitted_shape",0
"fitted_shape",0
"fitted_shape",0
"fitted_shape",0.158139534883721
"fitted_shape",0
"fitted_shape",0
"fitted_shape",0
"fitted_shape",0.300925925925926
"fitted_shape",0.0372093023255814
"fitted_shape",0.972222222222222
"fitted_shape",0.99537037037037
"fitted_shape",0
"fitted_shape",0.0462962962962963
"fitted_shape",0
"fitted_shape",0
"fitted_shape",1
"fitted_shape",0.333333333333333
"fitted_shape",0.949074074074074
"fitted_shape",0
"fitted_shape",0.240740740740741
"fitted_shape",0
"fitted_shape",0
"fitted_shape",0.106481481481481
"fitted_shape",0
"fitted_shape",1
"fitted_shape",0
"fitted_shape",0.0373831775700935
"fitted_shape",0.758139534883721
"fitted_shape",0.976851851851852
"fitted_shape",0
"fitted_shape",0.731481481481482
"fitted_shape",0.203703703703704
"fitted_shape",0
"fitted_shape",0.906976744186046
"fitted_shape",0.013953488372093
"fitted_shape",0
"fitted_shape",0
"fitted_shape",0
"fitted_shape",0
"fitted_shape",0
"fitted_shape",1
"fitted_shape",0.736111111111111
"fitted_shape",0
"fitted_shape",0
"fitted_shape",0
"fitted_shape",0.439814814814815
"fitted_shape",0.0787037037037037
"fitted_shape",0
"fitted_shape",0.37962962962963
"fitted_shape",0
"fitted_shape",0.134259259259259
"fitted_shape",1
"fitted_shape",0
"fitted_shape",0.0740740740740741
"fitted_shape",0
"fitted_shape",0
"fitted_shape",0.00462962962962963
"fitted_shape",0
"fitted_shape",0
"fitted_shape",0
"fitted_shape",1
"fitted_shape",0.986111111111111
"fitted_shape",0.00462962962962963
"fitted_shape",0.277777777777778
"fitted_shape",0
"fitted_shape",0
"fitted_shape",0
"fitted_shape",0
"fitted_shape",0.240740740740741
"fitted_shape",0
"fitted_shape",0.836448598130841
"fitted_shape",0
"fitted_shape",0.176744186046512
"fitted_shape",0
"fitted_shape",0
"fitted_shape",0.888372093023256
"fitted_shape",0.688372093023256
"fitted_shape",0
"fitted_shape",0.0372093023255814
"fitted_shape",0.967441860465116
"fitted_shape",0
"fitted_shape",0.0232558139534884
"fitted_shape",0.013953488372093
"fitted_shape",0
"fitted_shape",0
"fitted_shape",0
"fitted_shape",0.747663551401869
"fitted_shape",0.846511627906977
"fitted_shape",0.418604651162791
"fitted_shape",0
"fitted_shape",0
"fitted_shape",0
"fitted_shape",0.800925925925926
"fitted_shape",0.465116279069767
"fitted_shape",0
"fitted_shape",0.384259259259259
"fitted_shape",0
"fitted_shape",0.268518518518519
"fitted_shape",0.0324074074074074
"fitted_shape",0.148148148148148
"fitted_shape",0
"fitted_shape",1
"fitted_shape",1
"fitted_shape",0
"fitted_shape",1
"fitted_shape",0.0740740740740741
"fitted_shape",0.666666666666667
"fitted_shape",0.976851851851852
"fitted_shape",0
"fitted_shape",0
"fitted_shape",0
"fitted_shape",0
"fitted_shape",0.322429906542056
"fitted_shape",1
"fitted_shape",0.916666666666667
"fitted_shape",0.222222222222222
"fitted_shape",0
"fitted_shape",0.0185185185185185
"fitted_shape",0
"fitted_shape",0
"fitted_shape",1
"fitted_shape",0.576744186046512
"fitted_shape",1
"fitted_shape",0.175925925925926
"fitted_shape",1
"fitted_shape",0.5
"fitted_shape",0.902777777777778
"fitted_shape",0.0511627906976744
"fitted_shape",0.204651162790698
"fitted_shape",0
"fitted_shape",0
"fitted_shape",0
"fitted_shape",0.00462962962962963
"fitted_shape",0
"fitted_shape",0
"fitted_shape",0.0694444444444444
"fitted_shape",0
"fitted_shape",0
"fitted_shape",0
"fitted_shape",0
"fitted_shape",0
"fitted_shape",0.00462962962962963
"fitted_shape",0.00462962962962963
"fitted_shape",1
"fitted_shape",0
"fitted_shape",0
"fitted_shape",0.00462962962962963
"fitted_shape",1
"fitted_shape",0.0465116279069767
"fitted_shape",0.990740740740741
"fitted_shape",0.0324074074074074
"fitted_shape",0.726851851851852
"fitted_shape",0
"fitted_shape",0
"fitted_shape",0.087962962962963
"fitted_shape",0
"fitted_shape",0.212962962962963
"fitted_shape",0
"fitted_shape",0.356481481481481
"fitted_shape",0.361111111111111
"fitted_shape",0.0185185185185185
"fitted_shape",0.00462962962962963
"fitted_shape",0
"fitted_shape",0
"fitted_shape",0.0277777777777778
"fitted_shape",0
"fitted_shape",0.171296296296296
"fitted_shape",0.00462962962962963
"fitted_shape",0
"fitted_shape",0
"fitted_shape",1
"fitted_shape",0
"fitted_shape",1
"fitted_shape",0
"fitted_shape",0
"fitted_shape",0
"fitted_shape",0
"fitted_shape",0.210526315789474
"fitted_shape",0.311004784688995
"fitted_shape",0.0143540669856459
"fitted_shape",1
"fitted_shape",0.23444976076555
"fitted_shape",0.215311004784689
"fitted_shape",0
"fitted_shape",0.244019138755981
"fitted_shape",0
"fitted_shape",1
"fitted_shape",0.755980861244019
"fitted_shape",0.0143540669856459
"fitted_shape",0.980861244019139
"fitted_shape",0
"fitted_shape",0
"fitted_shape",0.0865384615384615
"fitted_shape",0
"fitted_shape",0
"fitted_shape",0
"fitted_shape",0
"fitted_shape",0.368421052631579
"fitted_shape",0
"fitted_shape",0
"fitted_shape",0
"fitted_shape",0
"fitted_shape",1
"fitted_shape",0
"fitted_shape",0.0143540669856459
"fitted_shape",0.317307692307692
"fitted_shape",0.0721153846153846
"fitted_shape",0.0384615384615385
"fitted_shape",0
"fitted_shape",0
"fitted_shape",0.961352657004831
"fitted_shape",0
"fitted_shape",0
"fitted_shape",1
"fitted_shape",0.333333333333333
"fitted_shape",0.00980392156862745
"fitted_shape",0
"fitted_shape",0.461165048543689
"fitted_shape",0.0145631067961165
"fitted_shape",1
"fitted_shape",0.0194174757281553
"fitted_shape",0
"fitted_shape",0.0731707317073171
"fitted_shape",0.0536585365853659
"fitted_shape",0.00975609756097561
"fitted_shape",0
"fitted_shape",0
"fitted_shape",0
"fitted_shape",0
"fitted_shape",0
"fitted_shape",0
"fitted_shape",0
"fitted_shape",0.734299516908213
"fitted_shape",0
"fitted_shape",0
"fitted_shape",0
"fitted_shape",0
"fitted_shape",0
"fitted_shape",0
"fitted_shape",0.850961538461538
"fitted_shape",0.548076923076923
"fitted_shape",0.182692307692308
"fitted_shape",0.794258373205742
"fitted_shape",0
"fitted_shape",0.990430622009569
"fitted_shape",0
"fitted_shape",0.45933014354067
"fitted_shape",0.995169082125604
"fitted_shape",0.980861244019139
"fitted_shape",0.0478468899521531
"fitted_shape",0
"fitted_shape",0
"fitted_shape",0.985645933014354
"fitted_shape",0.00956937799043062
"fitted_shape",0
"fitted_shape",0.105769230769231
"fitted_shape",0
"fitted_shape",0
"fitted_shape",0
"fitted_shape",0
"fitted_shape",0
"fitted_shape",0.22488038277512
"fitted_shape",0
"fitted_shape",1
"fitted_shape",0
"fitted_shape",0.062200956937799
"fitted_shape",0
"fitted_shape",0
"fitted_shape",0
"fitted_shape",0
"fitted_shape",0
"fitted_shape",1
"fitted_shape",0
"fitted_shape",0
"fitted_shape",0
"fitted_shape",0.181818181818182
"fitted_shape",0
"fitted_shape",0
"fitted_shape",0
"fitted_shape",0.478468899521531
"fitted_shape",0.0574162679425837
"fitted_shape",0.966507177033493
"fitted_shape",0.985645933014354
"fitted_shape",0
"fitted_shape",0.0239234449760766
"fitted_shape",0
"fitted_shape",0
"fitted_shape",1
"fitted_shape",0.430622009569378
"fitted_shape",0.866028708133971
"fitted_shape",0
"fitted_shape",0.267942583732057
"fitted_shape",0.0143540669856459
"fitted_shape",0
"fitted_shape",0.129186602870813
"fitted_shape",0
"fitted_shape",1
"fitted_shape",0
"fitted_shape",0.0239234449760766
"fitted_shape",0.674641148325359
"fitted_shape",0.966507177033493
"fitted_shape",0
"fitted_shape",0.755980861244019
"fitted_shape",0.200956937799043
"fitted_shape",0
"fitted_shape",0.942583732057416
"fitted_shape",0.00956937799043062
"fitted_shape",0.00956937799043062
"fitted_shape",0
"fitted_shape",0
"fitted_shape",0
"fitted_shape",0
"fitted_shape",1
"fitted_shape",0.712918660287081
"fitted_shape",0
"fitted_shape",0
"fitted_shape",0
"fitted_shape",0.373205741626794
"fitted_shape",0.0478468899521531
"fitted_shape",0.00478468899521531
"fitted_shape",0.550239234449761
"fitted_shape",0
"fitted_shape",0.0909090909090909
"fitted_shape",1
"fitted_shape",0
"fitted_shape",0.0956937799043062
"fitted_shape",0
"fitted_shape",0
"fitted_shape",0.00478468899521531
"fitted_shape",0
"fitted_shape",0
"fitted_shape",0
"fitted_shape",1
"fitted_shape",0.980769230769231
"fitted_shape",0.00478468899521531
"fitted_shape",0.511961722488038
"fitted_shape",0
"fitted_shape",0
"fitted_shape",0
"fitted_shape",0
"fitted_shape",0.301435406698565
"fitted_shape",0
"fitted_shape",0.808612440191388
"fitted_shape",0
"fitted_shape",0.105263157894737
"fitted_shape",0
"fitted_shape",0
"fitted_shape",0.942583732057416
"fitted_shape",0.688995215311005
"fitted_shape",0
"fitted_shape",0.0956937799043062
"fitted_shape",0.966507177033493
"fitted_shape",0
"fitted_shape",0.0143540669856459
"fitted_shape",0.00478468899521531
"fitted_shape",0
"fitted_shape",0
"fitted_shape",0
"fitted_shape",0.826923076923077
"fitted_shape",0.827751196172249
"fitted_shape",0.54066985645933
"fitted_shape",0.0382775119617225
"fitted_shape",0
"fitted_shape",0
"fitted_shape",0.842105263157895
"fitted_shape",0.5311004784689
"fitted_shape",0
"fitted_shape",0.287081339712919
"fitted_shape",0
"fitted_shape",0.172248803827751
"fitted_shape",0.0191387559808612
"fitted_shape",0.0909090909090909
"fitted_shape",0
"fitted_shape",1
"fitted_shape",1
"fitted_shape",0
"fitted_shape",1
"fitted_shape",0.0865384615384615
"fitted_shape",0.789473684210526
"fitted_shape",0.971291866028708
"fitted_shape",0
"fitted_shape",0
"fitted_shape",0
"fitted_shape",0
"fitted_shape",0.293269230769231
"fitted_shape",0.995215311004785
"fitted_shape",0.904306220095694
"fitted_shape",0.0382775119617225
"fitted_shape",0
"fitted_shape",0.0669856459330144
"fitted_shape",0
"fitted_shape",0
"fitted_shape",0.995169082125604
"fitted_shape",0.393203883495146
"fitted_shape",1
"fitted_shape",0.157894736842105
"fitted_shape",1
"fitted_shape",0.397129186602871
"fitted_shape",0.861244019138756
"fitted_shape",0.0287081339712919
"fitted_shape",0.105263157894737
"fitted_shape",0
"fitted_shape",0
"fitted_shape",0.00961538461538462
"fitted_shape",0.0143540669856459
"fitted_shape",0
"fitted_shape",0
"fitted_shape",0.0909090909090909
"fitted_shape",0
"fitted_shape",0
"fitted_shape",0
"fitted_shape",0
"fitted_shape",0
"fitted_shape",0
"fitted_shape",0
"fitted_shape",1
"fitted_shape",0
"fitted_shape",0
"fitted_shape",0
"fitted_shape",1
"fitted_shape",0.0813397129186603
"fitted_shape",0.995215311004785
"fitted_shape",0.0239234449760766
"fitted_shape",0.751196172248804
"fitted_shape",0.0143540669856459
"fitted_shape",0
"fitted_shape",0.0717703349282297
"fitted_shape",0
"fitted_shape",0.239234449760766
"fitted_shape",0
"fitted_shape",0.258373205741627
"fitted_shape",0.311004784688995
"fitted_shape",0.0143540669856459
"fitted_shape",0
"fitted_shape",0
"fitted_shape",0
"fitted_shape",0.0287081339712919
"fitted_shape",0
"fitted_shape",0.181818181818182
"fitted_shape",0
"fitted_shape",0
"fitted_shape",0
"fitted_shape",1
"fitted_shape",0
"fitted_shape",1
"fitted_shape",0
"fitted_shape",0.00480769230769231
"fitted_shape",0
"fitted_shape",0
"fitted_shape",0.0913461538461538
"fitted_shape",0.293269230769231
"fitted_shape",0.00961538461538462
"fitted_shape",1
"fitted_shape",0.0336538461538462
"fitted_shape",0.3125
"fitted_shape",0
"fitted_shape",0.179611650485437
"fitted_shape",0
"fitted_shape",1
"fitted_shape",0.774038461538462
"fitted_shape",0.0240384615384615
"fitted_shape",0.990384615384615
"fitted_shape",0
"fitted_shape",0
"fitted_shape",0.0869565217391304
"fitted_shape",0
"fitted_shape",0
"fitted_shape",0
"fitted_shape",0
"fitted_shape",0.509615384615385
"fitted_shape",0
"fitted_shape",0
"fitted_shape",0
"fitted_shape",0
"fitted_shape",1
"fitted_shape",0
"fitted_shape",0
"fitted_shape",0.276699029126214
"fitted_shape",0.0528846153846154
"fitted_shape",0.0432692307692308
"fitted_shape",0
"fitted_shape",0
"fitted_shape",0.971153846153846
"fitted_shape",0
"fitted_shape",0
"fitted_shape",1
"fitted_shape",0.355769230769231
"fitted_shape",0.00961538461538462
"fitted_shape",0
"fitted_shape",0.5
"fitted_shape",0.0240384615384615
"fitted_shape",1
"fitted_shape",0
"fitted_shape",0
"fitted_shape",0.0436893203883495
"fitted_shape",0.110576923076923
"fitted_shape",0.0144230769230769
"fitted_shape",0
"fitted_shape",0
"fitted_shape",0
"fitted_shape",0
"fitted_shape",0
"fitted_shape",0
"fitted_shape",0
"fitted_shape",0.682692307692308
"fitted_shape",0
"fitted_shape",0
"fitted_shape",0
"fitted_shape",0
"fitted_shape",0
"fitted_shape",0
"fitted_shape",0.811594202898551
"fitted_shape",0.507246376811594
"fitted_shape",0.254807692307692
"fitted_shape",0.817307692307692
"fitted_shape",0
"fitted_shape",0.995192307692308
"fitted_shape",0
"fitted_shape",0.471153846153846
"fitted_shape",0.995192307692308
"fitted_shape",0.971153846153846
"fitted_shape",0.0576923076923077
"fitted_shape",0
"fitted_shape",0
"fitted_shape",0.990384615384615
"fitted_shape",0
"fitted_shape",0
"fitted_shape",0.0821256038647343
"fitted_shape",0
"fitted_shape",0
"fitted_shape",0
"fitted_shape",0
"fitted_shape",0
"fitted_shape",0.134615384615385
"fitted_shape",0
"fitted_shape",1
"fitted_shape",0
"fitted_shape",0.100961538461538
"fitted_shape",0
"fitted_shape",0
"fitted_shape",0
"fitted_shape",0
"fitted_shape",0
"fitted_shape",1
"fitted_shape",0
"fitted_shape",0
"fitted_shape",0
"fitted_shape",0.262135922330097
"fitted_shape",0
"fitted_shape",0
"fitted_shape",0
"fitted_shape",0.446601941747573
"fitted_shape",0.0193236714975845
"fitted_shape",0.990384615384615
"fitted_shape",1
"fitted_shape",0
"fitted_shape",0.0338164251207729
"fitted_shape",0
"fitted_shape",0
"fitted_shape",1
"fitted_shape",0.341346153846154
"fitted_shape",0.942307692307692
"fitted_shape",0
"fitted_shape",0.323671497584541
"fitted_shape",0
"fitted_shape",0
"fitted_shape",0.149038461538462
"fitted_shape",0.00483091787439614
"fitted_shape",1
"fitted_shape",0.00480769230769231
"fitted_shape",0.1256038647343
"fitted_shape",0.719806763285024
"fitted_shape",0.961352657004831
"fitted_shape",0
"fitted_shape",0.735576923076923
"fitted_shape",0.218446601941748
"fitted_shape",0
"fitted_shape",0.918269230769231
"fitted_shape",0.0288461538461538
"fitted_shape",0
"fitted_shape",0
"fitted_shape",0
"fitted_shape",0.00480769230769231
"fitted_shape",0
"fitted_shape",1
"fitted_shape",0.610576923076923
"fitted_shape",0
"fitted_shape",0.0576923076923077
"fitted_shape",0
"fitted_shape",0.288461538461538
"fitted_shape",0.192307692307692
"fitted_shape",0
"fitted_shape",0.360576923076923
"fitted_shape",0
"fitted_shape",0.125
"fitted_shape",1
"fitted_shape",0
"fitted_shape",0.0865384615384615
"fitted_shape",0
"fitted_shape",0
"fitted_shape",0
"fitted_shape",0
"fitted_shape",0
"fitted_shape",0
"fitted_shape",1
"fitted_shape",0.995192307692308
"fitted_shape",0
"fitted_shape",0.317307692307692
"fitted_shape",0
"fitted_shape",0
"fitted_shape",0
"fitted_shape",0
"fitted_shape",0.350961538461538
"fitted_shape",0
"fitted_shape",0.769230769230769
"fitted_shape",0
"fitted_shape",0.0676328502415459
"fitted_shape",0
"fitted_shape",0
"fitted_shape",0.923076923076923
"fitted_shape",0.610576923076923
"fitted_shape",0
"fitted_shape",0.0288461538461538
"fitted_shape",0.985576923076923
"fitted_shape",0
"fitted_shape",0.00483091787439614
"fitted_shape",0.0384615384615385
"fitted_shape",0
"fitted_shape",0
"fitted_shape",0
"fitted_shape",0.822115384615385
"fitted_shape",0.826923076923077
"fitted_shape",0.677884615384615
"fitted_shape",0
"fitted_shape",0
"fitted_shape",0
"fitted_shape",0.793269230769231
"fitted_shape",0.610576923076923
"fitted_shape",0
"fitted_shape",0.331730769230769
"fitted_shape",0
"fitted_shape",0.213592233009709
"fitted_shape",0.0144230769230769
"fitted_shape",0.105769230769231
"fitted_shape",0
"fitted_shape",1
"fitted_shape",1
"fitted_shape",0
"fitted_shape",1
"fitted_shape",0.0625
"fitted_shape",0.798076923076923
"fitted_shape",0.975961538461538
"fitted_shape",0
"fitted_shape",0
"fitted_shape",0
"fitted_shape",0
"fitted_shape",0.497584541062802
"fitted_shape",1
"fitted_shape",0.913461538461538
"fitted_shape",0.0240384615384615
"fitted_shape",0
"fitted_shape",0.0144927536231884
"fitted_shape",0
"fitted_shape",0
"fitted_shape",1
"fitted_shape",0.370192307692308
"fitted_shape",1
"fitted_shape",0.163461538461538
"fitted_shape",1
"fitted_shape",0.399038461538462
"fitted_shape",0.913461538461538
"fitted_shape",0.0144230769230769
"fitted_shape",0.206730769230769
"fitted_shape",0
"fitted_shape",0
"fitted_shape",0
"fitted_shape",0.0240384615384615
"fitted_shape",0
"fitted_shape",0
"fitted_shape",0.0673076923076923
"fitted_shape",0
"fitted_shape",0
"fitted_shape",0
"fitted_shape",0
"fitted_shape",0
"fitted_shape",0
"fitted_shape",0
"fitted_shape",1
"fitted_shape",0
"fitted_shape",0
"fitted_shape",0.00480769230769231
"fitted_shape",1
"fitted_shape",0.072463768115942
"fitted_shape",0.990384615384615
"fitted_shape",0
"fitted_shape",0.783653846153846
"fitted_shape",0.0240384615384615
"fitted_shape",0
"fitted_shape",0.0576923076923077
"fitted_shape",0
"fitted_shape",0.216346153846154
"fitted_shape",0
"fitted_shape",0.298076923076923
"fitted_shape",0.336538461538462
"fitted_shape",0.00480769230769231
"fitted_shape",0
"fitted_shape",0
"fitted_shape",0
"fitted_shape",0.0288461538461538
"fitted_shape",0
"fitted_shape",0.153846153846154
"fitted_shape",0
"fitted_shape",0
"fitted_shape",0
"fitted_shape",1
"fitted_shape",0
"fitted_shape",1
"fitted_shape",0
"fitted_shape",0.0050251256281407
"fitted_shape",0
"fitted_shape",0
"fitted_shape",0.195979899497487
"fitted_shape",0.341708542713568
"fitted_shape",0.0100502512562814
"fitted_shape",1
"fitted_shape",0.0150753768844221
"fitted_shape",0.306532663316583
"fitted_shape",0
"fitted_shape",0.14572864321608
"fitted_shape",0
"fitted_shape",1
"fitted_shape",0.763819095477387
"fitted_shape",0.0402010050251256
"fitted_shape",0.979899497487437
"fitted_shape",0
"fitted_shape",0
"fitted_shape",0.135678391959799
"fitted_shape",0
"fitted_shape",0
"fitted_shape",0
"fitted_shape",0.0050251256281407
"fitted_shape",0.371859296482412
"fitted_shape",0
"fitted_shape",0
"fitted_shape",0
"fitted_shape",0
"fitted_shape",1
"fitted_shape",0
"fitted_shape",0.0201005025125628
"fitted_shape",0.217171717171717
"fitted_shape",0.0454545454545455
"fitted_shape",0.0452261306532663
"fitted_shape",0
"fitted_shape",0
"fitted_shape",0.984924623115578
"fitted_shape",0
"fitted_shape",0
"fitted_shape",1
"fitted_shape",0.28643216080402
"fitted_shape",0.0100502512562814
"fitted_shape",0
"fitted_shape",0.487437185929648
"fitted_shape",0.0100502512562814
"fitted_shape",1
"fitted_shape",0.00505050505050505
"fitted_shape",0
"fitted_shape",0.100502512562814
"fitted_shape",0.0653266331658292
"fitted_shape",0.0050251256281407
"fitted_shape",0
"fitted_shape",0
"fitted_shape",0
"fitted_shape",0
"fitted_shape",0
"fitted_shape",0
"fitted_shape",0
"fitted_shape",0.78894472361809
"fitted_shape",0
"fitted_shape",0
"fitted_shape",0
"fitted_shape",0
"fitted_shape",0
"fitted_shape",0
"fitted_shape",0.809045226130653
"fitted_shape",0.477386934673367
"fitted_shape",0.517587939698492
"fitted_shape",0.778894472361809
"fitted_shape",0
"fitted_shape",1
"fitted_shape",0.0050251256281407
"fitted_shape",0.597989949748744
"fitted_shape",0.994949494949495
"fitted_shape",0.974874371859296
"fitted_shape",0.0402010050251256
"fitted_shape",0
"fitted_shape",0
"fitted_shape",0.989949748743719
"fitted_shape",0
"fitted_shape",0
"fitted_shape",0.110552763819095
"fitted_shape",0
"fitted_shape",0
"fitted_shape",0
"fitted_shape",0
"fitted_shape",0
"fitted_shape",0.155778894472362
"fitted_shape",0
"fitted_shape",1
"fitted_shape",0
"fitted_shape",0.135678391959799
"fitted_shape",0
"fitted_shape",0
"fitted_shape",0
"fitted_shape",0
"fitted_shape",0
"fitted_shape",1
"fitted_shape",0
"fitted_shape",0
"fitted_shape",0
"fitted_shape",0.277777777777778
"fitted_shape",0
"fitted_shape",0
"fitted_shape",0
"fitted_shape",0.42713567839196
"fitted_shape",0.0301507537688442
"fitted_shape",0.994974874371859
"fitted_shape",0.994974874371859
"fitted_shape",0
"fitted_shape",0.0050251256281407
"fitted_shape",0
"fitted_shape",0
"fitted_shape",1
"fitted_shape",0.331658291457286
"fitted_shape",0.85427135678392
"fitted_shape",0
"fitted_shape",0.316582914572864
"fitted_shape",0
"fitted_shape",0
"fitted_shape",0.231155778894472
"fitted_shape",0
"fitted_shape",1
"fitted_shape",0
"fitted_shape",0.0402010050251256
"fitted_shape",0.798994974874372
"fitted_shape",0.949748743718593
"fitted_shape",0
"fitted_shape",0.743718592964824
"fitted_shape",0.221105527638191
"fitted_shape",0
"fitted_shape",0.879396984924623
"fitted_shape",0.0201005025125628
"fitted_shape",0.0402010050251256
"fitted_shape",0.0050251256281407
"fitted_shape",0
"fitted_shape",0.0050251256281407
"fitted_shape",0
"fitted_shape",1
"fitted_shape",0.592964824120603
"fitted_shape",0
"fitted_shape",0
"fitted_shape",0
"fitted_shape",0.381909547738693
"fitted_shape",0.115577889447236
"fitted_shape",0
"fitted_shape",0.366834170854271
"fitted_shape",0
"fitted_shape",0.085427135678392
"fitted_shape",1
"fitted_shape",0
"fitted_shape",0.0904522613065327
"fitted_shape",0
"fitted_shape",0
"fitted_shape",0
"fitted_shape",0
"fitted_shape",0
"fitted_shape",0
"fitted_shape",1
"fitted_shape",0.994974874371859
"fitted_shape",0
"fitted_shape",0.437185929648241
"fitted_shape",0
"fitted_shape",0
"fitted_shape",0
"fitted_shape",0
"fitted_shape",0.371859296482412
"fitted_shape",0
"fitted_shape",0.828282828282828
"fitted_shape",0
"fitted_shape",0.130653266331658
"fitted_shape",0
"fitted_shape",0
"fitted_shape",0.894472361809045
"fitted_shape",0.793969849246231
"fitted_shape",0
"fitted_shape",0.0150753768844221
"fitted_shape",0.964824120603015
"fitted_shape",0
"fitted_shape",0.00505050505050505
"fitted_shape",0.0150753768844221
"fitted_shape",0
"fitted_shape",0
"fitted_shape",0
"fitted_shape",0.778894472361809
"fitted_shape",0.843434343434343
"fitted_shape",0.54040404040404
"fitted_shape",0
"fitted_shape",0
"fitted_shape",0
"fitted_shape",0.823232323232323
"fitted_shape",0.575757575757576
"fitted_shape",0
"fitted_shape",0.303030303030303
"fitted_shape",0
"fitted_shape",0.223350253807107
"fitted_shape",0.0151515151515152
"fitted_shape",0.0707070707070707
"fitted_shape",0
"fitted_shape",1
"fitted_shape",1
"fitted_shape",0
"fitted_shape",1
"fitted_shape",0.0710659898477157
"fitted_shape",0.732323232323232
"fitted_shape",0.994949494949495
"fitted_shape",0
"fitted_shape",0
"fitted_shape",0
"fitted_shape",0
"fitted_shape",0.49746192893401
"fitted_shape",1
"fitted_shape",0.929292929292929
"fitted_shape",0.0353535353535354
"fitted_shape",0
"fitted_shape",0.0252525252525253
"fitted_shape",0.00505050505050505
"fitted_shape",0
"fitted_shape",1
"fitted_shape",0.424242424242424
"fitted_shape",1
"fitted_shape",0.111675126903553
"fitted_shape",1
"fitted_shape",0.338383838383838
"fitted_shape",0.818181818181818
"fitted_shape",0.0151515151515152
"fitted_shape",0.252525252525253
"fitted_shape",0
"fitted_shape",0
"fitted_shape",0.0251256281407035
"fitted_shape",0.0100502512562814
"fitted_shape",0
"fitted_shape",0
"fitted_shape",0.0703517587939698
"fitted_shape",0
"fitted_shape",0
"fitted_shape",0.0050251256281407
"fitted_shape",0
"fitted_shape",0
"fitted_shape",0.0050251256281407
"fitted_shape",0.0201005025125628
"fitted_shape",1
"fitted_shape",0
"fitted_shape",0
"fitted_shape",0
"fitted_shape",1
"fitted_shape",0.0301507537688442
"fitted_shape",0.974747474747475
"fitted_shape",0.0100502512562814
"fitted_shape",0.798994974874372
"fitted_shape",0.0050251256281407
"fitted_shape",0
"fitted_shape",0.125628140703518
"fitted_shape",0
"fitted_shape",0.160804020100503
"fitted_shape",0
"fitted_shape",0.341708542713568
"fitted_shape",0.257575757575758
"fitted_shape",0.0050251256281407
"fitted_shape",0
"fitted_shape",0
"fitted_shape",0
"fitted_shape",0.0603015075376884
"fitted_shape",0
"fitted_shape",0.150753768844221
"fitted_shape",0
"fitted_shape",0
"fitted_shape",0
"fitted_shape",1
"fitted_shape",0
"fitted_shape",1
"fitted_shape",0
"fitted_shape",0.0050251256281407
"fitted_shape",0
"fitted_shape",0
"fitted_shape",0.246231155778894
"fitted_shape",0.331658291457286
"fitted_shape",0.0301507537688442
"fitted_shape",1
"fitted_shape",0.0100502512562814
"fitted_shape",0.221105527638191
"fitted_shape",0
"fitted_shape",0.155778894472362
"fitted_shape",0
"fitted_shape",1
"fitted_shape",0.592964824120603
"fitted_shape",0.0505050505050505
"fitted_shape",0.974874371859296
"fitted_shape",0
"fitted_shape",0
"fitted_shape",0.0351758793969849
"fitted_shape",0
"fitted_shape",0
"fitted_shape",0
"fitted_shape",0
"fitted_shape",0.452261306532663
"fitted_shape",0
"fitted_shape",0
"fitted_shape",0
"fitted_shape",0
"fitted_shape",1
"fitted_shape",0
"fitted_shape",0.0050251256281407
"fitted_shape",0.28643216080402
"fitted_shape",0.0301507537688442
"fitted_shape",0.050251256281407
"fitted_shape",0
"fitted_shape",0
"fitted_shape",0.919597989949749
"fitted_shape",0
"fitted_shape",0
"fitted_shape",1
"fitted_shape",0.402010050251256
"fitted_shape",0.0100502512562814
"fitted_shape",0
"fitted_shape",0.402010050251256
"fitted_shape",0.0251256281407035
"fitted_shape",1
"fitted_shape",0.0201005025125628
"fitted_shape",0
"fitted_shape",0.0351758793969849
"fitted_shape",0.0804020100502513
"fitted_shape",0.0251256281407035
"fitted_shape",0
"fitted_shape",0
"fitted_shape",0
"fitted_shape",0
"fitted_shape",0
"fitted_shape",0
"fitted_shape",0
"fitted_shape",0.686868686868687
"fitted_shape",0
"fitted_shape",0
"fitted_shape",0
"fitted_shape",0
"fitted_shape",0
"fitted_shape",0
"fitted_shape",0.904040404040404
"fitted_shape",0.543147208121827
"fitted_shape",0.197969543147208
"fitted_shape",0.843434343434343
"fitted_shape",0
"fitted_shape",0.984848484848485
"fitted_shape",0
"fitted_shape",0.484848484848485
"fitted_shape",0.994949494949495
"fitted_shape",0.964646464646465
"fitted_shape",0.00505050505050505
"fitted_shape",0
"fitted_shape",0
"fitted_shape",1
"fitted_shape",0
"fitted_shape",0
"fitted_shape",0.0707070707070707
"fitted_shape",0
"fitted_shape",0
"fitted_shape",0
"fitted_shape",0
"fitted_shape",0
"fitted_shape",0.106060606060606
"fitted_shape",0
"fitted_shape",1
"fitted_shape",0
"fitted_shape",0.0757575757575758
"fitted_shape",0
"fitted_shape",0
"fitted_shape",0
"fitted_shape",0
"fitted_shape",0
"fitted_shape",1
"fitted_shape",0
"fitted_shape",0
"fitted_shape",0
"fitted_shape",0.231155778894472
"fitted_shape",0
"fitted_shape",0
"fitted_shape",0
"fitted_shape",0.417085427135678
"fitted_shape",0.00505050505050505
"fitted_shape",0.979899497487437
"fitted_shape",0.994974874371859
"fitted_shape",0
"fitted_shape",0.0100502512562814
"fitted_shape",0
"fitted_shape",0
"fitted_shape",1
"fitted_shape",0.444444444444444
"fitted_shape",0.894472361809045
"fitted_shape",0
"fitted_shape",0.386934673366834
"fitted_shape",0
"fitted_shape",0
"fitted_shape",0.28643216080402
"fitted_shape",0.0100502512562814
"fitted_shape",1
"fitted_shape",0
"fitted_shape",0.0301507537688442
"fitted_shape",0.733668341708543
"fitted_shape",0.954773869346734
"fitted_shape",0
"fitted_shape",0.728643216080402
"fitted_shape",0.170854271356784
"fitted_shape",0
"fitted_shape",0.92964824120603
"fitted_shape",0.0150753768844221
"fitted_shape",0
"fitted_shape",0
"fitted_shape",0
"fitted_shape",0
"fitted_shape",0
"fitted_shape",1
"fitted_shape",0.638190954773869
"fitted_shape",0
"fitted_shape",0
"fitted_shape",0
"fitted_shape",0.417085427135678
"fitted_shape",0.170854271356784
"fitted_shape",0.0050251256281407
"fitted_shape",0.417085427135678
"fitted_shape",0
"fitted_shape",0.185929648241206
"fitted_shape",1
"fitted_shape",0
"fitted_shape",0.0753768844221105
"fitted_shape",0
"fitted_shape",0
"fitted_shape",0.0152284263959391
"fitted_shape",0
"fitted_shape",0
"fitted_shape",0
"fitted_shape",1
"fitted_shape",0.994949494949495
"fitted_shape",0
"fitted_shape",0.348484848484849
"fitted_shape",0
"fitted_shape",0
"fitted_shape",0
"fitted_shape",0
"fitted_shape",0.294416243654822
"fitted_shape",0
"fitted_shape",0.720812182741117
"fitted_shape",0
"fitted_shape",0.323232323232323
"fitted_shape",0
"fitted_shape",0
"fitted_shape",0.904040404040404
"fitted_shape",0.748743718592965
"fitted_shape",0.0050251256281407
"fitted_shape",0.050251256281407
"fitted_shape",0.989949748743719
"fitted_shape",0
"fitted_shape",0.00505050505050505
"fitted_shape",0.0150753768844221
"fitted_shape",0
"fitted_shape",0
"fitted_shape",0
"fitted_shape",0.778894472361809
"fitted_shape",0.797979797979798
"fitted_shape",0.53030303030303
"fitted_shape",0
"fitted_shape",0
"fitted_shape",0
"fitted_shape",0.878787878787879
"fitted_shape",0.580808080808081
"fitted_shape",0.050761421319797
"fitted_shape",0.267676767676768
"fitted_shape",0
"fitted_shape",0.459183673469388
"fitted_shape",0
"fitted_shape",0.0757575757575758
"fitted_shape",0
"fitted_shape",1
"fitted_shape",1
"fitted_shape",0
"fitted_shape",1
"fitted_shape",0.111111111111111
"fitted_shape",0.781725888324873
"fitted_shape",0.994949494949495
"fitted_shape",0
"fitted_shape",0
"fitted_shape",0.00505050505050505
"fitted_shape",0
"fitted_shape",0.34010152284264
"fitted_shape",1
"fitted_shape",0.949748743718593
"fitted_shape",0.0150753768844221
"fitted_shape",0
"fitted_shape",0.0251256281407035
"fitted_shape",0
"fitted_shape",0
"fitted_shape",1
"fitted_shape",0.4321608040201
"fitted_shape",1
"fitted_shape",0.14572864321608
"fitted_shape",1
"fitted_shape",0.439393939393939
"fitted_shape",0.873737373737374
"fitted_shape",0.0252525252525253
"fitted_shape",0.141414141414141
"fitted_shape",0
"fitted_shape",0
"fitted_shape",0.0050251256281407
"fitted_shape",0.0150753768844221
"fitted_shape",0
"fitted_shape",0
"fitted_shape",0.0757575757575758
"fitted_shape",0
"fitted_shape",0
"fitted_shape",0
"fitted_shape",0
"fitted_shape",0
"fitted_shape",0
"fitted_shape",0.0402010050251256
"fitted_shape",1
"fitted_shape",0
"fitted_shape",0
"fitted_shape",0.0351758793969849
"fitted_shape",1
"fitted_shape",0.050251256281407
"fitted_shape",1
"fitted_shape",0.0351758793969849
"fitted_shape",0.768844221105528
"fitted_shape",0
"fitted_shape",0
"fitted_shape",0.0703517587939698
"fitted_shape",0
"fitted_shape",0.185929648241206
"fitted_shape",0
"fitted_shape",0.417085427135678
"fitted_shape",0.361809045226131
"fitted_shape",0.0100502512562814
"fitted_shape",0
"fitted_shape",0
"fitted_shape",0
"fitted_shape",0
"fitted_shape",0
"fitted_shape",0.125628140703518
"fitted_shape",0
"fitted_shape",0
"fitted_shape",0
"fitted_shape",1
"fitted_shape",0
"fitted_shape",1
"fitted_shape",0
"fitted_shape",0
"fitted_shape",0
"fitted_shape",0
"fitted_shape",0.163265306122449
"fitted_shape",0.571428571428571
"fitted_shape",0.00510204081632653
"fitted_shape",1
"fitted_shape",0.0102040816326531
"fitted_shape",0.214285714285714
"fitted_shape",0
"fitted_shape",0.107142857142857
"fitted_shape",0
"fitted_shape",1
"fitted_shape",0.724489795918367
"fitted_shape",0.0510204081632653
"fitted_shape",0.994871794871795
"fitted_shape",0
"fitted_shape",0
"fitted_shape",0.0816326530612245
"fitted_shape",0
"fitted_shape",0
"fitted_shape",0
"fitted_shape",0
"fitted_shape",0.38265306122449
"fitted_shape",0
"fitted_shape",0
"fitted_shape",0
"fitted_shape",0
"fitted_shape",1
"fitted_shape",0
"fitted_shape",0
"fitted_shape",0.535714285714286
"fitted_shape",0.0561224489795918
"fitted_shape",0.0459183673469388
"fitted_shape",0
"fitted_shape",0
"fitted_shape",0.964285714285714
"fitted_shape",0
"fitted_shape",0
"fitted_shape",1
"fitted_shape",0.290816326530612
"fitted_shape",0.00512820512820513
"fitted_shape",0
"fitted_shape",0.61734693877551
"fitted_shape",0.0204081632653061
"fitted_shape",1
"fitted_shape",0.0102040816326531
"fitted_shape",0
"fitted_shape",0.0204081632653061
"fitted_shape",0.188775510204082
"fitted_shape",0.0306122448979592
"fitted_shape",0
"fitted_shape",0
"fitted_shape",0
"fitted_shape",0
"fitted_shape",0
"fitted_shape",0
"fitted_shape",0
"fitted_shape",0.637755102040816
"fitted_shape",0
"fitted_shape",0
"fitted_shape",0
"fitted_shape",0
"fitted_shape",0
"fitted_shape",0
"fitted_shape",0.928205128205128
"fitted_shape",0.362244897959184
"fitted_shape",0.290816326530612
"fitted_shape",0.724489795918367
"fitted_shape",0
"fitted_shape",0.989795918367347
"fitted_shape",0
"fitted_shape",0.5
"fitted_shape",0.989795918367347
"fitted_shape",0.994871794871795
"fitted_shape",0.0714285714285714
"fitted_shape",0
"fitted_shape",0
"fitted_shape",0.994897959183674
"fitted_shape",0
"fitted_shape",0
"fitted_shape",0.0714285714285714
"fitted_shape",0
"fitted_shape",0
"fitted_shape",0
"fitted_shape",0
"fitted_shape",0
"fitted_shape",0.142857142857143
"fitted_shape",0
"fitted_shape",1
"fitted_shape",0
"fitted_shape",0.0974358974358974
"fitted_shape",0
"fitted_shape",0
"fitted_shape",0
"fitted_shape",0
"fitted_shape",0
"fitted_shape",1
"fitted_shape",0
"fitted_shape",0
"fitted_shape",0
"fitted_shape",0.163265306122449
"fitted_shape",0
"fitted_shape",0
"fitted_shape",0
"fitted_shape",0.387755102040816
"fitted_shape",0.0204081632653061
"fitted_shape",0.98469387755102
"fitted_shape",0.979591836734694
"fitted_shape",0
"fitted_shape",0.0153061224489796
"fitted_shape",0
"fitted_shape",0
"fitted_shape",1
"fitted_shape",0.418367346938776
"fitted_shape",0.892307692307692
"fitted_shape",0
"fitted_shape",0.22051282051282
"fitted_shape",0.00512820512820513
"fitted_shape",0
"fitted_shape",0.123076923076923
"fitted_shape",0
"fitted_shape",1
"fitted_shape",0
"fitted_shape",0.0205128205128205
"fitted_shape",0.676923076923077
"fitted_shape",0.974358974358974
"fitted_shape",0
"fitted_shape",0.702564102564103
"fitted_shape",0.282051282051282
"fitted_shape",0
"fitted_shape",0.907692307692308
"fitted_shape",0.041025641025641
"fitted_shape",0.00512820512820513
"fitted_shape",0.00512820512820513
"fitted_shape",0
"fitted_shape",0.0102564102564103
"fitted_shape",0
"fitted_shape",1
"fitted_shape",0.666666666666667
"fitted_shape",0
"fitted_shape",0.00512820512820513
"fitted_shape",0
"fitted_shape",0.374358974358974
"fitted_shape",0.107692307692308
"fitted_shape",0
"fitted_shape",0.523076923076923
"fitted_shape",0
"fitted_shape",0.201030927835052
"fitted_shape",1
"fitted_shape",0
"fitted_shape",0.0615384615384615
"fitted_shape",0
"fitted_shape",0
"fitted_shape",0
"fitted_shape",0
"fitted_shape",0
"fitted_shape",0
"fitted_shape",1
"fitted_shape",1
"fitted_shape",0
"fitted_shape",0.402061855670103
"fitted_shape",0
"fitted_shape",0
"fitted_shape",0
"fitted_shape",0
"fitted_shape",0.287179487179487
"fitted_shape",0
"fitted_shape",0.790816326530612
"fitted_shape",0
"fitted_shape",0.13265306122449
"fitted_shape",0
"fitted_shape",0
"fitted_shape",0.969072164948454
"fitted_shape",0.673469387755102
"fitted_shape",0
"fitted_shape",0.0666666666666667
"fitted_shape",0.98469387755102
"fitted_shape",0
"fitted_shape",0.0102040816326531
"fitted_shape",0.0153061224489796
"fitted_shape",0
"fitted_shape",0
"fitted_shape",0
"fitted_shape",0.841836734693878
"fitted_shape",0.790816326530612
"fitted_shape",0.346938775510204
"fitted_shape",0.00510204081632653
"fitted_shape",0
"fitted_shape",0
"fitted_shape",0.826530612244898
"fitted_shape",0.489795918367347
"fitted_shape",0
"fitted_shape",0.306122448979592
"fitted_shape",0
"fitted_shape",0.266666666666667
"fitted_shape",0.0204081632653061
"fitted_shape",0.0816326530612245
"fitted_shape",0
"fitted_shape",1
"fitted_shape",1
"fitted_shape",0
"fitted_shape",1
"fitted_shape",0.133333333333333
"fitted_shape",0.836734693877551
"fitted_shape",0.994871794871795
"fitted_shape",0
"fitted_shape",0
"fitted_shape",0.00510204081632653
"fitted_shape",0
"fitted_shape",0.408163265306122
"fitted_shape",1
"fitted_shape",0.928571428571429
"fitted_shape",0.0204081632653061
"fitted_shape",0
"fitted_shape",0.0204081632653061
"fitted_shape",0
"fitted_shape",0
"fitted_shape",1
"fitted_shape",0.417525773195876
"fitted_shape",1
"fitted_shape",0.214285714285714
"fitted_shape",1
"fitted_shape",0.397959183673469
"fitted_shape",0.862244897959184
"fitted_shape",0.0307692307692308
"fitted_shape",0.321428571428571
"fitted_shape",0
"fitted_shape",0
"fitted_shape",0
"fitted_shape",0.0255102040816327
"fitted_shape",0
"fitted_shape",0
"fitted_shape",0.127551020408163
"fitted_shape",0
"fitted_shape",0
"fitted_shape",0
"fitted_shape",0
"fitted_shape",0
"fitted_shape",0.0102040816326531
"fitted_shape",0.0102040816326531
"fitted_shape",1
"fitted_shape",0
"fitted_shape",0
"fitted_shape",0.00510204081632653
"fitted_shape",1
"fitted_shape",0.0515463917525773
"fitted_shape",0.98469387755102
"fitted_shape",0.0969387755102041
"fitted_shape",0.697435897435897
"fitted_shape",0.00510204081632653
"fitted_shape",0
"fitted_shape",0.127551020408163
"fitted_shape",0
"fitted_shape",0.188775510204082
"fitted_shape",0
"fitted_shape",0.219387755102041
"fitted_shape",0.479591836734694
"fitted_shape",0.00515463917525773
"fitted_shape",0
"fitted_shape",0
"fitted_shape",0
"fitted_shape",0.0102040816326531
"fitted_shape",0
"fitted_shape",0.153061224489796
"fitted_shape",0
"fitted_shape",0
"fitted_shape",0
"fitted_shape",1
"fitted_shape",0
"fitted_shape",1
"fitted_shape",0
"fitted_shape",0.00628930817610063
"fitted_shape",0
"fitted_shape",0
"fitted_shape",0.138364779874214
"fitted_shape",0.358490566037736
"fitted_shape",0.0125786163522013
"fitted_shape",1
"fitted_shape",0.0188679245283019
"fitted_shape",0.333333333333333
"fitted_shape",0
"fitted_shape",0.113924050632911
"fitted_shape",0
"fitted_shape",1
"fitted_shape",0.829113924050633
"fitted_shape",0.050314465408805
"fitted_shape",0.981132075471698
"fitted_shape",0
"fitted_shape",0
"fitted_shape",0.0691823899371069
"fitted_shape",0
"fitted_shape",0
"fitted_shape",0
"fitted_shape",0.0251572327044025
"fitted_shape",0.389937106918239
"fitted_shape",0
"fitted_shape",0
"fitted_shape",0
"fitted_shape",0
"fitted_shape",1
"fitted_shape",0
"fitted_shape",0.0125786163522013
"fitted_shape",0.251572327044025
"fitted_shape",0.0440251572327044
"fitted_shape",0.0188679245283019
"fitted_shape",0
"fitted_shape",0
"fitted_shape",0.936708860759494
"fitted_shape",0
"fitted_shape",0
"fitted_shape",1
"fitted_shape",0.339622641509434
"fitted_shape",0.00628930817610063
"fitted_shape",0
"fitted_shape",0.522012578616352
"fitted_shape",0.0316455696202532
"fitted_shape",1
"fitted_shape",0.0125786163522013
"fitted_shape",0
"fitted_shape",0.0512820512820513
"fitted_shape",0.0384615384615385
"fitted_shape",0
"fitted_shape",0
"fitted_shape",0
"fitted_shape",0
"fitted_shape",0
"fitted_shape",0
"fitted_shape",0
"fitted_shape",0
"fitted_shape",0.886792452830189
"fitted_shape",0
"fitted_shape",0
"fitted_shape",0
"fitted_shape",0
"fitted_shape",0
"fitted_shape",0
"fitted_shape",0.861635220125786
"fitted_shape",0.383647798742138
"fitted_shape",0.205128205128205
"fitted_shape",0.716981132075472
"fitted_shape",0
"fitted_shape",1
"fitted_shape",0
"fitted_shape",0.639240506329114
"fitted_shape",1
"fitted_shape",0.961783439490446
"fitted_shape",0.0440251572327044
"fitted_shape",0
"fitted_shape",0
"fitted_shape",0.993710691823899
"fitted_shape",0
"fitted_shape",0
"fitted_shape",0.0506329113924051
"fitted_shape",0
"fitted_shape",0
"fitted_shape",0
"fitted_shape",0
"fitted_shape",0
"fitted_shape",0.221518987341772
"fitted_shape",0
"fitted_shape",1
"fitted_shape",0
"fitted_shape",0.0700636942675159
"fitted_shape",0
"fitted_shape",0
"fitted_shape",0
"fitted_shape",0
"fitted_shape",0
"fitted_shape",1
"fitted_shape",0
"fitted_shape",0
"fitted_shape",0
"fitted_shape",0.182389937106918
"fitted_shape",0
"fitted_shape",0
"fitted_shape",0
"fitted_shape",0.414012738853503
"fitted_shape",0.0192307692307692
"fitted_shape",0.962264150943396
"fitted_shape",0.987421383647799
"fitted_shape",0
"fitted_shape",0.0379746835443038
"fitted_shape",0
"fitted_shape",0
"fitted_shape",1
"fitted_shape",0.578616352201258
"fitted_shape",0.855345911949686
"fitted_shape",0
"fitted_shape",0.363057324840764
"fitted_shape",0
"fitted_shape",0
"fitted_shape",0.138364779874214
"fitted_shape",0.00628930817610063
"fitted_shape",1
"fitted_shape",0
"fitted_shape",0.0188679245283019
"fitted_shape",0.694267515923567
"fitted_shape",0.937106918238994
"fitted_shape",0
"fitted_shape",0.59748427672956
"fitted_shape",0.157232704402516
"fitted_shape",0
"fitted_shape",0.943396226415094
"fitted_shape",0.0188679245283019
"fitted_shape",0.00632911392405063
"fitted_shape",0
"fitted_shape",0
"fitted_shape",0.00632911392405063
"fitted_shape",0
"fitted_shape",1
"fitted_shape",0.651898734177215
"fitted_shape",0
"fitted_shape",0.00636942675159236
"fitted_shape",0
"fitted_shape",0.367088607594937
"fitted_shape",0.119496855345912
"fitted_shape",0.00628930817610063
"fitted_shape",0.455696202531646
"fitted_shape",0
"fitted_shape",0.150943396226415
"fitted_shape",1
"fitted_shape",0
"fitted_shape",0.106918238993711
"fitted_shape",0
"fitted_shape",0
"fitted_shape",0.00636942675159236
"fitted_shape",0
"fitted_shape",0
"fitted_shape",0
"fitted_shape",1
"fitted_shape",1
"fitted_shape",0
"fitted_shape",0.314465408805031
"fitted_shape",0
"fitted_shape",0
"fitted_shape",0
"fitted_shape",0
"fitted_shape",0.232704402515723
"fitted_shape",0
"fitted_shape",0.835443037974684
"fitted_shape",0
"fitted_shape",0.120253164556962
"fitted_shape",0
"fitted_shape",0
"fitted_shape",0.893081761006289
"fitted_shape",0.685534591194969
"fitted_shape",0.00628930817610063
"fitted_shape",0.0566037735849057
"fitted_shape",0.962264150943396
"fitted_shape",0
"fitted_shape",0.00628930817610063
"fitted_shape",0.0188679245283019
"fitted_shape",0
"fitted_shape",0
"fitted_shape",0
"fitted_shape",0.830188679245283
"fitted_shape",0.786163522012579
"fitted_shape",0.39622641509434
"fitted_shape",0.00632911392405063
"fitted_shape",0
"fitted_shape",0
"fitted_shape",0.861635220125786
"fitted_shape",0.471698113207547
"fitted_shape",0
"fitted_shape",0.528301886792453
"fitted_shape",0
"fitted_shape",0.333333333333333
"fitted_shape",0.00628930817610063
"fitted_shape",0.119496855345912
"fitted_shape",0
"fitted_shape",1
"fitted_shape",1
"fitted_shape",0
"fitted_shape",1
"fitted_shape",0.113207547169811
"fitted_shape",0.679245283018868
"fitted_shape",0.974842767295597
"fitted_shape",0
"fitted_shape",0
"fitted_shape",0
"fitted_shape",0
"fitted_shape",0.314102564102564
"fitted_shape",1
"fitted_shape",0.924528301886792
"fitted_shape",0.0314465408805031
"fitted_shape",0
"fitted_shape",0.0569620253164557
"fitted_shape",0.00628930817610063
"fitted_shape",0
"fitted_shape",1
"fitted_shape",0.345911949685535
"fitted_shape",1
"fitted_shape",0.113207547169811
"fitted_shape",1
"fitted_shape",0.314465408805031
"fitted_shape",0.861635220125786
"fitted_shape",0.0377358490566038
"fitted_shape",0.232704402515723
"fitted_shape",0
"fitted_shape",0
"fitted_shape",0.00628930817610063
"fitted_shape",0.0566037735849057
"fitted_shape",0
"fitted_shape",0
"fitted_shape",0.0377358490566038
"fitted_shape",0
"fitted_shape",0
"fitted_shape",0.00628930817610063
"fitted_shape",0
"fitted_shape",0
"fitted_shape",0
"fitted_shape",0.00628930817610063
"fitted_shape",1
"fitted_shape",0
"fitted_shape",0
"fitted_shape",0
"fitted_shape",1
"fitted_shape",0.0440251572327044
"fitted_shape",1
"fitted_shape",0.0314465408805031
"fitted_shape",0.748427672955975
"fitted_shape",0
"fitted_shape",0
"fitted_shape",0.0943396226415094
"fitted_shape",0
"fitted_shape",0.169811320754717
"fitted_shape",0
"fitted_shape",0.264150943396226
"fitted_shape",0.352201257861635
"fitted_shape",0.0189873417721519
"fitted_shape",0
"fitted_shape",0
"fitted_shape",0
"fitted_shape",0.0125786163522013
"fitted_shape",0
"fitted_shape",0.138364779874214
"fitted_shape",0
"fitted_shape",0
"fitted_shape",0
"fitted_shape",1
"fitted_shape",0
"fitted_shape",1
"fitted_shape",0
"fitted_shape",0.00952380952380952
"fitted_shape",0
"fitted_shape",0
"fitted_shape",0.228571428571429
"fitted_shape",0.466666666666667
"fitted_shape",0.019047619047619
"fitted_shape",1
"fitted_shape",0.019047619047619
"fitted_shape",0.40952380952381
"fitted_shape",0
"fitted_shape",0.228571428571429
"fitted_shape",0
"fitted_shape",1
"fitted_shape",0.759615384615385
"fitted_shape",0.0476190476190476
"fitted_shape",1
"fitted_shape",0
"fitted_shape",0.00952380952380952
"fitted_shape",0.0666666666666667
"fitted_shape",0
"fitted_shape",0
"fitted_shape",0
"fitted_shape",0
"fitted_shape",0.314285714285714
"fitted_shape",0
"fitted_shape",0
"fitted_shape",0
"fitted_shape",0
"fitted_shape",1
"fitted_shape",0
"fitted_shape",0.00952380952380952
"fitted_shape",0.451923076923077
"fitted_shape",0.0761904761904762
"fitted_shape",0.0285714285714286
"fitted_shape",0
"fitted_shape",0
"fitted_shape",0.971428571428571
"fitted_shape",0
"fitted_shape",0
"fitted_shape",1
"fitted_shape",0.361904761904762
"fitted_shape",0.0571428571428571
"fitted_shape",0
"fitted_shape",0.552380952380952
"fitted_shape",0.019047619047619
"fitted_shape",1
"fitted_shape",0
"fitted_shape",0
"fitted_shape",0.019047619047619
"fitted_shape",0.0571428571428571
"fitted_shape",0.104761904761905
"fitted_shape",0
"fitted_shape",0
"fitted_shape",0
"fitted_shape",0
"fitted_shape",0
"fitted_shape",0
"fitted_shape",0
"fitted_shape",0.828571428571429
"fitted_shape",0
"fitted_shape",0
"fitted_shape",0
"fitted_shape",0
"fitted_shape",0
"fitted_shape",0
"fitted_shape",0.752380952380952
"fitted_shape",0.457142857142857
"fitted_shape",0.171428571428571
"fitted_shape",0.733333333333333
"fitted_shape",0
"fitted_shape",0.99047619047619
"fitted_shape",0
"fitted_shape",0.628571428571429
"fitted_shape",0.99047619047619
"fitted_shape",0.99047619047619
"fitted_shape",0.0380952380952381
"fitted_shape",0
"fitted_shape",0
"fitted_shape",0.961904761904762
"fitted_shape",0
"fitted_shape",0
"fitted_shape",0.0285714285714286
"fitted_shape",0
"fitted_shape",0
"fitted_shape",0
"fitted_shape",0
"fitted_shape",0
"fitted_shape",0.285714285714286
"fitted_shape",0
"fitted_shape",1
"fitted_shape",0
"fitted_shape",0.0952380952380952
"fitted_shape",0
"fitted_shape",0
"fitted_shape",0
"fitted_shape",0
"fitted_shape",0
"fitted_shape",1
"fitted_shape",0
"fitted_shape",0
"fitted_shape",0
"fitted_shape",0.142857142857143
"fitted_shape",0
"fitted_shape",0
"fitted_shape",0
"fitted_shape",0.323809523809524
"fitted_shape",0.00952380952380952
"fitted_shape",0.942857142857143
"fitted_shape",0.99047619047619
"fitted_shape",0
"fitted_shape",0.0380952380952381
"fitted_shape",0
"fitted_shape",0
"fitted_shape",1
"fitted_shape",0.380952380952381
"fitted_shape",0.961904761904762
"fitted_shape",0
"fitted_shape",0.380952380952381
"fitted_shape",0
"fitted_shape",0
"fitted_shape",0.238095238095238
"fitted_shape",0.00952380952380952
"fitted_shape",1
"fitted_shape",0
"fitted_shape",0.0761904761904762
"fitted_shape",0.647619047619048
"fitted_shape",0.914285714285714
"fitted_shape",0
"fitted_shape",0.695238095238095
"fitted_shape",0.352380952380952
"fitted_shape",0
"fitted_shape",0.914285714285714
"fitted_shape",0.0285714285714286
"fitted_shape",0
"fitted_shape",0
"fitted_shape",0
"fitted_shape",0
"fitted_shape",0
"fitted_shape",1
"fitted_shape",0.685714285714286
"fitted_shape",0
"fitted_shape",0
"fitted_shape",0
"fitted_shape",0.39047619047619
"fitted_shape",0.0693069306930693
"fitted_shape",0
"fitted_shape",0.316831683168317
"fitted_shape",0
"fitted_shape",0.128712871287129
"fitted_shape",1
"fitted_shape",0
"fitted_shape",0.138613861386139
"fitted_shape",0
"fitted_shape",0
"fitted_shape",0
"fitted_shape",0
"fitted_shape",0
"fitted_shape",0
"fitted_shape",1
"fitted_shape",0.980952380952381
"fitted_shape",0
"fitted_shape",0.314285714285714
"fitted_shape",0
"fitted_shape",0
"fitted_shape",0
"fitted_shape",0
"fitted_shape",0.323809523809524
"fitted_shape",0
"fitted_shape",0.828571428571429
"fitted_shape",0
"fitted_shape",0.0571428571428571
"fitted_shape",0
"fitted_shape",0
"fitted_shape",0.914285714285714
"fitted_shape",0.714285714285714
"fitted_shape",0.00952380952380952
"fitted_shape",0.0380952380952381
"fitted_shape",0.961904761904762
"fitted_shape",0
"fitted_shape",0.00952380952380952
"fitted_shape",0.019047619047619
"fitted_shape",0
"fitted_shape",0
"fitted_shape",0
"fitted_shape",0.828571428571429
"fitted_shape",0.788461538461538
"fitted_shape",0.548076923076923
"fitted_shape",0.00961538461538462
"fitted_shape",0
"fitted_shape",0
"fitted_shape",0.780952380952381
"fitted_shape",0.495238095238095
"fitted_shape",0
"fitted_shape",0.266666666666667
"fitted_shape",0
"fitted_shape",0.266666666666667
"fitted_shape",0.019047619047619
"fitted_shape",0.0857142857142857
"fitted_shape",0
"fitted_shape",1
"fitted_shape",1
"fitted_shape",0
"fitted_shape",1
"fitted_shape",0.152380952380952
"fitted_shape",0.704761904761905
"fitted_shape",0.99047619047619
"fitted_shape",0
"fitted_shape",0
"fitted_shape",0
"fitted_shape",0
"fitted_shape",0.371428571428571
"fitted_shape",1
"fitted_shape",0.933333333333333
"fitted_shape",0.0571428571428571
"fitted_shape",0
"fitted_shape",0.0285714285714286
"fitted_shape",0.00952380952380952
"fitted_shape",0
"fitted_shape",1
"fitted_shape",0.457142857142857
"fitted_shape",1
"fitted_shape",0.276190476190476
"fitted_shape",1
"fitted_shape",0.438095238095238
"fitted_shape",0.961904761904762
"fitted_shape",0.0285714285714286
"fitted_shape",0.257142857142857
"fitted_shape",0
"fitted_shape",0
"fitted_shape",0
"fitted_shape",0.00952380952380952
"fitted_shape",0
"fitted_shape",0
"fitted_shape",0.0857142857142857
"fitted_shape",0
"fitted_shape",0
"fitted_shape",0
"fitted_shape",0
"fitted_shape",0
"fitted_shape",0.00952380952380952
"fitted_shape",0
"fitted_shape",1
"fitted_shape",0
"fitted_shape",0
"fitted_shape",0.00952380952380952
"fitted_shape",1
"fitted_shape",0.0476190476190476
"fitted_shape",0.99047619047619
"fitted_shape",0.019047619047619
"fitted_shape",0.733333333333333
"fitted_shape",0.00952380952380952
"fitted_shape",0
"fitted_shape",0.0857142857142857
"fitted_shape",0
"fitted_shape",0.2
"fitted_shape",0
"fitted_shape",0.247619047619048
"fitted_shape",0.228571428571429
"fitted_shape",0.00952380952380952
"fitted_shape",0
"fitted_shape",0
"fitted_shape",0
"fitted_shape",0.0666666666666667
"fitted_shape",0
"fitted_shape",0.0857142857142857
"fitted_shape",0
"fitted_shape",0
"fitted_shape",0
"empirical_rates",1
"empirical_rates",0
"empirical_rates",0.986425339366516
"empirical_rates",0
"empirical_rates",0.95045045045045
"empirical_rates",0
"empirical_rates",0.0226244343891403
"empirical_rates",0.135135135135135
"empirical_rates",0.036036036036036
"empirical_rates",0.045045045045045
"empirical_rates",0.990950226244344
"empirical_rates",0.990990990990991
"empirical_rates",0.0135135135135135
"empirical_rates",0.981900452488688
"empirical_rates",0.202702702702703
"empirical_rates",0
"empirical_rates",0.972850678733032
"empirical_rates",0.981981981981982
"empirical_rates",0.193693693693694
"empirical_rates",0.00900900900900901
"empirical_rates",0.968468468468468
"empirical_rates",0
"empirical_rates",0
"empirical_rates",0
"empirical_rates",0.0315315315315315
"empirical_rates",0.0045045045045045
"empirical_rates",0
"empirical_rates",0.990990990990991
"empirical_rates",0.0135135135135135
"empirical_rates",0.0226244343891403
"empirical_rates",0
"empirical_rates",0
"empirical_rates",0
"empirical_rates",0.563063063063063
"empirical_rates",0
"empirical_rates",0
"empirical_rates",0.0135135135135135
"empirical_rates",1
"empirical_rates",0
"empirical_rates",0.112612612612613
"empirical_rates",0.364864864864865
"empirical_rates",0.959459459459459
"empirical_rates",0
"empirical_rates",0.018018018018018
"empirical_rates",0.0225225225225225
"empirical_rates",0.981981981981982
"empirical_rates",0.279816513761468
"empirical_rates",0.184684684684685
"empirical_rates",0.995475113122172
"empirical_rates",0.0540540540540541
"empirical_rates",0.0765765765765766
"empirical_rates",0
"empirical_rates",0.630630630630631
"empirical_rates",0
"empirical_rates",0.0045045045045045
"empirical_rates",0
"empirical_rates",0.0315315315315315
"empirical_rates",0
"empirical_rates",0
"empirical_rates",0.0675675675675676
"empirical_rates",0.211711711711712
"empirical_rates",0
"empirical_rates",0
"empirical_rates",0.986486486486487
"empirical_rates",0.0136986301369863
"empirical_rates",0.0045045045045045
"empirical_rates",0
"empirical_rates",0.407239819004525
"empirical_rates",0
"empirical_rates",0.427927927927928
"empirical_rates",0
"empirical_rates",0
"empirical_rates",0.103603603603604
"empirical_rates",1
"empirical_rates",0.130630630630631
"empirical_rates",0.00900900900900901
"empirical_rates",1
"empirical_rates",0
"empirical_rates",0
"empirical_rates",0.990950226244344
"empirical_rates",0.00904977375565611
"empirical_rates",0.0226244343891403
"empirical_rates",0.0226244343891403
"empirical_rates",0
"empirical_rates",0.941176470588235
"empirical_rates",0
"empirical_rates",0.986425339366516
"empirical_rates",0.97737556561086
"empirical_rates",0.995454545454545
"empirical_rates",0.944954128440367
"empirical_rates",0.504545454545455
"empirical_rates",0.194570135746606
"empirical_rates",0
"empirical_rates",0.986425339366516
"empirical_rates",0
"empirical_rates",0.00452488687782805
"empirical_rates",0.0272727272727273
"empirical_rates",0
"empirical_rates",0.0271493212669683
"empirical_rates",0.00452488687782805
"empirical_rates",0.995475113122172
"empirical_rates",0
"empirical_rates",0.384615384615385
"empirical_rates",0
"empirical_rates",0.00452488687782805
"empirical_rates",0.0182648401826484
"empirical_rates",0.117647058823529
"empirical_rates",0
"empirical_rates",0.990990990990991
"empirical_rates",0.981735159817352
"empirical_rates",0
"empirical_rates",0.0135746606334842
"empirical_rates",0.153153153153153
"empirical_rates",0.0765765765765766
"empirical_rates",0
"empirical_rates",1
"empirical_rates",0.00909090909090909
"empirical_rates",1
"empirical_rates",0.630630630630631
"empirical_rates",0.0045045045045045
"empirical_rates",0.0315315315315315
"empirical_rates",0.990990990990991
"empirical_rates",0.990990990990991
"empirical_rates",0.0045045045045045
"empirical_rates",0.981981981981982
"empirical_rates",0.0045045045045045
"empirical_rates",0.495495495495495
"empirical_rates",0
"empirical_rates",0.288288288288288
"empirical_rates",0.0720720720720721
"empirical_rates",1
"empirical_rates",0
"empirical_rates",0.018018018018018
"empirical_rates",0.452488687782805
"empirical_rates",0
"empirical_rates",0
"empirical_rates",0.0315315315315315
"empirical_rates",0
"empirical_rates",0
"empirical_rates",0.968468468468468
"empirical_rates",0.0495495495495495
"empirical_rates",0
"empirical_rates",0.986425339366516
"empirical_rates",0
"empirical_rates",0
"empirical_rates",0.405405405405405
"empirical_rates",0
"empirical_rates",0.0045045045045045
"empirical_rates",0.144144144144144
"empirical_rates",0
"empirical_rates",0.00452488687782805
"empirical_rates",0.0863636363636364
"empirical_rates",0.0818181818181818
"empirical_rates",0.0315315315315315
"empirical_rates",0.0045045045045045
"empirical_rates",0
"empirical_rates",0.225225225225225
"empirical_rates",0.018018018018018
"empirical_rates",0.184684684684685
"empirical_rates",0.513513513513513
"empirical_rates",0
"empirical_rates",0.0045045045045045
"empirical_rates",0
"empirical_rates",0.0855855855855856
"empirical_rates",0.990990990990991
"empirical_rates",0.990990990990991
"empirical_rates",0.0272727272727273
"empirical_rates",0
"empirical_rates",0.0818181818181818
"empirical_rates",0.0045045045045045
"empirical_rates",0
"empirical_rates",0
"empirical_rates",0.0315315315315315
"empirical_rates",0.292792792792793
"empirical_rates",0.0636363636363636
"empirical_rates",0.968468468468468
"empirical_rates",0.369369369369369
"empirical_rates",0.472972972972973
"empirical_rates",0.0135135135135135
"empirical_rates",0.0315315315315315
"empirical_rates",0.986486486486487
"empirical_rates",0
"empirical_rates",0.0409090909090909
"empirical_rates",0
"empirical_rates",0.027027027027027
"empirical_rates",1
"empirical_rates",0
"empirical_rates",0.990950226244344
"empirical_rates",0.977477477477477
"empirical_rates",0
"empirical_rates",0.977272727272727
"empirical_rates",0
"empirical_rates",0.918918918918919
"empirical_rates",0.972850678733032
"empirical_rates",0.0227272727272727
"empirical_rates",0.0590909090909091
"empirical_rates",0.990950226244344
"empirical_rates",0.529411764705882
"empirical_rates",0
"empirical_rates",0.244343891402715
"empirical_rates",0.986425339366516
"empirical_rates",0.14027149321267
"empirical_rates",0.0136363636363636
"empirical_rates",0.253393665158371
"empirical_rates",0.986425339366516
"empirical_rates",0
"empirical_rates",0.0226244343891403
"empirical_rates",0.1
"empirical_rates",0.1
"empirical_rates",0.995475113122172
"empirical_rates",0
"empirical_rates",0.981981981981982
"empirical_rates",0.0045045045045045
"empirical_rates",0
"empirical_rates",0.990950226244344
"empirical_rates",0.0855855855855856
"empirical_rates",0
"empirical_rates",0.927927927927928
"empirical_rates",0.10958904109589
"empirical_rates",0
"empirical_rates",0.977477477477477
"empirical_rates",0.0945945945945946
"empirical_rates",0.104545454545455
"empirical_rates",0.126696832579186
"empirical_rates",0.981981981981982
"empirical_rates",0.986425339366516
"empirical_rates",1
"empirical_rates",0
"empirical_rates",0
"empirical_rates",0.00452488687782805
"empirical_rates",0.158371040723982
"empirical_rates",0.00904977375565611
"empirical_rates",0
"empirical_rates",0.981981981981982
"empirical_rates",0.171171171171171
"empirical_rates",0.0045045045045045
"empirical_rates",0.968468468468468
"empirical_rates",0.13963963963964
"empirical_rates",0
"empirical_rates",0.00900900900900901
"empirical_rates",0
"empirical_rates",0.40990990990991
"empirical_rates",0
"empirical_rates",0.675675675675676
"empirical_rates",0.981981981981982
"empirical_rates",0.95045045045045
"empirical_rates",0
"empirical_rates",0.995495495495496
"empirical_rates",0.027027027027027
"empirical_rates",0.0045045045045045
"empirical_rates",0.990990990990991
"empirical_rates",0.995475113122172
"empirical_rates",0
"empirical_rates",0
"empirical_rates",0.477477477477477
"empirical_rates",0.202702702702703
"empirical_rates",0.0630630630630631
"empirical_rates",0
"empirical_rates",0.995475113122172
"empirical_rates",0.045045045045045
"empirical_rates",0
"empirical_rates",0
"empirical_rates",0
"empirical_rates",0
"empirical_rates",0.990990990990991
"empirical_rates",0.18018018018018
"empirical_rates",0
"empirical_rates",0
"empirical_rates",1
"empirical_rates",0.350230414746544
"empirical_rates",0.986486486486487
"empirical_rates",0.018018018018018
"empirical_rates",0.976851851851852
"empirical_rates",0
"empirical_rates",0.981481481481482
"empirical_rates",0
"empirical_rates",0.990740740740741
"empirical_rates",0
"empirical_rates",0
"empirical_rates",0.12037037037037
"empirical_rates",0.0740740740740741
"empirical_rates",0.0185185185185185
"empirical_rates",0.99537037037037
"empirical_rates",0.995348837209302
"empirical_rates",0
"empirical_rates",1
"empirical_rates",0.199074074074074
"empirical_rates",0
"empirical_rates",0.972222222222222
"empirical_rates",0.995348837209302
"empirical_rates",0.0925925925925926
"empirical_rates",0
"empirical_rates",0.986111111111111
"empirical_rates",0
"empirical_rates",0
"empirical_rates",0.0185185185185185
"empirical_rates",0.0601851851851852
"empirical_rates",0
"empirical_rates",0
"empirical_rates",0.990740740740741
"empirical_rates",0.00925925925925926
"empirical_rates",0.00925925925925926
"empirical_rates",0
"empirical_rates",0
"empirical_rates",0
"empirical_rates",0.62037037037037
"empirical_rates",0
"empirical_rates",0
"empirical_rates",0.00462962962962963
"empirical_rates",0.958333333333333
"empirical_rates",0
"empirical_rates",0.162037037037037
"empirical_rates",0.509259259259259
"empirical_rates",0.935185185185185
"empirical_rates",0
"empirical_rates",0.0277777777777778
"empirical_rates",0.0138888888888889
"empirical_rates",0.990654205607477
"empirical_rates",0.305555555555556
"empirical_rates",0.268518518518519
"empirical_rates",0.944444444444444
"empirical_rates",0
"empirical_rates",0.0324074074074074
"empirical_rates",0.0509259259259259
"empirical_rates",0.641860465116279
"empirical_rates",0
"empirical_rates",0
"empirical_rates",0.0231481481481481
"empirical_rates",0.180851063829787
"empirical_rates",0.0106382978723404
"empirical_rates",0
"empirical_rates",0.0106382978723404
"empirical_rates",0.234042553191489
"empirical_rates",0
"empirical_rates",0
"empirical_rates",0.978723404255319
"empirical_rates",0
"empirical_rates",0
"empirical_rates",0
"empirical_rates",0.0860215053763441
"empirical_rates",0
"empirical_rates",0.425531914893617
"empirical_rates",0
"empirical_rates",0
"empirical_rates",0.0106382978723404
"empirical_rates",0.968085106382979
"empirical_rates",0.117021276595745
"empirical_rates",0
"empirical_rates",1
"empirical_rates",0
"empirical_rates",0
"empirical_rates",0.98936170212766
"empirical_rates",0
"empirical_rates",0.0212765957446809
"empirical_rates",0.0212765957446809
"empirical_rates",0
"empirical_rates",0.914893617021277
"empirical_rates",0
"empirical_rates",0.972222222222222
"empirical_rates",0.990740740740741
"empirical_rates",0.972093023255814
"empirical_rates",0.934883720930233
"empirical_rates",0.5
"empirical_rates",0.106481481481481
"empirical_rates",0.00462962962962963
"empirical_rates",0.981481481481482
"empirical_rates",0
"empirical_rates",0.00925925925925926
"empirical_rates",0
"empirical_rates",0
"empirical_rates",0.0138888888888889
"empirical_rates",0
"empirical_rates",0.972222222222222
"empirical_rates",0.00925925925925926
"empirical_rates",0.648148148148148
"empirical_rates",0
"empirical_rates",0
"empirical_rates",0.0232558139534884
"empirical_rates",0.143518518518519
"empirical_rates",0
"empirical_rates",0.981481481481482
"empirical_rates",0.990740740740741
"empirical_rates",0.00465116279069767
"empirical_rates",0
"empirical_rates",0.240740740740741
"empirical_rates",0.0138888888888889
"empirical_rates",0
"empirical_rates",0.986111111111111
"empirical_rates",0
"empirical_rates",1
"empirical_rates",0.699074074074074
"empirical_rates",0
"empirical_rates",0.087962962962963
"empirical_rates",0.981481481481482
"empirical_rates",0.953703703703704
"empirical_rates",0
"empirical_rates",0.981481481481482
"empirical_rates",0.00465116279069767
"empirical_rates",0.513888888888889
"empirical_rates",0
"empirical_rates",0.271028037383178
"empirical_rates",0.130232558139535
"empirical_rates",0.976851851851852
"empirical_rates",0
"empirical_rates",0.00925925925925926
"empirical_rates",0.393518518518519
"empirical_rates",0
"empirical_rates",0
"empirical_rates",0.0511627906976744
"empirical_rates",0.00465116279069767
"empirical_rates",0
"empirical_rates",0.995348837209302
"empirical_rates",0.0558139534883721
"empirical_rates",0.00465116279069767
"empirical_rates",0.944444444444444
"empirical_rates",0
"empirical_rates",0
"empirical_rates",0.227906976744186
"empirical_rates",0
"empirical_rates",0
"empirical_rates",0.12962962962963
"empirical_rates",0
"empirical_rates",0
"empirical_rates",0.0138888888888889
"empirical_rates",0.0324074074074074
"empirical_rates",0.0138888888888889
"empirical_rates",0
"empirical_rates",0
"empirical_rates",0.208333333333333
"empirical_rates",0
"empirical_rates",0.134259259259259
"empirical_rates",0.49537037037037
"empirical_rates",0
"empirical_rates",0
"empirical_rates",0.0138888888888889
"empirical_rates",0.0787037037037037
"empirical_rates",0.981481481481482
"empirical_rates",0.990740740740741
"empirical_rates",0.037037037037037
"empirical_rates",0
"empirical_rates",0.0787037037037037
"empirical_rates",0.00462962962962963
"empirical_rates",0
"empirical_rates",0
"empirical_rates",0.0233644859813084
"empirical_rates",0.328703703703704
"empirical_rates",0.0651162790697674
"empirical_rates",0.990740740740741
"empirical_rates",0.413953488372093
"empirical_rates",0.427906976744186
"empirical_rates",0.00930232558139535
"empirical_rates",0.00465116279069767
"empirical_rates",0.986046511627907
"empirical_rates",0
"empirical_rates",0.0930232558139535
"empirical_rates",0.00465116279069767
"empirical_rates",0.0697674418604651
"empirical_rates",0.990697674418605
"empirical_rates",0
"empirical_rates",0.986046511627907
"empirical_rates",0.981308411214953
"empirical_rates",0
"empirical_rates",0.967441860465116
"empirical_rates",0
"empirical_rates",0.939814814814815
"empirical_rates",0.967592592592593
"empirical_rates",0.00462962962962963
"empirical_rates",0.0558139534883721
"empirical_rates",0.981481481481482
"empirical_rates",0.555555555555556
"empirical_rates",0
"empirical_rates",0.087962962962963
"empirical_rates",1
"empirical_rates",0.180555555555556
"empirical_rates",0.0509259259259259
"empirical_rates",0.194444444444444
"empirical_rates",0.972222222222222
"empirical_rates",0
"empirical_rates",0.0186046511627907
"empirical_rates",0.101851851851852
"empirical_rates",0.111111111111111
"empirical_rates",0.972222222222222
"empirical_rates",0
"empirical_rates",0.990740740740741
"empirical_rates",0
"empirical_rates",0.00925925925925926
"empirical_rates",0.990654205607477
"empirical_rates",0.00462962962962963
"empirical_rates",0.00925925925925926
"empirical_rates",0.944444444444444
"empirical_rates",0.166666666666667
"empirical_rates",0
"empirical_rates",0.981481481481482
"empirical_rates",0.162037037037037
"empirical_rates",0.175925925925926
"empirical_rates",0.0744186046511628
"empirical_rates",1
"empirical_rates",0.99537037037037
"empirical_rates",0.986111111111111
"empirical_rates",0.00462962962962963
"empirical_rates",0
"empirical_rates",0.0558139534883721
"empirical_rates",0.144186046511628
"empirical_rates",0.00925925925925926
"empirical_rates",0
"empirical_rates",0.981481481481482
"empirical_rates",0.143518518518519
"empirical_rates",0.00925925925925926
"empirical_rates",0.976851851851852
"empirical_rates",0.101851851851852
"empirical_rates",0
"empirical_rates",0.0231481481481481
"empirical_rates",0
"empirical_rates",0.47906976744186
"empirical_rates",0.0185185185185185
"empirical_rates",0.837962962962963
"empirical_rates",0.986111111111111
"empirical_rates",0.990697674418605
"empirical_rates",0
"empirical_rates",0.986111111111111
"empirical_rates",0.0231481481481481
"empirical_rates",0
"empirical_rates",0.995348837209302
"empirical_rates",0.99537037037037
"empirical_rates",0
"empirical_rates",0.00462962962962963
"empirical_rates",0.296296296296296
"empirical_rates",0.157407407407407
"empirical_rates",0.0787037037037037
"empirical_rates",0
"empirical_rates",0.986111111111111
"empirical_rates",0.0185185185185185
"empirical_rates",0
"empirical_rates",0
"empirical_rates",0
"empirical_rates",0
"empirical_rates",0.972222222222222
"empirical_rates",0.0601851851851852
"empirical_rates",0
"empirical_rates",0
"empirical_rates",0.976851851851852
"empirical_rates",0.282407407407407
"empirical_rates",0.986111111111111
"empirical_rates",0.0555555555555556
"empirical_rates",1
"empirical_rates",0
"empirical_rates",0.990430622009569
"empirical_rates",0.00956937799043062
"empirical_rates",0.995215311004785
"empirical_rates",0
"empirical_rates",0.00956937799043062
"empirical_rates",0.354066985645933
"empirical_rates",0.0430622009569378
"empirical_rates",0.0191387559808612
"empirical_rates",0.990430622009569
"empirical_rates",0.976076555023923
"empirical_rates",0
"empirical_rates",0.995215311004785
"empirical_rates",0.167464114832536
"empirical_rates",0
"empirical_rates",0.985645933014354
"empirical_rates",0.971291866028708
"empirical_rates",0.129186602870813
"empirical_rates",0.0430622009569378
"empirical_rates",0.976076555023923
"empirical_rates",0
"empirical_rates",0
"empirical_rates",0.0143540669856459
"empirical_rates",0.0334928229665072
"empirical_rates",0.00478468899521531
"empirical_rates",0
"empirical_rates",0.980861244019139
"empirical_rates",0
"empirical_rates",0.0526315789473684
"empirical_rates",0
"empirical_rates",0
"empirical_rates",0
"empirical_rates",0.511961722488038
"empirical_rates",0.00478468899521531
"empirical_rates",0
"empirical_rates",0.00480769230769231
"empirical_rates",0.985576923076923
"empirical_rates",0
"empirical_rates",0.153846153846154
"empirical_rates",0.36231884057971
"empirical_rates",0.903846153846154
"empirical_rates",0
"empirical_rates",0.0193236714975845
"empirical_rates",0.0144927536231884
"empirical_rates",0.985294117647059
"empirical_rates",0.305825242718447
"empirical_rates",0.169902912621359
"empirical_rates",0.970873786407767
"empirical_rates",0.00485436893203883
"empirical_rates",0.029126213592233
"empirical_rates",0.0145631067961165
"empirical_rates",0.736585365853659
"empirical_rates",0
"empirical_rates",0
"empirical_rates",0.0145631067961165
"empirical_rates",0.0289855072463768
"empirical_rates",0
"empirical_rates",0
"empirical_rates",0.0483091787439614
"empirical_rates",0.246376811594203
"empirical_rates",0
"empirical_rates",0
"empirical_rates",0.995169082125604
"empirical_rates",0.00483091787439614
"empirical_rates",0.00483091787439614
"empirical_rates",0.00483091787439614
"empirical_rates",0.27536231884058
"empirical_rates",0.00966183574879227
"empirical_rates",0.466346153846154
"empirical_rates",0
"empirical_rates",0
"empirical_rates",0.0143540669856459
"empirical_rates",0.990430622009569
"empirical_rates",0.191387559808612
"empirical_rates",0
"empirical_rates",0.985645933014354
"empirical_rates",0.00483091787439614
"empirical_rates",0
"empirical_rates",0.976076555023923
"empirical_rates",0
"empirical_rates",0.0813397129186603
"empirical_rates",0.0382775119617225
"empirical_rates",0
"empirical_rates",0.966346153846154
"empirical_rates",0.00961538461538462
"empirical_rates",0.985645933014354
"empirical_rates",0.980769230769231
"empirical_rates",0.966183574879227
"empirical_rates",0.927536231884058
"empirical_rates",0.483253588516746
"empirical_rates",0.229665071770335
"empirical_rates",0.00956937799043062
"empirical_rates",0.990430622009569
"empirical_rates",0.00478468899521531
"empirical_rates",0.0143540669856459
"empirical_rates",0
"empirical_rates",0
"empirical_rates",0.0430622009569378
"empirical_rates",0
"empirical_rates",0.985645933014354
"empirical_rates",0.0239234449760766
"empirical_rates",0.392344497607655
"empirical_rates",0.00478468899521531
"empirical_rates",0
"empirical_rates",0.0334928229665072
"empirical_rates",0.229665071770335
"empirical_rates",0.00956937799043062
"empirical_rates",0.961722488038278
"empirical_rates",0.966507177033493
"empirical_rates",0
"empirical_rates",0.00478468899521531
"empirical_rates",0.133971291866029
"empirical_rates",0.0478468899521531
"empirical_rates",0.00478468899521531
"empirical_rates",0.980861244019139
"empirical_rates",0.00480769230769231
"empirical_rates",0.995215311004785
"empirical_rates",0.83732057416268
"empirical_rates",0
"empirical_rates",0.277511961722488
"empirical_rates",0.985645933014354
"empirical_rates",0.985645933014354
"empirical_rates",0
"empirical_rates",0.995215311004785
"empirical_rates",0.00956937799043062
"empirical_rates",0.583732057416268
"empirical_rates",0
"empirical_rates",0.22488038277512
"empirical_rates",0.062200956937799
"empirical_rates",0.976076555023923
"empirical_rates",0
"empirical_rates",0.00478468899521531
"empirical_rates",0.454545454545455
"empirical_rates",0.00956937799043062
"empirical_rates",0
"empirical_rates",0.0526315789473684
"empirical_rates",0.00478468899521531
"empirical_rates",0
"empirical_rates",0.995215311004785
"empirical_rates",0.0478468899521531
"empirical_rates",0
"empirical_rates",0.995215311004785
"empirical_rates",0
"empirical_rates",0
"empirical_rates",0.408653846153846
"empirical_rates",0
"empirical_rates",0.00478468899521531
"empirical_rates",0.119617224880383
"empirical_rates",0
"empirical_rates",0
"empirical_rates",0.0334928229665072
"empirical_rates",0.00956937799043062
"empirical_rates",0.062200956937799
"empirical_rates",0.0478468899521531
"empirical_rates",0.0143540669856459
"empirical_rates",0.0813397129186603
"empirical_rates",0
"empirical_rates",0.143540669856459
"empirical_rates",0.45933014354067
"empirical_rates",0.00478468899521531
"empirical_rates",0
"empirical_rates",0
"empirical_rates",0.100961538461538
"empirical_rates",0.980861244019139
"empirical_rates",0.995215311004785
"empirical_rates",0.0239234449760766
"empirical_rates",0.00478468899521531
"empirical_rates",0.0669856459330144
"empirical_rates",0
"empirical_rates",0
"empirical_rates",0
"empirical_rates",0.00478468899521531
"empirical_rates",0.244019138755981
"empirical_rates",0.0956937799043062
"empirical_rates",0.995215311004785
"empirical_rates",0.430622009569378
"empirical_rates",0.578947368421053
"empirical_rates",0.00478468899521531
"empirical_rates",0.0334928229665072
"empirical_rates",0.990430622009569
"empirical_rates",0.00478468899521531
"empirical_rates",0.105263157894737
"empirical_rates",0
"empirical_rates",0.0334928229665072
"empirical_rates",0.980769230769231
"empirical_rates",0.0239234449760766
"empirical_rates",1
"empirical_rates",0.971153846153846
"empirical_rates",0
"empirical_rates",0.990430622009569
"empirical_rates",0
"empirical_rates",0.933014354066986
"empirical_rates",0.947368421052632
"empirical_rates",0
"empirical_rates",0.062200956937799
"empirical_rates",0.980861244019139
"empirical_rates",0.645933014354067
"empirical_rates",0
"empirical_rates",0.129186602870813
"empirical_rates",0.985645933014354
"empirical_rates",0.200956937799043
"empirical_rates",0.00478468899521531
"empirical_rates",0.272727272727273
"empirical_rates",0.990430622009569
"empirical_rates",0
"empirical_rates",0.0191387559808612
"empirical_rates",0.168269230769231
"empirical_rates",0.114832535885167
"empirical_rates",0.980861244019139
"empirical_rates",0.00956937799043062
"empirical_rates",0.980861244019139
"empirical_rates",0
"empirical_rates",0.00478468899521531
"empirical_rates",1
"empirical_rates",0.0143540669856459
"empirical_rates",0.00478468899521531
"empirical_rates",0.889952153110048
"empirical_rates",0.202898550724638
"empirical_rates",0.00956937799043062
"empirical_rates",0.956937799043062
"empirical_rates",0.0956937799043062
"empirical_rates",0.188405797101449
"empirical_rates",0.0825242718446602
"empirical_rates",0.995215311004785
"empirical_rates",0.976076555023923
"empirical_rates",0.990430622009569
"empirical_rates",0.0191387559808612
"empirical_rates",0
"empirical_rates",0.0191387559808612
"empirical_rates",0.0956937799043062
"empirical_rates",0.00478468899521531
"empirical_rates",0
"empirical_rates",0.995192307692308
"empirical_rates",0.196172248803828
"empirical_rates",0.00956937799043062
"empirical_rates",0.947368421052632
"empirical_rates",0.105263157894737
"empirical_rates",0.00478468899521531
"empirical_rates",0.00480769230769231
"empirical_rates",0
"empirical_rates",0.37799043062201
"empirical_rates",0.0191387559808612
"empirical_rates",0.717703349282297
"empirical_rates",0.966507177033493
"empirical_rates",0.995215311004785
"empirical_rates",0
"empirical_rates",0.976076555023923
"empirical_rates",0.0478468899521531
"empirical_rates",0
"empirical_rates",0.980861244019139
"empirical_rates",0.985645933014354
"empirical_rates",0.00478468899521531
"empirical_rates",0
"empirical_rates",0.272727272727273
"empirical_rates",0.105263157894737
"empirical_rates",0.0239234449760766
"empirical_rates",0
"empirical_rates",0.995215311004785
"empirical_rates",0.0717703349282297
"empirical_rates",0
"empirical_rates",0.00478468899521531
"empirical_rates",0
"empirical_rates",0
"empirical_rates",0.966507177033493
"empirical_rates",0.076555023923445
"empirical_rates",0
"empirical_rates",0.0526315789473684
"empirical_rates",1
"empirical_rates",0.200956937799043
"empirical_rates",0.990384615384615
"empirical_rates",0.0574162679425837
"empirical_rates",0.971153846153846
"empirical_rates",0
"empirical_rates",0.971014492753623
"empirical_rates",0
"empirical_rates",0.995192307692308
"empirical_rates",0.00483091787439614
"empirical_rates",0
"empirical_rates",0.134615384615385
"empirical_rates",0.00480769230769231
"empirical_rates",0
"empirical_rates",0.966346153846154
"empirical_rates",0.961538461538462
"empirical_rates",0.00480769230769231
"empirical_rates",0.990384615384615
"empirical_rates",0.140776699029126
"empirical_rates",0
"empirical_rates",0.980676328502415
"empirical_rates",0.956730769230769
"empirical_rates",0.0913461538461538
"empirical_rates",0.00961538461538462
"empirical_rates",0.985576923076923
"empirical_rates",0.00961538461538462
"empirical_rates",0
"empirical_rates",0.00480769230769231
"empirical_rates",0
"empirical_rates",0
"empirical_rates",0
"empirical_rates",0.985576923076923
"empirical_rates",0.0144230769230769
"empirical_rates",0.0240384615384615
"empirical_rates",0
"empirical_rates",0.00961538461538462
"empirical_rates",0.00480769230769231
"empirical_rates",0.552884615384615
"empirical_rates",0
"empirical_rates",0
"empirical_rates",0.0144230769230769
"empirical_rates",0.980769230769231
"empirical_rates",0
"empirical_rates",0.0384615384615385
"empirical_rates",0.379807692307692
"empirical_rates",0.975845410628019
"empirical_rates",0
"empirical_rates",0
"empirical_rates",0.0384615384615385
"empirical_rates",0.990384615384615
"empirical_rates",0.173913043478261
"empirical_rates",0.168269230769231
"empirical_rates",0.995192307692308
"empirical_rates",0
"empirical_rates",0.0192307692307692
"empirical_rates",0.00961538461538462
"empirical_rates",0.58252427184466
"empirical_rates",0
"empirical_rates",0
"empirical_rates",0.0961538461538462
"empirical_rates",0.0625
"empirical_rates",0
"empirical_rates",0
"empirical_rates",0.0336538461538462
"empirical_rates",0.260869565217391
"empirical_rates",0
"empirical_rates",0.0144230769230769
"empirical_rates",0.995192307692308
"empirical_rates",0.00483091787439614
"empirical_rates",0
"empirical_rates",0
"empirical_rates",0.198067632850242
"empirical_rates",0.00961538461538462
"empirical_rates",0.405797101449275
"empirical_rates",0
"empirical_rates",0
"empirical_rates",0.00961538461538462
"empirical_rates",0.980769230769231
"empirical_rates",0.216346153846154
"empirical_rates",0
"empirical_rates",0.985576923076923
"empirical_rates",0
"empirical_rates",0
"empirical_rates",0.990384615384615
"empirical_rates",0.0144230769230769
"empirical_rates",0.0721153846153846
"empirical_rates",0.0240384615384615
"empirical_rates",0
"empirical_rates",0.932367149758454
"empirical_rates",0
"empirical_rates",0.975845410628019
"empirical_rates",0.975961538461538
"empirical_rates",0.966346153846154
"empirical_rates",0.894230769230769
"empirical_rates",0.471153846153846
"empirical_rates",0.100961538461538
"empirical_rates",0.00480769230769231
"empirical_rates",0.980769230769231
"empirical_rates",0.00480769230769231
"empirical_rates",0.00961538461538462
"empirical_rates",0
"empirical_rates",0
"empirical_rates",0.274038461538462
"empirical_rates",0
"empirical_rates",0.966346153846154
"empirical_rates",0.0240384615384615
"empirical_rates",0.620192307692308
"empirical_rates",0.00480769230769231
"empirical_rates",0
"empirical_rates",0.0485436893203883
"empirical_rates",0.120192307692308
"empirical_rates",0
"empirical_rates",0.985576923076923
"empirical_rates",0.95631067961165
"empirical_rates",0
"empirical_rates",0.00480769230769231
"empirical_rates",0.403846153846154
"empirical_rates",0.00480769230769231
"empirical_rates",0.0144927536231884
"empirical_rates",0.975961538461538
"empirical_rates",0
"empirical_rates",0.985507246376812
"empirical_rates",0.831730769230769
"empirical_rates",0
"empirical_rates",0.0528846153846154
"empirical_rates",0.990338164251208
"empirical_rates",1
"empirical_rates",0.00480769230769231
"empirical_rates",0.995192307692308
"empirical_rates",0.00966183574879227
"empirical_rates",0.504807692307692
"empirical_rates",0
"empirical_rates",0.328502415458937
"empirical_rates",0.0869565217391304
"empirical_rates",1
"empirical_rates",0
"empirical_rates",0.00480769230769231
"empirical_rates",0.567961165048544
"empirical_rates",0.00480769230769231
"empirical_rates",0
"empirical_rates",0.00480769230769231
"empirical_rates",0.0144230769230769
"empirical_rates",0
"empirical_rates",0.990384615384615
"empirical_rates",0.0961538461538462
"empirical_rates",0
"empirical_rates",0.971153846153846
"empirical_rates",0.00480769230769231
"empirical_rates",0
"empirical_rates",0.384615384615385
"empirical_rates",0
"empirical_rates",0
"empirical_rates",0.105769230769231
"empirical_rates",0
"empirical_rates",0.00480769230769231
"empirical_rates",0.0384615384615385
"empirical_rates",0
"empirical_rates",0.00961538461538462
"empirical_rates",0
"empirical_rates",0
"empirical_rates",0.163461538461538
"empirical_rates",0
"empirical_rates",0.173076923076923
"empirical_rates",0.326923076923077
"empirical_rates",0
"empirical_rates",0
"empirical_rates",0
"empirical_rates",0.0721153846153846
"empirical_rates",0.990384615384615
"empirical_rates",0.985576923076923
"empirical_rates",0.0480769230769231
"empirical_rates",0
"empirical_rates",0.0961538461538462
"empirical_rates",0.00480769230769231
"empirical_rates",0
"empirical_rates",0
"empirical_rates",0.0240384615384615
"empirical_rates",0.427884615384615
"empirical_rates",0.0531400966183575
"empirical_rates",0.995169082125604
"empirical_rates",0.336538461538462
"empirical_rates",0.451923076923077
"empirical_rates",0.0625
"empirical_rates",0.0144230769230769
"empirical_rates",0.980769230769231
"empirical_rates",0
"empirical_rates",0.134615384615385
"empirical_rates",0
"empirical_rates",0.0240384615384615
"empirical_rates",1
"empirical_rates",0
"empirical_rates",0.985507246376812
"empirical_rates",0.980769230769231
"empirical_rates",0
"empirical_rates",0.985576923076923
"empirical_rates",0
"empirical_rates",0.923076923076923
"empirical_rates",0.956730769230769
"empirical_rates",0.00480769230769231
"empirical_rates",0.0144230769230769
"empirical_rates",1
"empirical_rates",0.634615384615385
"empirical_rates",0
"empirical_rates",0.388349514563107
"empirical_rates",0.990384615384615
"empirical_rates",0.221153846153846
"empirical_rates",0
"empirical_rates",0.21256038647343
"empirical_rates",0.980769230769231
"empirical_rates",0
"empirical_rates",0.0144230769230769
"empirical_rates",0.163461538461538
"empirical_rates",0.0817307692307692
"empirical_rates",0.990384615384615
"empirical_rates",0
"empirical_rates",0.990384615384615
"empirical_rates",0.00483091787439614
"empirical_rates",0.0288461538461538
"empirical_rates",1
"empirical_rates",0.00961538461538462
"empirical_rates",0.00480769230769231
"empirical_rates",0.932692307692308
"empirical_rates",0.14975845410628
"empirical_rates",0.00483091787439614
"empirical_rates",0.985576923076923
"empirical_rates",0.0817307692307692
"empirical_rates",0.106280193236715
"empirical_rates",0.0673076923076923
"empirical_rates",0.995192307692308
"empirical_rates",0.971153846153846
"empirical_rates",0.990384615384615
"empirical_rates",0
"empirical_rates",0
"empirical_rates",0.0673076923076923
"empirical_rates",0.0913461538461538
"empirical_rates",0.0240384615384615
"empirical_rates",0
"empirical_rates",0.995192307692308
"empirical_rates",0.0817307692307692
"empirical_rates",0.00961538461538462
"empirical_rates",0.995192307692308
"empirical_rates",0.105769230769231
"empirical_rates",0
"empirical_rates",0.0192307692307692
"empirical_rates",0.00480769230769231
"empirical_rates",0.326923076923077
"empirical_rates",0.00961538461538462
"empirical_rates",0.735576923076923
"empirical_rates",0.980769230769231
"empirical_rates",0.990384615384615
"empirical_rates",0
"empirical_rates",0.985576923076923
"empirical_rates",0.0192307692307692
"empirical_rates",0
"empirical_rates",0.995169082125604
"empirical_rates",0.980769230769231
"empirical_rates",0
"empirical_rates",0
"empirical_rates",0.495192307692308
"empirical_rates",0.153846153846154
"empirical_rates",0.0721153846153846
"empirical_rates",0.00480769230769231
"empirical_rates",0.995192307692308
"empirical_rates",0.0961538461538462
"empirical_rates",0
"empirical_rates",0.00480769230769231
"empirical_rates",0
"empirical_rates",0
"empirical_rates",0.961538461538462
"empirical_rates",0.0961538461538462
"empirical_rates",0
"empirical_rates",0
"empirical_rates",0.995192307692308
"empirical_rates",0.192307692307692
"empirical_rates",0.990384615384615
"empirical_rates",0.0144230769230769
"empirical_rates",0.994949494949495
"empirical_rates",0
"empirical_rates",0.974619289340102
"empirical_rates",0.00505050505050505
"empirical_rates",0.984924623115578
"empirical_rates",0
"empirical_rates",0.00505050505050505
"empirical_rates",0.0703517587939698
"empirical_rates",0.0251256281407035
"empirical_rates",0.0150753768844221
"empirical_rates",0.949748743718593
"empirical_rates",0.979899497487437
"empirical_rates",0
"empirical_rates",0.979899497487437
"empirical_rates",0.175879396984925
"empirical_rates",0
"empirical_rates",0.979899497487437
"empirical_rates",0.979899497487437
"empirical_rates",0.180904522613065
"empirical_rates",0.0050251256281407
"empirical_rates",0.974874371859296
"empirical_rates",0
"empirical_rates",0
"empirical_rates",0.0100502512562814
"empirical_rates",0.0603015075376884
"empirical_rates",0.0050251256281407
"empirical_rates",0
"empirical_rates",0.979899497487437
"empirical_rates",0.0150753768844221
"empirical_rates",0.0351758793969849
"empirical_rates",0
"empirical_rates",0
"empirical_rates",0
"empirical_rates",0.457286432160804
"empirical_rates",0
"empirical_rates",0.00505050505050505
"empirical_rates",0
"empirical_rates",0.944723618090452
"empirical_rates",0
"empirical_rates",0.0753768844221105
"empirical_rates",0.381909547738693
"empirical_rates",0.949748743718593
"empirical_rates",0
"empirical_rates",0
"empirical_rates",0.0552763819095477
"empirical_rates",0.969849246231156
"empirical_rates",0.237373737373737
"empirical_rates",0.160804020100503
"empirical_rates",0.994974874371859
"empirical_rates",0
"empirical_rates",0.0656565656565657
"empirical_rates",0.0150753768844221
"empirical_rates",0.537688442211055
"empirical_rates",0
"empirical_rates",0
"empirical_rates",0.0201005025125628
"empirical_rates",0.0251256281407035
"empirical_rates",0
"empirical_rates",0.0101522842639594
"empirical_rates",0.0251256281407035
"empirical_rates",0.316582914572864
"empirical_rates",0
"empirical_rates",0
"empirical_rates",1
"empirical_rates",0
"empirical_rates",0
"empirical_rates",0
"empirical_rates",0.182741116751269
"empirical_rates",0.0100502512562814
"empirical_rates",0.532663316582915
"empirical_rates",0
"empirical_rates",0.0050251256281407
"empirical_rates",0.0150753768844221
"empirical_rates",0.994974874371859
"empirical_rates",0.231155778894472
"empirical_rates",0.0050251256281407
"empirical_rates",0.994974874371859
"empirical_rates",0
"empirical_rates",0
"empirical_rates",1
"empirical_rates",0
"empirical_rates",0.0653266331658292
"empirical_rates",0.0402010050251256
"empirical_rates",0
"empirical_rates",0.944723618090452
"empirical_rates",0.0050251256281407
"empirical_rates",0.994974874371859
"empirical_rates",0.994974874371859
"empirical_rates",0.964824120603015
"empirical_rates",0.934673366834171
"empirical_rates",0.532663316582915
"empirical_rates",0.0904522613065327
"empirical_rates",0.0050251256281407
"empirical_rates",0.984924623115578
"empirical_rates",0
"empirical_rates",0.0100502512562814
"empirical_rates",0
"empirical_rates",0
"empirical_rates",0.0552763819095477
"empirical_rates",0
"empirical_rates",0.974874371859296
"empirical_rates",0.0151515151515152
"empirical_rates",0.467336683417085
"empirical_rates",0
"empirical_rates",0
"empirical_rates",0.0353535353535354
"empirical_rates",0.100502512562814
"empirical_rates",0.0050251256281407
"empirical_rates",1
"empirical_rates",0.974874371859296
"empirical_rates",0.0050251256281407
"empirical_rates",0.0050251256281407
"empirical_rates",0.160804020100503
"empirical_rates",0.0251256281407035
"empirical_rates",0.0050251256281407
"empirical_rates",0.989949748743719
"empirical_rates",0
"empirical_rates",0.984924623115578
"empirical_rates",0.698492462311558
"empirical_rates",0.0050251256281407
"empirical_rates",0.0653266331658292
"empirical_rates",0.994974874371859
"empirical_rates",0.97979797979798
"empirical_rates",0.201005025125628
"empirical_rates",0.989949748743719
"empirical_rates",0.0202020202020202
"empirical_rates",0.628140703517588
"empirical_rates",0
"empirical_rates",0.226130653266332
"empirical_rates",0.050251256281407
"empirical_rates",0.989949748743719
"empirical_rates",0
"empirical_rates",0.0050251256281407
"empirical_rates",0.577889447236181
"empirical_rates",0.0050251256281407
"empirical_rates",0
"empirical_rates",0.0150753768844221
"empirical_rates",0
"empirical_rates",0
"empirical_rates",0.974874371859296
"empirical_rates",0.0552763819095477
"empirical_rates",0
"empirical_rates",1
"empirical_rates",0
"empirical_rates",0.0050761421319797
"empirical_rates",0.383838383838384
"empirical_rates",0
"empirical_rates",0.0100502512562814
"empirical_rates",0.0804020100502513
"empirical_rates",0.0050251256281407
"empirical_rates",0.0050251256281407
"empirical_rates",0.0402010050251256
"empirical_rates",0.0050251256281407
"empirical_rates",0.085427135678392
"empirical_rates",0
"empirical_rates",0
"empirical_rates",0.170854271356784
"empirical_rates",0.0050251256281407
"empirical_rates",0.170854271356784
"empirical_rates",0.321608040201005
"empirical_rates",0
"empirical_rates",0.0100502512562814
"empirical_rates",0.0100502512562814
"empirical_rates",0.135678391959799
"empirical_rates",0.994974874371859
"empirical_rates",0.984924623115578
"empirical_rates",0.0050251256281407
"empirical_rates",0.0100502512562814
"empirical_rates",0.0954773869346734
"empirical_rates",0
"empirical_rates",0
"empirical_rates",0
"empirical_rates",0.0101010101010101
"empirical_rates",0.386934673366834
"empirical_rates",0.0351758793969849
"empirical_rates",0.984924623115578
"empirical_rates",0.396984924623116
"empirical_rates",0.452261306532663
"empirical_rates",0.0150753768844221
"empirical_rates",0.0201005025125628
"empirical_rates",0.984924623115578
"empirical_rates",0.0100502512562814
"empirical_rates",0.0351758793969849
"empirical_rates",0.00505050505050505
"empirical_rates",0.0251256281407035
"empirical_rates",0.98989898989899
"empirical_rates",0.00505050505050505
"empirical_rates",0.979899497487437
"empirical_rates",0.984924623115578
"empirical_rates",0.0101010101010101
"empirical_rates",0.994949494949495
"empirical_rates",0
"empirical_rates",0.928934010152284
"empirical_rates",0.964646464646465
"empirical_rates",0.00505050505050505
"empirical_rates",0.0858585858585859
"empirical_rates",0.98989898989899
"empirical_rates",0.636363636363636
"empirical_rates",0
"empirical_rates",0.0964467005076142
"empirical_rates",0.97979797979798
"empirical_rates",0.262626262626263
"empirical_rates",0
"empirical_rates",0.171717171717172
"empirical_rates",0.994949494949495
"empirical_rates",0
"empirical_rates",0.0555555555555556
"empirical_rates",0.147208121827411
"empirical_rates",0.101010101010101
"empirical_rates",0.984848484848485
"empirical_rates",0.00505050505050505
"empirical_rates",0.98989898989899
"empirical_rates",0
"empirical_rates",0
"empirical_rates",0.984771573604061
"empirical_rates",0.0252525252525253
"empirical_rates",0
"empirical_rates",0.929292929292929
"empirical_rates",0.111675126903553
"empirical_rates",0
"empirical_rates",0.974747474747475
"empirical_rates",0.095959595959596
"empirical_rates",0.101010101010101
"empirical_rates",0.0808080808080808
"empirical_rates",0.98989898989899
"empirical_rates",0.984771573604061
"empirical_rates",0.994949494949495
"empirical_rates",0
"empirical_rates",0
"empirical_rates",0.0101010101010101
"empirical_rates",0.0606060606060606
"empirical_rates",0.0252525252525253
"empirical_rates",0
"empirical_rates",0.989949748743719
"empirical_rates",0.14070351758794
"empirical_rates",0.050251256281407
"empirical_rates",0.964824120603015
"empirical_rates",0.100502512562814
"empirical_rates",0.0050251256281407
"empirical_rates",0.0402010050251256
"empirical_rates",0
"empirical_rates",0.522613065326633
"empirical_rates",0.0100502512562814
"empirical_rates",0.804020100502513
"empirical_rates",0.979899497487437
"empirical_rates",0.979899497487437
"empirical_rates",0
"empirical_rates",0.984924623115578
"empirical_rates",0.0402010050251256
"empirical_rates",0
"empirical_rates",1
"empirical_rates",0.994949494949495
"empirical_rates",0.0100502512562814
"empirical_rates",0.0050251256281407
"empirical_rates",0.35678391959799
"empirical_rates",0.0954773869346734
"empirical_rates",0.0351758793969849
"empirical_rates",0
"empirical_rates",0.984924623115578
"empirical_rates",0.0804020100502513
"empirical_rates",0.0050251256281407
"empirical_rates",0
"empirical_rates",0
"empirical_rates",0
"empirical_rates",0.969849246231156
"empirical_rates",0.0251256281407035
"empirical_rates",0
"empirical_rates",0
"empirical_rates",0.994974874371859
"empirical_rates",0.296482412060302
"empirical_rates",0.994974874371859
"empirical_rates",0.0150753768844221
"empirical_rates",0.974874371859296
"empirical_rates",0
"empirical_rates",0.989949748743719
"empirical_rates",0
"empirical_rates",1
"empirical_rates",0
"empirical_rates",0.0150753768844221
"empirical_rates",0.130653266331658
"empirical_rates",0.0201005025125628
"empirical_rates",0.0251256281407035
"empirical_rates",0.964824120603015
"empirical_rates",0.989949748743719
"empirical_rates",0
"empirical_rates",0.994974874371859
"empirical_rates",0.266331658291457
"empirical_rates",0
"empirical_rates",1
"empirical_rates",0.989949748743719
"empirical_rates",0.126262626262626
"empirical_rates",0
"empirical_rates",0.994974874371859
"empirical_rates",0.0100502512562814
"empirical_rates",0
"empirical_rates",0.0050251256281407
"empirical_rates",0
"empirical_rates",0
"empirical_rates",0
"empirical_rates",0.994974874371859
"empirical_rates",0.0251256281407035
"empirical_rates",0.0150753768844221
"empirical_rates",0
"empirical_rates",0.0050251256281407
"empirical_rates",0
"empirical_rates",0.608040201005025
"empirical_rates",0
"empirical_rates",0
"empirical_rates",0.0100502512562814
"empirical_rates",0.974874371859296
"empirical_rates",0
"empirical_rates",0.085427135678392
"empirical_rates",0.402010050251256
"empirical_rates",0.939698492462312
"empirical_rates",0
"empirical_rates",0
"empirical_rates",0.0100502512562814
"empirical_rates",1
"empirical_rates",0.190954773869347
"empirical_rates",0.0954773869346734
"empirical_rates",0.979899497487437
"empirical_rates",0.050251256281407
"empirical_rates",0.0150753768844221
"empirical_rates",0.0150753768844221
"empirical_rates",0.597989949748744
"empirical_rates",0
"empirical_rates",0
"empirical_rates",0.0653266331658292
"empirical_rates",0.0353535353535354
"empirical_rates",0
"empirical_rates",0
"empirical_rates",0.0808080808080808
"empirical_rates",0.287878787878788
"empirical_rates",0.00505050505050505
"empirical_rates",0.00505050505050505
"empirical_rates",1
"empirical_rates",0.0151515151515152
"empirical_rates",0.0101010101010101
"empirical_rates",0
"empirical_rates",0.156565656565657
"empirical_rates",0.0202020202020202
"empirical_rates",0.323232323232323
"empirical_rates",0
"empirical_rates",0.0355329949238579
"empirical_rates",0.0353535353535354
"empirical_rates",1
"empirical_rates",0.0656565656565657
"empirical_rates",0
"empirical_rates",0.98989898989899
"empirical_rates",0
"empirical_rates",0
"empirical_rates",1
"empirical_rates",0
"empirical_rates",0.0151515151515152
"empirical_rates",0.0202020202020202
"empirical_rates",0
"empirical_rates",0.964646464646465
"empirical_rates",0
"empirical_rates",0.96969696969697
"empirical_rates",0.994949494949495
"empirical_rates",0.984848484848485
"empirical_rates",0.934010152284264
"empirical_rates",0.409090909090909
"empirical_rates",0.222222222222222
"empirical_rates",0
"empirical_rates",1
"empirical_rates",0.00505050505050505
"empirical_rates",0.0101010101010101
"empirical_rates",0
"empirical_rates",0
"empirical_rates",0.0555555555555556
"empirical_rates",0
"empirical_rates",0.974747474747475
"empirical_rates",0.00505050505050505
"empirical_rates",0.47979797979798
"empirical_rates",0.0050251256281407
"empirical_rates",0
"empirical_rates",0.0100502512562814
"empirical_rates",0.085427135678392
"empirical_rates",0.0351758793969849
"empirical_rates",0.979899497487437
"empirical_rates",0.994974874371859
"empirical_rates",0
"empirical_rates",0
"empirical_rates",0.150753768844221
"empirical_rates",0.0050251256281407
"empirical_rates",0.0050251256281407
"empirical_rates",0.964824120603015
"empirical_rates",0
"empirical_rates",1
"empirical_rates",0.717171717171717
"empirical_rates",0
"empirical_rates",0.0452261306532663
"empirical_rates",0.989949748743719
"empirical_rates",0.994974874371859
"empirical_rates",0.0201005025125628
"empirical_rates",0.989949748743719
"empirical_rates",0.0301507537688442
"empirical_rates",0.522613065326633
"empirical_rates",0
"empirical_rates",0.221105527638191
"empirical_rates",0.050251256281407
"empirical_rates",0.989949748743719
"empirical_rates",0
"empirical_rates",0.0351758793969849
"empirical_rates",0.336683417085427
"empirical_rates",0
"empirical_rates",0
"empirical_rates",0.0452261306532663
"empirical_rates",0.0050251256281407
"empirical_rates",0
"empirical_rates",0.989949748743719
"empirical_rates",0.130653266331658
"empirical_rates",0
"empirical_rates",0.984924623115578
"empirical_rates",0.0100502512562814
"empirical_rates",0
"empirical_rates",0.407035175879397
"empirical_rates",0
"empirical_rates",0
"empirical_rates",0.0552763819095477
"empirical_rates",0
"empirical_rates",0.0050251256281407
"empirical_rates",0.0452261306532663
"empirical_rates",0.0100502512562814
"empirical_rates",0.0150753768844221
"empirical_rates",0
"empirical_rates",0
"empirical_rates",0.120603015075377
"empirical_rates",0
"empirical_rates",0.121827411167513
"empirical_rates",0.292929292929293
"empirical_rates",0
"empirical_rates",0
"empirical_rates",0
"empirical_rates",0.106060606060606
"empirical_rates",1
"empirical_rates",1
"empirical_rates",0.0555555555555556
"empirical_rates",0.0101010101010101
"empirical_rates",0.0757575757575758
"empirical_rates",0
"empirical_rates",0
"empirical_rates",0.00505050505050505
"empirical_rates",0.065989847715736
"empirical_rates",0.47979797979798
"empirical_rates",0.0404040404040404
"empirical_rates",0.98989898989899
"empirical_rates",0.44949494949495
"empirical_rates",0.444444444444444
"empirical_rates",0.0100502512562814
"empirical_rates",0.0603015075376884
"empirical_rates",0.984924623115578
"empirical_rates",0.0050251256281407
"empirical_rates",0.0954773869346734
"empirical_rates",0
"empirical_rates",0.0301507537688442
"empirical_rates",1
"empirical_rates",0
"empirical_rates",0.964824120603015
"empirical_rates",0.989949748743719
"empirical_rates",0
"empirical_rates",0.97979797979798
"empirical_rates",0
"empirical_rates",0.964646464646465
"empirical_rates",0.954545454545455
"empirical_rates",0.00505050505050505
"empirical_rates",0.0202020202020202
"empirical_rates",0.989847715736041
"empirical_rates",0.616161616161616
"empirical_rates",0.00505050505050505
"empirical_rates",0.107142857142857
"empirical_rates",1
"empirical_rates",0.166666666666667
"empirical_rates",0
"empirical_rates",0.176767676767677
"empirical_rates",0.97979797979798
"empirical_rates",0
"empirical_rates",0
"empirical_rates",0.131313131313131
"empirical_rates",0.0710659898477157
"empirical_rates",0.98989898989899
"empirical_rates",0.00505050505050505
"empirical_rates",0.984848484848485
"empirical_rates",0
"empirical_rates",0
"empirical_rates",0.984771573604061
"empirical_rates",0.0100502512562814
"empirical_rates",0
"empirical_rates",0.954773869346734
"empirical_rates",0.130653266331658
"empirical_rates",0
"empirical_rates",0.984924623115578
"empirical_rates",0.185929648241206
"empirical_rates",0.185929648241206
"empirical_rates",0.120603015075377
"empirical_rates",0.979899497487437
"empirical_rates",0.994974874371859
"empirical_rates",0.984848484848485
"empirical_rates",0.0303030303030303
"empirical_rates",0
"empirical_rates",0
"empirical_rates",0.0757575757575758
"empirical_rates",0.0101010101010101
"empirical_rates",0
"empirical_rates",0.979899497487437
"empirical_rates",0.0904522613065327
"empirical_rates",0.0301507537688442
"empirical_rates",0.989949748743719
"empirical_rates",0.116161616161616
"empirical_rates",0
"empirical_rates",0.0201005025125628
"empirical_rates",0.0050251256281407
"empirical_rates",0.592964824120603
"empirical_rates",0.0100502512562814
"empirical_rates",0.768844221105528
"empirical_rates",0.984924623115578
"empirical_rates",0.994974874371859
"empirical_rates",0
"empirical_rates",0.989949748743719
"empirical_rates",0.0904522613065327
"empirical_rates",0.0050251256281407
"empirical_rates",0.994974874371859
"empirical_rates",0.989949748743719
"empirical_rates",0.0100502512562814
"empirical_rates",0
"empirical_rates",0.361809045226131
"empirical_rates",0.165829145728643
"empirical_rates",0
"empirical_rates",0
"empirical_rates",0.994974874371859
"empirical_rates",0.0603015075376884
"empirical_rates",0
"empirical_rates",0.0050251256281407
"empirical_rates",0
"empirical_rates",0
"empirical_rates",0.984924623115578
"empirical_rates",0.115577889447236
"empirical_rates",0
"empirical_rates",0.0050251256281407
"empirical_rates",0.989949748743719
"empirical_rates",0.276381909547739
"empirical_rates",0.994974874371859
"empirical_rates",0.050251256281407
"empirical_rates",0.969387755102041
"empirical_rates",0
"empirical_rates",0.98469387755102
"empirical_rates",0.00510204081632653
"empirical_rates",0.969387755102041
"empirical_rates",0.00512820512820513
"empirical_rates",0
"empirical_rates",0.112244897959184
"empirical_rates",0.0102040816326531
"empirical_rates",0.0255102040816327
"empirical_rates",0.989795918367347
"empirical_rates",0.989795918367347
"empirical_rates",0
"empirical_rates",0.994897959183674
"empirical_rates",0.23469387755102
"empirical_rates",0
"empirical_rates",0.98469387755102
"empirical_rates",0.969387755102041
"empirical_rates",0.142857142857143
"empirical_rates",0.0102564102564103
"empirical_rates",0.984615384615385
"empirical_rates",0.0102564102564103
"empirical_rates",0
"empirical_rates",0.0102040816326531
"empirical_rates",0.0357142857142857
"empirical_rates",0
"empirical_rates",0
"empirical_rates",0.989795918367347
"empirical_rates",0.0408163265306122
"empirical_rates",0.0459183673469388
"empirical_rates",0.00510204081632653
"empirical_rates",0
"empirical_rates",0
"empirical_rates",0.596938775510204
"empirical_rates",0
"empirical_rates",0
"empirical_rates",0
"empirical_rates",0.964285714285714
"empirical_rates",0
"empirical_rates",0.143589743589744
"empirical_rates",0.316326530612245
"empirical_rates",0.897959183673469
"empirical_rates",0
"empirical_rates",0.0204081632653061
"empirical_rates",0.0306122448979592
"empirical_rates",0.994871794871795
"empirical_rates",0.260204081632653
"empirical_rates",0.214285714285714
"empirical_rates",0.989795918367347
"empirical_rates",0
"empirical_rates",0.0816326530612245
"empirical_rates",0.0204081632653061
"empirical_rates",0.642857142857143
"empirical_rates",0
"empirical_rates",0
"empirical_rates",0.00510204081632653
"empirical_rates",0.0153061224489796
"empirical_rates",0.00510204081632653
"empirical_rates",0
"empirical_rates",0.0306122448979592
"empirical_rates",0.331632653061224
"empirical_rates",0
"empirical_rates",0
"empirical_rates",0.994897959183674
"empirical_rates",0.0205128205128205
"empirical_rates",0.0153061224489796
"empirical_rates",0
"empirical_rates",0.224489795918367
"empirical_rates",0.00510204081632653
"empirical_rates",0.323076923076923
"empirical_rates",0
"empirical_rates",0.00510204081632653
"empirical_rates",0.00510204081632653
"empirical_rates",0.98469387755102
"empirical_rates",0.112244897959184
"empirical_rates",0.00510204081632653
"empirical_rates",0.979591836734694
"empirical_rates",0
"empirical_rates",0
"empirical_rates",0.994897959183674
"empirical_rates",0.00510204081632653
"empirical_rates",0.0256410256410256
"empirical_rates",0.0510204081632653
"empirical_rates",0
"empirical_rates",0.903061224489796
"empirical_rates",0
"empirical_rates",0.984615384615385
"empirical_rates",0.979591836734694
"empirical_rates",0.98469387755102
"empirical_rates",0.918367346938776
"empirical_rates",0.38265306122449
"empirical_rates",0.178571428571429
"empirical_rates",0
"empirical_rates",0.989795918367347
"empirical_rates",0.0102040816326531
"empirical_rates",0
"empirical_rates",0
"empirical_rates",0
"empirical_rates",0.0153061224489796
"empirical_rates",0
"empirical_rates",0.989795918367347
"empirical_rates",0.0102040816326531
"empirical_rates",0.459183673469388
"empirical_rates",0
"empirical_rates",0
"empirical_rates",0.0102040816326531
"empirical_rates",0.137755102040816
"empirical_rates",0.00510204081632653
"empirical_rates",0.979591836734694
"empirical_rates",0.994897959183674
"empirical_rates",0
"empirical_rates",0.00510204081632653
"empirical_rates",0.255102040816327
"empirical_rates",0
"empirical_rates",0
"empirical_rates",0.979591836734694
"empirical_rates",0
"empirical_rates",0.969387755102041
"empirical_rates",0.653061224489796
"empirical_rates",0
"empirical_rates",0.0256410256410256
"empirical_rates",0.97948717948718
"empirical_rates",0.953846153846154
"empirical_rates",0
"empirical_rates",0.98974358974359
"empirical_rates",0.0102564102564103
"empirical_rates",0.584615384615385
"empirical_rates",0
"empirical_rates",0.302564102564103
"empirical_rates",0.082051282051282
"empirical_rates",0.984615384615385
"empirical_rates",0
"empirical_rates",0.0205128205128205
"empirical_rates",0.348717948717949
"empirical_rates",0
"empirical_rates",0
"empirical_rates",0.0564102564102564
"empirical_rates",0.00512820512820513
"empirical_rates",0
"empirical_rates",0.994871794871795
"empirical_rates",0.0871794871794872
"empirical_rates",0.00512820512820513
"empirical_rates",0.98974358974359
"empirical_rates",0.0102564102564103
"empirical_rates",0
"empirical_rates",0.358974358974359
"empirical_rates",0
"empirical_rates",0
"empirical_rates",0.0974358974358974
"empirical_rates",0
"empirical_rates",0.00512820512820513
"empirical_rates",0.0512820512820513
"empirical_rates",0.0103092783505155
"empirical_rates",0.041025641025641
"empirical_rates",0
"empirical_rates",0
"empirical_rates",0.158974358974359
"empirical_rates",0
"empirical_rates",0.128205128205128
"empirical_rates",0.323076923076923
"empirical_rates",0
"empirical_rates",0
"empirical_rates",0
"empirical_rates",0.0515463917525773
"empirical_rates",0.984615384615385
"empirical_rates",0.994845360824742
"empirical_rates",0.0257731958762887
"empirical_rates",0.0103092783505155
"empirical_rates",0.0618556701030928
"empirical_rates",0
"empirical_rates",0
"empirical_rates",0
"empirical_rates",0.0204081632653061
"empirical_rates",0.357142857142857
"empirical_rates",0.102040816326531
"empirical_rates",1
"empirical_rates",0.397959183673469
"empirical_rates",0.412371134020619
"empirical_rates",0.00510204081632653
"empirical_rates",0.0153061224489796
"empirical_rates",0.98974358974359
"empirical_rates",0.00510204081632653
"empirical_rates",0.102040816326531
"empirical_rates",0.00510204081632653
"empirical_rates",0.0408163265306122
"empirical_rates",0.979591836734694
"empirical_rates",0
"empirical_rates",0.994897959183674
"empirical_rates",0.979591836734694
"empirical_rates",0
"empirical_rates",0.989795918367347
"empirical_rates",0
"empirical_rates",0.938775510204082
"empirical_rates",0.959183673469388
"empirical_rates",0.00510204081632653
"empirical_rates",0.0306122448979592
"empirical_rates",0.989795918367347
"empirical_rates",0.673469387755102
"empirical_rates",0.0102040816326531
"empirical_rates",0.112820512820513
"empirical_rates",0.989795918367347
"empirical_rates",0.137755102040816
"empirical_rates",0.0102040816326531
"empirical_rates",0.290816326530612
"empirical_rates",0.974489795918367
"empirical_rates",0
"empirical_rates",0.0153061224489796
"empirical_rates",0.143589743589744
"empirical_rates",0.076530612244898
"empirical_rates",0.98974358974359
"empirical_rates",0
"empirical_rates",0.98469387755102
"empirical_rates",0
"empirical_rates",0
"empirical_rates",0.989795918367347
"empirical_rates",0.0153061224489796
"empirical_rates",0
"empirical_rates",0.923469387755102
"empirical_rates",0.128205128205128
"empirical_rates",0
"empirical_rates",0.974489795918367
"empirical_rates",0.23469387755102
"empirical_rates",0.311224489795918
"empirical_rates",0.0360824742268041
"empirical_rates",0.948979591836735
"empirical_rates",1
"empirical_rates",1
"empirical_rates",0.0102040816326531
"empirical_rates",0
"empirical_rates",0.00512820512820513
"empirical_rates",0.102040816326531
"empirical_rates",0.0306122448979592
"empirical_rates",0
"empirical_rates",0.989795918367347
"empirical_rates",0.204081632653061
"empirical_rates",0.0102040816326531
"empirical_rates",0.974489795918367
"empirical_rates",0.173469387755102
"empirical_rates",0
"empirical_rates",0
"empirical_rates",0
"empirical_rates",0.352040816326531
"empirical_rates",0
"empirical_rates",0.811224489795918
"empirical_rates",0.994897959183674
"empirical_rates",0.979591836734694
"empirical_rates",0
"empirical_rates",0.989795918367347
"empirical_rates",0.0510204081632653
"empirical_rates",0
"empirical_rates",0.979381443298969
"empirical_rates",0.964285714285714
"empirical_rates",0.0612244897959184
"empirical_rates",0
"empirical_rates",0.346938775510204
"empirical_rates",0.107142857142857
"empirical_rates",0.0204081632653061
"empirical_rates",0
"empirical_rates",0.989795918367347
"empirical_rates",0.0357142857142857
"empirical_rates",0
"empirical_rates",0.00510204081632653
"empirical_rates",0
"empirical_rates",0
"empirical_rates",0.974489795918367
"empirical_rates",0.0816326530612245
"empirical_rates",0
"empirical_rates",0
"empirical_rates",0.994897959183674
"empirical_rates",0.198979591836735
"empirical_rates",0.974489795918367
"empirical_rates",0.0357142857142857
"empirical_rates",0.987421383647799
"empirical_rates",0
"empirical_rates",0.993710691823899
"empirical_rates",0.00628930817610063
"empirical_rates",0.993710691823899
"empirical_rates",0
"empirical_rates",0.0125786163522013
"empirical_rates",0.238993710691824
"empirical_rates",0.0251572327044025
"empirical_rates",0.0251572327044025
"empirical_rates",0.961783439490446
"empirical_rates",0.987421383647799
"empirical_rates",0
"empirical_rates",0.981132075471698
"empirical_rates",0.132911392405063
"empirical_rates",0
"empirical_rates",0.974683544303797
"empirical_rates",0.968354430379747
"empirical_rates",0.144654088050314
"empirical_rates",0.00628930817610063
"empirical_rates",0.993710691823899
"empirical_rates",0
"empirical_rates",0
"empirical_rates",0
"empirical_rates",0.0377358490566038
"empirical_rates",0
"empirical_rates",0
"empirical_rates",0.981132075471698
"empirical_rates",0.00628930817610063
"empirical_rates",0.0754716981132075
"empirical_rates",0.00628930817610063
"empirical_rates",0
"empirical_rates",0.00628930817610063
"empirical_rates",0.471698113207547
"empirical_rates",0
"empirical_rates",0
"empirical_rates",0
"empirical_rates",0.974842767295597
"empirical_rates",0
"empirical_rates",0.089171974522293
"empirical_rates",0.348101265822785
"empirical_rates",0.89873417721519
"empirical_rates",0
"empirical_rates",0
"empirical_rates",0.0754716981132075
"empirical_rates",0.981132075471698
"empirical_rates",0.165605095541401
"empirical_rates",0.132075471698113
"empirical_rates",0.955696202531646
"empirical_rates",0
"empirical_rates",0.0125786163522013
"empirical_rates",0.0125786163522013
"empirical_rates",0.743589743589744
"empirical_rates",0
"empirical_rates",0
"empirical_rates",0.0251572327044025
"empirical_rates",0.0754716981132075
"empirical_rates",0
"empirical_rates",0
"empirical_rates",0.0251572327044025
"empirical_rates",0.320754716981132
"empirical_rates",0.00628930817610063
"empirical_rates",0
"empirical_rates",0.968152866242038
"empirical_rates",0.0127388535031847
"empirical_rates",0.0126582278481013
"empirical_rates",0
"empirical_rates",0.133757961783439
"empirical_rates",0.0691823899371069
"empirical_rates",0.408805031446541
"empirical_rates",0
"empirical_rates",0
"empirical_rates",0
"empirical_rates",0.993710691823899
"empirical_rates",0.150943396226415
"empirical_rates",0
"empirical_rates",0.987341772151899
"empirical_rates",0
"empirical_rates",0
"empirical_rates",0.987421383647799
"empirical_rates",0
"empirical_rates",0.00628930817610063
"empirical_rates",0.0314465408805031
"empirical_rates",0
"empirical_rates",0.910828025477707
"empirical_rates",0
"empirical_rates",0.981012658227848
"empirical_rates",0.987341772151899
"empirical_rates",0.955128205128205
"empirical_rates",0.878205128205128
"empirical_rates",0.484076433121019
"empirical_rates",0.0949367088607595
"empirical_rates",0.0126582278481013
"empirical_rates",0.993670886075949
"empirical_rates",0.0126582278481013
"empirical_rates",0
"empirical_rates",0
"empirical_rates",0
"empirical_rates",0.0258064516129032
"empirical_rates",0
"empirical_rates",0.974683544303797
"empirical_rates",0.0189873417721519
"empirical_rates",0.40506329113924
"empirical_rates",0
"empirical_rates",0.00628930817610063
"empirical_rates",0.050314465408805
"empirical_rates",0.0817610062893082
"empirical_rates",0.0377358490566038
"empirical_rates",0.993710691823899
"empirical_rates",0.993630573248408
"empirical_rates",0
"empirical_rates",0.0251572327044025
"empirical_rates",0.220125786163522
"empirical_rates",0.0188679245283019
"empirical_rates",0.00632911392405063
"empirical_rates",0.993710691823899
"empirical_rates",0
"empirical_rates",0.987421383647799
"empirical_rates",0.792452830188679
"empirical_rates",0
"empirical_rates",0.0189873417721519
"empirical_rates",0.987261146496815
"empirical_rates",0.955696202531646
"empirical_rates",0
"empirical_rates",0.981132075471698
"empirical_rates",0.0188679245283019
"empirical_rates",0.685534591194969
"empirical_rates",0
"empirical_rates",0.220125786163522
"empirical_rates",0.0955414012738854
"empirical_rates",0.974842767295597
"empirical_rates",0
"empirical_rates",0.0125786163522013
"empirical_rates",0.427672955974843
"empirical_rates",0
"empirical_rates",0
"empirical_rates",0.0566037735849057
"empirical_rates",0.0126582278481013
"empirical_rates",0
"empirical_rates",1
"empirical_rates",0.0443037974683544
"empirical_rates",0
"empirical_rates",0.980891719745223
"empirical_rates",0.00632911392405063
"empirical_rates",0
"empirical_rates",0.32484076433121
"empirical_rates",0
"empirical_rates",0.00632911392405063
"empirical_rates",0.0817610062893082
"empirical_rates",0
"empirical_rates",0.0126582278481013
"empirical_rates",0.0125786163522013
"empirical_rates",0.0188679245283019
"empirical_rates",0
"empirical_rates",0.00628930817610063
"empirical_rates",0
"empirical_rates",0.050314465408805
"empirical_rates",0
"empirical_rates",0.10828025477707
"empirical_rates",0.270440251572327
"empirical_rates",0
"empirical_rates",0
"empirical_rates",0
"empirical_rates",0.0566037735849057
"empirical_rates",0.974842767295597
"empirical_rates",0.987421383647799
"empirical_rates",0.0188679245283019
"empirical_rates",0
"empirical_rates",0.0628930817610063
"empirical_rates",0.00628930817610063
"empirical_rates",0
"empirical_rates",0
"empirical_rates",0.0126582278481013
"empirical_rates",0.415094339622642
"empirical_rates",0.0632911392405063
"empirical_rates",0.987421383647799
"empirical_rates",0.314465408805031
"empirical_rates",0.377358490566038
"empirical_rates",0.0251572327044025
"empirical_rates",0
"empirical_rates",0.987421383647799
"empirical_rates",0.0188679245283019
"empirical_rates",0.0817610062893082
"empirical_rates",0
"empirical_rates",0
"empirical_rates",0.993710691823899
"empirical_rates",0.050314465408805
"empirical_rates",0.974842767295597
"empirical_rates",0.981132075471698
"empirical_rates",0
"empirical_rates",1
"empirical_rates",0.0126582278481013
"empirical_rates",0.949685534591195
"empirical_rates",0.962264150943396
"empirical_rates",0
"empirical_rates",0.106918238993711
"empirical_rates",1
"empirical_rates",0.69811320754717
"empirical_rates",0
"empirical_rates",0.213836477987421
"empirical_rates",1
"empirical_rates",0.138364779874214
"empirical_rates",0
"empirical_rates",0.226415094339623
"empirical_rates",1
"empirical_rates",0
"empirical_rates",0.0377358490566038
"empirical_rates",0.169811320754717
"empirical_rates",0.138364779874214
"empirical_rates",0.962264150943396
"empirical_rates",0.00628930817610063
"empirical_rates",0.987421383647799
"empirical_rates",0
"empirical_rates",0
"empirical_rates",0.987179487179487
"empirical_rates",0.0754716981132075
"empirical_rates",0.0125786163522013
"empirical_rates",0.886792452830189
"empirical_rates",0.344155844155844
"empirical_rates",0.00632911392405063
"empirical_rates",0.968553459119497
"empirical_rates",0.132075471698113
"empirical_rates",0.0943396226415094
"empirical_rates",0.132075471698113
"empirical_rates",0.987421383647799
"empirical_rates",0.987421383647799
"empirical_rates",0.987421383647799
"empirical_rates",0
"empirical_rates",0
"empirical_rates",0.00628930817610063
"empirical_rates",0.20125786163522
"empirical_rates",0.0314465408805031
"empirical_rates",0.00628930817610063
"empirical_rates",1
"empirical_rates",0.113207547169811
"empirical_rates",0.00628930817610063
"empirical_rates",0.968553459119497
"empirical_rates",0.176100628930818
"empirical_rates",0.0125786163522013
"empirical_rates",0
"empirical_rates",0.00628930817610063
"empirical_rates",0.371069182389937
"empirical_rates",0
"empirical_rates",0.748427672955975
"empirical_rates",1
"empirical_rates",0.968553459119497
"empirical_rates",0
"empirical_rates",0.987421383647799
"empirical_rates",0.0628930817610063
"empirical_rates",0.00628930817610063
"empirical_rates",1
"empirical_rates",0.987421383647799
"empirical_rates",0.0188679245283019
"empirical_rates",0.00628930817610063
"empirical_rates",0.314465408805031
"empirical_rates",0.176100628930818
"empirical_rates",0.0628930817610063
"empirical_rates",0
"empirical_rates",1
"empirical_rates",0.0566037735849057
"empirical_rates",0
"empirical_rates",0.0691823899371069
"empirical_rates",0
"empirical_rates",0.0125786163522013
"empirical_rates",0.981132075471698
"empirical_rates",0.10062893081761
"empirical_rates",0
"empirical_rates",0
"empirical_rates",0.987421383647799
"empirical_rates",0.234177215189873
"empirical_rates",0.981012658227848
"empirical_rates",0.0251572327044025
"empirical_rates",0.980952380952381
"empirical_rates",0
"empirical_rates",0.961904761904762
"empirical_rates",0
"empirical_rates",0.961904761904762
"empirical_rates",0
"empirical_rates",0
"empirical_rates",0.114285714285714
"empirical_rates",0.0380952380952381
"empirical_rates",0.0380952380952381
"empirical_rates",1
"empirical_rates",0.99047619047619
"empirical_rates",0
"empirical_rates",1
"empirical_rates",0.180952380952381
"empirical_rates",0
"empirical_rates",0.980952380952381
"empirical_rates",1
"empirical_rates",0.133333333333333
"empirical_rates",0
"empirical_rates",0.971428571428571
"empirical_rates",0
"empirical_rates",0
"empirical_rates",0.00952380952380952
"empirical_rates",0.00952380952380952
"empirical_rates",0
"empirical_rates",0
"empirical_rates",0.99047619047619
"empirical_rates",0.0285714285714286
"empirical_rates",0.00952380952380952
"empirical_rates",0
"empirical_rates",0
"empirical_rates",0.00952380952380952
"empirical_rates",0.514285714285714
"empirical_rates",0
"empirical_rates",0
"empirical_rates",0
"empirical_rates",1
"empirical_rates",0
"empirical_rates",0.0673076923076923
"empirical_rates",0.428571428571429
"empirical_rates",0.923809523809524
"empirical_rates",0
"empirical_rates",0.019047619047619
"empirical_rates",0.0761904761904762
"empirical_rates",1
"empirical_rates",0.180952380952381
"empirical_rates",0.104761904761905
"empirical_rates",0.942857142857143
"empirical_rates",0
"empirical_rates",0.0285714285714286
"empirical_rates",0
"empirical_rates",0.657142857142857
"empirical_rates",0
"empirical_rates",0
"empirical_rates",0.0380952380952381
"empirical_rates",0.0380952380952381
"empirical_rates",0
"empirical_rates",0.00952380952380952
"empirical_rates",0.0571428571428571
"empirical_rates",0.171428571428571
"empirical_rates",0
"empirical_rates",0
"empirical_rates",1
"empirical_rates",0
"empirical_rates",0
"empirical_rates",0
"empirical_rates",0.104761904761905
"empirical_rates",0.019047619047619
"empirical_rates",0.40952380952381
"empirical_rates",0
"empirical_rates",0
"empirical_rates",0
"empirical_rates",0.99047619047619
"empirical_rates",0.0952380952380952
"empirical_rates",0
"empirical_rates",0.99047619047619
"empirical_rates",0
"empirical_rates",0
"empirical_rates",0.971428571428571
"empirical_rates",0
"empirical_rates",0.019047619047619
"empirical_rates",0.0380952380952381
"empirical_rates",0
"empirical_rates",0.980952380952381
"empirical_rates",0
"empirical_rates",1
"empirical_rates",0.990384615384615
"empirical_rates",0.971428571428571
"empirical_rates",0.933333333333333
"empirical_rates",0.504761904761905
"empirical_rates",0.228571428571429
"empirical_rates",0
"empirical_rates",0.980952380952381
"empirical_rates",0.00952380952380952
"empirical_rates",0.00952380952380952
"empirical_rates",0
"empirical_rates",0
"empirical_rates",0.0476190476190476
"empirical_rates",0.00952380952380952
"empirical_rates",0.980952380952381
"empirical_rates",0
"empirical_rates",0.580952380952381
"empirical_rates",0.00952380952380952
"empirical_rates",0.019047619047619
"empirical_rates",0.00952380952380952
"empirical_rates",0.171428571428571
"empirical_rates",0
"empirical_rates",1
"empirical_rates",0.980952380952381
"empirical_rates",0
"empirical_rates",0.00952380952380952
"empirical_rates",0.171428571428571
"empirical_rates",0.00952380952380952
"empirical_rates",0
"empirical_rates",0.952380952380952
"empirical_rates",0
"empirical_rates",0.971428571428571
"empirical_rates",0.771428571428571
"empirical_rates",0
"empirical_rates",0.0666666666666667
"empirical_rates",0.99047619047619
"empirical_rates",0.980582524271845
"empirical_rates",0.00952380952380952
"empirical_rates",1
"empirical_rates",0
"empirical_rates",0.60952380952381
"empirical_rates",0
"empirical_rates",0.295238095238095
"empirical_rates",0.0571428571428571
"empirical_rates",0.99047619047619
"empirical_rates",0
"empirical_rates",0.0285714285714286
"empirical_rates",0.485714285714286
"empirical_rates",0.0380952380952381
"empirical_rates",0
"empirical_rates",0.0476190476190476
"empirical_rates",0.0380952380952381
"empirical_rates",0
"empirical_rates",0.99047619047619
"empirical_rates",0.0952380952380952
"empirical_rates",0.00952380952380952
"empirical_rates",0.980952380952381
"empirical_rates",0
"empirical_rates",0
"empirical_rates",0.371428571428571
"empirical_rates",0
"empirical_rates",0
"empirical_rates",0.099009900990099
"empirical_rates",0
"empirical_rates",0
"empirical_rates",0.0792079207920792
"empirical_rates",0
"empirical_rates",0.0198019801980198
"empirical_rates",0
"empirical_rates",0
"empirical_rates",0.0594059405940594
"empirical_rates",0
"empirical_rates",0.152380952380952
"empirical_rates",0.447619047619048
"empirical_rates",0
"empirical_rates",0
"empirical_rates",0
"empirical_rates",0.152380952380952
"empirical_rates",0.99047619047619
"empirical_rates",1
"empirical_rates",0.0285714285714286
"empirical_rates",0.00970873786407767
"empirical_rates",0.144230769230769
"empirical_rates",0
"empirical_rates",0
"empirical_rates",0.00952380952380952
"empirical_rates",0.019047619047619
"empirical_rates",0.4
"empirical_rates",0.0571428571428571
"empirical_rates",0.961904761904762
"empirical_rates",0.365384615384615
"empirical_rates",0.4
"empirical_rates",0.0571428571428571
"empirical_rates",0.019047619047619
"empirical_rates",0.99047619047619
"empirical_rates",0.0380952380952381
"empirical_rates",0.0761904761904762
"empirical_rates",0
"empirical_rates",0.0666666666666667
"empirical_rates",0.99047619047619
"empirical_rates",0.00952380952380952
"empirical_rates",0.99047619047619
"empirical_rates",0.952380952380952
"empirical_rates",0
"empirical_rates",0.971153846153846
"empirical_rates",0
"empirical_rates",0.942857142857143
"empirical_rates",0.980769230769231
"empirical_rates",0
"empirical_rates",0.0285714285714286
"empirical_rates",0.99047619047619
"empirical_rates",0.723809523809524
"empirical_rates",0
"empirical_rates",0.19047619047619
"empirical_rates",0.99047619047619
"empirical_rates",0.152380952380952
"empirical_rates",0
"empirical_rates",0.19047619047619
"empirical_rates",1
"empirical_rates",0
"empirical_rates",0.0571428571428571
"empirical_rates",0.0571428571428571
"empirical_rates",0.152380952380952
"empirical_rates",0.952380952380952
"empirical_rates",0
"empirical_rates",0.99047619047619
"empirical_rates",0
"empirical_rates",0.00952380952380952
"empirical_rates",0.980952380952381
"empirical_rates",0.0380952380952381
"empirical_rates",0
"empirical_rates",0.961904761904762
"empirical_rates",0.163461538461538
"empirical_rates",0.00952380952380952
"empirical_rates",0.980952380952381
"empirical_rates",0.0666666666666667
"empirical_rates",0.0761904761904762
"empirical_rates",0.0571428571428571
"empirical_rates",0.99047619047619
"empirical_rates",0.980952380952381
"empirical_rates",0.99047619047619
"empirical_rates",0
"empirical_rates",0
"empirical_rates",0.00952380952380952
"empirical_rates",0.0666666666666667
"empirical_rates",0.00952380952380952
"empirical_rates",0
"empirical_rates",0.980952380952381
"empirical_rates",0.152380952380952
"empirical_rates",0
"empirical_rates",0.961904761904762
"empirical_rates",0.0952380952380952
"empirical_rates",0.00952380952380952
"empirical_rates",0
"empirical_rates",0
"empirical_rates",0.295238095238095
"empirical_rates",0.00970873786407767
"empirical_rates",0.8
"empirical_rates",0.980952380952381
"empirical_rates",0.980952380952381
"empirical_rates",0
"empirical_rates",0.980952380952381
"empirical_rates",0.019047619047619
"empirical_rates",0.0285714285714286
"empirical_rates",0.961904761904762
"empirical_rates",0.971428571428571
"empirical_rates",0.00952380952380952
"empirical_rates",0
"empirical_rates",0.342857142857143
"empirical_rates",0.161904761904762
"empirical_rates",0.0380952380952381
"empirical_rates",0
"empirical_rates",1
"empirical_rates",0.0285714285714286
"empirical_rates",0
"empirical_rates",0
"empirical_rates",0
"empirical_rates",0
"empirical_rates",0.961904761904762
"empirical_rates",0.0761904761904762
"empirical_rates",0
"empirical_rates",0
"empirical_rates",0.99047619047619
"empirical_rates",0.326923076923077
"empirical_rates",1
"empirical_rates",0.00952380952380952
