"organoid","founder","cells","spearman","null_mean","null_sd"
"skew_0.00_rep05",1,35,0.890462842171605,0.016334336708964,0.103368295789937
"skew_0.00_rep05",2,26,0.543090902755252,0.0137747594356821,0.058110655271912
"skew_0.00_rep05",3,18,0.359393263274442,-0.0130941641074714,0.0671652367505369
"skew_0.00_rep05",5,17,0.165313277956045,-0.00735905781264085,0.107813777554173
"skew_0.00_rep05",6,37,0.273194956207759,-0.00625628726763671,0.044642349144401
"skew_0.00_rep05",7,77,0.35687507078693,0.0086011251846189,0.0456042558779488
"skew_0.00_rep05",8,29,0.616553169200257,-0.0134324088782303,0.0877300939290138
"skew_0.00_rep05",9,20,0.399930438993293,0.0191249288664503,0.119491177773006
"skew_0.00_rep05",10,107,0.370709035227631,0.000252826252943874,0.0303602269371016
"skew_0.00_rep05",12,13,0.764398548006263,0.00086993881242149,0.127023342720618
"skew_0.00_rep05",13,65,0.431980782209902,0.0203153517615584,0.0401545018628668
"skew_0.00_rep05",14,11,0.563631781347005,-0.110460166015016,0.262452803356698
"skew_0.00_rep05",15,16,0.423624738618495,0.0340961613566998,0.178733558724741
"skew_0.00_rep05",16,73,0.472363719617798,0.00328927643636837,0.0234390618894546
"skew_0.00_rep05",19,16,0.373160133846305,0.00221338424558047,0.0899961118651742
"skew_0.00_rep05",20,10,0.376549513438264,0.0135187561511408,0.095983513365593
"skew_0.00_rep05",21,27,0.662712881090967,-0.00397022271904002,0.0878140564450535
"skew_0.00_rep05",22,48,0.215960138770274,0.0111268401858688,0.0681317509289036
"skew_0.00_rep05",23,40,0.558518559124681,0.0050143052804719,0.071451279088459
"skew_0.00_rep05",24,21,0.500761114689452,0.0283597177853679,0.0883509884302607
"skew_0.00_rep05",25,18,0.448111000504416,0.0301380299520985,0.0882043021430077
"skew_0.00_rep05",28,54,0.22378787324699,0.00565228985805177,0.0247278886016675
"skew_0.00_rep05",29,10,0.359352548945354,0.0491121979426172,0.162222336991581
"skew_0.00_rep05",30,28,0.31044542144609,-0.0202876409773135,0.0639846762890066
"skew_0.00_rep05",31,52,0.338847493484284,-0.00489611625876488,0.0355008264353135
"skew_0.00_rep05",32,57,0.160057503544078,0.000951458147415824,0.0402314014129115
"skew_0.00_rep05",33,8,0.182699782008228,-0.0139973927475595,0.166512983977774
"skew_0.00_rep05",34,25,0.783628527814999,-0.000506201732873622,0.0713682237471035
"skew_0.00_rep05",38,50,0.578327787927109,0.00128771657343145,0.0562350503119647
"skew_0.00_rep05",39,70,0.536329646742244,-0.00230132367352532,0.0480780773885331
"skew_0.00_rep05",40,22,0.452388113743775,0.00495269115598315,0.0987149809578829
"skew_0.00_rep05",41,37,0.479802211073468,0.00211164695502222,0.0328870055644671
"skew_0.00_rep05",42,25,0.603704182717526,-0.00997084831526529,0.0300148660974512
"skew_0.00_rep05",43,47,0.305415583095138,0.00175285909338708,0.0558355415710178
"skew_0.00_rep05",44,51,0.104114140331069,0.000224433998588389,0.0510422781586408
"skew_0.00_rep05",45,10,0.410125422551051,0.0891160380776816,0.177659109497725
"skew_0.00_rep05",46,15,0.206557873684185,-0.0120555905792378,0.0757586383433367
"skew_0.00_rep05",47,66,0.522669304728474,0.0135987871857903,0.0409070555870734
"skew_0.00_rep05",48,11,0.277705420916482,0.00165766729581894,0.182946410352133
"skew_0.00_rep05",50,8,0.567617295288988,0.0145664300999088,0.231441514567921
"skew_0.00_rep05",51,88,0.41692038175374,0.00478567582186764,0.0360288125472916
"skew_0.00_rep05",52,21,0.148942105238962,0.0128779772695067,0.100518096048012
"skew_0.00_rep05",54,31,0.844457960312924,0.00111099875546559,0.0613019415131706
"skew_0.00_rep05",55,8,0.441061595959803,-0.120079672817101,0.157346855109969
"skew_0.00_rep05",57,22,0.425427717286801,-0.0121272996208089,0.0942098793856069
"skew_0.00_rep05",58,18,0.136735652412053,-0.0230217072081755,0.0978116976812804
"skew_0.00_rep05",61,60,0.462080828907798,0.014324852045746,0.0468775939948938
"skew_0.00_rep05",62,70,0.307269909343374,-0.002487102218044,0.0280047506047623
"skew_0.00_rep05",64,83,0.0105266344745233,0.000775947912727145,0.0614043378633043
"skew_0.00_rep05",65,47,0.183855282543054,-0.010293317869046,0.063266588175409
"skew_0.00_rep05",66,77,0.59149033935021,0.00378051007648732,0.0448212263587638
"skew_0.00_rep05",67,24,0.362423231600486,0.0466866162709878,0.118969277459299
"skew_0.00_rep05",68,37,0.495672931543974,-0.0125811569445884,0.0402970006601531
"skew_0.00_rep05",69,10,0.443763794116989,-0.00692194130658827,0.143071629741091
"skew_0.00_rep05",72,51,0.520478502261015,-0.00726965346581073,0.0628097508843496
"skew_0.00_rep05",73,114,0.282765465861463,0.000504922186324145,0.0320706965123742
"skew_0.00_rep05",75,31,0.361739042025421,0.0158445512794796,0.073534928121556
"skew_0.00_rep05",77,13,-0.0813280049069675,0.0121091052279637,0.110939920622271
"skew_0.00_rep05",78,42,0.41347923513549,-0.00182516969835088,0.0421323385632427
"skew_0.00_rep05",79,17,0.423505345113366,0.0271526987216633,0.0826676794314749
"skew_0.00_rep05",80,25,0.509726387662634,-0.000208182163069889,0.0579651612955677
"skew_0.00_rep05",81,35,0.240323949775648,0.00663376898933488,0.0374056056053795
"skew_0.00_rep05",82,50,0.543536375488578,-0.02232157132438,0.0579925254205671
"skew_0.00_rep05",83,96,0.27083967412827,0.00744318831943764,0.0298107382596399
"skew_0.00_rep05",85,18,0.58554384085881,0.0176293084557912,0.1027688126096
"skew_0.00_rep05",86,19,0.21185974016179,-0.0128981966160675,0.0784102442539365
"skew_0.00_rep05",87,59,0.115147246690488,-0.0112079069180166,0.0531501205083281
"skew_0.00_rep05",89,102,0.397316810372731,0.0100097200424386,0.0426791910642327
"skew_0.00_rep05",91,34,0.635365801331076,-0.0277260161003175,0.0703332746805164
"skew_0.00_rep05",92,42,0.450734527028473,-0.0173198058674575,0.0392021372314689
"skew_0.00_rep05",93,82,0.270782336921905,-0.00925016480730849,0.0432043188167002
"skew_0.00_rep05",94,10,0.684755815421223,-0.0523947245252121,0.112056410956728
"skew_0.00_rep05",95,13,0.446499860590295,0.0377109012220602,0.12398845355614
"skew_0.00_rep05",97,40,0.455042956243357,-0.00558766759261121,0.042179774886968
"skew_0.00_rep05",98,117,0.40402025604741,0.00598160220750576,0.032154532161663
"skew_0.00_rep05",99,55,0.173621308139871,0.0105803910199587,0.049458338890594
"skew_0.05_rep02",0,44,0.269635057650343,-0.00405097505508343,0.0415934989782132
"skew_0.05_rep02",1,14,0.587428087559317,-0.0342318965759168,0.10503485644619
"skew_0.05_rep02",2,44,0.279760572080946,0.0114862628694284,0.0855732508503719
"skew_0.05_rep02",3,44,0.308455258111664,-0.00922472233529422,0.0336386829201201
"skew_0.05_rep02",4,19,0.625157382424579,-0.0051439786607355,0.0660118349154374
"skew_0.05_rep02",5,14,0.83796343167785,0.0202487981366421,0.123132276007123
"skew_0.05_rep02",6,30,0.286909974126624,-0.00298881045759007,0.0613008397415651
"skew_0.05_rep02",7,11,0.457147649059997,0.0157009754364392,0.175886470499822
"skew_0.05_rep02",8,14,0.698420808080585,-0.0732354479425405,0.148015528868256
"skew_0.05_rep02",9,13,0.24045582626255,0.0545230843506149,0.169149556794411
"skew_0.05_rep02",10,49,0.712878046477711,-0.00181525531975035,0.0303509034878765
"skew_0.05_rep02",11,78,0.500735583930889,-0.00208734399393284,0.0258183227386498
"skew_0.05_rep02",12,178,0.309326685486446,-0.0106653365643297,0.0317993781418621
"skew_0.05_rep02",15,10,-0.00603899479271898,0.0820590826131989,0.265657770184131
"skew_0.05_rep02",16,39,0.785423842373522,-0.00600757260540866,0.0448169079718731
"skew_0.05_rep02",17,91,0.304443770801952,-0.00700315180384311,0.0128587641514489
"skew_0.05_rep02",18,9,0.602288437114468,0.00158993368186818,0.245538589743112
"skew_0.05_rep02",19,16,0.347912803584955,-0.0502834418953468,0.102394263538666
"skew_0.05_rep02",21,14,0.670396281243342,-0.0211206455336785,0.131277333847466
"skew_0.05_rep02",22,15,0.429208023622469,0.00174669865103608,0.175332844740068
"skew_0.05_rep02",23,43,0.586862621711599,-0.00558358255675487,0.0310990018093982
"skew_0.05_rep02",25,15,0.527253883062404,0.0014308550738694,0.0844940069809819
"skew_0.05_rep02",26,31,0.229779979372464,0.00801352040799055,0.0634012083817101
"skew_0.05_rep02",28,35,0.584076692030317,0.0313228365445358,0.0811098193447797
"skew_0.05_rep02",29,11,0.342412185728875,-0.000493658163101003,0.11633215834076
"skew_0.05_rep02",30,12,0.726478696040941,-0.0357649158294402,0.0784496503180669
"skew_0.05_rep02",32,83,0.495580817621732,0.00238711045986224,0.0378400184101971
"skew_0.05_rep02",34,47,0.445482267073811,-0.00365626241117437,0.084751751991561
"skew_0.05_rep02",35,28,0.455942874818215,-0.00990773627269,0.0539777380326797
"skew_0.05_rep02",36,14,0.126591493754122,0.0278924286311955,0.181628794150997
"skew_0.05_rep02",37,31,0.379697858410379,0.0146524645914268,0.0837061946434725
"skew_0.05_rep02",38,44,0.36957244135671,-0.0028906310114825,0.0427010796791582
"skew_0.05_rep02",39,15,0.334928053628874,0.0511218020302909,0.133076217449606
"skew_0.05_rep02",41,8,0.427230204974893,-0.0425710894146391,0.192618766866315
"skew_0.05_rep02",42,12,0.121752493831329,-0.0103297883545872,0.158273161692089
"skew_0.05_rep02",43,16,0.337416083595488,0.0143673739700207,0.173964307028231
"skew_0.05_rep02",45,40,0.46831766772092,0.0120637134790909,0.0301856378022131
"skew_0.05_rep02",46,32,0.576153227132776,0.00882511940892688,0.0463620793284724
"skew_0.05_rep02",47,103,0.415783691950647,-0.00250456182649899,0.0349059235732853
"skew_0.05_rep02",48,16,0.178927852362089,-0.0165885372832797,0.113981023578882
"skew_0.05_rep02",49,24,0.588717721976033,-0.0477397847237616,0.0616545394334513
"skew_0.05_rep02",50,18,0.310372411631679,-0.0184925606029376,0.0920221013039952
"skew_0.05_rep02",51,38,0.311664968488512,-0.00351345032936696,0.0627711073387043
"skew_0.05_rep02",52,50,0.328626651501245,-0.00587118822751059,0.0253187023554771
"skew_0.05_rep02",53,13,0.306765956228414,-0.0504187016110084,0.102891395798471
"skew_0.05_rep02",54,60,0.347091819731877,-0.00105073950211168,0.0449185752666526
"skew_0.05_rep02",56,80,0.32938603791931,0.00159155323803853,0.0382797017306261
"skew_0.05_rep02",57,81,0.35898464498746,0.0113889369111377,0.0316064399200307
"skew_0.05_rep02",58,37,0.299004910782471,-0.00178066971948002,0.0442501556254159
"skew_0.05_rep02",59,8,0.866678216446646,0.0441387861145547,0.229354276796734
"skew_0.05_rep02",60,29,0.588440852040219,0.046628593452588,0.0982720015412654
"skew_0.05_rep02",62,24,0.510821589008013,0.0201394276947371,0.0936652257857272
"skew_0.05_rep02",65,26,0.70432417481868,-0.00114443540653348,0.0512936871672615
"skew_0.05_rep02",66,8,0.26112940693916,-0.0544823800673606,0.269627111351021
"skew_0.05_rep02",68,42,0.053411431320358,0.000834449931489296,0.0548808922972823
"skew_0.05_rep02",70,14,0.504330232611371,0.0342201589007662,0.157501364249049
"skew_0.05_rep02",71,54,0.285971252048972,-0.00534492392854187,0.0429656096350883
"skew_0.05_rep02",72,45,0.303554071004014,0.0103170324347578,0.0417370626040856
"skew_0.05_rep02",73,17,0.388772028859765,-0.0030583114967697,0.0967419321338551
"skew_0.05_rep02",74,13,0.487370461577334,-0.02662577652556,0.151936688543769
"skew_0.05_rep02",75,17,0.100230308641535,0.00584350336164007,0.120387631541096
"skew_0.05_rep02",76,38,0.431404075410141,0.000512923852603993,0.0326230550219553
"skew_0.05_rep02",78,14,0.201965264484102,0.0150729200916804,0.0827461162503346
"skew_0.05_rep02",79,14,0.678001907679476,-0.015471295856722,0.0965514768847564
"skew_0.05_rep02",80,10,0.0939021806935642,-0.0104452580146007,0.132294417157825
"skew_0.05_rep02",81,11,0.447702606370024,0.0250308302176795,0.264302575177336
"skew_0.05_rep02",82,38,0.573514752184357,0.0100819155587242,0.0602555949088363
"skew_0.05_rep02",83,26,0.758498890285305,0.0187070607182009,0.0661336154885594
"skew_0.05_rep02",84,33,0.586889100875962,0.00226906140473636,0.093610730056294
"skew_0.05_rep02",85,34,0.161211582273917,-0.00530057376641744,0.0755942703468423
"skew_0.05_rep02",89,14,0.0421426396248941,0.0035360767524537,0.0906654833973144
"skew_0.05_rep02",91,12,0.341902484881693,0.0390607740171379,0.142346031176375
"skew_0.05_rep02",92,43,0.359732886207252,0.0104873397703669,0.0853483958616985
"skew_0.05_rep02",93,84,0.333098245311993,0.00438533792884593,0.0307046960907285
"skew_0.05_rep02",94,43,0.314784324672639,-0.000525914891719102,0.0362388237942309
"skew_0.05_rep02",95,55,0.265650758724372,0.00769938427960434,0.058839145393739
"skew_0.05_rep02",96,43,0.269540288227186,-0.00768473890110508,0.0241934311844952
"skew_0.05_rep02",97,30,0.406049797491555,-0.016644265767352,0.0624994114755215
"skew_0.05_rep02",98,13,0.261211277439431,0.0279159252634155,0.11244163962917
"skew_0.05_rep02",99,85,0.382281282692339,0.0081436302186084,0.053959835372545
"skew_0.05_rep08",1,8,0.809532409174411,0.10830544785583,0.261143706094837
"skew_0.05_rep08",2,10,-0.109800321503262,0.0132004839209859,0.166469439974134
"skew_0.05_rep08",3,37,0.0839055496430881,0.00905434847355715,0.0566883727142934
"skew_0.05_rep08",4,69,0.378955883551031,0.00206765752324076,0.0332242446886764
"skew_0.05_rep08",5,21,0.223832141926127,-0.000534573574522873,0.0523289261597244
"skew_0.05_rep08",6,22,0.335189040788797,0.0264738087983814,0.0672052985964736
"skew_0.05_rep08",7,15,0.260633710411741,-0.0131328645052187,0.0533622022966719
"skew_0.05_rep08",9,22,0.217515142731822,-0.0176279923863094,0.0894875285987539
"skew_0.05_rep08",10,67,0.402397051419804,0.00585682442225691,0.032913529610574
"skew_0.05_rep08",11,10,0.278118688148044,0.0105621277801296,0.164566381362365
"skew_0.05_rep08",12,15,0.194929157812692,-0.0106047465920968,0.0905711760548643
"skew_0.05_rep08",13,10,0.165358845602579,0.0513772834319592,0.118888929946668
"skew_0.05_rep08",14,40,0.156995183306263,-0.00378510628605231,0.0544396312801307
"skew_0.05_rep08",15,147,0.326818704251387,-0.00159375269799781,0.0254540261553758
"skew_0.05_rep08",16,45,0.295991329292681,-0.00134526378743401,0.0298417618262332
"skew_0.05_rep08",17,69,0.403015641321884,0.00603577102877324,0.0231370165851845
"skew_0.05_rep08",18,33,0.59776598623885,0.0167947885669043,0.0550500288667977
"skew_0.05_rep08",19,49,0.286332950778805,-0.0154568950430324,0.0726316369388529
"skew_0.05_rep08",21,21,0.193271068901619,0.0206890500699667,0.055679505814462
"skew_0.05_rep08",22,19,0.274259241245144,0.0269584943036896,0.0719176643774648
"skew_0.05_rep08",24,17,0.656321429010564,-0.000478305791609724,0.0724430327412904
"skew_0.05_rep08",25,15,0.721295409910492,-0.0326446533495353,0.106321067222674
"skew_0.05_rep08",27,15,0.261116125275217,0.0210542536258448,0.118615340483271
"skew_0.05_rep08",28,26,0.368392064970202,0.007535535581452,0.0614890874034606
"skew_0.05_rep08",29,14,0.654593596094317,-0.0141791757088847,0.0863167162269274
"skew_0.05_rep08",30,36,0.0543042430792563,0.0110470759391608,0.0344106811648415
"skew_0.05_rep08",32,107,0.522194799099285,0.00524943701125504,0.033327591834307
"skew_0.05_rep08",34,39,0.554756510237597,0.0193733236572131,0.102615337318428
"skew_0.05_rep08",36,46,0.709146513899665,0.00187719856434422,0.0473979667455819
"skew_0.05_rep08",37,12,0.822568522841505,-0.0693294012917285,0.201747581798323
"skew_0.05_rep08",38,41,0.525833478572575,-0.00349499467809224,0.0270127788585199
"skew_0.05_rep08",39,20,0.86052685007021,0.0134020451090292,0.0733447475143032
"skew_0.05_rep08",40,64,0.458723786636027,-0.00975382451014932,0.0637978762005541
"skew_0.05_rep08",41,28,0.294006334144163,0.0161256031297791,0.0594294015895951
"skew_0.05_rep08",42,8,0.618727646262981,0.0339480204949592,0.241283989335848
"skew_0.05_rep08",43,16,0.743757119857827,-0.0430461119163821,0.144672003064345
"skew_0.05_rep08",45,9,0.232183701424569,-0.0219022930759095,0.158981793106844
"skew_0.05_rep08",46,14,0.613784551793995,0.023372576419257,0.129765622228776
"skew_0.05_rep08",47,27,0.314350250799022,0.00102350310544459,0.0601435964365238
"skew_0.05_rep08",48,66,0.350810683518922,0.0142983294737993,0.0396703959292589
"skew_0.05_rep08",49,65,0.299866252985571,-0.00429986490732,0.0570488232145969
"skew_0.05_rep08",51,47,0.327828868809133,0.0148400491356348,0.0579927996638032
"skew_0.05_rep08",52,16,0.75834522839388,0.02594201897912,0.160692679206948
"skew_0.05_rep08",53,8,0.543654436484885,0.0121925802348702,0.208441377475178
"skew_0.05_rep08",54,76,0.15298285838283,-0.00795383610991137,0.0274090305686716
"skew_0.05_rep08",56,58,0.689449023225633,-0.00426502847671785,0.0224437336652524
"skew_0.05_rep08",57,46,0.254665152137386,-0.0118328693586169,0.0559115475543973
"skew_0.05_rep08",58,70,0.433249729743864,0.0149378801682907,0.0453656123974961
"skew_0.05_rep08",59,20,0.475675454234673,-0.0166976568506154,0.0423141657071422
"skew_0.05_rep08",61,33,0.216526701801736,0.00159987305580016,0.0472773757890484
"skew_0.05_rep08",62,52,0.479397028340323,-0.00540401911474453,0.0725483631120635
"skew_0.05_rep08",63,34,0.527355014755145,-0.00236507304588024,0.0351690695918434
"skew_0.05_rep08",64,21,0.606783390867281,0.0376813240010844,0.111978800664993
"skew_0.05_rep08",65,18,0.581779212766554,-0.00645466443977678,0.0536088721132632
"skew_0.05_rep08",66,36,0.287469856836339,-0.00964631444530619,0.0452762809337586
"skew_0.05_rep08",67,18,0.556113574341295,-0.0187930896449783,0.05892893009094
"skew_0.05_rep08",70,53,0.317500187625845,0.00306834100411974,0.0475010554294598
"skew_0.05_rep08",71,11,0.391793039553042,-0.0147714119415783,0.115314282589536
"skew_0.05_rep08",72,70,0.36075625784961,0.0017610819397701,0.0377744455496883
"skew_0.05_rep08",73,8,0.584119733465775,0.0039527949443045,0.240800182506452
"skew_0.05_rep08",74,22,0.254804872738683,-0.00110630408665943,0.129262426086025
"skew_0.05_rep08",75,29,0.144903748983939,-0.0168747245996466,0.0906957241306236
"skew_0.05_rep08",76,12,0.859864550653337,0.0150579378614043,0.139690099667103
"skew_0.05_rep08",77,19,0.582223494512583,0.0635463349490725,0.13693273186022
"skew_0.05_rep08",81,20,0.397705475269153,-0.00316718140681829,0.068271936327007
"skew_0.05_rep08",82,28,0.211991904499358,0.00962210245808277,0.0900496400741846
"skew_0.05_rep08",83,93,0.348723741613359,-0.00712521177384612,0.031239423063878
"skew_0.05_rep08",84,61,0.352491077759347,0.00797882342051124,0.077108911824657
"skew_0.05_rep08",85,25,0.121568247001101,-0.000384360886840195,0.056477778217318
"skew_0.05_rep08",86,45,0.504470875292021,0.0103124180146791,0.0368433227438331
"skew_0.05_rep08",87,22,0.601803058320393,0.0668031270152688,0.0968384755739997
"skew_0.05_rep08",88,80,0.643264397788677,0.00940830079730674,0.0233857349985514
"skew_0.05_rep08",89,97,0.595758023788444,0.00314213644388158,0.0244294410488821
"skew_0.05_rep08",90,75,0.578120193518794,0.000732987964289152,0.0234306619926377
"skew_0.05_rep08",91,18,0.570361049432883,0.0104338555117534,0.101125052240088
"skew_0.05_rep08",93,33,0.638173273743585,0.00511827851268915,0.0495180521820001
"skew_0.05_rep08",94,75,0.454984179905821,0.00269005643174712,0.0539866971197978
"skew_0.05_rep08",95,12,0.328362217770114,0.00342457121721412,0.176794680840703
"skew_0.05_rep08",96,19,0.471670095497833,0.0427479621357656,0.144595697158067
"skew_0.05_rep08",97,15,0.404071821562837,0.00615674015006399,0.0988411482488076
"skew_0.05_rep08",98,13,0.594408472105754,-0.0421478257524959,0.107133766406244
"skew_0.05_rep08",99,28,0.58658119685465,-0.0043443980334003,0.0480288927789967
"skew_0.05_rep09",2,26,0.19175178623243,-0.0012399494636157,0.0569001606045242
"skew_0.05_rep09",4,19,0.152104256926065,0.0310415712929893,0.108146227510553
"skew_0.05_rep09",6,17,0.679981366275598,-0.00974817007763921,0.129093493130937
"skew_0.05_rep09",7,25,0.557341825747206,-0.0214285233643942,0.0534913146543671
"skew_0.05_rep09",10,25,0.781706793703972,-0.0180625038468457,0.0485452786682486
"skew_0.05_rep09",11,82,0.43669429457244,-0.010747174309213,0.0360269628329162
"skew_0.05_rep09",13,8,0.390364516727876,-0.0183827767634372,0.17045891941392
"skew_0.05_rep09",14,14,0.402295248250056,0.0152095483205096,0.108206512380959
"skew_0.05_rep09",15,59,0.634272936845895,-0.000770501713755509,0.0415497091269538
"skew_0.05_rep09",17,20,0.345169422611012,-0.00742478273806895,0.144737346301777
"skew_0.05_rep09",18,20,0.82257208135249,0.00353014562529232,0.057882928820802
"skew_0.05_rep09",19,17,0.582459814407529,0.0187960107465654,0.119885802128564
"skew_0.05_rep09",20,18,0.540483573031646,0.0223957019945018,0.118111900419292
"skew_0.05_rep09",22,14,0.793343321307488,0.00953967956818975,0.149262243662661
"skew_0.05_rep09",23,22,0.609561547326505,0.0422692295123861,0.0797983944150523
"skew_0.05_rep09",24,73,0.410053288087814,-0.0161574938851835,0.0417296651356242
"skew_0.05_rep09",25,125,0.149879307366207,0.00177490885083488,0.0129992172931181
"skew_0.05_rep09",26,26,0.43573832323668,-0.0040370988938216,0.0253904357785955
"skew_0.05_rep09",27,14,0.59832333057144,-0.0123192803213742,0.125128097324187
"skew_0.05_rep09",28,13,0.2111854852881,-0.0261383010837732,0.111610577731922
"skew_0.05_rep09",29,27,0.50487329161375,0.0152372508729414,0.064920054662072
"skew_0.05_rep09",30,47,0.384532796305647,-0.00958230427979804,0.0202708033258563
"skew_0.05_rep09",31,17,0.608319084582915,-0.0114331236381793,0.0630474549052317
"skew_0.05_rep09",32,92,0.378881615759744,0.0146944594623615,0.0426416566360012
"skew_0.05_rep09",33,27,0.0837826559465183,0.00796540121347327,0.131860742334019
"skew_0.05_rep09",34,48,0.577850087585671,-0.0186632598746705,0.0520224783813711
"skew_0.05_rep09",35,14,0.23573318665369,-0.0183220806394831,0.0873661626757116
"skew_0.05_rep09",36,21,0.300334090729043,-0.0461047305839923,0.055077283702464
"skew_0.05_rep09",39,51,0.172331296599878,0.0116332841946277,0.0537412863796794
"skew_0.05_rep09",40,12,0.576238684641785,-0.0795155681293581,0.10424122430496
"skew_0.05_rep09",41,16,0.289991661406375,-0.0158839132115103,0.168077300438058
"skew_0.05_rep09",42,16,0.630295454507677,-0.0492541663027678,0.106400333585238
"skew_0.05_rep09",43,60,0.416744224567932,-0.00926648741469202,0.0102690037643466
"skew_0.05_rep09",44,25,0.438759132589823,0.00354077678075454,0.0586782517322377
"skew_0.05_rep09",45,99,0.24124884682018,0.000544806977927652,0.047270039586903
"skew_0.05_rep09",46,83,0.493200182416139,-0.00137205121519164,0.0226266080585902
"skew_0.05_rep09",47,24,0.824068575273882,-0.0078496859502779,0.0550974418141678
"skew_0.05_rep09",49,10,0.282500036731043,-0.0197155514985343,0.130803259962471
"skew_0.05_rep09",50,8,0.693273145812738,0.0032203655805495,0.248525718244458
"skew_0.05_rep09",51,48,0.561619472416764,-0.00472108496229479,0.0678182379737654
"skew_0.05_rep09",52,130,0.365016288911635,-0.000489378878308599,0.00838694546795247
"skew_0.05_rep09",53,15,0.727550643679033,-0.0102139032084276,0.0908645802655254
"skew_0.05_rep09",54,48,0.094556220184746,0.0182223764355082,0.036989684730729
"skew_0.05_rep09",55,21,0.510626126187195,0.000503922544849167,0.118134220840035
"skew_0.05_rep09",56,24,0.723378278716115,-0.00356696647596317,0.0599000871357807
"skew_0.05_rep09",57,36,0.708498179741644,-0.0111894880149217,0.0831500574968397
"skew_0.05_rep09",58,13,0.485337546310719,-0.0210506964703255,0.142808652327219
"skew_0.05_rep09",59,49,0.133576654030388,-0.000250682656158609,0.0212232680024983
"skew_0.05_rep09",60,37,0.362570437200357,0.00424602438831586,0.0433438698349047
"skew_0.05_rep09",61,45,0.22275795918208,0.0375913890603691,0.056119614116482
"skew_0.05_rep09",62,32,0.47522860489646,-0.00900030311497211,0.0374210862525351
"skew_0.05_rep09",63,112,0.348342769181409,0.0025079012031833,0.0320135135905086
"skew_0.05_rep09",65,22,0.626780858683196,0.0265501576740744,0.11010483743248
"skew_0.05_rep09",66,29,0.723334080281684,-0.0013537884281456,0.0529611148982544
"skew_0.05_rep09",69,8,0.485509371957684,0.0633704263685849,0.181627389854494
"skew_0.05_rep09",70,19,0.0586830184040469,0.0039129553799786,0.06235944444751
"skew_0.05_rep09",71,10,0.823675618205477,0.0284555013474438,0.15165651283535
"skew_0.05_rep09",72,50,0.438978013172952,-0.00894448133840485,0.0193126774579409
"skew_0.05_rep09",73,48,0.576178977058535,0.00088282737341575,0.0619043386950035
"skew_0.05_rep09",74,14,0.512840279222703,0.0371085805815879,0.131038650772265
"skew_0.05_rep09",75,18,0.441903568009525,0.00988219556983351,0.113068511897328
"skew_0.05_rep09",76,26,0.105485887343711,-0.01983506020533,0.107646606156829
"skew_0.05_rep09",77,9,0.812680155090837,-0.07496239110295,0.163457081501573
"skew_0.05_rep09",78,97,0.32468109507673,0.0192320389864382,0.0371615189474244
"skew_0.05_rep09",79,25,0.564210416057565,-0.000997377249400301,0.0516334489197561
"skew_0.05_rep09",80,15,0.261992765122075,-0.0194576721735565,0.218660427030988
"skew_0.05_rep09",81,48,0.442742820275881,0.0216509293860416,0.0454424453230793
"skew_0.05_rep09",82,19,0.750447692881268,-0.0015628284744522,0.0697143587193846
"skew_0.05_rep09",83,69,0.207311132083541,0.000816156030794523,0.0241716708675205
"skew_0.05_rep09",84,37,0.22108169316413,-5.11109971085298e-05,0.0463271540486036
"skew_0.05_rep09",85,11,0.769598226833301,-0.0168369341360628,0.117605955703193
"skew_0.05_rep09",86,14,0.220389006464064,-0.0476401718818796,0.0806255116986682
"skew_0.05_rep09",87,72,0.448067218593473,-0.00177995314548211,0.0295113028584258
"skew_0.05_rep09",88,19,0.18642977045241,-0.0147595904355495,0.0764524940426141
"skew_0.05_rep09",89,8,0.571930168459138,0.114286690982666,0.189601857408523
"skew_0.05_rep09",90,13,0.336304091846436,0.0303950638514484,0.14599298370746
"skew_0.05_rep09",91,20,-0.0464386607907066,-0.0138463575824964,0.0681028809147909
"skew_0.05_rep09",93,96,0.433472523095268,0.00381608132421407,0.0404455696177419
"skew_0.05_rep09",94,133,0.201047604880527,0.00151219348247143,0.0306688556250474
"skew_0.05_rep09",95,16,0.326768980967733,0.0504843747477673,0.158022212844848
"skew_0.05_rep09",96,10,0.732581187780683,0.0144868575683305,0.0990852379687189
"skew_0.05_rep09",97,42,0.188845654203516,0.00308734180513918,0.0538405877798286
"skew_0.05_rep09",98,9,0.673898442716617,-0.0683263798718117,0.307590091474748
"skew_0.05_rep09",99,25,0.302212272893288,-0.00400762631863015,0.0630353718666422
"skew_0.11_rep01",0,34,0.312090508957824,0.020220105581968,0.057658449348881
"skew_0.11_rep01",2,25,0.399749938280418,-0.0130435925801648,0.0786731975554905
"skew_0.11_rep01",4,19,0.299987389431214,0.0163568237657709,0.0845454834146056
"skew_0.11_rep01",8,45,0.179505090120167,0.000432195027274258,0.0510701365189807
"skew_0.11_rep01",9,54,0.413745792747582,0.00240523387009307,0.0413175705152295
"skew_0.11_rep01",10,115,0.358490752908587,0.00407295455329978,0.0169582808306161
"skew_0.11_rep01",11,22,0.290399679449209,0.0266998071206423,0.102986973404576
"skew_0.11_rep01",12,60,0.569682261892948,0.0016060141230791,0.0213997331321732
"skew_0.11_rep01",13,30,0.55098549592543,-0.00348149743240713,0.0857305300665542
"skew_0.11_rep01",14,31,0.0193127313665416,0.00960162131835815,0.0683678539390331
"skew_0.11_rep01",15,31,0.491258001871557,-0.0206406646091825,0.0784317005844665
"skew_0.11_rep01",16,18,0.535203636364428,0.000194368365347526,0.0992973270207068
"skew_0.11_rep01",17,9,0.278531885418238,-0.0368090381162442,0.101426241477629
"skew_0.11_rep01",20,12,0.8332250520174,-0.0337443131920073,0.0770316463937276
"skew_0.11_rep01",22,16,0.138213643445064,-0.0108796282535885,0.0761414129769498
"skew_0.11_rep01",23,12,0.852115505259552,-0.00909676450331898,0.102443285729458
"skew_0.11_rep01",24,61,0.331669143006757,-0.0131751441813178,0.0412217224061046
"skew_0.11_rep01",26,12,0.206166313839965,0.00354683211439856,0.0980205342399452
"skew_0.11_rep01",27,12,0.550957680192444,-0.0619617765718651,0.164927539482065
"skew_0.11_rep01",28,25,0.80485585068743,-0.0184760402371687,0.0323504166415808
"skew_0.11_rep01",29,16,0.0665579127776212,-0.00554724569162204,0.0834116427710242
"skew_0.11_rep01",30,49,0.308437132719657,-0.00557264265395735,0.0323105431846157
"skew_0.11_rep01",31,16,0.397932124940709,0.0158406606090793,0.155571124854499
"skew_0.11_rep01",33,136,0.47195781456151,-0.00482004658617117,0.0249744771245127
"skew_0.11_rep01",34,33,0.444126454756143,-0.00119655006461953,0.0402970159640059
"skew_0.11_rep01",36,35,0.708495886595871,-0.0188352199739532,0.0401460160951953
"skew_0.11_rep01",37,13,0.215107467763874,0.0156533790840737,0.137183610033738
"skew_0.11_rep01",38,23,0.158763185756779,-0.0126528036382674,0.0936404608329284
"skew_0.11_rep01",39,27,0.721615291198689,0.016862132893509,0.0712952253306148
"skew_0.11_rep01",40,26,0.218758945228808,-0.0164952237287816,0.0872985960149165
"skew_0.11_rep01",41,38,0.389029071503886,0.000772264229658942,0.0377384375390793
"skew_0.11_rep01",42,24,0.604175598406371,-0.0115329146729022,0.0881321367133241
"skew_0.11_rep01",43,24,0.486603591951883,-0.00144382904212666,0.0527165353267956
"skew_0.11_rep01",44,15,0.313759725096486,-0.0127494959798976,0.105223872889906
"skew_0.11_rep01",45,30,0.242227288988419,0.00308543974030683,0.056734636214789
"skew_0.11_rep01",47,25,0.754665491238094,-0.0152726433344151,0.044142054845053
"skew_0.11_rep01",48,145,0.219969136327225,-0.00126141342776764,0.0328512115510052
"skew_0.11_rep01",49,17,0.408700571763506,-0.0132754881544197,0.0704600959941098
"skew_0.11_rep01",50,24,0.495913954502624,0.0267263752494584,0.0847176201620067
"skew_0.11_rep01",51,17,0.328317713481927,0.0274566342944308,0.0690271784689787
"skew_0.11_rep01",52,47,0.385572423836935,0.00323563729943334,0.0455544718126631
"skew_0.11_rep01",53,18,0.498034964150479,0.0244042158903441,0.102807236535501
"skew_0.11_rep01",54,58,0.261439687845931,0.00816397101776963,0.0528188665096128
"skew_0.11_rep01",55,9,0.30591377943539,0.013257617975531,0.186721454423474
"skew_0.11_rep01",56,61,0.300585480659579,-0.00527547027516159,0.0261648289000775
"skew_0.11_rep01",57,36,0.379590366124684,0.00685770813884688,0.0424272839027239
"skew_0.11_rep01",58,17,0.72705838844849,0.00827995209451717,0.0911538798192554
"skew_0.11_rep01",59,26,0.179456486357018,-0.00683060252416927,0.0778103107660804
"skew_0.11_rep01",60,68,0.380424370138382,0.0138324992554082,0.0461840500696429
"skew_0.11_rep01",61,25,0.480496314345261,0.0388171710456485,0.102379579504595
"skew_0.11_rep01",62,20,0.417828365407797,-0.0237283929024153,0.0648976137695508
"skew_0.11_rep01",63,78,0.442809060338004,-0.00551385987471319,0.0377479211004823
"skew_0.11_rep01",64,32,0.507742037314358,0.0128176073685679,0.0744036945647731
"skew_0.11_rep01",65,58,0.420325273401347,0.0106295853978773,0.0442173494757164
"skew_0.11_rep01",67,13,0.668185588960483,0.0173691599172414,0.183071030297589
"skew_0.11_rep01",68,20,0.200591620771321,0.01613576888638,0.099654883621235
"skew_0.11_rep01",69,26,0.304671067613266,-0.00358928842950903,0.0525613666279701
"skew_0.11_rep01",70,13,0.471692309502141,-0.0195870144067168,0.1530089111925
"skew_0.11_rep01",71,90,0.383725624659719,-0.00264923346791683,0.0154639840781823
"skew_0.11_rep01",72,35,0.567174045083326,0.0112185914885555,0.0503366882315601
"skew_0.11_rep01",73,15,0.494846230692091,0.00854951107393164,0.14400725811865
"skew_0.11_rep01",75,26,0.378878037012014,0.0109576381701732,0.0964084069585507
"skew_0.11_rep01",76,16,0.543543166530493,0.0120820738391065,0.104803145284821
"skew_0.11_rep01",78,23,0.54318463481819,0.0329010815267278,0.0916598497267552
"skew_0.11_rep01",79,9,0.600567025182579,0.0783762625740381,0.252854916591965
"skew_0.11_rep01",80,74,0.341571097151639,-0.0118580887685348,0.0247116874621755
"skew_0.11_rep01",82,47,0.281452044860426,0.000997823115922053,0.0590233341235733
"skew_0.11_rep01",83,15,0.450968028312358,0.00997516102872029,0.167417082748039
"skew_0.11_rep01",85,20,0.503784820816308,0.00765586880207496,0.086076834272689
"skew_0.11_rep01",87,76,0.285989323271648,0.00800522581234311,0.0501395673426498
"skew_0.11_rep01",88,9,0.743802598895667,0.0640705909555065,0.265770332529315
"skew_0.11_rep01",89,39,0.140801800264201,0.0118950732286548,0.069463461483244
"skew_0.11_rep01",90,21,0.471490823719414,0.0114733692801988,0.0723808004232283
"skew_0.11_rep01",91,74,0.318322695665736,-0.0045178724322002,0.0311096747656107
"skew_0.11_rep01",92,11,0.390358157537236,0.031503699691257,0.116708112350271
"skew_0.11_rep01",93,32,0.0298923036101423,0.0104425730236573,0.0536876818037344
"skew_0.11_rep01",94,25,0.490203616327853,0.00544934464328321,0.0467435762522539
"skew_0.11_rep01",95,40,0.316452453422345,-0.0161032501881924,0.0435647879569991
"skew_0.11_rep01",96,11,0.372656983199804,0.00896508483947835,0.121987230187321
"skew_0.11_rep01",98,8,0.851672254836531,-0.0864817128511925,0.256588285302599
"skew_0.11_rep01",99,62,0.229989242155683,-0.00766488571536699,0.0338516787902486
"skew_0.11_rep02",0,43,0.567445452508275,0.0233379662248124,0.0931144324014389
"skew_0.11_rep02",1,11,0.288079499588034,-0.0375700881202339,0.0909306740444832
"skew_0.11_rep02",3,16,0.822073310155769,-0.0198816633231386,0.121973355235144
"skew_0.11_rep02",4,12,0.443741857345945,0.00715546879510023,0.086612658918628
"skew_0.11_rep02",5,10,0.708495179655088,0.107261773809644,0.265348135072013
"skew_0.11_rep02",6,32,0.569146090931907,-0.0147098111505296,0.0662129750114537
"skew_0.11_rep02",7,34,0.324891892970565,-0.00932105121791035,0.0423700962267449
"skew_0.11_rep02",9,47,0.386371707569692,0.037082967951888,0.0486197330583597
"skew_0.11_rep02",12,9,0.453696673289765,0.0205657398321804,0.321354865922184
"skew_0.11_rep02",13,12,0.478068582965355,-0.00916814328858285,0.123651123271476
"skew_0.11_rep02",14,12,0.388613426773072,-0.00710019269566095,0.0832558443615986
"skew_0.11_rep02",15,19,0.267776589411644,0.006459187028022,0.058565378051154
"skew_0.11_rep02",16,87,0.215252271872928,-0.00591036172707786,0.0272676642942258
"skew_0.11_rep02",17,53,0.272992547020218,0.0124500770265023,0.057490884189161
"skew_0.11_rep02",18,20,0.349289085102532,-0.015147060884105,0.0600026283232445
"skew_0.11_rep02",19,12,0.360479549249343,0.0807577526081284,0.19771864834119
"skew_0.11_rep02",21,19,0.139459404956466,-0.0206743429389685,0.0888737111153269
"skew_0.11_rep02",22,35,0.385876820306549,-0.0285045599736348,0.0799254721273304
"skew_0.11_rep02",23,18,0.23215030636137,-0.00768331900837538,0.0683650725263514
"skew_0.11_rep02",24,39,0.56967535834389,0.0270358676636224,0.0651703683558981
"skew_0.11_rep02",28,22,0.614974957235118,-0.0141884883828093,0.107445215826109
"skew_0.11_rep02",29,10,0.411937102156154,-0.0238824358259713,0.182629071217649
"skew_0.11_rep02",30,22,0.816462316406279,0.00633735645184353,0.0670913023226757
"skew_0.11_rep02",31,29,0.492348965739652,-0.00555576263558846,0.033895885727376
"skew_0.11_rep02",32,16,0.347506952635381,-0.00405177637082655,0.0980618683853433
"skew_0.11_rep02",34,69,0.441604230587947,-0.00725391627661465,0.0131692953048667
"skew_0.11_rep02",35,9,0.515794535267888,0.00842402952843347,0.153779904907884
"skew_0.11_rep02",36,32,0.272304249156247,0.00843878576730379,0.103650725731442
"skew_0.11_rep02",37,30,0.295751792872822,0.0260962514809706,0.0556165717361881
"skew_0.11_rep02",38,17,0.0872761826893369,0.00987608611735075,0.102172510578974
"skew_0.11_rep02",39,52,0.632706963974791,0.0133233678883522,0.0364980103754023
"skew_0.11_rep02",40,18,0.288594793798874,0.00326655672902649,0.0888058699682858
"skew_0.11_rep02",41,28,0.17046506114275,-0.0127162333992707,0.077069574736699
"skew_0.11_rep02",42,110,0.319017327244209,-0.00118791761805744,0.0541750792192069
"skew_0.11_rep02",43,34,0.257565412133366,-0.00651050770769244,0.0676189062859823
"skew_0.11_rep02",45,18,0.545738182777851,0.00222044943909521,0.0855627586218015
"skew_0.11_rep02",46,17,0.687669256114282,-0.00718052964066941,0.128128530971687
"skew_0.11_rep02",47,44,0.496018320923746,-0.0147169709015456,0.0354157580238039
"skew_0.11_rep02",49,22,0.507715721699187,0.014840182939246,0.153120170689562
"skew_0.11_rep02",50,8,0.602558674584078,0.0128837558257009,0.124527516357244
"skew_0.11_rep02",52,13,0.146959642783581,-0.0241172441433376,0.153504052635962
"skew_0.11_rep02",53,14,0.60030303606064,0.0455265317447171,0.149395287892607
"skew_0.11_rep02",54,13,-0.0425156591321374,-0.0481441526422442,0.107063476008835
"skew_0.11_rep02",55,13,0.682623852133796,-0.0471536052383182,0.180088621365801
"skew_0.11_rep02",56,20,0.325375027775555,-0.0150857141876942,0.0816301044460914
"skew_0.11_rep02",57,50,0.542230427142137,0.00859932077951425,0.0701134544726566
"skew_0.11_rep02",59,26,0.254550057832033,-0.00263916005000201,0.0438206287480138
"skew_0.11_rep02",60,14,0.0726859137454273,-0.0131025809646419,0.0852102642280294
"skew_0.11_rep02",61,54,0.613675609570156,-0.00680487586915894,0.0393215284185335
"skew_0.11_rep02",62,68,0.366962594822579,0.00904446167456878,0.0294833236506458
"skew_0.11_rep02",63,46,0.412864187723,-0.0205140361500956,0.0286674730271995
"skew_0.11_rep02",64,8,0.567939038427582,-0.0630693150140822,0.19555255968184
"skew_0.11_rep02",65,19,0.62449677279174,0.0152621519750746,0.0948405344800965
"skew_0.11_rep02",68,71,0.57659848745411,0.00357116494071027,0.0249119482160868
"skew_0.11_rep02",71,59,0.515992297437549,0.00308047734103409,0.031083158217408
"skew_0.11_rep02",72,26,0.235041504707279,0.0024158213292044,0.0716197940684078
"skew_0.11_rep02",75,17,0.685458571660428,0.00101306624277917,0.0644951200596351
"skew_0.11_rep02",77,8,0.0849405330886174,0.100589746557656,0.228991011100163
"skew_0.11_rep02",79,16,0.148804290796652,-0.0209169420179512,0.0681864450501271
"skew_0.11_rep02",80,36,-0.00164058520858193,0.00278723278784778,0.0943807676472236
"skew_0.11_rep02",81,9,0.868916611357335,-0.07433293481548,0.0816845147098762
"skew_0.11_rep02",82,111,0.22337522648585,0.00084781435577585,0.0367798634524023
"skew_0.11_rep02",83,48,0.337145855762116,0.0100998709088432,0.0501441759102431
"skew_0.11_rep02",85,20,0.575196099446964,-0.0194608445754048,0.112024599230778
"skew_0.11_rep02",86,110,0.268765061954809,-0.00613643694718216,0.031017120650873
"skew_0.11_rep02",88,14,0.284700627878352,-0.0124992393308629,0.0915742360719435
"skew_0.11_rep02",92,36,0.432286150616185,0.0139546621768053,0.0850111343828092
"skew_0.11_rep02",93,29,0.504690011656392,-0.0209816518589486,0.03903027076507
"skew_0.11_rep02",94,19,0.587377824375834,0.0196413278407533,0.119368104656649
"skew_0.11_rep02",95,30,0.531730466413887,-0.0128362497104647,0.0367077224741501
"skew_0.11_rep02",96,114,0.458372664347751,0.00787556951671816,0.0213156515759471
"skew_0.11_rep02",97,88,0.200135503576772,-0.00178113056203418,0.0190520820940931
"skew_0.11_rep02",98,14,0.357140954333519,0.00870096784913457,0.124558024383593
"skew_0.11_rep02",99,13,0.32094787587724,0.0141279340281267,0.110027591713261
"skew_0.11_rep05",0,68,0.428873547413768,0.0141919736064499,0.051642664920124
"skew_0.11_rep05",1,20,0.288417189314988,-0.00327464029275839,0.0448002702466121
"skew_0.11_rep05",2,53,0.322115935398718,0.0182270602537577,0.0784846548713667
"skew_0.11_rep05",4,16,0.758823615376347,-0.00271686509406665,0.108036155121562
"skew_0.11_rep05",5,17,0.814866069852999,-0.00579734633183721,0.089470373102433
"skew_0.11_rep05",6,24,0.342264023549466,-0.0109438876124676,0.0804001695412238
"skew_0.11_rep05",7,57,0.35208586131321,-0.00565534815110598,0.0352898374355183
"skew_0.11_rep05",8,47,0.242391562513898,-0.0112001793075032,0.0631081281154427
"skew_0.11_rep05",9,73,0.3767369029357,-0.000670698681471231,0.033546611564452
"skew_0.11_rep05",10,50,0.432910860043785,-0.0110601978903738,0.057711553527752
"skew_0.11_rep05",11,15,0.760300905191077,0.03583451449422,0.143801970907703
"skew_0.11_rep05",12,40,0.215910662492361,-0.00264527843831672,0.0331339671161599
"skew_0.11_rep05",13,22,0.420449220433817,0.00442520441613229,0.0799055567693298
"skew_0.11_rep05",14,28,0.752926378778371,-0.000121052235636205,0.0374267814821524
"skew_0.11_rep05",15,15,0.379272604263352,-0.0140461413882826,0.0906663697081572
"skew_0.11_rep05",16,32,0.44962810237792,-0.009984736221582,0.0551592315155884
"skew_0.11_rep05",17,40,0.198656884145397,0.00037517808066475,0.0633109332627051
"skew_0.11_rep05",21,12,0.470721892877028,0.0342594147569556,0.167479941466409
"skew_0.11_rep05",22,17,0.43606140303612,-0.00906926590133381,0.0773217350975044
"skew_0.11_rep05",23,8,0.113697680717808,-0.0233229847682976,0.132587685677807
"skew_0.11_rep05",24,45,0.197345307129389,-0.00127680213569931,0.0406396278085674
"skew_0.11_rep05",25,8,-0.18255016263791,-0.0488192114751698,0.257088752053188
"skew_0.11_rep05",26,9,0.873345261866502,0.0226492257945509,0.157008901043253
"skew_0.11_rep05",27,29,0.273411099118969,-0.0286285029013545,0.0585093811594204
"skew_0.11_rep05",28,56,0.218713517186182,0.00102371737319439,0.0544147252654084
"skew_0.11_rep05",30,54,0.256921014319078,-0.00267604793592413,0.0537333743039812
"skew_0.11_rep05",31,64,0.338610095667813,-0.000408774787855043,0.0279678476102398
"skew_0.11_rep05",32,12,0.643023527042347,-0.00910108911017236,0.182808378130108
"skew_0.11_rep05",36,110,0.547460065123032,-0.004717844151555,0.0125516171053893
"skew_0.11_rep05",39,110,0.400791509121818,0.00303213741981139,0.0301410865884844
"skew_0.11_rep05",40,11,0.611909359651276,-0.0157904714203201,0.176162116652927
"skew_0.11_rep05",41,10,0.251580746079522,-0.0127854230661937,0.175876680302394
"skew_0.11_rep05",42,49,0.285354277605616,-0.0128605251145855,0.0342656344041713
"skew_0.11_rep05",43,62,0.18956868848439,0.0101597326408072,0.0439834367737966
"skew_0.11_rep05",44,26,0.548728594575359,0.01548675312442,0.0781607942548877
"skew_0.11_rep05",45,30,0.295482390130921,0.021080085648473,0.0470860214345307
"skew_0.11_rep05",46,14,0.576495172584082,-0.0143065108784833,0.130076782201992
"skew_0.11_rep05",47,68,0.26941207784511,0.023798311058675,0.0597180930490169
"skew_0.11_rep05",48,14,0.696709222128097,0.0549683889997707,0.139703031604043
"skew_0.11_rep05",49,13,0.82501634554855,0.0347722819567476,0.174641716581941
"skew_0.11_rep05",50,37,0.282176224766904,-0.002293273325957,0.0339264770669925
"skew_0.11_rep05",52,172,0.454428968260483,0.00234245328700138,0.0288397842763342
"skew_0.11_rep05",53,10,0.735784268070273,-0.0329399306996799,0.183352281922017
"skew_0.11_rep05",54,33,0.461111455110797,0.0157950055021497,0.0529829205195974
"skew_0.11_rep05",55,15,0.386419655899401,0.00128735773152723,0.13817529180518
"skew_0.11_rep05",56,14,0.327482555284803,-0.0131656131851022,0.140269561189938
"skew_0.11_rep05",59,19,0.675777131629948,-0.0557852523678839,0.110884610524222
"skew_0.11_rep05",60,30,0.344843008714043,0.00113509900528256,0.0498060563987639
"skew_0.11_rep05",63,22,0.193193614585786,0.00121385971819465,0.0380771193579054
"skew_0.11_rep05",64,55,0.135090842566511,-0.00649296307807995,0.0331955433643699
"skew_0.11_rep05",65,9,0.909503831433569,-0.0142618586852034,0.155119346194912
"skew_0.11_rep05",66,77,0.326042190775095,-0.000836445464484341,0.0411620612627332
"skew_0.11_rep05",67,29,0.559495052962218,-0.000584845027791341,0.0809509683370599
"skew_0.11_rep05",69,82,0.383188177672599,-0.0187750049114363,0.0539485953793561
"skew_0.11_rep05",70,33,0.491408865825852,-0.00332307641858441,0.0315014361086256
"skew_0.11_rep05",71,25,0.72441199020054,0.021657644255708,0.0632496783654607
"skew_0.11_rep05",72,27,0.358260279328392,6.1374128735649e-05,0.0909779976229295
"skew_0.11_rep05",73,22,0.633524833232007,0.0219572300819574,0.0613213858544423
"skew_0.11_rep05",74,33,0.553085891052494,-0.0187155040613599,0.0572086261015402
"skew_0.11_rep05",75,23,0.40914007538558,-0.0169214890244258,0.0832805535130504
"skew_0.11_rep05",76,41,0.381152305956447,0.000477489702368316,0.0244653474502916
"skew_0.11_rep05",77,10,0.87947836979686,-0.00669081699075213,0.1117462210229
"skew_0.11_rep05",78,53,0.150141329753879,0.00146998889932592,0.0506508966310061
"skew_0.11_rep05",79,17,0.615775330579787,-0.0290675185376828,0.0781461339861087
"skew_0.11_rep05",80,50,0.209920368582761,0.0173873404542725,0.0496986508381176
"skew_0.11_rep05",81,37,0.349810419496575,-0.00881861879844316,0.0336200169554432
"skew_0.11_rep05",82,8,0.611684624487391,0.00930761881569478,0.317142442712408
"skew_0.11_rep05",83,34,0.447735116412758,-0.0183846119452085,0.033750175100478
"skew_0.11_rep05",84,13,0.38010967733176,0.0102228751821557,0.131284422703881
"skew_0.11_rep05",85,28,0.402503533341301,0.0190117587054663,0.0628582527754944
"skew_0.11_rep05",87,42,0.1029271564789,-0.030402406905319,0.0664407982822112
"skew_0.11_rep05",88,36,0.46010161478405,-0.0117556815343684,0.0326176108861165
"skew_0.11_rep05",89,93,0.38278828752361,-0.00104146018600794,0.0329679369679705
"skew_0.11_rep05",90,9,0.573998025012087,0.0431650200189667,0.347543383365546
"skew_0.11_rep05",93,48,0.272824261507062,0.000314857575328551,0.0353096012879343
"skew_0.11_rep05",94,62,0.0867514341730873,-0.006223079247126,0.0281387612207157
"skew_0.11_rep05",95,125,0.337232431611719,-0.0068990991038643,0.0221989875658601
"skew_0.11_rep05",96,23,0.542224345823289,-0.000483313829618093,0.070164380963747
"skew_0.11_rep05",97,12,0.267705589255495,-0.0506130198099103,0.139872220042573
"skew_0.11_rep05",98,45,0.547983868946761,-0.00420202358363289,0.0771746458561264
"skew_0.11_rep05",99,9,0.66239234176214,0.0661866424857208,0.268954146988396
"skew_0.15_rep00",0,10,0.367300472964448,0.00991263018290702,0.246981384424761
"skew_0.15_rep00",4,8,0.729651349593019,0.00281781988298081,0.178591548618386
"skew_0.15_rep00",5,20,0.253792139288048,-0.0134316903216029,0.0710436945396843
"skew_0.15_rep00",7,62,0.352912294170149,-0.0178203121345384,0.0477597805390932
"skew_0.15_rep00",9,48,0.150249814774193,-0.00710632018273671,0.0383400092900486
"skew_0.15_rep00",10,69,0.249653869513391,0.000856162393538687,0.0477521253458732
"skew_0.15_rep00",11,47,0.556413983857148,0.00647858556390476,0.0540225599320488
"skew_0.15_rep00",12,54,0.239143194077498,0.00211669999964143,0.0402132610570052
"skew_0.15_rep00",14,56,0.419541596095024,-0.00872320074357078,0.0396925365164264
"skew_0.15_rep00",15,65,0.531965247741784,-0.00699955811577057,0.033642978379996
"skew_0.15_rep00",17,26,0.682588899080256,0.00524975698840257,0.0694389761801482
"skew_0.15_rep00",18,13,0.319997117569952,0.0115940684805267,0.0751221309427477
"skew_0.15_rep00",19,133,0.460138554511592,0.0140757898097253,0.0331095640963933
"skew_0.15_rep00",20,54,0.0147074831102665,0.0126849949568182,0.0766608405757266
"skew_0.15_rep00",21,21,0.260774828292876,-0.000878806067764207,0.0665872365305643
"skew_0.15_rep00",22,77,0.231636753548086,0.0011472018773658,0.0307486029074
"skew_0.15_rep00",23,21,0.498028418931888,-0.0166626525150963,0.0509597246491965
"skew_0.15_rep00",24,20,0.688236699939159,0.0118356820332609,0.087349874096028
"skew_0.15_rep00",25,15,0.654106793213231,0.0187897007624179,0.102484084304952
"skew_0.15_rep00",26,24,0.573598711874047,0.010891488600971,0.0659217786969222
"skew_0.15_rep00",28,38,0.26647957392557,0.00957884180305856,0.0390882093796446
"skew_0.15_rep00",29,18,0.885947155395694,-0.00864573554737576,0.0676220869016798
"skew_0.15_rep00",31,26,0.22447609597562,-0.0168301013463857,0.0515856711711645
"skew_0.15_rep00",32,9,0.705697235436648,-0.0258651667879625,0.26321372410936
"skew_0.15_rep00",33,39,0.638756662601318,0.00621779051444753,0.0270802963301401
"skew_0.15_rep00",34,16,0.587730309889202,0.00286050819908463,0.0907561979965878
"skew_0.15_rep00",36,93,0.146530431574029,0.00390171717448381,0.0276815375384258
"skew_0.15_rep00",38,23,0.630444877965134,0.0261813779017659,0.11115816128625
"skew_0.15_rep00",39,99,0.161706113158732,0.0143195330774829,0.044680371406548
"skew_0.15_rep00",40,39,0.365354564999736,-0.00845174489868967,0.0308319954767393
"skew_0.15_rep00",41,21,0.426044548480282,0.0608474065371523,0.164948925328831
"skew_0.15_rep00",43,84,0.63818815805051,-0.0108576376900726,0.0362379639807818
"skew_0.15_rep00",44,16,0.476350062989141,-0.018285857298152,0.0775519628914023
"skew_0.15_rep00",45,25,0.252412495076292,0.0132165948648893,0.0634935279916915
"skew_0.15_rep00",46,17,0.732602883799274,-0.031360068641214,0.0915690455263066
"skew_0.15_rep00",47,24,0.143092692919062,0.0158684018776367,0.0662989786613201
"skew_0.15_rep00",48,16,0.730569953720885,-0.0303664141092257,0.138901523010212
"skew_0.15_rep00",49,21,0.229864622659294,-0.0157082084398195,0.0552239564935475
"skew_0.15_rep00",50,72,0.490684911107306,-0.00215688046641745,0.0320644989438993
"skew_0.15_rep00",52,61,0.372181509011435,0.0026237321799931,0.022643783259216
"skew_0.15_rep00",53,20,0.70451981318278,-0.0107543531571545,0.0565924570522188
"skew_0.15_rep00",54,31,0.592547321139645,-0.0269695565555023,0.0476042362652004
"skew_0.15_rep00",55,54,0.340649823509198,0.0088553940865029,0.0501638656681595
"skew_0.15_rep00",56,9,0.48044867922792,0.0287107745517392,0.189201404623466
"skew_0.15_rep00",57,31,0.146059923970685,0.0171334142472228,0.0630455967823776
"skew_0.15_rep00",58,46,0.165792533608182,0.00711298978688149,0.0290877237172035
"skew_0.15_rep00",60,17,0.288739165471257,0.00600362393628195,0.0844362506163732
"skew_0.15_rep00",61,11,0.189523118390385,0.0303726751594302,0.156406329708734
"skew_0.15_rep00",62,85,0.581025115550388,-0.00361205318568848,0.0188331731138258
"skew_0.15_rep00",63,111,0.263302460636044,0.000583653153880049,0.0229310433535873
"skew_0.15_rep00",64,13,0.596723411779667,-0.0228441360602002,0.0635815364627828
"skew_0.15_rep00",65,37,0.250085789324218,0.00197041040369054,0.027057357093483
"skew_0.15_rep00",66,39,0.530503030145176,-0.0187039426168441,0.0462340718306217
"skew_0.15_rep00",67,30,0.424336153135002,0.00258893906409981,0.0615375516299596
"skew_0.15_rep00",68,44,0.491415376907169,0.00277570346617099,0.0465165610316661
"skew_0.15_rep00",69,34,0.67684674209961,-6.00586329976094e-05,0.0526260372808008
"skew_0.15_rep00",70,19,0.351764389192542,-0.00303569801252003,0.0513889609886731
"skew_0.15_rep00",71,44,0.507620942889956,-0.00363071298986318,0.0658568106365999
"skew_0.15_rep00",74,39,0.466590179164382,-0.0142601898798754,0.0487462574577707
"skew_0.15_rep00",75,13,0.209474153829274,0.047038976200053,0.10440893407554
"skew_0.15_rep00",77,9,0.699301339736933,-0.0165730375313377,0.197682972184795
"skew_0.15_rep00",79,54,0.291789803647582,-0.00559712153425235,0.0368150308811735
"skew_0.15_rep00",80,40,0.126706812860381,0.0215997285037801,0.0686729782452928
"skew_0.15_rep00",84,19,0.420494574685432,-0.029556327234998,0.0966321412568017
"skew_0.15_rep00",86,37,0.513945454702147,-0.000415321958780856,0.0461255848504759
"skew_0.15_rep00",89,113,0.168482837325113,-0.00960969248888626,0.0296000708807108
"skew_0.15_rep00",90,53,0.318905549162919,0.000263609430750615,0.028485095462524
"skew_0.15_rep00",91,61,0.185798932422211,0.00535519744441717,0.0509998546969487
"skew_0.15_rep00",92,22,0.816641415702254,0.0132525696227841,0.0860316020996944
"skew_0.15_rep00",94,109,0.396671350120868,-0.00301142360395552,0.0139530440950134
"skew_0.15_rep00",95,10,0.82401241634641,0.0771644359760462,0.217829958811311
"skew_0.15_rep00",96,25,0.32327312971964,0.00851439346052117,0.0519103599799711
"skew_0.15_rep00",97,31,0.685413508421879,0.0268821781313464,0.077480632437856
"skew_0.15_rep00",98,28,0.292548305573053,0.000119079179857366,0.104120461271588
"skew_0.15_rep00",99,14,0.723159867862661,-0.0269039886476529,0.121127832947256
"skew_0.15_rep01",0,24,0.792722815773644,-0.000498418058297181,0.0833512560670697
"skew_0.15_rep01",2,29,0.32561538229785,0.0097095007792267,0.0482071279792046
"skew_0.15_rep01",3,46,0.675668570275881,0.0231763687815828,0.0681575202700593
"skew_0.15_rep01",4,24,0.156461951410336,-0.00274263039474228,0.0555780663042741
"skew_0.15_rep01",6,22,0.803651015750782,-0.0170015728209621,0.111638727623273
"skew_0.15_rep01",7,19,0.442798231809136,0.000262669683450558,0.0640979307723836
"skew_0.15_rep01",8,91,0.313509665608478,0.0196541121876436,0.0375090640108722
"skew_0.15_rep01",9,159,0.524753769496516,-0.00380159026948913,0.0152905454385662
"skew_0.15_rep01",10,43,0.32564672859433,-0.00451138591379659,0.0445424682665879
"skew_0.15_rep01",11,13,0.776222815585825,-0.0331601989243755,0.0731188738373681
"skew_0.15_rep01",12,20,0.678097072628042,0.00788448243935394,0.0738074164655319
"skew_0.15_rep01",13,45,0.747123601206051,0.0114339092824149,0.0493959702739578
"skew_0.15_rep01",14,18,0.53961277907566,-0.00663645169611884,0.0601256830575827
"skew_0.15_rep01",16,11,0.289097706751194,-0.0910094065603562,0.143139383108274
"skew_0.15_rep01",17,10,0.336276130302131,0.0440661985557562,0.234479514633369
"skew_0.15_rep01",19,12,0.577236498387563,0.00868791155113307,0.124395502221283
"skew_0.15_rep01",23,9,0.555168616350355,-0.0182363963563784,0.163649375039051
"skew_0.15_rep01",24,28,0.449758158552751,0.0193746569330495,0.053421669293856
"skew_0.15_rep01",25,36,0.6367627023159,-0.00599402344521258,0.0387094239598176
"skew_0.15_rep01",26,37,0.507914378852003,-8.40685687432135e-05,0.028147212010788
"skew_0.15_rep01",28,17,0.0822757729936595,0.0238059206768607,0.0999201825105213
"skew_0.15_rep01",29,25,0.516388275668794,-0.00491449026614498,0.0824196342282991
"skew_0.15_rep01",30,30,0.593854561724457,0.03304408683741,0.0754194780013059
"skew_0.15_rep01",31,37,0.343298499760463,-0.0170478573213916,0.0706007453714502
"skew_0.15_rep01",33,53,0.294506840644958,-0.00380337319640152,0.0486550302680458
"skew_0.15_rep01",34,10,0.512640871223919,0.0356847019979832,0.200441560033589
"skew_0.15_rep01",36,50,0.431350772897587,-0.00405325420646014,0.0262383638796583
"skew_0.15_rep01",37,20,0.0652590984730796,-0.0242801109866495,0.0848294513231685
"skew_0.15_rep01",39,16,0.601743730358002,-0.0384994615454054,0.0570254829451943
"skew_0.15_rep01",40,8,0.683690487735537,0.00922131648669929,0.200044920548516
"skew_0.15_rep01",42,77,0.544384019526867,0.002544343195722,0.0255614719685165
"skew_0.15_rep01",43,56,0.277843427002077,0.00363062899312078,0.0465830426793098
"skew_0.15_rep01",44,62,0.319057939642405,0.00135579108485431,0.0263305406972494
"skew_0.15_rep01",45,16,0.776371212042707,0.0027041626925411,0.0750659569787947
"skew_0.15_rep01",47,15,0.587253074697489,0.0243737431213349,0.148917030842087
"skew_0.15_rep01",48,38,0.280195306577753,-0.00846897391925276,0.0421285417215156
"skew_0.15_rep01",49,8,0.637291365587756,0.0807907067526149,0.192534369787754
"skew_0.15_rep01",50,19,0.21042046613344,-0.0226623944923384,0.0777078323244242
"skew_0.15_rep01",52,59,0.214555689525576,-0.0121791393613675,0.0630115834814729
"skew_0.15_rep01",53,23,0.144383068386986,-0.000882384706439944,0.0811034091085839
"skew_0.15_rep01",54,51,0.483463002101591,0.00461374615180035,0.045889270328193
"skew_0.15_rep01",56,13,0.523245857362888,-0.0283615105854184,0.132708338200325
"skew_0.15_rep01",57,33,0.491520539056173,0.0176643750640676,0.0621599886366004
"skew_0.15_rep01",58,47,0.284103638008019,-0.000230037699864408,0.0356327221846674
"skew_0.15_rep01",59,66,0.320304002647791,0.000130238953032409,0.0427300746707725
"skew_0.15_rep01",60,63,0.348837465202493,-0.00864233319887481,0.0445529910537365
"skew_0.15_rep01",61,66,0.493764483221822,-0.00849729860261154,0.0341073858913843
"skew_0.15_rep01",62,49,0.314884666497137,0.00727607661893163,0.0568912611221754
"skew_0.15_rep01",63,23,0.358186329519341,-0.0250581184128397,0.139764582568242
"skew_0.15_rep01",65,56,0.367097024150906,-0.00956556000537629,0.0440142389550089
"skew_0.15_rep01",68,21,0.39263619124564,-0.0180966349081718,0.0441106862994969
"skew_0.15_rep01",69,12,0.621299942880953,0.0104855210483639,0.113821822863692
"skew_0.15_rep01",71,88,0.20005298486771,-0.00677736546306923,0.0265480542324489
"skew_0.15_rep01",72,12,0.79704631652691,0.0530096643720664,0.138940177873652
"skew_0.15_rep01",73,17,0.292728556679523,0.0102439308726271,0.0758216597972212
"skew_0.15_rep01",74,20,0.522750109303697,-0.00920854506131986,0.117697192246023
"skew_0.15_rep01",75,37,0.295902944336133,-0.000459337625339195,0.0389617505773941
"skew_0.15_rep01",77,16,0.68540182452631,-0.0098105225334518,0.157036193997465
"skew_0.15_rep01",78,85,0.410372456565652,0.0157101618377952,0.0306691320787351
"skew_0.15_rep01",79,42,0.374969656911862,0.0104774044333485,0.0715546378493871
"skew_0.15_rep01",80,61,0.253016190587142,0.0109326617683945,0.032393865218103
"skew_0.15_rep01",81,31,0.498229678450933,0.0155157878159352,0.112859142984436
"skew_0.15_rep01",82,59,0.434498467578185,-0.000951364834303018,0.0349082397234053
"skew_0.15_rep01",83,12,0.342755794719199,-0.00703175803394486,0.131276605489154
"skew_0.15_rep01",84,22,0.0355042868292842,-0.0205082530463147,0.0778242524166499
"skew_0.15_rep01",86,31,0.592427161294201,0.0154064896765226,0.0887529976643962
"skew_0.15_rep01",88,42,-0.0423123282948626,-0.0129418593730838,0.0569389187567305
"skew_0.15_rep01",89,28,0.637367116742683,-0.00984866302790799,0.0641394577887823
"skew_0.15_rep01",90,138,0.573029341420102,-0.00458255266729494,0.0256122043388751
"skew_0.15_rep01",91,59,0.276776022960349,0.0159398767373965,0.0566348195999938
"skew_0.15_rep01",93,13,0.330540510931634,-0.0136515153475353,0.119568723999375
"skew_0.15_rep01",94,23,0.326834409041871,-0.00517328231276418,0.111326842280218
"skew_0.15_rep01",95,8,0.465491551500241,-0.0361607461348358,0.187065264113004
"skew_0.15_rep01",97,28,0.607056257432944,0.0121258985352451,0.118600948913301
"skew_0.15_rep01",98,18,0.659802141611358,0.00201327996517941,0.10763927148049
"skew_0.15_rep01",99,42,0.324137720517,0.0166401525303524,0.091602107191961
"skew_0.15_rep02",0,21,0.567711700970332,0.00349007671550932,0.0740547631853098
"skew_0.15_rep02",1,14,0.735357749825274,0.0278514844043498,0.174479412147054
"skew_0.15_rep02",2,14,0.623418171350007,-0.0519173361178589,0.0964886037002268
"skew_0.15_rep02",3,12,0.0467373467881154,0.0338540291359013,0.160148223529443
"skew_0.15_rep02",4,15,0.491290761009746,0.0156416428386258,0.0763328060217926
"skew_0.15_rep02",6,18,0.530553551996406,0.00083473417980391,0.0880723219124446
"skew_0.15_rep02",7,28,0.735479229114811,-0.00194911349453337,0.0676992074044542
"skew_0.15_rep02",8,19,0.493196047713333,0.00968683663990581,0.158057599072888
"skew_0.15_rep02",9,19,0.607569877804952,-0.0292187501298838,0.0722440907388856
"skew_0.15_rep02",11,16,0.872642295220723,0.0169442831503931,0.075193988358133
"skew_0.15_rep02",12,12,0.234896784639679,-0.0210456458618458,0.108525209172155
"skew_0.15_rep02",13,12,0.670296431146895,0.0556357817324336,0.215684944262209
"skew_0.15_rep02",14,31,0.223412590234419,-0.0160546378275478,0.0626983649220535
"skew_0.15_rep02",15,13,0.401571573624267,-0.0218347302653163,0.0954389761795557
"skew_0.15_rep02",16,98,0.227876508134049,-0.00469885330323565,0.0534094735442522
"skew_0.15_rep02",17,78,0.0545155524484425,-0.00890763415728588,0.0325785975463216
"skew_0.15_rep02",18,21,0.37496301181651,0.0172311516890598,0.0682466547571165
"skew_0.15_rep02",19,28,0.548304473450772,-0.00396910596881493,0.0830012271365297
"skew_0.15_rep02",20,36,0.738545402403999,-0.0169039072925814,0.0564181147870891
"skew_0.15_rep02",21,11,0.819638421000799,0.0120409679906715,0.153163190194378
"skew_0.15_rep02",22,38,0.149368771253496,-0.0107149304576585,0.040447460404916
"skew_0.15_rep02",23,15,0.407442689480308,-0.0140511137101121,0.0834096538721775
"skew_0.15_rep02",24,15,0.247266583020576,0.0111571506972699,0.142732517157613
"skew_0.15_rep02",25,20,0.186614794324655,0.00578004607755182,0.0708250954459472
"skew_0.15_rep02",26,11,0.150681788242155,-0.0221096919916191,0.112912423208342
"skew_0.15_rep02",27,63,0.287191793713443,0.00925928818884075,0.0418414725628615
"skew_0.15_rep02",29,64,0.307114132478367,-0.00763934052993613,0.0262838507766731
"skew_0.15_rep02",31,55,0.2050402058601,0.000163561060329701,0.0231441785199165
"skew_0.15_rep02",32,67,0.407622410783805,0.00345513266172544,0.0430644487947463
"skew_0.15_rep02",34,11,0.461682540733882,-0.0231694383441327,0.128461232203537
"skew_0.15_rep02",35,15,0.402256321446231,-0.0172072163139048,0.0795281281432786
"skew_0.15_rep02",37,24,0.672968095899198,-0.0146277101820821,0.0973841744181029
"skew_0.15_rep02",39,34,0.742709817538987,-0.00320185449635166,0.0999051867018207
"skew_0.15_rep02",41,17,0.379494838576909,-0.0502500171839222,0.101864293688494
"skew_0.15_rep02",42,63,0.547627110838615,-0.00610869388705258,0.0528162761671669
"skew_0.15_rep02",43,36,0.442733208724352,0.0387484824479921,0.054758987612449
"skew_0.15_rep02",44,22,0.650159757128487,0.0213732791415982,0.0726330027248033
"skew_0.15_rep02",45,14,0.642498413714558,-0.0151588601461234,0.0604610671538942
"skew_0.15_rep02",47,62,0.19858278819161,0.000802178038184452,0.0316446947595268
"skew_0.15_rep02",48,8,0.36380034156693,0.0135367568955137,0.200867531880752
"skew_0.15_rep02",49,14,0.559691984958004,0.01567640984096,0.167167557432331
"skew_0.15_rep02",50,26,0.249489437709613,0.0224325086634241,0.0762013293572763
"skew_0.15_rep02",51,53,0.356126510756872,0.00172521062444867,0.0293663384673648
"skew_0.15_rep02",53,45,0.424988398034615,0.00217356202545674,0.0338746868221636
"skew_0.15_rep02",54,51,0.680452731702253,-0.00505088391104349,0.0701724645847015
"skew_0.15_rep02",55,81,0.5091541023803,-0.00439948116098168,0.0121225892657411
"skew_0.15_rep02",56,38,0.355648062896761,-0.00808547392418856,0.057382002576156
"skew_0.15_rep02",58,13,0.537359299003457,0.0245390487494339,0.249717055130165
"skew_0.15_rep02",60,71,0.201002908396805,-0.00703683895331281,0.0387635737185069
"skew_0.15_rep02",61,17,0.603130127778037,0.0147223904446654,0.125700629422977
"skew_0.15_rep02",62,42,0.477254875622154,-0.00899908833725,0.033453757338975
"skew_0.15_rep02",63,25,0.176448319736553,-0.0056803555490606,0.0769179968551162
"skew_0.15_rep02",64,17,0.214850064278142,0.01450365804323,0.0565570249994861
"skew_0.15_rep02",65,10,0.302510201089755,-0.012927786371357,0.103577634296896
"skew_0.15_rep02",66,22,0.343673116875894,0.00592437069057638,0.0866988105576439
"skew_0.15_rep02",67,19,0.375994749853032,-0.0319888190237422,0.0721286455165315
"skew_0.15_rep02",68,127,0.338073380304737,-0.009506893015562,0.0362749789218256
"skew_0.15_rep02",70,21,0.448171261516572,-0.00434597713104008,0.0582913920701043
"skew_0.15_rep02",71,117,0.401286298274964,-0.00770682312531581,0.0244753854097014
"skew_0.15_rep02",72,33,0.313189465605154,-0.0133597049269368,0.0566402147083807
"skew_0.15_rep02",73,11,0.637495561531202,-0.00467396780240305,0.174536152379424
"skew_0.15_rep02",74,35,0.367940735888253,-0.000957347992409778,0.0337990430627199
"skew_0.15_rep02",75,59,0.473495177375561,0.00337593216525508,0.0320327077940375
"skew_0.15_rep02",76,63,0.246503675202564,0.00721847651434362,0.0369868017275551
"skew_0.15_rep02",77,31,0.560375212452402,0.0169600977720107,0.0566407446746728
"skew_0.15_rep02",78,16,0.127166963499399,0.00331914009133658,0.0641595549806487
"skew_0.15_rep02",79,46,0.233355740174231,-0.00721737028504613,0.0233552956181542
"skew_0.15_rep02",80,31,0.266938529708219,0.0134955164403555,0.0665544788241657
"skew_0.15_rep02",81,21,0.659009173781075,0.000277461721370609,0.0702082686017726
"skew_0.15_rep02",82,116,0.56001618548812,-0.00323452008518617,0.0108938796756332
"skew_0.15_rep02",83,33,0.113517096973152,0.00164042447652583,0.0815220055216353
"skew_0.15_rep02",84,13,0.848538505844702,0.0162462222664325,0.115233440054095
"skew_0.15_rep02",85,23,0.490023014481294,0.00940395791759553,0.0661155928188002
"skew_0.15_rep02",86,8,0.288938356254857,-0.0738894991537189,0.130612729871315
"skew_0.15_rep02",87,15,0.610345648364222,-0.0187396932894343,0.106623533809688
"skew_0.15_rep02",89,14,0.615629180418498,0.0043134304784636,0.0916121882259295
"skew_0.15_rep02",92,14,0.0914690251170492,0.00679875698614003,0.134761888269896
"skew_0.15_rep02",94,29,0.355670324894714,0.0104292809625735,0.0746813015438739
"skew_0.15_rep02",95,64,0.355856568958,0.0010699481356914,0.0270061609371985
"skew_0.15_rep02",96,39,0.468189100538953,-0.0163577674350748,0.0886714038158785
"skew_0.15_rep02",97,26,0.643755304241866,0.0243737435076341,0.115835347792151
"skew_0.15_rep02",98,60,0.512857193493053,0.00572714922921518,0.0756116222824032
"skew_0.15_rep02",99,41,0.364681371897282,-0.00973477795063012,0.0274621014955195
"skew_0.15_rep09",0,28,0.252116495856576,0.0466687676302576,0.110722688261565
"skew_0.15_rep09",1,26,0.413398537536053,0.0028649165262147,0.0533498415017868
"skew_0.15_rep09",2,31,0.215496367880888,-0.00866753071207194,0.0405886068427513
"skew_0.15_rep09",3,17,0.614290620256877,0.0145081038565181,0.0976768778411376
"skew_0.15_rep09",4,15,0.682453415324987,0.0282081217786685,0.0978084937287379
"skew_0.15_rep09",5,17,0.287019287389268,0.0127483621737144,0.113096482815578
"skew_0.15_rep09",7,11,0.788733598397435,-0.0451444201630025,0.113024671987694
"skew_0.15_rep09",8,26,0.322156707496203,0.0243401795602524,0.0894538205409798
"skew_0.15_rep09",9,46,0.309148353111347,0.00474014961907048,0.041241252711846
"skew_0.15_rep09",11,31,0.434605286990875,0.00106556407131766,0.0712789783394321
"skew_0.15_rep09",12,39,0.373988630537364,-0.00277505846099474,0.0574325743597049
"skew_0.15_rep09",13,23,0.201391433787342,0.00409632910894069,0.0497255710273295
"skew_0.15_rep09",14,26,0.264216713598227,0.00188281101497103,0.101939948307195
"skew_0.15_rep09",15,9,0.259855579731781,-0.0269521833980398,0.172303197931578
"skew_0.15_rep09",17,11,0.726919461859673,-0.0553945432669633,0.0881399608205905
"skew_0.15_rep09",20,15,0.0302689391821149,0.0302622448838173,0.152761331086519
"skew_0.15_rep09",22,11,0.277837830892514,-0.0424392686724227,0.15951973865648
"skew_0.15_rep09",24,14,0.4739832084372,-0.0059740672484409,0.137536414751439
"skew_0.15_rep09",25,53,0.304609620046573,-0.00583863989459098,0.0700253365678586
"skew_0.15_rep09",26,18,0.239405213843842,-0.0196611667867583,0.0757436408263651
"skew_0.15_rep09",27,22,0.252676831655472,-0.00600804595725371,0.0694020546368008
"skew_0.15_rep09",29,9,0.512902529154614,-0.0133975957035619,0.223584699214607
"skew_0.15_rep09",30,74,0.494248243842822,-0.0016083043058398,0.0298561527294507
"skew_0.15_rep09",31,71,0.686645868250425,-0.00426564074503565,0.0508998254498501
"skew_0.15_rep09",32,23,0.375362070079564,0.0124039504349928,0.0680931828686152
"skew_0.15_rep09",33,11,0.380803025985723,-0.0729571894478359,0.142196144037429
"skew_0.15_rep09",34,83,0.228215829851293,0.00205086187868319,0.0464475342189743
"skew_0.15_rep09",36,23,0.578034085286385,0.0423342392491409,0.0884071268235446
"skew_0.15_rep09",37,73,0.44325766233303,-0.000827837885320416,0.0325684417154122
"skew_0.15_rep09",38,29,0.52454521082184,-0.0118328565618428,0.086641126018293
"skew_0.15_rep09",39,71,0.064641778707915,-0.00735075664219504,0.0442251110974687
"skew_0.15_rep09",41,89,0.261357622654637,0.00185331113211313,0.0299032971131209
"skew_0.15_rep09",42,75,0.686121124109586,0.00664158333363828,0.0288549997187299
"skew_0.15_rep09",44,72,0.39486348225381,-0.0107245006532341,0.0398800325497574
"skew_0.15_rep09",45,17,0.526789526974865,-0.0213873865282145,0.136771429084046
"skew_0.15_rep09",46,61,0.442564548811148,0.0101954710851467,0.0668464246525695
"skew_0.15_rep09",48,21,0.713984808540012,0.013636751226734,0.0782130653769547
"skew_0.15_rep09",50,72,0.364669919910222,-0.00162465884675785,0.028055076326118
"skew_0.15_rep09",51,40,0.569729965022938,0.00504957190382026,0.070347780327768
"skew_0.15_rep09",52,42,0.312437559910113,0.0107774379293181,0.0970968609037128
"skew_0.15_rep09",53,16,0.547796261291085,0.00272926913460823,0.103950734613966
"skew_0.15_rep09",54,46,0.389558095415195,0.00691168823990422,0.0484186539476148
"skew_0.15_rep09",57,27,0.551890359600886,0.0013458679617241,0.0500504674548398
"skew_0.15_rep09",58,44,0.635680215086101,0.00764112665939266,0.0638990975797975
"skew_0.15_rep09",59,19,0.337009746956751,-0.0116322777686701,0.14683415250651
"skew_0.15_rep09",60,69,0.331473996404457,0.00806058317836559,0.0510940168629547
"skew_0.15_rep09",61,18,0.486794106119005,0.0032302508930551,0.192055704795411
"skew_0.15_rep09",62,13,0.505820749095842,0.0403867653340319,0.207382375493383
"skew_0.15_rep09",65,10,0.567092378559481,-0.07799943216685,0.116306208760956
"skew_0.15_rep09",66,37,0.520000982352915,0.0107888251206391,0.0549443839757143
"skew_0.15_rep09",68,20,0.279010612745086,-0.00673466294046934,0.143012634264742
"skew_0.15_rep09",71,29,0.428392344247557,0.00362069407927314,0.053856679615278
"skew_0.15_rep09",72,87,0.340872987643592,0.00169010898553119,0.0342394355331616
"skew_0.15_rep09",73,23,0.741944496076541,0.00471946234610702,0.03616634161291
"skew_0.15_rep09",75,30,0.549128931907426,0.00155646678980926,0.0682957319500939
"skew_0.15_rep09",76,25,0.195004474256771,-0.0278992867103557,0.0452338120798201
"skew_0.15_rep09",78,162,0.149086433302095,-0.00144999633543546,0.0243635983418773
"skew_0.15_rep09",79,11,0.315031309392278,0.0138391864427705,0.11505874849422
"skew_0.15_rep09",80,8,0.43832753735257,-0.043832753735257,0.120786744006562
"skew_0.15_rep09",81,45,0.259426657066573,-0.00405763364877052,0.0288336937323525
"skew_0.15_rep09",82,42,0.0368997366242736,0.017198768759606,0.0662540522772223
"skew_0.15_rep09",83,40,0.548883184575083,-0.0177703716983872,0.0302098164896444
"skew_0.15_rep09",85,10,0.748417977518483,0.032165884821819,0.149846533018891
"skew_0.15_rep09",87,26,0.380574588833533,-0.0353961175287225,0.0327208115352056
"skew_0.15_rep09",88,16,0.164840170050244,-0.0191123542617254,0.0688034591871696
"skew_0.15_rep09",90,15,0.197387514722359,-0.00436558817020569,0.0819111523592517
"skew_0.15_rep09",91,16,0.432658227740558,-0.0623598688034108,0.120867410725839
"skew_0.15_rep09",93,34,0.38287936425229,0.00618516535024643,0.0607783080725879
"skew_0.15_rep09",94,55,0.366971177796273,0.000301066502090159,0.0218602063079643
"skew_0.15_rep09",95,31,0.204632421632648,-0.0135246257723661,0.0758670931045897
"skew_0.15_rep09",99,165,0.480923183760706,-0.00582704462693511,0.0218447807157363
"skew_0.22_rep06",0,15,0.554418433873624,-0.0353493314812389,0.0827877039567631
"skew_0.22_rep06",1,68,0.4526796259823,-0.00416761414354381,0.0301827894298156
"skew_0.22_rep06",2,8,0.657193124030656,0.0245701966515998,0.118405641115953
"skew_0.22_rep06",3,14,0.493389210109918,-0.0557937898669729,0.117936456255288
"skew_0.22_rep06",4,13,-0.00379260649692244,-0.0132754488254163,0.0844215499101125
"skew_0.22_rep06",5,9,0.339009558015895,-0.0320268243383567,0.1530339261027
"skew_0.22_rep06",6,91,0.498429841812379,0.00459560977798302,0.0497716752302886
"skew_0.22_rep06",7,47,0.212602963989673,0.00223121584942515,0.0454825285295214
"skew_0.22_rep06",9,120,0.451412335322764,0.00865143639284551,0.0242553392891416
"skew_0.22_rep06",10,12,0.0682588345706842,-0.00439435017655708,0.134079052749075
"skew_0.22_rep06",11,32,0.363612008416819,0.0137563863831828,0.0523149531955023
"skew_0.22_rep06",12,24,0.518909144936713,0.00751087551524375,0.141943462106887
"skew_0.22_rep06",13,59,0.363181823960021,0.0223355892105661,0.0603710639713225
"skew_0.22_rep06",15,27,0.347186996714812,0.00890185458323776,0.0487051393069672
"skew_0.22_rep06",18,12,0.483201283420824,-0.00684861859615215,0.118415695101654
"skew_0.22_rep06",19,11,0.345265065777796,0.0213682877968079,0.165999258185602
"skew_0.22_rep06",20,10,0.606381556522208,-0.00198365899727544,0.0940955177256018
"skew_0.22_rep06",21,15,0.528443729506306,-0.00834767965592421,0.0698920444959028
"skew_0.22_rep06",22,16,0.190797802341757,-0.0282699483358553,0.114520516801509
"skew_0.22_rep06",24,13,0.231956332635239,-0.0260034023518005,0.102220252792638
"skew_0.22_rep06",27,24,0.448411862109717,-0.0106471557691315,0.0389231329496391
"skew_0.22_rep06",28,10,0.388285078070453,-0.0559795144537068,0.156274179189422
"skew_0.22_rep06",29,58,0.148246634077556,0.00684894105000003,0.0441096801369231
"skew_0.22_rep06",30,32,0.427378220857186,-0.00151791412724616,0.0363897648911527
"skew_0.22_rep06",32,12,0.465492122874482,-0.0550879941733053,0.195520960397297
"skew_0.22_rep06",33,52,0.651078888213962,-0.000396876760400545,0.0285878802390426
"skew_0.22_rep06",34,43,0.507906472118678,0.00582091046341563,0.0365089219379371
"skew_0.22_rep06",35,13,0.254401237845532,0.0115708187144361,0.186170102735181
"skew_0.22_rep06",36,9,0.422942145098635,0.03834949289533,0.150435097770092
"skew_0.22_rep06",37,56,0.462852997547557,0.0181549130688491,0.0488773521489992
"skew_0.22_rep06",39,13,0.459373361233374,-0.0339438206509174,0.0930457269107557
"skew_0.22_rep06",40,9,0.760178146712975,-0.0695968649686651,0.12603813095292
"skew_0.22_rep06",41,10,0.0517010256893499,-0.0252616956076573,0.119606973965868
"skew_0.22_rep06",42,17,0.204975503987955,0.00619414841032021,0.103565213345803
"skew_0.22_rep06",43,78,0.144551080217622,-0.0201509192513334,0.0486566734405268
"skew_0.22_rep06",44,102,0.122319194412668,0.000328427488410039,0.0156919337376729
"skew_0.22_rep06",46,27,0.305570368935885,0.00798000742282504,0.0633397087106365
"skew_0.22_rep06",47,17,0.816509941657684,-0.026602190041698,0.131670323887784
"skew_0.22_rep06",48,11,0.806837859238454,0.0207328167010093,0.127098822957067
"skew_0.22_rep06",49,66,0.529091921803529,-0.00316645214275604,0.0205223114856183
"skew_0.22_rep06",50,87,0.0926328427366581,-0.0108223115902213,0.0166684539577169
"skew_0.22_rep06",51,94,0.254496962214581,-0.0108588449097114,0.0233763139177972
"skew_0.22_rep06",52,48,0.343124373397067,-0.00282919438556218,0.0286333317859547
"skew_0.22_rep06",53,44,0.234486809153967,-0.00774611146861357,0.0519383076618766
"skew_0.22_rep06",54,25,0.411737186842817,-0.00599244973976054,0.063726134227976
"skew_0.22_rep06",55,14,0.459186263140221,0.110206634908866,0.223056627101515
"skew_0.22_rep06",58,11,0.775702335853433,-0.0543896676793708,0.163762435197893
"skew_0.22_rep06",60,53,0.77618898837323,-0.00503026582476532,0.0370014163497773
"skew_0.22_rep06",61,155,0.382762342136191,0.00214466353885453,0.012207613031686
"skew_0.22_rep06",62,46,0.696296986354951,-0.00532055758807202,0.0305844921362429
"skew_0.22_rep06",63,17,0.180962107461672,-0.0181212214031401,0.0948529709206348
"skew_0.22_rep06",64,140,0.518157175029687,0.0168857604564043,0.0357835095933556
"skew_0.22_rep06",65,39,0.201263770496061,-0.00916263235378151,0.0315297898555904
"skew_0.22_rep06",66,54,0.23184194189868,-0.00681313246816631,0.0304906818652716
"skew_0.22_rep06",67,41,0.3982022070063,-0.00593402151678412,0.0319361093521662
"skew_0.22_rep06",68,8,0.374841921806443,-0.00145165008061544,0.155912906681626
"skew_0.22_rep06",69,50,0.335919077227942,-0.00457397336797623,0.0652645357696342
"skew_0.22_rep06",70,46,0.265716393698681,0.000301730114089907,0.0342033890267243
"skew_0.22_rep06",72,16,0.551006177529073,0.000715528903341767,0.134341245458834
"skew_0.22_rep06",73,44,0.508428456681066,-0.0177707761834259,0.0877834096206797
"skew_0.22_rep06",74,67,0.48298930019175,-0.00698300839616653,0.0698061407395505
"skew_0.22_rep06",75,65,0.419771180710866,-0.00987016535124739,0.0525111554544095
"skew_0.22_rep06",76,22,0.553421455657013,-0.0138010051552298,0.0939685963786697
"skew_0.22_rep06",77,20,0.556983621499705,-0.0148751116466651,0.0459152979032681
"skew_0.22_rep06",78,25,0.51478643908236,0.0110978446572874,0.0672665730310244
"skew_0.22_rep06",79,31,0.322581725153528,0.00245782263637208,0.0535534468601823
"skew_0.22_rep06",82,60,0.372111303172839,-0.00761036751927969,0.0507759991409419
"skew_0.22_rep06",83,23,0.626068410050958,-0.00841616994498931,0.0709571953175836
"skew_0.22_rep06",84,140,0.176097913309708,-0.00619414702304403,0.0345470236448587
"skew_0.22_rep06",85,25,0.47665105890238,0.0218230146415529,0.125951079994207
"skew_0.22_rep06",86,31,0.484845087613934,-0.0127430754516092,0.0349563696454265
"skew_0.22_rep06",87,13,0.49712863359993,-0.0155265799315053,0.10005913947184
"skew_0.22_rep06",88,61,0.271319525990055,0.0029886843129451,0.0473530940823069
"skew_0.22_rep06",90,8,0.599089696843284,-0.0258045841062437,0.306496005905141
"skew_0.22_rep06",91,21,0.559637311630555,0.0529816545155705,0.120174660734059
"skew_0.22_rep06",92,24,0.404280113988238,-0.0016841174430771,0.0900508215182859
"skew_0.22_rep06",93,55,0.3367219854349,-0.0147331176211708,0.0471278059231764
"skew_0.22_rep06",94,30,0.452427676747351,0.0270949555942515,0.12374430486063
"skew_0.22_rep06",96,50,0.685306069364236,-0.000227281577073286,0.0227046822177503
"skew_0.22_rep06",97,60,0.186468701909202,0.0134612990855286,0.0335026305028203
"skew_0.22_rep06",99,15,0.225530470983825,0.025618460907845,0.173500105485574
"skew_0.22_rep08",0,25,0.388629798385525,-0.0188116422068696,0.122172488011376
"skew_0.22_rep08",1,50,0.350004549128695,0.0103158080661745,0.0467011380337018
"skew_0.22_rep08",3,28,0.306167946589373,0.00145447001796379,0.0560571670925303
"skew_0.22_rep08",4,40,0.655411391028853,-4.46993611900155e-05,0.108152911851132
"skew_0.22_rep08",5,12,0.620989964286496,-0.0586462260968088,0.156142439603521
"skew_0.22_rep08",6,57,0.284804851293861,-0.010702846949217,0.0572321410235473
"skew_0.22_rep08",7,18,0.452415167684792,0.00299964533673537,0.0591438442115799
"skew_0.22_rep08",9,31,0.500657955843573,-0.00417231925121284,0.0405814001589773
"skew_0.22_rep08",10,36,0.162031508710705,0.00564815667674224,0.056605028436833
"skew_0.22_rep08",11,22,0.570662006500298,0.00441184609318325,0.0921262672294286
"skew_0.22_rep08",14,10,0.204425736518863,-0.0115177499762555,0.122113356523735
"skew_0.22_rep08",16,12,0.133615129638565,0.00365080531350281,0.071686452454983
"skew_0.22_rep08",17,56,0.523032758376175,-0.0117110365908696,0.0372147841094034
"skew_0.22_rep08",20,77,0.325947863501458,0.00474294580559974,0.06065444691165
"skew_0.22_rep08",21,9,0.258685891357302,-0.00117710389536246,0.159323999963897
"skew_0.22_rep08",22,20,0.671702025853893,0.00454422044040629,0.0432146065358421
"skew_0.22_rep08",23,20,0.204861939427833,-0.00522947479857993,0.099550646173022
"skew_0.22_rep08",24,18,0.0563808902384562,0.0110424851134481,0.093714359207182
"skew_0.22_rep08",25,19,0.528570178041816,-0.00639930401650629,0.056819551801107
"skew_0.22_rep08",26,15,0.222828122688947,-0.0188940629476563,0.0659127290565478
"skew_0.22_rep08",27,18,0.695047073189737,-0.00385274358025052,0.0742058262561787
"skew_0.22_rep08",28,9,0.841410222090838,0.00436801531103958,0.158705634549956
"skew_0.22_rep08",29,44,0.590433882946383,0.00309622580423033,0.0371127545293578
"skew_0.22_rep08",30,53,0.714164937487581,-0.00124777290696759,0.0264162973875951
"skew_0.22_rep08",31,27,0.532845524696791,-0.0126225831148284,0.0843969603985339
"skew_0.22_rep08",32,14,0.825741529076021,-0.0182119419397156,0.119525158351606
"skew_0.22_rep08",33,22,0.776605080221791,0.0229564300056661,0.0866915847748042
"skew_0.22_rep08",34,12,0.623826535615196,0.055857812180219,0.156636435014929
"skew_0.22_rep08",35,87,0.266561551516004,0.0028007368740074,0.0406139385895352
"skew_0.22_rep08",37,11,0.261564404695465,0.0582937278675535,0.157672064221924
"skew_0.22_rep08",38,8,0.847546279930732,-0.0656890269366221,0.282096756885685
"skew_0.22_rep08",39,48,0.255656419904183,-0.00550201163632563,0.0252564157714768
"skew_0.22_rep08",40,20,0.472597044135565,-0.00841334467399064,0.0557217107453693
"skew_0.22_rep08",42,30,0.489822418685203,-0.0397353031642004,0.0941988995238283
"skew_0.22_rep08",43,21,0.316228942106219,0.00607351593042846,0.0651950183092083
"skew_0.22_rep08",44,32,0.405071417468561,0.00380802945896868,0.0427726308385837
"skew_0.22_rep08",46,45,0.224612892789739,0.00384559759387974,0.0513180084462005
"skew_0.22_rep08",47,48,0.567805464553847,-0.0042996070894059,0.0315613285293748
"skew_0.22_rep08",49,27,0.456857184808206,0.0497632759545479,0.112318892756473
"skew_0.22_rep08",50,78,0.230725217190508,-0.00432613825338825,0.0242183158906964
"skew_0.22_rep08",51,21,0.232858281533956,0.0175451742597923,0.0765527476261457
"skew_0.22_rep08",54,77,0.0930052182547882,-0.0012561271784417,0.0187928453061031
"skew_0.22_rep08",55,27,0.267071723548468,0.00470487281226187,0.0737248157215552
"skew_0.22_rep08",56,17,0.29714296994568,0.010851812530484,0.0920432061520169
"skew_0.22_rep08",57,16,0.427994447461733,0.0145639226298455,0.0953440560706743
"skew_0.22_rep08",58,37,0.311329739676877,-0.00260047183668947,0.0383585663655991
"skew_0.22_rep08",59,12,0.286150778054192,-0.0668208053739493,0.152276974346372
"skew_0.22_rep08",61,144,0.299470656427809,-0.00337384503341458,0.0200753456821533
"skew_0.22_rep08",62,16,0.768994685791174,0.0231177303403038,0.0992656394680398
"skew_0.22_rep08",63,9,0.157741681905636,0.0316598841595131,0.188684349037869
"skew_0.22_rep08",64,22,0.555776603248511,0.00330188502036898,0.0902595023082342
"skew_0.22_rep08",66,23,0.357706168731225,0.0119035353592027,0.0857995800349552
"skew_0.22_rep08",67,73,0.460632197778472,0.000878381013790784,0.0197173957122646
"skew_0.22_rep08",69,9,0.15294541913193,0.00389303594938231,0.204794829622471
"skew_0.22_rep08",70,32,0.216329804418114,0.016189476196119,0.0641246349824205
"skew_0.22_rep08",71,33,0.612392102745753,-0.0162124441699299,0.0380716602309339
"skew_0.22_rep08",72,13,0.659223311997127,0.00337583221895717,0.0931727815138968
"skew_0.22_rep08",74,8,0.639257684840348,-0.0607933450045602,0.168086644585984
"skew_0.22_rep08",75,30,0.460090848709527,-0.00218587223440464,0.0479243270300134
"skew_0.22_rep08",76,17,0.286646451279895,-0.0169620107705294,0.0882780893767335
"skew_0.22_rep08",78,28,0.177060356565186,0.0140255241615176,0.0588255864875892
"skew_0.22_rep08",79,16,0.676159182379862,-0.028214493966637,0.112615974275948
"skew_0.22_rep08",80,25,0.290316122833824,0.0199250025742662,0.0834477707565986
"skew_0.22_rep08",81,9,0.306448094879166,-0.0450805009943774,0.137493021490549
"skew_0.22_rep08",82,14,0.433058888909284,0.0121555901489211,0.148933996908116
"skew_0.22_rep08",83,121,0.529718508025341,0.0010959676126964,0.0260054878064904
"skew_0.22_rep08",84,8,0.624887071645664,-0.00482460198635348,0.214269338807653
"skew_0.22_rep08",85,10,0.492595297952946,0.00649468623846971,0.154694452002763
"skew_0.22_rep08",86,46,0.494608160193687,0.0168164709826368,0.0653701143662249
"skew_0.22_rep08",88,57,0.458227190031224,0.0213907105743112,0.0554535825087919
"skew_0.22_rep08",89,104,0.238214736420671,0.000838073063127975,0.0182882993239495
"skew_0.22_rep08",90,84,0.473337423010741,0.00998037275310438,0.0414765342627158
"skew_0.22_rep08",91,32,0.447501813886882,-0.00342949089539535,0.0526292236896523
"skew_0.22_rep08",92,63,0.338374173583305,-0.00575432486540804,0.0498785888201088
"skew_0.22_rep08",93,86,0.285885806719535,-0.0148256718716755,0.0388257300634579
"skew_0.22_rep08",96,41,0.624948406580686,0.00839507179187557,0.0682752443602526
"skew_0.22_rep08",97,15,0.034982935444161,-0.0186570129172106,0.121014159774066
"skew_0.22_rep08",98,59,0.229595265227879,-0.000512786520895327,0.0203782083680209
"skew_0.25_rep01",0,73,0.261838717588298,-0.0027186596996496,0.0432791000016051
"skew_0.25_rep01",1,20,0.693759830269544,0.00886938799314122,0.05721037056782
"skew_0.25_rep01",2,23,0.320002637345622,0.0165093897905079,0.0783098843289134
"skew_0.25_rep01",3,22,0.0673560781371244,-0.0049508391004828,0.107212014686429
"skew_0.25_rep01",4,31,0.413026661564237,0.00281614636112995,0.0631007116109006
"skew_0.25_rep01",5,13,0.563220056496442,0.0264637933795535,0.104043355066206
"skew_0.25_rep01",6,12,0.67978050867296,0.0382917953727114,0.132654089660164
"skew_0.25_rep01",7,11,0.822881037198479,-0.0252449304068952,0.103774116634749
"skew_0.25_rep01",8,22,0.425591175804201,-0.00175856058936677,0.0931068958091969
"skew_0.25_rep01",9,116,0.497121431503671,-0.000969392015732412,0.0116783367302302
"skew_0.25_rep01",10,14,0.276696753797049,0.00274432232372791,0.128437889450313
"skew_0.25_rep01",11,54,0.54917180039552,-0.0210862372895452,0.0487668250359649
"skew_0.25_rep01",12,50,0.483903967181565,0.010044297321755,0.0585675074803554
"skew_0.25_rep01",13,36,0.478580142849824,-0.0178269664403793,0.0266789866486421
"skew_0.25_rep01",15,37,0.362754407369228,0.03133596306777,0.0700177906020838
"skew_0.25_rep01",17,11,0.104454489146894,0.0194894865048457,0.137824882119453
"skew_0.25_rep01",18,11,0.195003191047064,-0.0163620567583975,0.169069699633465
"skew_0.25_rep01",19,25,0.349681323301873,-0.00812204061020582,0.0630528032530119
"skew_0.25_rep01",20,54,0.726056050053503,-0.00815830466042719,0.0508659336563674
"skew_0.25_rep01",21,12,0.06628232540112,-0.0121375265840241,0.103303725750262
"skew_0.25_rep01",23,18,0.506862332426083,-0.0138780482760367,0.0589085918997073
"skew_0.25_rep01",24,112,0.407627641657416,0.00393503400444927,0.0463938968686526
"skew_0.25_rep01",25,20,0.35607013830057,0.0582817535191956,0.119960328545898
"skew_0.25_rep01",26,15,0.745362592043277,0.0137408434987516,0.148195826172166
"skew_0.25_rep01",27,39,0.317647870121408,-0.0108780375643244,0.0424254619031876
"skew_0.25_rep01",29,72,0.303742635085288,0.00238843498689063,0.0275459453978643
"skew_0.25_rep01",30,31,0.516071213952239,-0.0150207557141092,0.104670729066087
"skew_0.25_rep01",31,59,0.143008480303081,0.000891857102313054,0.0287140137404434
"skew_0.25_rep01",32,79,0.0986893117218862,0.000613648884871431,0.0404285071499474
"skew_0.25_rep01",33,10,0.89496823576532,-0.0284283614571345,0.100747141215342
"skew_0.25_rep01",34,33,0.169003766727909,-0.0173312714526768,0.0398402648640282
"skew_0.25_rep01",36,61,0.41025195919824,-0.00868565629640797,0.0189288080339743
"skew_0.25_rep01",37,9,0.756288297870924,0.109412266443255,0.296588823662898
"skew_0.25_rep01",39,15,0.233860163314632,0.0633399715650939,0.125324628095304
"skew_0.25_rep01",40,17,0.62727020054165,-0.0135542689984681,0.0728795321623488
"skew_0.25_rep01",41,24,0.33822656132417,-0.00195593072755734,0.0705740306614703
"skew_0.25_rep01",42,35,0.659048483914597,0.00533162365107764,0.0403192069813025
"skew_0.25_rep01",43,110,0.385210666031739,-0.00123204324049858,0.0410702995112511
"skew_0.25_rep01",44,11,0.559494673468068,0.0294595586114609,0.133499451804831
"skew_0.25_rep01",46,47,0.479275108431832,0.00581880476967641,0.0466852306040856
"skew_0.25_rep01",47,16,0.514386599866366,0.0436783034715421,0.144004569854516
"skew_0.25_rep01",49,59,0.588039922457256,0.000773665309346913,0.0256423931517196
"skew_0.25_rep01",50,9,0.317627120748306,-0.077590648151535,0.165511290991954
"skew_0.25_rep01",51,23,0.558842515693669,-0.0091838568044542,0.11774214232867
"skew_0.25_rep01",52,40,0.627079077658649,-0.0116636971489709,0.0204143463979524
"skew_0.25_rep01",54,28,0.425036302891528,0.00601436057674586,0.0537812401168389
"skew_0.25_rep01",55,19,0.795193142228694,-0.020190788282773,0.0599949242458179
"skew_0.25_rep01",56,63,0.236067991847169,-0.0151082138093726,0.0319374250110729
"skew_0.25_rep01",57,40,0.444702298961496,0.00833552509453891,0.0815016720451077
"skew_0.25_rep01",59,52,0.370579108190973,-0.00889530304958431,0.0428615135365945
"skew_0.25_rep01",60,48,0.431172709826766,0.00545724404933998,0.0343386955734339
"skew_0.25_rep01",61,79,0.322620526102781,0.000130910847789571,0.015781158888634
"skew_0.25_rep01",63,50,0.506025202077518,0.0118991131531984,0.0565307276757258
"skew_0.25_rep01",64,8,0.905730572853389,0.0188310247754938,0.326118169107702
"skew_0.25_rep01",67,9,0.567845814686857,-0.0644490425931921,0.220419964932363
"skew_0.25_rep01",68,15,0.656870008416575,-0.0194413012232284,0.143144498047617
"skew_0.25_rep01",69,33,0.660191354489426,-0.0032005385817351,0.0687092691401105
"skew_0.25_rep01",70,9,0.467724880886498,-0.0257547290041245,0.127689162330265
"skew_0.25_rep01",71,30,0.373353219618301,-0.00408980157552252,0.0503588522173612
"skew_0.25_rep01",73,12,0.459200150511491,-0.0406279111703551,0.165410964252458
"skew_0.25_rep01",76,10,0.835730686921354,-0.0406085244079056,0.189772543751751
"skew_0.25_rep01",77,29,0.326800788537263,-0.00666588821434414,0.107784889533669
"skew_0.25_rep01",78,8,0.470983199724197,-0.0510650823900256,0.196644848020004
"skew_0.25_rep01",79,20,0.798380226559191,0.0418765477988726,0.145085514779143
"skew_0.25_rep01",80,38,0.390205681942601,-0.0216840790899594,0.0450192628529289
"skew_0.25_rep01",81,9,0.212571115221338,-0.00400215324423236,0.1497192644123
"skew_0.25_rep01",82,83,0.466805285615099,-0.0154345325120478,0.0426445284269573
"skew_0.25_rep01",83,29,0.278040850515365,-0.0098660048764976,0.0335106961798394
"skew_0.25_rep01",84,31,0.433146593199863,-0.0140654905626056,0.0244253328520447
"skew_0.25_rep01",86,80,0.328743021924094,-0.0037990090039862,0.0235557713738014
"skew_0.25_rep01",87,11,0.442982368756903,0.00815103856885664,0.154429517819424
"skew_0.25_rep01",88,44,0.465142564099615,0.00754657242155752,0.0223482993668405
"skew_0.25_rep01",89,55,0.416208169073393,0.0149191471990597,0.0447446459659167
"skew_0.25_rep01",90,23,0.583619466666476,-0.00998674172469473,0.0798000596439736
"skew_0.25_rep01",92,52,0.288127036791004,-0.00220251549164383,0.0191888286498499
"skew_0.25_rep01",94,10,0.286549473234995,-0.0198648192151519,0.132469493459925
"skew_0.25_rep01",96,35,0.739502881544864,-0.0215167861793437,0.0739720310777002
"skew_0.25_rep01",97,29,0.452547100512757,-0.00960962152723684,0.0557930463486278
"skew_0.25_rep01",98,20,0.503620636152826,-0.0324148339902467,0.118231104723819
"skew_0.25_rep01",99,74,0.232771692805292,0.0165501163730063,0.0420591612207853
"skew_0.25_rep02",0,14,0.546309401770324,-0.025847386948302,0.150923352864979
"skew_0.25_rep02",1,29,0.27697028765718,-0.00470804857610444,0.0603146997383809
"skew_0.25_rep02",2,20,0.353750681880082,-0.0309711461461867,0.0620869670976659
"skew_0.25_rep02",3,80,0.312151143326536,0.00273028360592354,0.0296788371774939
"skew_0.25_rep02",4,13,0.0842344648398595,0.0404759521342831,0.158718525251539
"skew_0.25_rep02",6,29,0.238950037717013,0.0027307863393777,0.0666714331777051
"skew_0.25_rep02",8,39,0.236686374838906,-0.00100300497231827,0.0344447485019142
"skew_0.25_rep02",9,21,0.699262667349973,0.00539832547659917,0.0757736374115247
"skew_0.25_rep02",10,14,0.46225595886505,0.0204409346443506,0.144747954754175
"skew_0.25_rep02",11,21,0.105452748182998,0.0153582152382162,0.0843328348287655
"skew_0.25_rep02",12,53,0.358344424518708,0.0268842791892334,0.0623778856380076
"skew_0.25_rep02",13,24,0.434308097454563,-0.00902467588659973,0.0841775273578246
"skew_0.25_rep02",14,13,0.443032103936439,-0.0513727295243569,0.149464242360087
"skew_0.25_rep02",16,11,0.568937457012407,0.01985228573405,0.145511346060356
"skew_0.25_rep02",18,20,0.489186897623917,-0.015106417150351,0.0496700976735193
"skew_0.25_rep02",19,21,0.592414904694177,-0.0336156533045299,0.111454804399473
"skew_0.25_rep02",21,13,0.847301318306488,-0.041931095221376,0.0871745217553581
"skew_0.25_rep02",22,15,0.512120961542775,-0.00047979139379951,0.113410845059822
"skew_0.25_rep02",25,33,0.347231631629425,-0.0280132569355735,0.0717508671400384
"skew_0.25_rep02",26,23,0.472894917287716,0.0463429749730676,0.0757839336261142
"skew_0.25_rep02",27,29,0.647773709749801,-0.0196694164672886,0.0581152659963874
"skew_0.25_rep02",28,17,0.371373582332665,0.0137546516507589,0.11555202005988
"skew_0.25_rep02",29,24,0.48881463848176,0.00763105637188863,0.0848836936697945
"skew_0.25_rep02",31,36,0.241268561549462,-0.0134685286689523,0.0391869970339542
"skew_0.25_rep02",32,27,0.427706057958552,0.00978039232534335,0.0701818209232963
"skew_0.25_rep02",33,18,0.291470403227647,-0.00708607137623387,0.0614006455518756
"skew_0.25_rep02",34,89,0.363788816219261,-0.00522102425557432,0.0298127505069588
"skew_0.25_rep02",35,27,0.22822384965856,-0.0225676190311717,0.104240571095731
"skew_0.25_rep02",36,41,0.336383658558804,0.00170892317360845,0.0766345600009575
"skew_0.25_rep02",37,28,0.846592133941539,-0.0118556236475939,0.0409098278495947
"skew_0.25_rep02",38,70,0.306663220908968,0.0105424879575145,0.0513222082128211
"skew_0.25_rep02",39,33,0.461748560049431,0.0166454003623447,0.0634934326708852
"skew_0.25_rep02",43,19,0.405227451810249,0.0174266582195544,0.115123333720415
"skew_0.25_rep02",44,44,0.496068813155915,-0.0141141934878086,0.0577395379484578
"skew_0.25_rep02",46,24,0.243861037411186,-0.0132709202358718,0.0500195867263019
"skew_0.25_rep02",47,83,0.130314641016066,-0.0182815642171232,0.0261086062558664
"skew_0.25_rep02",51,25,0.612287780256471,-0.0114649555486639,0.0486870039953576
"skew_0.25_rep02",52,35,0.472477044487486,-0.00405027593802836,0.0570821925154729
"skew_0.25_rep02",54,76,0.564651176314133,0.00118489662542426,0.0163322895459732
"skew_0.25_rep02",55,9,0.62411347936502,0.0329117918054444,0.188898966781759
"skew_0.25_rep02",56,44,0.540016229113914,0.00142733426410482,0.023825913008996
"skew_0.25_rep02",57,10,0.155044291196781,-0.00814762953067646,0.186864342615201
"skew_0.25_rep02",58,13,0.180118852202433,-0.00148558032788782,0.0746849135484523
"skew_0.25_rep02",59,74,0.357579436479363,0.00631742101456466,0.0401846283393698
"skew_0.25_rep02",60,16,0.37067852012703,0.000351875724976979,0.0779954981553766
"skew_0.25_rep02",61,77,0.351840634160417,0.000980293918780332,0.0400319960102855
"skew_0.25_rep02",62,15,0.48849244083079,0.012331253244892,0.138266966804571
"skew_0.25_rep02",63,32,0.545113035035767,0.0093463391154248,0.0559994953799386
"skew_0.25_rep02",64,11,0.308702524864115,0.0466809337925496,0.176616272751738
"skew_0.25_rep02",65,16,0.346610332330142,0.0390069212197125,0.07988134323051
"skew_0.25_rep02",67,35,0.724423168816273,-0.00446851591698504,0.0613527596149873
"skew_0.25_rep02",68,77,0.184335200673541,0.00661745810485642,0.033100571537176
"skew_0.25_rep02",70,21,0.679935695895618,0.00214431760535336,0.0918377240848315
"skew_0.25_rep02",71,14,0.498227893957807,0.0326479127675956,0.124456494469503
"skew_0.25_rep02",72,24,0.544295748247283,-0.00250078150824512,0.0394849415369708
"skew_0.25_rep02",73,9,0.75861452804352,0.0246383480300475,0.240641675716941
"skew_0.25_rep02",74,20,0.68142037523418,0.00471394066824436,0.057403546806892
"skew_0.25_rep02",75,13,0.10778895296401,0.017703307889889,0.111543874840799
"skew_0.25_rep02",76,51,0.0636036024196479,0.0346126697871733,0.0737909933871372
"skew_0.25_rep02",77,13,0.312929383918913,-0.0153199622974352,0.192402190502691
"skew_0.25_rep02",78,8,0.457008697213542,0.00749020238451715,0.170367062504936
"skew_0.25_rep02",79,50,0.32720883432634,-0.0124238588447477,0.0342042014728311
"skew_0.25_rep02",80,12,0.600915257305314,0.0613216090420497,0.142764688390166
"skew_0.25_rep02",81,55,0.456060515154756,0.00232948501523272,0.0270175110212355
"skew_0.25_rep02",82,36,0.337270009339349,-0.00648523058333487,0.042352456606091
"skew_0.25_rep02",83,31,0.470596063986371,-0.00382331316532972,0.0489732726666645
"skew_0.25_rep02",86,27,0.388089575483299,-0.0227403640911323,0.0462175705479155
"skew_0.25_rep02",89,39,0.724596552439207,0.00376218234034059,0.0249208318471825
"skew_0.25_rep02",92,24,0.443707777606911,0.00491887978079651,0.0724465478948942
"skew_0.25_rep02",93,18,0.342068010917039,0.040970064907971,0.118650164459495
"skew_0.25_rep02",94,73,0.436276582899678,0.000113850549447952,0.0303208163135641
"skew_0.25_rep02",95,82,0.479384355653444,-0.0273331879195334,0.0473535815712052
"skew_0.25_rep02",96,62,0.393204189633733,-0.00397283435954662,0.0471383612332707
"skew_0.25_rep02",97,23,0.235646247802595,-0.0108783881601387,0.0695874551654276
"skew_0.25_rep02",98,17,0.849581438414768,-0.001065213211364,0.082040186514756
"skew_0.25_rep02",99,198,0.497437433689305,-0.00186468746417466,0.00767048148186401
"skew_0.25_rep07",0,27,0.398258822880808,0.0262857862709332,0.122376434238238
"skew_0.25_rep07",1,18,0.549063099972207,0.00978333161077988,0.0814324289210368
"skew_0.25_rep07",3,11,0.697668280936858,0.000678230718990377,0.203363416682208
"skew_0.25_rep07",6,20,0.31646296565673,-0.0115736408734696,0.0851705700641384
"skew_0.25_rep07",7,40,0.594287643949407,-0.00276034674200305,0.0245277014752002
"skew_0.25_rep07",8,26,0.535030628213094,0.00265923498938509,0.0374691989025947
"skew_0.25_rep07",9,18,0.407021623804176,-0.0335269766560911,0.0822779576334114
"skew_0.25_rep07",10,148,0.297539268593709,0.00799234343452942,0.0261829268711216
"skew_0.25_rep07",11,52,0.324412892620906,-0.0123805458416017,0.0490779492408613
"skew_0.25_rep07",12,80,0.191526171767183,0.0120995785126215,0.0555434528441906
"skew_0.25_rep07",14,42,0.36333342353457,0.00208247604971563,0.0252316361988887
"skew_0.25_rep07",15,33,0.109464124427529,-7.84520434350622e-05,0.074663394239538
"skew_0.25_rep07",16,19,0.540091558621042,-0.0279557559949361,0.0930006892391693
"skew_0.25_rep07",17,47,0.0421664491129971,0.000341535991023851,0.0712876695413214
"skew_0.25_rep07",18,11,0.23466171022633,0.0109712737354766,0.1112837634161
"skew_0.25_rep07",21,9,0.73881235054614,-0.0450996523020167,0.16452750352358
"skew_0.25_rep07",22,64,0.470190938996594,-0.0120069800655193,0.0421079704040678
"skew_0.25_rep07",23,16,0.694668492390232,-0.016180935459855,0.125826633561513
"skew_0.25_rep07",24,36,0.0389008324970967,0.0103726730863644,0.0744821893382762
"skew_0.25_rep07",25,77,0.763195695209118,-0.00136823164242028,0.0177061714887447
"skew_0.25_rep07",26,34,0.424157951647612,0.00915569482640278,0.0335137591378886
"skew_0.25_rep07",27,106,0.0736387135725267,0.0112750484621312,0.052977704130629
"skew_0.25_rep07",29,16,0.519982672108101,-0.00219869372281925,0.134856026916613
"skew_0.25_rep07",30,20,0.729451134275526,-0.0639559390508329,0.111494170661696
"skew_0.25_rep07",31,20,0.518685220341919,0.00515396919435314,0.0652338047464914
"skew_0.25_rep07",32,15,0.727714826910384,-0.0409018447079792,0.108770927336593
"skew_0.25_rep07",33,59,0.426905387431133,0.0104010093841892,0.0447793105063675
"skew_0.25_rep07",34,21,0.221142408530231,-0.0125948737815176,0.0605650389678632
"skew_0.25_rep07",36,79,0.241796054032091,0.00677148263598354,0.0323850524742072
"skew_0.25_rep07",37,8,0.675224266720048,-0.001095413743847,0.223164381631858
"skew_0.25_rep07",41,12,0.502863356359166,0.00306212257240498,0.142573707530707
"skew_0.25_rep07",42,98,0.244244079062497,0.00388948872325968,0.017379838381305
"skew_0.25_rep07",43,18,0.49505919146978,0.0449682689228648,0.113347265085565
"skew_0.25_rep07",45,14,-0.132803709122619,-0.00611096951576198,0.14181863506857
"skew_0.25_rep07",46,37,0.359961021335951,0.0011045164813304,0.0383341243503469
"skew_0.25_rep07",47,71,0.341225553953622,-0.000997154985509109,0.018743849411689
"skew_0.25_rep07",48,17,0.65576164223196,-0.0180787242623298,0.097033670573833
"skew_0.25_rep07",49,90,0.525316905286094,-0.00711045711650641,0.0143432547790453
"skew_0.25_rep07",50,18,0.435948704493484,-0.0351785029236925,0.148035108640272
"skew_0.25_rep07",51,35,0.227284146721725,0.0102765537282468,0.0572034582045858
"skew_0.25_rep07",52,14,0.639511231567422,0.0344260601527676,0.156387530283742
"skew_0.25_rep07",54,27,0.363079716480799,0.0303757676782473,0.101362705681327
"skew_0.25_rep07",55,14,0.539221847653545,-0.00577403966547277,0.1181090250073
"skew_0.25_rep07",56,10,0.436512814530559,-0.052318552833164,0.204820910719688
"skew_0.25_rep07",57,13,0.284937154385968,-0.0041852111284992,0.122470663015572
"skew_0.25_rep07",59,46,0.350957001465829,-0.00352426765451114,0.062212003666827
"skew_0.25_rep07",60,18,0.556519356275512,-0.0423730525093283,0.0735898167597294
"skew_0.25_rep07",62,31,0.279130929710677,0.00230990457152533,0.0662082531652068
"skew_0.25_rep07",64,13,0.667731671817679,-0.0100429118391145,0.170552125230525
"skew_0.25_rep07",65,115,0.19145446921678,0.00773822400875111,0.0159128273355485
"skew_0.25_rep07",68,18,0.487411322629273,0.0375590803597037,0.123599999195145
"skew_0.25_rep07",69,42,0.123024780668398,0.00406981215477308,0.0383786482805783
"skew_0.25_rep07",72,82,0.674361113377684,-0.00888834326349949,0.0398518146956033
"skew_0.25_rep07",73,22,0.370321653998361,-0.00887611552009165,0.050577958162104
"skew_0.25_rep07",74,48,0.171049171576171,-0.00833828749498762,0.0345039123562467
"skew_0.25_rep07",75,45,0.596504218475631,0.00333492515661173,0.0300328890623173
"skew_0.25_rep07",76,14,0.242734271293373,0.00362145965815361,0.0840231605640577
"skew_0.25_rep07",77,12,0.305007256738351,0.0353145398024648,0.123357577465484
"skew_0.25_rep07",78,26,0.402555679320203,-0.00542867745448246,0.0573762129843756
"skew_0.25_rep07",79,19,0.469106120764838,-0.0166702999042626,0.0656708921495876
"skew_0.25_rep07",81,54,0.311038757493247,-0.00120197095155613,0.02874227903241
"skew_0.25_rep07",83,50,0.396543927011219,-0.00918227417242203,0.0297213823770048
"skew_0.25_rep07",84,14,0.259761856481351,-0.0113482876151617,0.127566145007042
"skew_0.25_rep07",85,8,0.828419568746483,-0.0776415256611517,0.109452083888021
"skew_0.25_rep07",86,12,-0.093267925237787,-0.0237416228841037,0.111544754530416
"skew_0.25_rep07",87,62,0.151132267338955,-0.00956921273236225,0.0504052481707042
"skew_0.25_rep07",88,102,0.253898056902608,-0.00736449273275224,0.0448413372610661
"skew_0.25_rep07",89,23,0.174585033245809,0.0146944479806068,0.114389604006765
"skew_0.25_rep07",90,11,0.475333016649706,-0.0267601114320682,0.303622071947654
"skew_0.25_rep07",92,28,0.313042512545929,0.0310403207043872,0.0826509689907277
"skew_0.25_rep07",93,26,0.569150674302419,0.00766992188156868,0.0586271552304468
"skew_0.25_rep07",94,68,0.293550133083021,0.0102597942182516,0.0538991226953714
"skew_0.25_rep07",95,36,0.68396286472084,-0.00556799488642341,0.0690710450710705
"skew_0.25_rep07",96,113,0.353070284384655,-0.00446855382853534,0.0282281122129605
"skew_0.25_rep07",97,10,0.359480776679855,-0.0179092736646687,0.216277833526201
"skew_0.25_rep07",98,11,0.334543217106411,-0.0242316169128493,0.120922381719861
"skew_0.25_rep07",99,116,0.184868256378761,0.00230227181966726,0.0336283235430609
"skew_0.30_rep02",0,24,0.291121929985042,-0.00382379329689313,0.134208548337661
"skew_0.30_rep02",1,52,0.141933258678127,0.0159889190203904,0.0753617893811024
"skew_0.30_rep02",2,29,0.439135045761438,0.0113425130756977,0.0670437987336057
"skew_0.30_rep02",3,40,0.434236357795865,0.00134756085971864,0.0626029387401117
"skew_0.30_rep02",4,9,0.402866432969991,-0.0427842527352707,0.134384627866531
"skew_0.30_rep02",6,128,0.299296745612136,-0.00288888263206035,0.0336336361670161
"skew_0.30_rep02",7,28,0.18434190695355,0.0168677134367047,0.0598991011314845
"skew_0.30_rep02",8,17,0.556831910485053,0.0336694754605097,0.140369138031202
"skew_0.30_rep02",9,25,0.443106826067703,-0.0214397483530517,0.0458373130942161
"skew_0.30_rep02",10,13,0.799517357287885,-0.0466497817382687,0.0710907121125914
"skew_0.30_rep02",11,32,0.0960509207029926,-0.0105228371521814,0.0562629966694254
"skew_0.30_rep02",12,10,0.475561744026824,-0.00798036345660552,0.207661875522594
"skew_0.30_rep02",14,9,0.48875633650867,-0.00986025120097317,0.155323911383218
"skew_0.30_rep02",15,93,0.191731940583288,0.00134753319400678,0.026868977616257
"skew_0.30_rep02",16,9,0.456182299048347,0.120975680204681,0.283350888378091
"skew_0.30_rep02",18,29,0.143394004666607,-0.00803535678672499,0.0567589553659718
"skew_0.30_rep02",21,67,0.195452521818822,-0.00859116683348388,0.0362165950408768
"skew_0.30_rep02",23,32,0.316620101398436,0.0158125709441807,0.0431170032410048
"skew_0.30_rep02",25,19,0.695658217649008,0.00882597591986219,0.109949584275918
"skew_0.30_rep02",28,13,0.230572492315259,-0.0215454999482222,0.134008062515036
"skew_0.30_rep02",29,130,0.375978007491834,-0.0069465424184702,0.0236132141412993
"skew_0.30_rep02",30,22,0.698853809136102,-0.00592828692339358,0.0698748383168654
"skew_0.30_rep02",31,9,0.454928059630667,-0.0387667563783533,0.117663494161901
"skew_0.30_rep02",32,31,0.464651855561527,-0.00694203280488351,0.0698406769866187
"skew_0.30_rep02",34,25,0.532055694548117,0.0149448291152018,0.0850533425527445
"skew_0.30_rep02",36,38,0.113068630585705,-0.00441834275314029,0.0297821313384913
"skew_0.30_rep02",37,32,0.316573250121988,-0.0131017302169435,0.0649746311450872
"skew_0.30_rep02",38,29,0.697960786611601,-0.0208706841650029,0.0592716169857044
"skew_0.30_rep02",39,62,0.417345558700416,0.00761413587392765,0.049934182893149
"skew_0.30_rep02",40,19,0.200420678762236,-0.0320944973294558,0.106155204334227
"skew_0.30_rep02",41,58,0.496395151906745,0.0014554412622625,0.0333015787703132
"skew_0.30_rep02",42,20,0.794784106055891,-0.024941025177008,0.0453735998844455
"skew_0.30_rep02",43,25,0.466260355656768,-0.0302674759373213,0.0550844605141109
"skew_0.30_rep02",44,31,0.150638815251431,-0.0144925770667974,0.0684306955415035
"skew_0.30_rep02",46,23,0.0654243426931523,0.020263840733986,0.0695206919625955
"skew_0.30_rep02",47,103,0.218610549563124,0.0181492111338843,0.0333843269587246
"skew_0.30_rep02",48,29,0.516671633048832,0.0129469751834983,0.0546985223069735
"skew_0.30_rep02",49,34,0.469583932296851,-0.00447572971949325,0.0439366442910431
"skew_0.30_rep02",54,54,0.117156938613027,-0.0131535870649252,0.04111478879256
"skew_0.30_rep02",56,38,0.602750044787051,0.00357940181749013,0.0280795992711921
"skew_0.30_rep02",57,13,0.179440807643025,0.0294490797311434,0.15423988318116
"skew_0.30_rep02",58,13,0.625523833646618,0.00577024026658306,0.148332098671947
"skew_0.30_rep02",59,114,0.291773583670678,-0.000200127612953054,0.0277730592493972
"skew_0.30_rep02",60,8,0.340822023941488,-0.0266425615390831,0.164612874564972
"skew_0.30_rep02",61,108,0.458248515134989,0.00478146298677026,0.0284239699697114
"skew_0.30_rep02",63,83,0.394332895705441,-0.00254455720081317,0.0172352217653554
"skew_0.30_rep02",64,93,0.411258438364709,-0.0125210697782104,0.0395161060174253
"skew_0.30_rep02",65,42,0.504017681522846,-0.000735284878428998,0.0764115472585573
"skew_0.30_rep02",66,65,0.328261286350258,-0.00821803916131225,0.01895595373615
"skew_0.30_rep02",67,11,0.698798435477409,0.00496573442748394,0.144887805299008
"skew_0.30_rep02",68,14,0.639338283450796,-0.0221769387692127,0.118976843351554
"skew_0.30_rep02",70,12,0.834058808406379,0.0462972406365109,0.175030756503068
"skew_0.30_rep02",71,14,0.399300833365317,-0.0314246636642233,0.144230296680488
"skew_0.30_rep02",72,67,0.280974472068502,0.00603527892716754,0.0322250685069505
"skew_0.30_rep02",73,8,0.35094719056176,-0.0256346629840605,0.24253538664554
"skew_0.30_rep02",74,51,0.333788063722196,-0.00168262968537979,0.0795924710070607
"skew_0.30_rep02",75,109,0.388795184019232,-0.000125431604265196,0.0272030396932592
"skew_0.30_rep02",76,12,0.0470121107332205,-0.0061950741664637,0.159991484338619
"skew_0.30_rep02",78,15,0.810789092357538,0.0179554698783044,0.105448083703312
"skew_0.30_rep02",79,84,0.221692948569495,-0.0146500358248365,0.0508319944942978
"skew_0.30_rep02",80,19,0.512953172344959,-0.00346736666480568,0.0582801441307383
"skew_0.30_rep02",81,119,0.296999067707074,-0.00223112875708468,0.0381557489562912
"skew_0.30_rep02",82,36,0.369208009643196,0.00638733890022423,0.051667429962613
"skew_0.30_rep02",83,89,0.570851438237704,0.00232553057979947,0.0175409230405576
"skew_0.30_rep02",84,22,0.805219872097822,-0.00540993655551391,0.0698797525790537
"skew_0.30_rep02",85,12,0.713913921973847,-0.0284065251705871,0.0837016401146584
"skew_0.30_rep02",87,12,0.0272794451531706,0.00730024036230465,0.189304939217042
"skew_0.30_rep02",88,20,0.161015571676566,-0.0397351108933072,0.0658780938059623
"skew_0.30_rep02",91,36,0.368666834847784,-0.00883437900725215,0.0228893283672669
"skew_0.30_rep02",92,13,0.309740198273243,-0.00922025405970472,0.0892866375006087
"skew_0.30_rep02",93,161,0.262540481927579,-0.00287676324069578,0.0264550769823274
"skew_0.30_rep02",94,37,0.369226088567547,-0.00731412337587371,0.0517281962067791
"skew_0.30_rep02",95,49,0.525671032764062,-0.0237745114085533,0.0477048464740065
"skew_0.30_rep02",96,10,0.019668098459951,0.02573925801929,0.183033274194475
"skew_0.30_rep02",97,26,0.245718931500917,-0.0190353175845233,0.0629332976516409
"skew_0.30_rep02",98,21,0.31815443931287,-0.0126024545837442,0.079631658630926
"skew_0.30_rep02",99,51,0.301913635743222,0.0174016431348821,0.0529034441623694
"skew_0.30_rep03",0,126,0.216409599845784,0.00320168310012278,0.0232920487713662
"skew_0.30_rep03",2,15,0.267042520102338,-0.0018017190731028,0.0832311005526613
"skew_0.30_rep03",3,26,0.374237694208529,0.00453766616393779,0.0805517051207751
"skew_0.30_rep03",4,27,0.00460909905946435,0.028060864587305,0.101218442222003
"skew_0.30_rep03",5,12,0.168610795404969,0.00672495821018912,0.183412086797577
"skew_0.30_rep03",6,11,0.260347062174227,0.00064514617559088,0.126015740015977
"skew_0.30_rep03",7,18,0.25164022864601,-0.0481292231401812,0.121317053109176
"skew_0.30_rep03",8,26,0.590447313540576,-0.00137789843150135,0.06007472578485
"skew_0.30_rep03",9,45,0.699937542779081,-0.00132160907541571,0.0654305934912202
"skew_0.30_rep03",10,11,0.371972246605366,-0.0353095054452826,0.106101845166405
"skew_0.30_rep03",11,12,0.194748790721946,0.0291187857413929,0.109694510965033
"skew_0.30_rep03",12,55,0.164840375058702,-0.00397692758399967,0.0523591388793082
"skew_0.30_rep03",14,34,0.264763686079636,0.0115632287746783,0.0811178099614448
"skew_0.30_rep03",15,29,0.588605156944181,0.0451076786767544,0.0962891429891858
"skew_0.30_rep03",16,8,0.777992623974922,0.00252168687095823,0.131254732822047
"skew_0.30_rep03",17,13,0.529964517836711,-0.0257044417282494,0.107865927786491
"skew_0.30_rep03",18,13,0.0973956195808758,0.0285498243903941,0.114894302014313
"skew_0.30_rep03",19,41,0.201232205929554,-0.0232552143881626,0.0393767114758602
"skew_0.30_rep03",20,107,0.136989176651069,-0.00696171183412666,0.0358236701340512
"skew_0.30_rep03",21,23,0.459238079572509,-0.00916043579983048,0.0604380064190808
"skew_0.30_rep03",22,41,0.381385656975776,0.0189543959331705,0.0719425694010291
"skew_0.30_rep03",23,49,0.29694546878099,0.0185020200709592,0.0652887198907327
"skew_0.30_rep03",24,50,0.552126099030689,0.028279050255866,0.0419257817718013
"skew_0.30_rep03",26,17,0.0916524090986923,-0.0165445386901728,0.095547790216603
"skew_0.30_rep03",27,10,0.0075493699536027,0.0128968403374046,0.177013360678263
"skew_0.30_rep03",28,28,0.566755986480702,0.00325374130461682,0.0554431418474582
"skew_0.30_rep03",29,96,0.557650570501319,-0.00466079829865354,0.0356931152273762
"skew_0.30_rep03",30,144,0.364686801056943,0.00422241090925702,0.0267337162000648
"skew_0.30_rep03",32,29,0.360578537287964,0.0166515554202354,0.0690960343636188
"skew_0.30_rep03",34,30,0.389230362917468,0.00808723956932867,0.0534584507652635
"skew_0.30_rep03",35,19,0.430908262734376,-0.010798116719879,0.0635980633420022
"skew_0.30_rep03",36,49,0.66698803452595,-0.0063587539886015,0.0460688105305053
"skew_0.30_rep03",37,75,0.474169009859518,-0.00298709368664366,0.0180111215670757
"skew_0.30_rep03",38,110,0.346794809599216,0.0125448274913967,0.0466736782532586
"skew_0.30_rep03",39,41,0.390998959863435,0.000943476185419688,0.0473101778286465
"skew_0.30_rep03",40,41,0.624239130615459,-0.00616787619296329,0.0332102063246182
"skew_0.30_rep03",41,10,0.396009818981403,0.00409937648002865,0.112651365836172
"skew_0.30_rep03",43,49,0.516770652338165,0.0068831994314704,0.051389126504656
"skew_0.30_rep03",46,23,0.170015737192488,-0.00502416441525573,0.0921969904589563
"skew_0.30_rep03",47,10,0.254901341720258,-0.00660895131357329,0.165385067425428
"skew_0.30_rep03",48,113,0.41926992159513,0.000117047179395659,0.0474385595727337
"skew_0.30_rep03",51,8,0.582672220476734,-0.0313182725312975,0.230694453007355
"skew_0.30_rep03",52,34,0.125716367581326,-0.000983202455943499,0.0525483289991989
"skew_0.30_rep03",53,8,0.533713536417737,-0.0786472211211798,0.272595283784071
"skew_0.30_rep03",54,13,0.605547151842113,0.0341660608657836,0.133446175199803
"skew_0.30_rep03",55,44,0.56626552527778,0.00819639204870539,0.0646213678787917
"skew_0.30_rep03",56,26,0.473235550505271,0.000386963311059203,0.0521029455072705
"skew_0.30_rep03",57,11,0.146682825442175,0.0142713364248182,0.172313958623606
"skew_0.30_rep03",59,46,0.337469375891461,-0.00898093774305609,0.0668851182092755
"skew_0.30_rep03",60,40,0.20296338867542,-0.00967715685114339,0.0886791282207699
"skew_0.30_rep03",61,9,0.0858874827437266,0.0126824507229054,0.153939285425061
"skew_0.30_rep03",63,96,0.424642196022551,-0.00276086253205793,0.0246482543665722
"skew_0.30_rep03",64,37,0.608522215155633,-0.00463215787566034,0.0573752193749836
"skew_0.30_rep03",65,49,0.193370793751103,0.00476148946581714,0.0558907388253005
"skew_0.30_rep03",67,48,0.217669595470844,-0.00307109767494352,0.019933502766643
"skew_0.30_rep03",68,13,0.324979837712213,0.0400184860505891,0.129016188659959
"skew_0.30_rep03",70,76,0.301872616035802,-0.00482570523029888,0.0379355900854129
"skew_0.30_rep03",71,29,0.404393740028735,0.00654955023694464,0.088089354303941
"skew_0.30_rep03",72,88,0.284915826332684,-0.00350832499881001,0.0252002096687149
"skew_0.30_rep03",74,17,0.466411489873363,-0.00953709225438208,0.13381791093617
"skew_0.30_rep03",75,38,0.524200153996355,0.0025501411543149,0.0585488077198733
"skew_0.30_rep03",76,14,0.247346429821835,-0.0173239861702526,0.124027284396831
"skew_0.30_rep03",79,76,0.52662654501359,-0.0114844930924122,0.0293296590330102
"skew_0.30_rep03",81,83,0.536935401468614,0.0160812111288947,0.0614840848235778
"skew_0.30_rep03",82,22,0.328691477491612,-0.0294510344065087,0.135227638435074
"skew_0.30_rep03",83,34,0.385212882547715,-0.00411431006306376,0.0752854539715561
"skew_0.30_rep03",85,44,0.425658954740165,0.00457426828547619,0.0281031865451806
"skew_0.30_rep03",87,17,0.371379130103086,-0.0281760117025061,0.101034035331583
"skew_0.30_rep03",88,17,0.793317670389338,0.00695584335346857,0.118163779288741
"skew_0.30_rep03",89,56,0.208900638140106,-0.00321456144736416,0.0485442854821746
"skew_0.30_rep03",90,41,0.377727583039247,0.00162383720136185,0.0979357506713364
"skew_0.30_rep03",91,118,0.259259015294451,0.00663000064626296,0.048805312838759
"skew_0.30_rep03",92,37,0.449990257317337,-0.0171006983774463,0.0303046549852672
"skew_0.30_rep03",93,8,0.962275640443304,-0.0658413781188993,0.36289907803375
"skew_0.30_rep03",94,11,0.347494960129276,-0.0118605235794323,0.109695293159941
"skew_0.30_rep03",95,19,0.243933895025598,-0.00818144800176467,0.044551110659064
"skew_0.30_rep03",96,35,0.52620409629526,0.0114435087736171,0.0616565029337883
"skew_0.30_rep03",98,8,0.141295907050729,-0.00341844936413055,0.153195703691444
"skew_0.30_rep03",99,56,0.327061583032807,0.00457620011588915,0.0442370261621932
"skew_0.30_rep07",0,16,0.514832516079542,0.00232345740282123,0.0963062644667604
"skew_0.30_rep07",2,19,0.0884921820464546,0.0248642015606067,0.12309615783323
"skew_0.30_rep07",3,31,0.436192337556582,0.00874247073189174,0.0661045973677277
"skew_0.30_rep07",4,8,0.794672122687758,0.0239667588051739,0.216036981435126
"skew_0.30_rep07",5,22,0.404952568400179,-0.00258222781993884,0.057477667316692
"skew_0.30_rep07",7,35,0.334268316768093,0.00071904511022289,0.0504977467010259
"skew_0.30_rep07",8,27,0.522078831303116,0.0178262900099503,0.0699870284764135
"skew_0.30_rep07",9,68,0.268332651570955,-0.00514795190502907,0.0435586586855641
"skew_0.30_rep07",11,12,0.821941027066338,0.0355861657906527,0.128040318013417
"skew_0.30_rep07",12,26,0.236616386199022,0.00088031822764879,0.0620661000120458
"skew_0.30_rep07",16,88,0.31714099809436,-0.00400920435651465,0.0407775691422407
"skew_0.30_rep07",17,16,0.0705733271336164,0.0142397941323942,0.131769509310523
"skew_0.30_rep07",19,126,0.19665297534074,-0.0133714119218933,0.0246118627264071
"skew_0.30_rep07",21,62,0.669573828454525,-0.00674893965452439,0.0239630758460977
"skew_0.30_rep07",22,11,0.462185157931065,0.0249856910498135,0.113155597770503
"skew_0.30_rep07",23,50,0.234957611253576,-0.016114576248762,0.0577909838956639
"skew_0.30_rep07",24,68,0.372827342590827,0.00747925827124796,0.0229108828114895
"skew_0.30_rep07",25,95,0.342989632222365,-0.00494356471393162,0.0114570402286865
"skew_0.30_rep07",26,39,0.344257821422434,-0.0111170837156036,0.046728402296661
"skew_0.30_rep07",28,43,0.284643035850011,0.000288241483434942,0.0325031743836984
"skew_0.30_rep07",29,31,0.255455855462395,-0.00862762390515742,0.0323060038448639
"skew_0.30_rep07",31,46,0.477995234020111,0.00673715607386735,0.0558277099227085
"skew_0.30_rep07",32,20,0.253893650971867,-0.00254267482114402,0.122956087479304
"skew_0.30_rep07",33,86,0.50064954262509,0.00280494025062608,0.0532385195351005
"skew_0.30_rep07",34,10,0.836600606022682,0.00214742784970683,0.157403999347092
"skew_0.30_rep07",35,24,0.328014465432508,0.0024484497030272,0.111353165745607
"skew_0.30_rep07",36,53,0.451012001415936,-0.00654629370960717,0.0147492756990766
"skew_0.30_rep07",38,24,0.727348769081866,-0.017233217196694,0.0986375989736805
"skew_0.30_rep07",39,23,0.713577495751594,-0.00945815810320971,0.049753466657066
"skew_0.30_rep07",41,17,0.0670530954420556,0.00756545265821625,0.087691216536486
"skew_0.30_rep07",42,16,0.341508214433015,0.0347282603179701,0.161360943417461
"skew_0.30_rep07",43,64,0.169594633491384,-0.00674891241429466,0.0126025534867016
"skew_0.30_rep07",44,39,0.273006016151585,-0.00763638542565307,0.0232595059813174
"skew_0.30_rep07",45,10,0.399537463800416,0.000790373567227681,0.111666649986999
"skew_0.30_rep07",46,20,0.571548164628009,0.0162660720942868,0.0732213188577068
"skew_0.30_rep07",48,19,0.305450882236415,0.0244102611974411,0.0819432251173231
"skew_0.30_rep07",49,12,0.839073599068504,-0.0306713912334661,0.0996848659920156
"skew_0.30_rep07",50,21,0.296348023698594,-0.0144368481832005,0.0803662687998805
"skew_0.30_rep07",51,9,0.476958484849451,-0.0381649545280055,0.184678992652457
"skew_0.30_rep07",52,13,0.294314229078714,-0.0157760540712306,0.179935531042202
"skew_0.30_rep07",53,65,0.312521423746026,0.00137896674106582,0.0404291485340318
"skew_0.30_rep07",54,28,0.388679854930245,0.00433547970617096,0.0844810095201986
"skew_0.30_rep07",55,80,0.563095140281001,-0.0193065888953481,0.0367554386845251
"skew_0.30_rep07",56,32,0.372386242801767,-0.0139993230523278,0.050744361492772
"skew_0.30_rep07",59,19,0.571606654233996,0.0101882905023092,0.0705210604181966
"skew_0.30_rep07",60,18,0.575543319488986,-0.0102468663684679,0.0727238915392491
"skew_0.30_rep07",62,9,0.360640765447339,-0.0344426855939831,0.16956377616141
"skew_0.30_rep07",63,9,0.111985703544126,-0.006320051326358,0.228164759695717
"skew_0.30_rep07",64,14,0.546430926562309,-0.0197411669743131,0.132961961913754
"skew_0.30_rep07",65,19,0.101931155655774,-0.0106331417853629,0.0624653424888238
"skew_0.30_rep07",66,26,0.194985590082204,0.00543263386544332,0.0816570442849842
"skew_0.30_rep07",67,25,0.0746671848518059,-0.00459771988052124,0.0736000004838858
"skew_0.30_rep07",68,81,0.27992152027467,0.00734914684365385,0.0431943404470743
"skew_0.30_rep07",69,32,0.43948129960803,0.00208461571967309,0.037716521380406
"skew_0.30_rep07",70,67,0.405239766906735,0.00621812514162685,0.0267326365339034
"skew_0.30_rep07",71,43,0.379656137595403,0.00145682889211771,0.0429446628238516
"skew_0.30_rep07",72,20,0.482209518850439,-0.030452405663913,0.115525916780561
"skew_0.30_rep07",73,46,0.420647742944436,0.00081633099994709,0.100670079604293
"skew_0.30_rep07",74,13,0.255579709298719,-0.0077753460671132,0.110346462918063
"skew_0.30_rep07",76,28,0.604262956457438,-0.0149509019906441,0.0451289764180782
"skew_0.30_rep07",77,53,0.447561807583056,0.0101720373347988,0.0349801197604306
"skew_0.30_rep07",78,75,0.249851621942169,-0.0104337117677546,0.0465573825620581
"skew_0.30_rep07",79,18,0.487974963818145,0.0198387811580001,0.110782026104033
"skew_0.30_rep07",80,9,0.553161822570521,-0.00166955800775837,0.177116185407492
"skew_0.30_rep07",83,29,0.455238947472392,0.0166269382021779,0.0602914455803723
"skew_0.30_rep07",84,39,0.488555775099153,0.00538348760592581,0.0202962676063335
"skew_0.30_rep07",85,16,0.0703774694897374,0.0105717326136023,0.0822994005329558
"skew_0.30_rep07",87,38,0.51760634648402,0.00597672416226817,0.033210682931527
"skew_0.30_rep07",88,35,0.500078356062848,-0.0115042719942422,0.0703685413765927
"skew_0.30_rep07",89,46,0.25315311908423,-0.0111151223546286,0.0316277809615522
"skew_0.30_rep07",90,13,0.412206813408014,0.00489644788731744,0.140984447263196
"skew_0.30_rep07",91,48,0.253876494933674,0.0108758861665306,0.037740279724164
"skew_0.30_rep07",92,100,0.374951963997006,0.00242090889173848,0.0296258189539134
"skew_0.30_rep07",93,82,0.288287037381022,-0.00376650403094235,0.0211365562341694
"skew_0.30_rep07",94,11,0.359163098747071,-0.0732555939428531,0.150295539302612
"skew_0.30_rep07",95,52,0.255135100517359,0.00357243335929218,0.0242098811362435
"skew_0.30_rep07",96,70,0.317569114845092,-0.0106019953832131,0.0382870605502588
"skew_0.30_rep07",97,15,0.676886162202653,-0.0154197446243233,0.078423344723933
"skew_0.30_rep07",98,14,0.427483301185834,0.00183882413466726,0.103152702508784
"skew_0.30_rep07",99,17,0.434256994549015,0.00328138818546678,0.134225764307551
"skew_0.35_rep03",0,28,0.148606199262962,0.0052808474796032,0.0410902270515703
"skew_0.35_rep03",1,24,0.314400871803876,-0.00894423620382411,0.0668582935148969
"skew_0.35_rep03",2,38,0.0910313289869586,0.00879892909097534,0.0614041341877679
"skew_0.35_rep03",3,13,0.432768144956504,0.0268453428797892,0.132080891768983
"skew_0.35_rep03",4,12,0.564341392220168,0.0543826675826229,0.131241616171145
"skew_0.35_rep03",6,32,0.511599322687638,-0.000997276285955705,0.0513992955638994
"skew_0.35_rep03",8,9,-0.0493968402295451,0.00057261700266093,0.164627882812123
"skew_0.35_rep03",9,30,0.520202544273048,-0.010754433526955,0.0643966079930267
"skew_0.35_rep03",10,24,0.198544164255056,-0.00924879131076017,0.0748914622282418
"skew_0.35_rep03",11,17,0.435234353068488,0.00308088344466822,0.111490583641267
"skew_0.35_rep03",12,10,0.793731013357966,-0.0142516994666508,0.110570062772802
"skew_0.35_rep03",13,27,0.254036796613204,0.000509807082954881,0.0656191267344946
"skew_0.35_rep03",14,38,0.634417540629067,0.00543746060370027,0.0317077845716156
"skew_0.35_rep03",16,26,0.28837031847566,-0.00562900241645252,0.113575534965389
"skew_0.35_rep03",17,15,0.352270551086457,0.00223947127295406,0.0886082042384844
"skew_0.35_rep03",18,36,0.814363550669493,-0.0173798276933449,0.0363751379810717
"skew_0.35_rep03",19,42,0.258695152284247,0.00609211948225988,0.0352352513896071
"skew_0.35_rep03",20,31,0.329885684201666,0.0418453191991794,0.0727570750005655
"skew_0.35_rep03",21,11,0.27745691528703,-0.0673107475244439,0.101114341292808
"skew_0.35_rep03",22,49,0.353696149935406,0.00789893663705237,0.0352751884942082
"skew_0.35_rep03",24,8,0.420083009810005,0.0354407638974324,0.254930475902253
"skew_0.35_rep03",25,22,0.247336449657958,-0.0103667124333181,0.0593928722347266
"skew_0.35_rep03",26,19,0.492469953399712,0.016040082154384,0.132741770121084
"skew_0.35_rep03",27,10,0.666983890566117,0.00448243659040374,0.230476497727184
"skew_0.35_rep03",28,34,0.207817415593087,0.029232453092842,0.0794715639631721
"skew_0.35_rep03",30,109,0.227068452518728,-0.00103809783684497,0.0243713964944463
"skew_0.35_rep03",32,45,0.387485694533649,-0.0131283045049772,0.044488244737163
"skew_0.35_rep03",33,84,0.412720213002607,0.0173031577256454,0.0466512414397744
"skew_0.35_rep03",34,69,0.253617115669831,-0.00364315157724543,0.0153943391155182
"skew_0.35_rep03",35,29,0.679904374998621,0.00565367777145924,0.0562234243234022
"skew_0.35_rep03",36,66,0.53304708511161,0.00200044878730349,0.0174130749699088
"skew_0.35_rep03",37,15,0.30201598704379,0.00543293817389259,0.0868296178160504
"skew_0.35_rep03",39,13,0.763431399259795,-0.00512127199668325,0.167039938515735
"skew_0.35_rep03",41,12,0.252297250484064,-0.0597664105697753,0.185389175840804
"skew_0.35_rep03",43,31,0.28364688733297,-0.00264903846198577,0.0487199090745131
"skew_0.35_rep03",44,20,0.28306955965526,0.00652517474044552,0.0950364116808
"skew_0.35_rep03",46,20,0.310419081802152,0.0192369979195358,0.135971583714172
"skew_0.35_rep03",47,78,0.128656150673479,-0.00813824750437247,0.027906139243814
"skew_0.35_rep03",48,34,0.284856428742325,-0.0175771530112282,0.0514425044634435
"skew_0.35_rep03",49,84,0.230082320974484,-0.0111327352344214,0.0355611976573706
"skew_0.35_rep03",52,38,0.512481930512104,0.000249057479988607,0.0409373183972953
"skew_0.35_rep03",53,16,0.421761616596489,-0.0187463192983232,0.07252266149183
"skew_0.35_rep03",54,34,0.355356479084503,-0.0168610651908582,0.0643006233842161
"skew_0.35_rep03",56,14,0.687028585867334,-0.0109262117361427,0.0898272905644392
"skew_0.35_rep03",58,16,0.420353106839252,0.0212454810631916,0.126945230936273
"skew_0.35_rep03",59,83,0.262624608694048,-0.000617695118595965,0.0496371865318054
"skew_0.35_rep03",60,14,0.383474519906174,0.00997385216113104,0.0895592066772255
"skew_0.35_rep03",61,37,0.375379627610398,-0.0124700814616602,0.0718571140307873
"skew_0.35_rep03",62,16,0.121760620658677,-0.00807436787303954,0.120160482859821
"skew_0.35_rep03",63,51,0.425228829738295,0.000448931387760354,0.0303135984988125
"skew_0.35_rep03",64,24,0.68995524025539,-0.00856348344707652,0.0574847857486339
"skew_0.35_rep03",65,14,0.656554348593872,-0.0566170129065348,0.0847770548611559
"skew_0.35_rep03",66,24,0.226045278431917,-0.00996528515925422,0.0678969096004604
"skew_0.35_rep03",67,38,0.430231884545949,0.0126696035699671,0.0612195336530123
"skew_0.35_rep03",68,22,0.382775955320223,-0.00957285347683613,0.096641359939576
"skew_0.35_rep03",69,10,0.31230737262936,0.0199196268419869,0.177126162034819
"skew_0.35_rep03",70,30,0.244452010478148,-0.0197353429709015,0.0636115495185464
"skew_0.35_rep03",71,99,0.374377804755301,-0.000139090137744237,0.0322672129028748
"skew_0.35_rep03",74,29,0.168521543432649,0.00509545030855856,0.107287901134377
"skew_0.35_rep03",75,18,0.13001415307744,-0.0390562627371468,0.0726688772709822
"skew_0.35_rep03",76,16,0.425981921889163,0.00241655052120219,0.0909025850465157
"skew_0.35_rep03",77,35,0.126325140262203,-0.00222100571405832,0.0762949359913844
"skew_0.35_rep03",79,18,0.578534142187746,-0.0100689390826807,0.0750864447692733
"skew_0.35_rep03",80,15,0.38493661425125,-0.0535915152991624,0.117349570027506
"skew_0.35_rep03",81,15,0.284516215172416,-0.0216448447510432,0.0771595083621847
"skew_0.35_rep03",82,20,0.243221356112564,-0.00722948514828625,0.134295545791542
"skew_0.35_rep03",83,33,0.344883832861586,-0.00547195017469118,0.0487005673513534
"skew_0.35_rep03",84,20,0.703072698736331,0.0332756684599411,0.114077332483761
"skew_0.35_rep03",86,14,0.482637063044197,0.0118953972437638,0.092742526958997
"skew_0.35_rep03",87,139,0.332498034841383,-0.00235763545460472,0.0272279068415938
"skew_0.35_rep03",89,21,0.274918034726701,-0.0187918132486525,0.0843735179824389
"skew_0.35_rep03",91,90,0.302992491201188,-0.00565013734857466,0.0176066950138184
"skew_0.35_rep03",92,64,0.195286903878319,0.00823158773663957,0.0292566151728968
"skew_0.35_rep03",93,44,0.129115712367067,-0.00287934961102788,0.0303390338290743
"skew_0.35_rep03",94,55,0.311409632561189,0.0036107608645351,0.0452716741647941
"skew_0.35_rep03",95,11,0.434094020151436,-0.0069182085025003,0.218410473537119
"skew_0.35_rep03",96,51,0.513602562842138,-0.00788421257058966,0.033490439572823
"skew_0.35_rep03",97,42,0.221952577208929,-0.00774197936750651,0.0484403023050766
"skew_0.35_rep03",98,24,0.405553111021665,-0.0299488377405522,0.0647421896944577
"skew_0.35_rep03",99,44,0.24634651708935,-0.00469798544251095,0.0247187309830608
"skew_0.35_rep04",0,29,0.128613186360847,-0.00626068083585167,0.0585137445063074
"skew_0.35_rep04",1,26,0.324454303322405,0.0129453745771388,0.0627399259105091
"skew_0.35_rep04",2,24,0.238472142337178,-0.0196765267509262,0.105153051462625
"skew_0.35_rep04",3,11,0.64372888006224,0.00148967387196764,0.181044903123202
"skew_0.35_rep04",4,12,0.578880378985472,0.0341612774737124,0.206643574821433
"skew_0.35_rep04",5,10,0.547819350612663,3.46589491719979e-05,0.206322400624689
"skew_0.35_rep04",6,25,0.611920315671843,0.0301376746708308,0.0770467172216116
"skew_0.35_rep04",7,110,0.303578417915709,-0.00423258228026488,0.0230496343309012
"skew_0.35_rep04",8,34,0.368002798339313,-0.00709018367169522,0.0774157957701111
"skew_0.35_rep04",9,47,0.342601763433912,-0.0224181568065293,0.0508399722803764
"skew_0.35_rep04",10,27,0.720643732459776,-0.0105518019643854,0.0745458246163
"skew_0.35_rep04",11,13,0.255681661507348,-0.00950369834516262,0.12317527782705
"skew_0.35_rep04",12,64,0.534803155248036,0.00092503848297215,0.0412938712250621
"skew_0.35_rep04",13,58,0.550836914046817,-0.00483454429727229,0.0187605907257943
"skew_0.35_rep04",14,16,0.75539127453292,-0.0232576706071205,0.130641550280875
"skew_0.35_rep04",15,45,0.335272217681274,0.0183199155114463,0.0754243153240091
"skew_0.35_rep04",16,20,0.502675895006447,0.024225591355204,0.106008742120586
"skew_0.35_rep04",17,11,0.589251720706083,-0.0135515757192126,0.18393990417062
"skew_0.35_rep04",18,18,0.51086511001981,-0.00146820091873633,0.139963757218093
"skew_0.35_rep04",19,35,0.48574462865351,0.0220049182490345,0.0664652986340321
"skew_0.35_rep04",21,35,0.282258801862177,-0.0190947824987623,0.0335450658584336
"skew_0.35_rep04",22,8,0.337502589078123,-0.0270630400550676,0.122865265266558
"skew_0.35_rep04",24,11,0.855119835340306,0.0145128852930797,0.150021634467499
"skew_0.35_rep04",25,102,0.541528090373913,-0.00563388290436064,0.0482700419779056
"skew_0.35_rep04",26,33,0.555260054743202,0.00702141618590971,0.0641556428718899
"skew_0.35_rep04",27,26,0.162164467759894,-0.0175021636407911,0.0661218335741243
"skew_0.35_rep04",28,10,0.685696056505856,-0.0446917825710171,0.212250473199916
"skew_0.35_rep04",29,13,0.259745355831554,0.0104940532831794,0.160363755320629
"skew_0.35_rep04",30,12,0.373145624006256,0.00665039714144545,0.150694618913817
"skew_0.35_rep04",31,28,0.522065904726389,-0.00733269286668497,0.0666974380060844
"skew_0.35_rep04",32,52,0.19993434682291,-0.00426301085513394,0.0261136900605155
"skew_0.35_rep04",36,35,0.394728444776899,0.00156619263619697,0.0686843734649649
"skew_0.35_rep04",38,28,0.332334768631467,0.00308866317279563,0.0574068348455792
"skew_0.35_rep04",41,48,0.556745267580565,0.00992438852020258,0.0628805941105486
"skew_0.35_rep04",43,15,0.731289090280961,0.00580132154465081,0.107188671719252
"skew_0.35_rep04",44,8,0.697711765936934,0.0150619426584736,0.180755183257835
"skew_0.35_rep04",46,17,0.189288545011163,-0.0380909893244525,0.108972826984967
"skew_0.35_rep04",48,24,0.338869453092817,-0.0195280488982413,0.0733894339634859
"skew_0.35_rep04",49,9,0.568253215779272,-0.00177496955414627,0.22346820816707
"skew_0.35_rep04",50,9,0.268737704305987,-0.0601494759734891,0.17319199696715
"skew_0.35_rep04",51,15,0.701258269788275,-0.0168179104626298,0.107063051247519
"skew_0.35_rep04",52,75,0.539283016494198,-0.00463853855688843,0.0154658247935273
"skew_0.35_rep04",53,63,0.549638749777042,0.00127345851646464,0.0513167554694184
"skew_0.35_rep04",54,35,0.673261609272331,-0.00401489497366382,0.0354348385229795
"skew_0.35_rep04",56,62,0.269232217793232,0.00347976029641274,0.0296831284324805
"skew_0.35_rep04",57,17,0.464551367720055,-0.0503112263304544,0.0798384821863924
"skew_0.35_rep04",58,9,-0.0648661798802796,-0.0188504639652086,0.159227345010882
"skew_0.35_rep04",59,32,0.109541879291922,-0.0141694009755194,0.0866695533723421
"skew_0.35_rep04",60,8,0.875875853995549,0.031439019154491,0.167934174636498
"skew_0.35_rep04",61,10,0.186110184314484,0.0215506673122327,0.20298669430525
"skew_0.35_rep04",63,13,0.324757024518496,0.00265106432935207,0.147758329502865
"skew_0.35_rep04",65,14,0.443506058236998,-0.0215833330644088,0.0944363034118427
"skew_0.35_rep04",66,8,0.584601622663512,-0.0472265299237852,0.240115378136484
"skew_0.35_rep04",68,143,0.367419488135919,-0.00553115352942731,0.0254498670310441
"skew_0.35_rep04",69,9,0.38720105779462,-0.0582307441329955,0.24291592281576
"skew_0.35_rep04",70,10,0.266544429428811,-0.0679147337714369,0.127500828503487
"skew_0.35_rep04",71,133,0.523492330464067,0.0180688135840585,0.0544988199716782
"skew_0.35_rep04",73,26,0.428265411620311,0.0059690109461016,0.0720969436331347
"skew_0.35_rep04",74,27,0.304873775218116,-0.0173460237383726,0.0779085974323301
"skew_0.35_rep04",75,58,0.470503068013596,0.00390690660859141,0.041109674365122
"skew_0.35_rep04",77,19,0.213432104366572,-0.0138523591148023,0.0783592596252514
"skew_0.35_rep04",78,35,0.378013791942406,0.0206766746704255,0.084323477865263
"skew_0.35_rep04",79,61,0.336940263656283,0.00233468912717959,0.0315789575856385
"skew_0.35_rep04",80,16,0.563004146230441,-0.0070451439843831,0.0734871426508161
"skew_0.35_rep04",81,9,-0.133239414796001,0.0763299090560111,0.261509971774311
"skew_0.35_rep04",82,31,0.175973755277983,0.00132856051874139,0.0714181465752191
"skew_0.35_rep04",84,51,0.590894077719541,-0.0160383404783456,0.0351907052820519
"skew_0.35_rep04",85,17,0.278415364858583,0.0288075635384313,0.0977952454111112
"skew_0.35_rep04",87,45,0.195764004633943,2.668871093995e-05,0.0295917660858841
"skew_0.35_rep04",88,40,0.362516194222406,0.00958787670668191,0.0628700412287995
"skew_0.35_rep04",89,49,0.252443845767595,0.0116309645486989,0.0568291623455266
"skew_0.35_rep04",91,24,0.74687928881991,0.0111941183619048,0.150870924731746
"skew_0.35_rep04",92,30,0.477054088602065,0.0033250287093044,0.0401180503669256
"skew_0.35_rep04",93,10,0.0764365680597118,-0.07563918290578,0.120382742060395
"skew_0.35_rep04",95,23,0.087672292533821,0.00193174137676535,0.0646254841088755
"skew_0.35_rep04",96,60,0.554216923071609,-0.0092939594542288,0.0322149866813898
"skew_0.35_rep04",97,71,0.252767652701582,-0.00725667552326928,0.0202682009851193
"skew_0.35_rep04",98,30,0.315130690305675,-0.0159127425901415,0.14726612790302
"skew_0.35_rep04",99,24,0.750537319971808,0.0314147257962525,0.0897493006375338
"skew_0.35_rep08",0,49,0.358681073938069,0.00481046186380067,0.0680324628233343
"skew_0.35_rep08",2,18,0.703535064059134,0.0294944996050462,0.110180978627182
"skew_0.35_rep08",3,32,0.471598235381872,-0.00429164822221486,0.0516524238277265
"skew_0.35_rep08",4,31,0.53296559702118,0.0162507314260032,0.0897596040323094
"skew_0.35_rep08",5,11,0.372949721415451,-0.0143086013596394,0.159629728003771
"skew_0.35_rep08",7,8,0.875172937104176,-0.0418886192118238,0.124020978896132
"skew_0.35_rep08",10,35,0.199820131534189,-0.00981526005806394,0.0982988085670686
"skew_0.35_rep08",11,18,0.193341985509187,0.00373233654353851,0.0821408126581411
"skew_0.35_rep08",12,10,0.77389903312211,0.0418507549686183,0.272360904282405
"skew_0.35_rep08",13,104,0.58900356065044,0.00567489894090802,0.0182075651172116
"skew_0.35_rep08",14,92,0.496793210624187,0.00436208800805725,0.0247337546112026
"skew_0.35_rep08",15,35,0.735577582410537,0.00328436662156417,0.0805822090235259
"skew_0.35_rep08",16,8,0.116237341624133,-0.0109476011108867,0.227566066589376
"skew_0.35_rep08",17,14,0.225629979802763,-0.00669877900683267,0.115165010973002
"skew_0.35_rep08",18,17,0.492041463484175,-0.0315084358740506,0.0636231825708745
"skew_0.35_rep08",19,21,0.61841397702254,-0.0180906989711757,0.0505244226099512
"skew_0.35_rep08",20,12,0.812962676213596,0.0486561497938746,0.215594474654023
"skew_0.35_rep08",22,30,0.290100023533528,0.0117275923108363,0.092082416444033
"skew_0.35_rep08",23,27,0.239046714413345,-0.0134885483940383,0.0496969751943204
"skew_0.35_rep08",26,27,0.626770643252458,0.030426977382095,0.0651619219486738
"skew_0.35_rep08",27,65,0.24190752703369,-0.0133473699901562,0.0310817924738694
"skew_0.35_rep08",28,23,0.245845747725639,0.0026460372714937,0.0632015548920369
"skew_0.35_rep08",29,49,0.312062145304704,0.00908090677316638,0.0482581186284858
"skew_0.35_rep08",30,15,0.198538751229197,0.000917534317637865,0.0868488410811781
"skew_0.35_rep08",31,56,0.294869055048526,0.00595457496504054,0.0274818496429107
"skew_0.35_rep08",32,12,0.502034891551731,0.00718882255889368,0.202988112852201
"skew_0.35_rep08",33,18,0.581397975899412,0.00614432111917059,0.0962715371730651
"skew_0.35_rep08",34,10,-0.0677892995846035,0.0410707291826719,0.184144525979964
"skew_0.35_rep08",35,12,0.876924450032319,0.0436156681015789,0.159460804570331
"skew_0.35_rep08",38,8,-0.0996667903497618,-0.00355518733869577,0.0928870252021517
"skew_0.35_rep08",39,25,0.380461293442746,-0.0158414513048644,0.0264364609598038
"skew_0.35_rep08",40,29,0.513684319441114,0.0162726949586014,0.0562376698422882
"skew_0.35_rep08",41,12,0.710038556993277,-0.0133415528099463,0.118070326164396
"skew_0.35_rep08",42,8,0.693086709681805,-0.0454961701484853,0.117501112001864
"skew_0.35_rep08",44,34,0.399759231132935,0.00167877107514213,0.0435158011220956
"skew_0.35_rep08",46,13,0.621887763362885,0.0245358177623782,0.111017958543295
"skew_0.35_rep08",47,46,0.215757566781413,-0.0128306897462315,0.0419068220194154
"skew_0.35_rep08",48,19,0.560890495786428,0.0201194646063855,0.0877336046601884
"skew_0.35_rep08",49,62,0.618512893721315,-0.000109704674552669,0.0277362464006655
"skew_0.35_rep08",50,10,0.881353970366593,0.0437148583731371,0.32843971600223
"skew_0.35_rep08",51,128,0.2851404315256,0.00743068559103577,0.0188633426327639
"skew_0.35_rep08",53,24,0.527226533889047,-0.000875545565018537,0.0608513222033623
"skew_0.35_rep08",54,109,0.216714622758753,-0.00654373107230103,0.0367089503088209
"skew_0.35_rep08",55,40,0.418294050817406,-0.00237456827797038,0.0444487554537823
"skew_0.35_rep08",56,102,0.147825149857898,-0.00288343181122733,0.022506170527734
"skew_0.35_rep08",57,28,0.443537403204722,0.00382992762269894,0.0566467606523923
"skew_0.35_rep08",58,89,0.333050103121183,0.00261829922453089,0.0188278478511784
"skew_0.35_rep08",59,21,0.379750004538126,-0.013429902909217,0.0873738918944934
"skew_0.35_rep08",61,36,0.255976439062391,0.0101613734929028,0.117391579970496
"skew_0.35_rep08",63,15,0.065816508609105,0.0168749107720568,0.154351888305877
"skew_0.35_rep08",64,91,0.409246110252261,-0.00598581522027534,0.0433947930382743
"skew_0.35_rep08",65,9,0.313079262115305,0.0724847991421713,0.348104110624105
"skew_0.35_rep08",66,11,0.424610551714997,0.057943501944008,0.165824876398733
"skew_0.35_rep08",67,8,0.0562056715334475,0.0186396359677249,0.229237780817282
"skew_0.35_rep08",68,17,0.57480169375493,-0.0326181899731395,0.094361490407412
"skew_0.35_rep08",69,51,0.436497921806919,0.0133483788481879,0.0224375383750824
"skew_0.35_rep08",70,105,0.210766900142702,-0.00636437483971694,0.0385598041408818
"skew_0.35_rep08",74,23,0.455577518485857,-0.00863937058267296,0.0360239448124971
"skew_0.35_rep08",75,18,0.230097362395955,0.00882401669021122,0.100699007035796
"skew_0.35_rep08",79,24,0.670936791212355,-0.000397845064638083,0.0908097085963238
"skew_0.35_rep08",80,55,0.520495961935626,-0.0147848645241815,0.0517857159532547
"skew_0.35_rep08",82,32,0.308198250035253,-0.00554944822257364,0.024889994674363
"skew_0.35_rep08",84,137,0.302494593058303,0.00406070881244019,0.0343415021562002
"skew_0.35_rep08",85,60,0.215891765846874,-0.00385062370411834,0.0342590567458885
"skew_0.35_rep08",86,40,0.271807415791133,-0.00247525244215984,0.0439105843074548
"skew_0.35_rep08",88,58,0.512707267581202,-0.00393984243975827,0.0494961280242777
"skew_0.35_rep08",89,60,0.544573807390608,-0.000182853965331209,0.0297248304553111
"skew_0.35_rep08",90,36,0.294910140321974,0.00262671113791261,0.0434733237612284
"skew_0.35_rep08",91,14,0.888659950755797,-0.0288916686375102,0.145723290182999
"skew_0.35_rep08",92,37,0.437655890651847,-0.0110856501192668,0.0659765989101494
"skew_0.35_rep08",93,45,0.407498649909234,-0.00142509645352112,0.0249426809038898
"skew_0.35_rep08",94,49,0.174039816586492,0.00284025304627594,0.0149244395412643
"skew_0.35_rep08",95,32,0.572928652882433,-0.0212021869632963,0.0780227766547788
"skew_0.35_rep08",96,58,0.532903152951179,0.0117013767640538,0.0418419084016912
"skew_0.35_rep08",97,48,0.526722829550512,-0.0135241293614723,0.0448653014352616
"skew_0.35_rep08",98,40,0.272403285343372,-0.00681321227678421,0.0247433266812319
"skew_0.35_rep08",99,15,0.846868729336079,0.00273454616023636,0.173445438786405
"skew_0.35_rep09",0,12,0.878676973335893,-0.0333802493030908,0.0884754186175455
"skew_0.35_rep09",1,25,0.78337142632413,0.0316069057347502,0.159282433690843
"skew_0.35_rep09",2,11,-0.0450792803312463,0.0127718133903047,0.112476147697332
"skew_0.35_rep09",4,57,0.421716401072351,-0.00786981952804211,0.0661499613742293
"skew_0.35_rep09",7,15,0.388539052575953,0.0211501067120126,0.10776293126937
"skew_0.35_rep09",8,43,0.248761664345235,0.000710995277078267,0.0293055442509296
"skew_0.35_rep09",10,34,0.0777987406964428,-0.00143877183566721,0.036038278099463
"skew_0.35_rep09",12,71,0.288414295283098,0.00074116489003517,0.0160848397845162
"skew_0.35_rep09",13,37,0.598226277925204,-0.00350566020118474,0.0782565071136723
"skew_0.35_rep09",18,8,0.160074366273755,-0.0043235039115061,0.145883800665439
"skew_0.35_rep09",19,17,0.705631238848425,-0.0223563850029391,0.0938487684428545
"skew_0.35_rep09",20,14,0.659752267522752,-0.0791962688794216,0.129937490475616
"skew_0.35_rep09",21,26,0.654115238604559,0.00548294313905439,0.0563049442011301
"skew_0.35_rep09",22,9,0.375587633591768,0.00862998554828494,0.224550987583332
"skew_0.35_rep09",23,20,0.629378097418846,-0.0037630814284721,0.039006401726272
"skew_0.35_rep09",25,13,0.569508594613225,-0.0170867598510899,0.0951033072143459
"skew_0.35_rep09",26,24,0.286864235738816,-0.00808896919601434,0.0720067744867413
"skew_0.35_rep09",27,9,0.58004165414882,0.112296437431776,0.234443045240025
"skew_0.35_rep09",28,25,0.266872692485268,-0.00254103517060105,0.0437767279060023
"skew_0.35_rep09",29,35,0.247754034847364,0.0215614215915185,0.0720514132524523
"skew_0.35_rep09",30,135,0.488761488162976,0.00351696387330406,0.0225923805294478
"skew_0.35_rep09",32,94,0.407945777735396,0.00200657188326773,0.0151466430621328
"skew_0.35_rep09",33,9,0.179361322259024,-0.0628944636605657,0.23487080971102
"skew_0.35_rep09",34,29,0.118819973621238,-0.0152528556499767,0.0369745719951083
"skew_0.35_rep09",35,17,0.580142209834194,-0.0326128998070864,0.112617926460643
"skew_0.35_rep09",36,16,0.684791480704192,-0.0116078080038534,0.0727516177139613
"skew_0.35_rep09",38,30,0.491554163091726,0.012056047077173,0.0706029103270327
"skew_0.35_rep09",39,37,0.125629962813492,-0.0113994990824331,0.0381016871210737
"skew_0.35_rep09",40,24,0.622929213112402,-0.00657021764648907,0.0395391273238188
"skew_0.35_rep09",41,12,-0.0497535325030112,0.0248945830939418,0.174166510644391
"skew_0.35_rep09",42,21,0.390167888188595,0.00302951584011599,0.0880344983399108
"skew_0.35_rep09",44,40,0.646028599898678,-0.00445406163117506,0.0271763297074254
"skew_0.35_rep09",45,10,0.272305273712723,-0.0180658671659512,0.185052824649574
"skew_0.35_rep09",46,14,0.267073571202492,0.0213217841837133,0.111702701034882
"skew_0.35_rep09",48,48,0.36419665927111,-0.000396466736827705,0.0747281199792222
"skew_0.35_rep09",50,8,0.23351448249108,0.0314711873443589,0.224750818071854
"skew_0.35_rep09",51,104,0.207250948127307,0.00674931453434762,0.0319795317450311
"skew_0.35_rep09",52,54,0.451953850558483,0.00212736741243164,0.052084357276721
"skew_0.35_rep09",54,95,0.556212658111995,0.00273035224246997,0.0156901550073694
"skew_0.35_rep09",55,40,0.462834671556783,0.0220536488580398,0.0402447342702364
"skew_0.35_rep09",56,52,0.303395078039018,-0.00042728067222875,0.0255669711791001
"skew_0.35_rep09",57,35,0.467007143917588,-0.00108221538503027,0.0405679455257668
"skew_0.35_rep09",58,20,0.343655618242697,0.0285760075657,0.139196668500154
"skew_0.35_rep09",60,17,0.512462445251942,0.0258898733939855,0.0992213763526969
"skew_0.35_rep09",61,16,0.813315239832131,0.0113329240317233,0.0926855764283467
"skew_0.35_rep09",62,85,0.224832760513269,0.00550818471652976,0.0394143834639597
"skew_0.35_rep09",63,16,0.327092148219678,0.0366129171238088,0.0916585634482868
"skew_0.35_rep09",64,19,0.66855871075665,0.00472757567580364,0.0416744621638806
"skew_0.35_rep09",65,13,0.495854263360795,-0.0289990040111099,0.0885778370893956
"skew_0.35_rep09",69,11,0.394855662537137,-0.0109461444245087,0.146782597223177
"skew_0.35_rep09",70,9,0.679315191612866,0.00742035672926273,0.210396498259433
"skew_0.35_rep09",71,8,0.37998961713583,-0.0143618123011967,0.193090380765739
"skew_0.35_rep09",72,10,0.3071794779395,0.0531676298570916,0.170028569418687
"skew_0.35_rep09",73,40,0.402968216028051,0.0205847805011249,0.0761879765726152
"skew_0.35_rep09",74,91,0.441387379756792,-0.00520883846907115,0.0329504995470255
"skew_0.35_rep09",75,30,0.627337305598353,0.00869469900305021,0.0750789032776429
"skew_0.35_rep09",76,9,0.244272260459334,0.0366546319689825,0.214976956960092
"skew_0.35_rep09",77,19,0.417239352548059,-0.0383823099143532,0.0793135359337509
"skew_0.35_rep09",78,86,0.249706417690069,0.00199458891046647,0.0417699187953439
"skew_0.35_rep09",79,24,0.243405946454356,-0.00649674366703198,0.0659891537789371
"skew_0.35_rep09",80,40,0.62369050150519,-0.00678338854109308,0.030675732191365
"skew_0.35_rep09",81,30,0.466772216087558,-0.00201076042931177,0.0394581287719094
"skew_0.35_rep09",82,17,0.287482843155109,-0.00456679284771488,0.0836198819921784
"skew_0.35_rep09",84,8,0.181442084916284,-0.0716964817452915,0.128831974258954
"skew_0.35_rep09",85,8,0.642757973238396,0.0179678761990769,0.248154515192468
"skew_0.35_rep09",86,19,0.374389873622236,0.0458444764348686,0.0847184730432836
"skew_0.35_rep09",87,20,0.60662538129519,0.0150093418751602,0.0638918214218289
"skew_0.35_rep09",88,57,0.498622051615966,-0.008930190139073,0.0323350836261567
"skew_0.35_rep09",89,46,0.197704954636575,-0.0110220913644815,0.028032769716286
"skew_0.35_rep09",90,27,0.459714192464077,0.00163111218065829,0.134132429322539
"skew_0.35_rep09",91,32,0.42191433306881,-0.0316984354499275,0.0835149322040491
"skew_0.35_rep09",92,93,0.326148200616922,0.00977342747756686,0.0292244091715648
"skew_0.35_rep09",93,64,0.358437719563852,-0.0104023002087876,0.0229588855476909
"skew_0.35_rep09",94,29,0.158682352683649,0.0116029648619701,0.0571950915993923
"skew_0.35_rep09",95,30,0.362049792104393,-0.0118772069713582,0.0320800012828828
"skew_0.35_rep09",97,68,0.577521116834146,-0.0126745606283071,0.0217802864459506
"skew_0.35_rep09",99,12,0.38039487033703,0.0298253304427367,0.201979894840321
"skew_0.44_rep09",0,29,0.679989247621031,0.00264976424077847,0.0597187512922012
"skew_0.44_rep09",1,26,0.253943777206015,-0.00430795034784962,0.108918121707458
"skew_0.44_rep09",2,15,0.320888705158382,0.0455548158293472,0.10050609573153
"skew_0.44_rep09",3,47,0.415846115957757,0.0227695455675038,0.0751221538254775
"skew_0.44_rep09",5,9,0.857848323520863,-0.0107979048007896,0.309748367568118
"skew_0.44_rep09",6,39,0.461043997029498,-0.0266767603461237,0.0526587835745268
"skew_0.44_rep09",7,36,0.0971342747610221,-0.00111070642566891,0.0472561681492901
"skew_0.44_rep09",8,12,0.621714732804635,0.0919756874949065,0.23096210338267
"skew_0.44_rep09",9,23,0.392120688395941,-0.0126716939341327,0.0825990750381523
"skew_0.44_rep09",11,38,0.139186253751983,0.0164757894731348,0.0644619307401404
"skew_0.44_rep09",12,18,0.537725702009921,0.0423907934010692,0.101318371459787
"skew_0.44_rep09",13,23,0.363441435712134,-0.0146475951587897,0.0437884486037821
"skew_0.44_rep09",14,29,0.481531610343014,-0.00139401945306123,0.0444393072915516
"skew_0.44_rep09",16,53,0.603047819721957,0.00141091176805868,0.0518245091391417
"skew_0.44_rep09",17,46,0.177701450813285,8.10349748450603e-05,0.047554314526025
"skew_0.44_rep09",18,19,0.253758950451439,-0.0246800412482907,0.0896661242819372
"skew_0.44_rep09",19,28,0.20954155120704,-0.00883581049586986,0.0698407622011686
"skew_0.44_rep09",20,63,0.450783997387579,0.000912783180038132,0.0239865942634992
"skew_0.44_rep09",21,16,0.358305348706998,-0.0211517443202257,0.112615026074312
"skew_0.44_rep09",22,28,0.323436743768763,0.0154907808626687,0.0685733500472974
"skew_0.44_rep09",23,12,0.202474336388677,-0.0527536122661753,0.172979857105254
"skew_0.44_rep09",25,30,0.423725203158942,-0.00153826777513507,0.0779771763221661
"skew_0.44_rep09",26,126,0.158512031074828,0.00375093664171028,0.0319893678739221
"skew_0.44_rep09",27,13,0.360696559416724,-0.0452118005967301,0.112387355168152
"skew_0.44_rep09",28,89,0.357369918906226,0.00164257004468901,0.0197577774221572
"skew_0.44_rep09",29,24,0.335685099378752,-0.0121097914691467,0.0716625031353903
"skew_0.44_rep09",31,9,0.875629049229659,-0.00792485365648648,0.153313770019721
"skew_0.44_rep09",32,101,0.415238435986513,0.00388822197324986,0.0337097634231661
"skew_0.44_rep09",33,39,0.279525752369052,-0.00191046504181502,0.079053150645175
"skew_0.44_rep09",34,28,0.39722477838823,0.0167199165468872,0.117943085014102
"skew_0.44_rep09",36,9,-0.0758538983110483,-0.000742485248018202,0.178757330059387
"skew_0.44_rep09",37,22,0.600238994587024,0.00764165741408513,0.0765900693233557
"skew_0.44_rep09",39,46,0.49167407639069,0.0118977836310041,0.0446153841130708
"skew_0.44_rep09",40,13,0.254509813599107,0.0419290589141438,0.176365995517105
"skew_0.44_rep09",43,18,0.0712756422119021,-0.0240523371825081,0.055109380564492
"skew_0.44_rep09",44,42,0.466153565023533,0.00104563175273876,0.0492502823811196
"skew_0.44_rep09",45,11,0.263239319197853,0.0601834406496329,0.122708337565519
"skew_0.44_rep09",46,35,0.198335871653486,-0.00655316973248617,0.0488785908546542
"skew_0.44_rep09",47,34,0.313626556893131,-0.0276279004185253,0.0640748234434568
"skew_0.44_rep09",48,59,0.372016429015216,0.00383483258126646,0.0321195973945487
"skew_0.44_rep09",49,54,0.176816342443711,0.00819013700300982,0.0471264161093737
"skew_0.44_rep09",50,23,0.382730915249702,0.000874862186656485,0.0639022848421127
"skew_0.44_rep09",51,31,0.444708798601397,0.0142546601243388,0.0824483411602452
"skew_0.44_rep09",52,24,0.319313284642097,0.0121454822267208,0.0607317158380833
"skew_0.44_rep09",53,12,0.0348486125681837,-0.00956643574481457,0.134171465894556
"skew_0.44_rep09",54,19,0.225985723464979,-0.0501672830452661,0.116815187982432
"skew_0.44_rep09",55,68,0.260953296242901,0.00651060050116636,0.0446418649288053
"skew_0.44_rep09",56,10,0.913066042623572,-0.0481153655205142,0.179174506053749
"skew_0.44_rep09",57,55,0.434016243941379,0.00433527436009596,0.0362287617131054
"skew_0.44_rep09",58,47,0.153493271361381,-0.00283683348682088,0.0427106061943703
"skew_0.44_rep09",59,57,0.486813771487349,-0.00153597516779984,0.0349330074176606
"skew_0.44_rep09",61,9,0.77064270130484,0.1008898081907,0.302014976281096
"skew_0.44_rep09",63,15,0.57995140066409,0.013499744765303,0.149366222341859
"skew_0.44_rep09",64,9,-0.0890444476138894,0.0098945968616056,0.189071487661091
"skew_0.44_rep09",66,25,0.34275484969638,-0.00779099418158189,0.0613126163918116
"skew_0.44_rep09",67,26,0.679932539529612,-0.0164510401302912,0.0666904024111758
"skew_0.44_rep09",68,8,0.0228545807705367,-0.0357311860339366,0.182384867639312
"skew_0.44_rep09",69,17,0.58226680711136,0.0251125366451117,0.10023224934449
"skew_0.44_rep09",70,29,0.310768719779734,-0.014234081674592,0.058419804307162
"skew_0.44_rep09",72,9,0.867956119545433,0.0715860036842979,0.218595824390156
"skew_0.44_rep09",75,12,0.747979872983454,0.0142748574711331,0.0929918187541994
"skew_0.44_rep09",76,12,0.559212764038057,0.0120686550292398,0.117340540791811
"skew_0.44_rep09",79,125,0.397849318187159,0.00569437220564649,0.0390496986705092
"skew_0.44_rep09",81,42,0.588339310450104,-0.00242286744240437,0.0311715240798816
"skew_0.44_rep09",82,81,0.361499936018543,-0.00917054116185352,0.0513835439635748
"skew_0.44_rep09",84,96,0.502459815869781,0.00327261302002002,0.0308468734658825
"skew_0.44_rep09",85,154,0.321992996191702,0.00661418503218183,0.0240127750863908
"skew_0.44_rep09",86,8,0.829126359850212,0.0464056947324328,0.333947479085806
"skew_0.44_rep09",87,18,0.392532067704747,-0.0024594374355541,0.0482729320019758
"skew_0.44_rep09",88,43,0.238048277537304,-0.014356723293917,0.0773074203349695
"skew_0.44_rep09",89,70,0.360024269365542,-0.00639692656191121,0.0423924385123894
"skew_0.44_rep09",91,35,0.519717004309206,0.0111175631162789,0.0460531127494974
"skew_0.44_rep09",93,63,0.274569833434756,0.0174202464463212,0.0673026517041141
"skew_0.44_rep09",95,28,0.380702119843594,-0.00184078207952488,0.0762355962610559
"skew_0.44_rep09",96,34,0.497919553447296,-0.0086401069804494,0.0307911952998603
"skew_0.44_rep09",97,10,0.615080634602833,-0.0159451531006282,0.120415497847456
"skew_0.44_rep09",98,21,0.639101669053539,-0.00069957409877088,0.0342574479589703
"skew_0.44_rep09",99,84,0.476927452020342,0.0019223604312929,0.0242944227208821
"skew_0.56_rep04",0,32,0.288713231546884,-0.00281965497652943,0.0321550794729937
"skew_0.56_rep04",1,39,0.512896643945768,0.00354112934231159,0.084980586763549
"skew_0.56_rep04",2,44,0.188130197260077,-0.00340721286786393,0.0742550171374896
"skew_0.56_rep04",3,17,0.628911913661691,0.0130827132078015,0.0768750042733415
"skew_0.56_rep04",5,12,0.557428676653846,-0.022676737662068,0.092129123424449
"skew_0.56_rep04",6,17,0.503646311869534,0.0260843292087473,0.148199514453092
"skew_0.56_rep04",7,15,0.16664452251245,0.0220385266244511,0.0772706367315641
"skew_0.56_rep04",8,19,0.598832010233822,0.00589051054067671,0.099049323251582
"skew_0.56_rep04",9,35,0.419642408217983,-0.0238857710435214,0.0712099699344097
"skew_0.56_rep04",10,79,0.563665166341918,0.00239249451068473,0.0303059067863476
"skew_0.56_rep04",11,15,0.596118278420244,0.024074382372545,0.130487887710742
"skew_0.56_rep04",12,36,0.410456132369734,0.0047346316656327,0.0452037931239041
"skew_0.56_rep04",14,42,0.55581598632308,-0.0161670689527365,0.0275887429492056
"skew_0.56_rep04",15,29,0.120856875180624,-0.0084374937194654,0.0697594019174059
"skew_0.56_rep04",19,38,0.794524997245394,0.000623288141607748,0.03822310705801
"skew_0.56_rep04",21,32,0.264362732016575,-0.0167168901824117,0.0673145731595964
"skew_0.56_rep04",22,24,0.431640538633687,0.0157150714272143,0.063539913299729
"skew_0.56_rep04",24,9,0.876125013234157,-0.00478613632859339,0.120587360156982
"skew_0.56_rep04",25,41,0.266574937264677,0.00633647717327425,0.0436636964804623
"skew_0.56_rep04",26,47,0.200129640127584,0.00674295633962443,0.0257116471547866
"skew_0.56_rep04",27,25,0.438036366521925,0.0176533783194022,0.0728326563710251
"skew_0.56_rep04",28,8,0.321141622864741,0.116551760775685,0.176215670686095
"skew_0.56_rep04",29,58,0.744146916108565,0.00282096062694901,0.0242060354319523
"skew_0.56_rep04",30,26,0.373574846837747,0.0046050750054792,0.0730417786499032
"skew_0.56_rep04",31,10,0.0760694818787432,0.0505927930526263,0.246203976459715
"skew_0.56_rep04",32,42,0.317378907991857,-0.00731007756281355,0.0476134089579323
"skew_0.56_rep04",33,64,0.423784278016189,0.000922661748462373,0.0571808056565421
"skew_0.56_rep04",35,10,0.774739900014017,0.121321801772138,0.255639817914134
"skew_0.56_rep04",36,63,0.592704191310072,-0.00220514677443197,0.0255832246279979
"skew_0.56_rep04",37,36,0.648092623570776,0.000214337960314162,0.0411910032705491
"skew_0.56_rep04",38,19,0.377808358745193,0.0118116300514568,0.111541072297717
"skew_0.56_rep04",40,32,0.635322968512344,0.0231321102005858,0.0592192317405212
"skew_0.56_rep04",42,65,0.177462068731121,0.00281815019376768,0.0331714133088949
"skew_0.56_rep04",43,47,0.621944632248352,-0.0180205839556604,0.050090621973084
"skew_0.56_rep04",44,75,0.485032474427752,0.00794480833492739,0.0349420508016181
"skew_0.56_rep04",47,10,0.280833852588728,-0.00263609936423974,0.146895097803847
"skew_0.56_rep04",48,16,0.235060219824342,0.00303673246662431,0.0517832342679916
"skew_0.56_rep04",49,13,0.482089772139645,-0.0689268741913776,0.114211349171423
"skew_0.56_rep04",50,23,0.223583859642882,-0.0017199850222324,0.0565508521395361
"skew_0.56_rep04",51,17,0.35251143854014,0.00109036508861838,0.049230530303182
"skew_0.56_rep04",53,98,0.399168970662829,-0.00794127698910983,0.0142459744996257
"skew_0.56_rep04",54,26,0.21265725351901,0.0193666625477408,0.0794030429192917
"skew_0.56_rep04",55,23,0.560307579814854,0.0167195251591417,0.0722210706746912
"skew_0.56_rep04",56,42,0.147391987126532,-0.00559608051968317,0.0292818626615302
"skew_0.56_rep04",57,43,0.426402983542892,0.00761792767471438,0.0297563083910492
"skew_0.56_rep04",58,15,0.711291652006723,-0.0141702483014961,0.0762051473891167
"skew_0.56_rep04",59,140,0.439527936934379,0.00126334451447759,0.00936997665119352
"skew_0.56_rep04",60,52,0.209394193464446,-0.00632464084198552,0.0406660172124837
"skew_0.56_rep04",61,82,0.451096119501586,0.00832960817275528,0.0344919932444764
"skew_0.56_rep04",62,8,0.548939427196016,0.0653533108127625,0.259613903579528
"skew_0.56_rep04",63,40,0.449595411200858,0.00915941706768453,0.0369265930464408
"skew_0.56_rep04",66,45,0.308896703061527,0.0142055453885376,0.0318770984996417
"skew_0.56_rep04",67,28,0.492358954525979,0.00246032772804206,0.12953133740789
"skew_0.56_rep04",69,40,0.213417092599858,-0.00665241145561914,0.0501742500438615
"skew_0.56_rep04",71,9,0.744391261818344,0.0969497208215446,0.255953443895787
"skew_0.56_rep04",72,8,0.564458522590758,-0.00412982067505652,0.133230245585933
"skew_0.56_rep04",73,17,0.56464163045083,0.00721002477575177,0.174725547094326
"skew_0.56_rep04",74,9,0.63503357688706,-0.00750066142191813,0.198383961448484
"skew_0.56_rep04",75,66,0.13561820524473,0.00736030474863704,0.047198872630349
"skew_0.56_rep04",76,45,0.624447533030078,0.0310824599198103,0.0665980866844283
"skew_0.56_rep04",77,92,0.483403327366214,-0.00541735128627001,0.0164323440280414
"skew_0.56_rep04",78,38,0.424936968554522,-0.00384595108497359,0.0906581568871558
"skew_0.56_rep04",79,11,0.810132196811018,-0.0177041036960433,0.0772235655406974
"skew_0.56_rep04",80,65,0.570503317389106,0.00402037912727278,0.0265544632678334
"skew_0.56_rep04",83,11,0.668471339679365,-0.035009725726428,0.232184561147938
"skew_0.56_rep04",84,25,0.173319334492212,0.0214929118772269,0.0899429875650574
"skew_0.56_rep04",85,59,0.263307043846017,-0.00532395092206617,0.0392462759102867
"skew_0.56_rep04",86,31,0.243389548229562,-0.0190877400807484,0.0653065624947747
"skew_0.56_rep04",87,52,0.416205582570809,-0.000448298232783247,0.03546117990372
"skew_0.56_rep04",88,20,0.21660820313663,-0.00646254060728472,0.0596285154973894
"skew_0.56_rep04",89,42,0.11117787956258,0.0107685078164978,0.062104766981573
"skew_0.56_rep04",90,11,0.260606458422989,0.0147268076869896,0.130453218527184
"skew_0.56_rep04",91,45,0.155756875685224,-0.00116920515398402,0.0495262567559398
"skew_0.56_rep04",92,51,0.23481100477388,-0.011316533202051,0.0547172867793356
"skew_0.56_rep04",93,23,0.68205149626334,-0.00209235431726156,0.0638980423873856
"skew_0.56_rep04",94,41,0.502994639685209,-0.00173249613898562,0.0639210068377639
"skew_0.56_rep04",95,141,0.127380336342754,-0.00477900372518658,0.0321539590753459
"skew_0.56_rep04",97,20,0.628246874045187,-0.0162925157297207,0.150072867993545
"skew_0.56_rep04",98,9,0.193928175158568,-0.06437836113461,0.124636643988296
"skew_0.56_rep04",99,77,0.641272712793651,0.00495213383389811,0.0207713999149018
"skew_0.56_rep07",1,10,0.226286554045902,-0.0344126209170883,0.0897462392231893
"skew_0.56_rep07",2,72,0.0363554279324625,-0.0156276897536818,0.0549332925012423
"skew_0.56_rep07",3,20,0.259582865544577,-0.0134044029006814,0.113461977643595
"skew_0.56_rep07",4,15,0.359263793669192,-0.0328839161108367,0.0929757826698757
"skew_0.56_rep07",6,16,0.382711826525064,-0.0376469178208575,0.0960102471697691
"skew_0.56_rep07",7,36,0.521137250626375,0.0049529663293759,0.0559807119334511
"skew_0.56_rep07",8,18,0.480147569643458,-0.00431824366702896,0.0527079926602599
"skew_0.56_rep07",10,8,0.834313230960878,-0.0234371050584435,0.149106390773643
"skew_0.56_rep07",11,70,0.120428105285398,0.0024375877718362,0.0436092431464059
"skew_0.56_rep07",12,29,0.168345705863282,-0.00256549354961957,0.102623522716251
"skew_0.56_rep07",13,17,0.4510127448981,-0.00359044949481553,0.0775282074056199
"skew_0.56_rep07",15,49,0.102481259668984,0.0019834938930583,0.0232236627933916
"skew_0.56_rep07",16,16,0.537661553732641,-0.0139373809740808,0.193951621499559
"skew_0.56_rep07",17,58,0.206051746555996,0.00618130177198576,0.0310794409614601
"skew_0.56_rep07",18,12,0.616386897258627,0.0332346340616102,0.211040042893767
"skew_0.56_rep07",19,60,0.530641585800681,0.00446370828445677,0.0524656291100762
"skew_0.56_rep07",21,9,0.739765473080763,0.0135195319713273,0.225170391270973
"skew_0.56_rep07",22,20,0.311772567153005,0.00306109904962109,0.0585011511221137
"skew_0.56_rep07",23,14,0.552107298841032,0.0265852195412627,0.0989910041757593
"skew_0.56_rep07",24,20,0.2999467177655,0.00518331950711355,0.107202625498201
"skew_0.56_rep07",25,17,0.871472045451035,0.0343766664011658,0.189766868929889
"skew_0.56_rep07",26,20,0.43466747010148,0.00435065574843387,0.071015668847747
"skew_0.56_rep07",27,35,0.142949390400622,0.0117251717290567,0.0584809764057834
"skew_0.56_rep07",28,24,0.377145538342902,-0.0246144296806407,0.0979166951594287
"skew_0.56_rep07",29,41,0.347395207323878,-0.00509098070997703,0.0602056350353934
"skew_0.56_rep07",30,20,0.4841888319449,0.00311748234883295,0.0887418354154874
"skew_0.56_rep07",31,45,0.52774522466769,-0.00674363168524019,0.0500262629117609
"skew_0.56_rep07",33,31,0.00978524721955367,0.000859602897951973,0.0605777890415508
"skew_0.56_rep07",36,34,0.539930675852645,0.010644123578573,0.0413119959406735
"skew_0.56_rep07",37,30,0.240710567975698,0.00300888021411867,0.0839411258529837
"skew_0.56_rep07",40,77,0.619937219114679,0.000662730046239653,0.0160752523210049
"skew_0.56_rep07",41,12,0.44477671558309,0.0427464843217131,0.127048387154731
"skew_0.56_rep07",42,68,0.381651350631588,0.00037318711349523,0.0177282447540078
"skew_0.56_rep07",43,27,0.361130444886716,-0.010019518965554,0.0655029918398589
"skew_0.56_rep07",44,12,0.092732165388631,0.0236653468545968,0.117293862831295
"skew_0.56_rep07",45,11,0.381127235938324,-0.093368965553673,0.104349372106918
"skew_0.56_rep07",46,45,0.143257320482887,0.012302711600626,0.0767456783086569
"skew_0.56_rep07",47,58,0.247976198412821,0.0120439369642454,0.0446518322224127
"skew_0.56_rep07",48,61,0.093747329710982,0.00554447300850259,0.0359019091869339
"skew_0.56_rep07",49,40,0.179301262449335,-0.00965109487842696,0.0337387813572948
"skew_0.56_rep07",50,13,0.493780852454371,-0.0297612034178695,0.127390134201049
"skew_0.56_rep07",51,14,0.787355005039354,-0.0168864901158243,0.12050354873374
"skew_0.56_rep07",52,30,0.210092152466177,0.00452505230017887,0.0760889695214164
"skew_0.56_rep07",54,92,0.313267145668198,-0.0151952039751483,0.0270139459838357
"skew_0.56_rep07",57,17,0.57248514428837,-0.0335152900698785,0.0652584968030386
"skew_0.56_rep07",58,15,0.183755906043285,0.00948140081049719,0.130511669821554
"skew_0.56_rep07",60,10,0.205938502227067,0.0304644238767702,0.20509172141472
"skew_0.56_rep07",61,9,0.684509661247753,-0.0590678294723185,0.264783395888237
"skew_0.56_rep07",62,19,0.393873205937714,-0.00488860373791402,0.0558957549273845
"skew_0.56_rep07",64,45,0.251331123468963,0.0210027256572778,0.0666783150132128
"skew_0.56_rep07",65,20,0.589319524347037,-0.00958936635931074,0.057876687152387
"skew_0.56_rep07",67,9,0.443855524651687,0.0186824831616131,0.157802334958216
"skew_0.56_rep07",68,12,0.488617345450462,-0.013264655546177,0.19686239878723
"skew_0.56_rep07",69,208,0.467028350616725,-0.00311281535291277,0.0201280787915722
"skew_0.56_rep07",70,116,0.290874740556678,-0.0123063930859425,0.0277978068426065
"skew_0.56_rep07",71,13,0.840603309825524,0.00893342826062977,0.13359386398269
"skew_0.56_rep07",72,13,0.316265162645992,0.00629931575789673,0.129108360780285
"skew_0.56_rep07",73,45,0.224069437753074,-0.00835947433663204,0.040415006970754
"skew_0.56_rep07",74,47,0.49695802993961,0.000522368247728955,0.0452937719251989
"skew_0.56_rep07",75,91,0.282199854257297,-0.00610810903514078,0.0237479600451376
"skew_0.56_rep07",76,50,0.23116726331825,-0.0279440515462774,0.0710813396606009
"skew_0.56_rep07",77,36,0.679663260891822,-0.00157693111399294,0.0418140159071024
"skew_0.56_rep07",78,23,0.205614108782284,0.00597217301118416,0.0535085346046662
"skew_0.56_rep07",79,33,0.254401806895431,0.00577489661258516,0.0832442981785463
"skew_0.56_rep07",83,45,0.325923672056613,0.00390910050457655,0.0428967014022282
"skew_0.56_rep07",85,26,0.169094431174908,-0.00194384267656276,0.0662449958227745
"skew_0.56_rep07",86,31,0.623439083532257,0.023895846074638,0.0950046807667654
"skew_0.56_rep07",87,10,0.380159710198083,-0.0175817718493939,0.18608433733998
"skew_0.56_rep07",88,45,0.4723759226277,-0.0134617566005617,0.0738778350359344
"skew_0.56_rep07",89,13,0.213301437926521,-0.0140486572379875,0.0869604015866886
"skew_0.56_rep07",91,20,0.587074406583691,0.0228062956524285,0.108438015298031
"skew_0.56_rep07",92,27,0.229298279506771,-0.0118116000362369,0.0659882809828141
"skew_0.56_rep07",93,15,0.136318536868475,-0.034638463047929,0.149498641515612
"skew_0.56_rep07",94,62,0.326663009715574,-0.00632756484499854,0.0599902279129573
"skew_0.56_rep07",96,67,0.299327018486718,0.00430801178881078,0.0484662035606838
"skew_0.56_rep07",97,51,0.39432333509027,-0.00420630917679474,0.0410110137946748
"skew_0.56_rep07",98,33,0.100262614881707,0.00253980965909628,0.0342047918614432
"skew_0.56_rep07",99,48,0.103119257989757,-0.00601657717272077,0.0659692463845113
"skew_0.89_rep09",1,23,0.690879076260574,0.00680165598327935,0.126905598551119
"skew_0.89_rep09",4,83,0.47862580526885,0.00389191620435138,0.0154873283888368
"skew_0.89_rep09",6,22,0.613840938609495,0.00931610833377844,0.063769984298026
"skew_0.89_rep09",7,21,0.496590386671518,-0.000330361501192151,0.144937226974545
"skew_0.89_rep09",8,15,0.332562611530727,0.0519828493374725,0.106214867817209
"skew_0.89_rep09",9,23,0.432795460769991,0.00525442510646093,0.101714160850987
"skew_0.89_rep09",12,22,0.626078674628156,0.00682675100456597,0.0926885863439705
"skew_0.89_rep09",14,74,0.497188271581438,0.00879716190556273,0.0244545497968286
"skew_0.89_rep09",15,96,0.283462579029168,0.00380834551699653,0.0171328659523537
"skew_0.89_rep09",16,33,0.294305695944517,-0.012150861081163,0.0565621972944231
"skew_0.89_rep09",17,54,0.332245149150317,0.0016231579916892,0.0352260710696926
"skew_0.89_rep09",18,49,0.286075417389267,-0.000494200058190994,0.0839481781295007
"skew_0.89_rep09",20,15,0.268524286246486,-0.00932409109734317,0.144403273628675
"skew_0.89_rep09",22,22,0.400292339787738,-0.0232513373325875,0.0451578010388714
"skew_0.89_rep09",24,17,0.624613421883591,0.055549673986399,0.171038355898341
"skew_0.89_rep09",26,51,0.304143241957854,0.0193406196643985,0.0811501548983488
"skew_0.89_rep09",27,18,0.254832650010171,-0.00842164268018639,0.131726729479068
"skew_0.89_rep09",30,54,0.218969948627364,0.00379625211509786,0.0291355274171749
"skew_0.89_rep09",31,37,0.480019187151405,0.024521240720502,0.0560154253812446
"skew_0.89_rep09",32,8,0.192157183149795,-0.0686883874774746,0.217950727286344
"skew_0.89_rep09",34,24,0.488930661851208,0.0239320755243982,0.05743782150238
"skew_0.89_rep09",35,55,0.452361435240436,-0.00121359114268826,0.0300595998639874
"skew_0.89_rep09",36,9,0.660260261792351,0.0870355402613294,0.259673170655458
"skew_0.89_rep09",37,14,0.564208282577746,0.039667772907465,0.129557409997565
"skew_0.89_rep09",38,27,0.108098013267065,0.00562733026543154,0.0719114718851484
"skew_0.89_rep09",39,111,0.378035337281326,0.0161148443653177,0.0362003840289204
"skew_0.89_rep09",40,13,0.3118495878728,0.0238382596439072,0.116636076579277
"skew_0.89_rep09",41,11,0.659188303748915,0.0339145354767745,0.105576765259817
"skew_0.89_rep09",42,53,0.373877923529773,-0.00176958213170015,0.0633187106968625
"skew_0.89_rep09",43,111,0.307302713588572,-0.00290598102158575,0.0336465542399286
"skew_0.89_rep09",44,51,0.344205621574252,0.000405330660618648,0.0340443017090265
"skew_0.89_rep09",45,10,0.359255231987793,-0.0147018723718821,0.176492357681902
"skew_0.89_rep09",46,26,0.538327509389623,-0.0158354780446494,0.0359018674111543
"skew_0.89_rep09",47,8,0.294154987728102,0.0524897646667714,0.3285646383406
"skew_0.89_rep09",48,17,0.716948923562946,0.0302304156921167,0.082541721965061
"skew_0.89_rep09",49,166,0.308051075009755,-0.00353494929548096,0.0216299312441459
"skew_0.89_rep09",51,96,0.282733276397611,-0.0059642746368758,0.0393538769552849
"skew_0.89_rep09",52,16,0.185429301215033,-0.0480808147121565,0.132662806465126
"skew_0.89_rep09",53,12,0.417123257984281,-0.0414202043571723,0.200654377122112
"skew_0.89_rep09",54,82,0.442142397162227,0.00329810696317105,0.0597298763578557
"skew_0.89_rep09",55,49,0.448769867952743,0.00501591249325978,0.0478549364835481
"skew_0.89_rep09",56,19,0.365272023683302,-0.0188711476102256,0.0493548247179508
"skew_0.89_rep09",57,31,0.262990981148372,0.000331731745949587,0.072425910500849
"skew_0.89_rep09",59,14,0.663758551491571,-0.0173279500790797,0.141984624289626
"skew_0.89_rep09",60,27,0.425380690856432,0.0105220799490805,0.0805462309152768
"skew_0.89_rep09",61,13,0.702129517168879,-0.00962302807288217,0.17746945958308
"skew_0.89_rep09",62,41,0.31984039723854,-0.00205355191670183,0.0345158437891646
"skew_0.89_rep09",63,12,0.419093402224341,0.0452177985634351,0.0978528800014883
"skew_0.89_rep09",64,20,0.426062852596192,-0.0162868349636823,0.0881299485547789
"skew_0.89_rep09",66,20,0.651628450952963,0.0497220246674457,0.0963501518967249
"skew_0.89_rep09",67,17,0.650054787207248,-0.00927429130301565,0.157171724780172
"skew_0.89_rep09",68,10,0.325170261131722,0.0238904136642609,0.213550041144368
"skew_0.89_rep09",71,15,0.494230036514593,0.0530318006152409,0.201267526353562
"skew_0.89_rep09",72,27,0.455524239636052,0.0474049148706271,0.128081475100786
"skew_0.89_rep09",74,31,0.524216034651481,-0.0118405693832203,0.0572199017431463
"skew_0.89_rep09",75,13,0.572259497631865,0.00190092313254522,0.190684117325658
"skew_0.89_rep09",76,51,0.593668436667308,0.00787958431891389,0.0382559953622502
"skew_0.89_rep09",78,98,0.347734748736783,0.0141487828623271,0.0267820716008023
"skew_0.89_rep09",79,27,0.764143073222808,-0.0119245743235975,0.0323085365805785
"skew_0.89_rep09",81,36,0.249363766932625,-0.000670821931342314,0.0388118605270809
"skew_0.89_rep09",82,23,0.653575402878417,0.005599073486437,0.0590026219013607
"skew_0.89_rep09",83,14,0.313008323031135,-0.0163901974051223,0.0993224867697967
"skew_0.89_rep09",85,21,0.341940325413089,0.00440454388347804,0.0520951510510125
"skew_0.89_rep09",87,17,0.285638389433102,0.067974614712656,0.158844889808358
"skew_0.89_rep09",88,47,0.375915803236646,-0.00329552709687868,0.040434357029049
"skew_0.89_rep09",89,10,0.779599460536449,-0.0180738709080073,0.120260050750411
"skew_0.89_rep09",91,31,0.391070500833792,0.0122749122745114,0.0230904336191667
"skew_0.89_rep09",92,22,0.648721822190327,0.00758657755219582,0.0504649819312179
"skew_0.89_rep09",94,69,0.211647776630522,0.00632318473659683,0.0354164930303973
"skew_0.89_rep09",95,74,0.428998874009856,0.0018392445976895,0.0275784538870522
"skew_0.89_rep09",96,31,0.254849342496925,0.00283738079550084,0.0617790195167926
"skew_0.89_rep09",98,12,0.41438995963275,0.0254996630517265,0.188644523086678
"skew_0.89_rep09",99,45,0.279627662685927,0.00794855017025849,0.0580009747131826
"skew_1.00_rep00",0,18,0.622183331466983,0.0238546922770938,0.101246386672348
"skew_1.00_rep00",1,23,0.540096030090865,0.0105381151123302,0.0735708961008065
"skew_1.00_rep00",2,63,0.518945192086092,0.00511902920163377,0.051058479983299
"skew_1.00_rep00",3,22,0.49205623862988,-0.0136412991650049,0.0878477525457331
"skew_1.00_rep00",4,67,0.744390731559079,-0.00505651556862725,0.0170515504646422
"skew_1.00_rep00",5,14,0.301006239138084,0.0563871589092487,0.151738186872764
"skew_1.00_rep00",6,10,0.584495536423758,-0.0169469969482561,0.102690470893353
"skew_1.00_rep00",7,9,0.428611645474682,-0.0642721755131897,0.226347262111039
"skew_1.00_rep00",8,10,0.637963567495225,0.0325934127329509,0.184263766290784
"skew_1.00_rep00",9,74,0.496827170071718,0.00738838787540225,0.0458944246103283
"skew_1.00_rep00",11,10,-0.226271393887148,0.0326195693411917,0.210414740807526
"skew_1.00_rep00",12,115,0.309936709312809,-0.00461369134848845,0.0310629973880812
"skew_1.00_rep00",13,26,0.264859982077224,-0.0144518159925363,0.0865870893974304
"skew_1.00_rep00",14,82,0.432967061839433,-0.0134568310039343,0.0353829908435475
"skew_1.00_rep00",15,11,0.210539530294645,0.0431748937237706,0.136878877167977
"skew_1.00_rep00",16,42,0.244756302867451,-0.00894364319337441,0.0614552718377682
"skew_1.00_rep00",18,55,0.474429307734002,0.00480633975376234,0.0368417195572521
"skew_1.00_rep00",19,130,0.344241883400678,-0.0106006309030978,0.0295112940659577
"skew_1.00_rep00",22,13,0.466148062924844,0.0188619720565522,0.115503478039195
"skew_1.00_rep00",23,21,0.557697583409407,-0.00244488958163075,0.0717385505554188
"skew_1.00_rep00",24,12,0.720048681539977,-0.0484633605773887,0.119944243943284
"skew_1.00_rep00",25,46,0.463736948975428,0.00574657547291072,0.0777567343605788
"skew_1.00_rep00",26,78,0.41379441729241,-0.00738022083360118,0.0200711815934713
"skew_1.00_rep00",27,12,0.645316264557519,-0.0224287531418303,0.181844309042984
"skew_1.00_rep00",29,17,0.851140318086999,0.0189751245787025,0.0704906398451178
"skew_1.00_rep00",31,19,0.546091937573017,-0.0195202972144223,0.126995904684018
"skew_1.00_rep00",32,52,0.662120793192432,-0.00293956081411411,0.0215580292554583
"skew_1.00_rep00",33,9,0.250515405495375,0.0707231716896008,0.183405029198888
"skew_1.00_rep00",34,28,0.197880950587085,0.00616611621705488,0.0436692969712693
"skew_1.00_rep00",35,9,0.271770867485432,-0.0223466526387997,0.142685416466529
"skew_1.00_rep00",36,9,0.407178718658892,-0.0122721112069666,0.111297781509186
"skew_1.00_rep00",37,73,0.262751487993397,-0.00363980842264913,0.0261896937408496
"skew_1.00_rep00",39,211,0.492443934504253,-0.00115674198186816,0.0104367320040545
"skew_1.00_rep00",40,12,0.428236277907556,-0.0439570571422157,0.159434333567736
"skew_1.00_rep00",42,8,0.673255889605124,0.0363673266863623,0.243205199231004
"skew_1.00_rep00",43,29,0.336650799687419,0.0064366619604613,0.050229944280601
"skew_1.00_rep00",44,118,0.326929854314993,-0.0115292979985018,0.0431174056210359
"skew_1.00_rep00",45,14,0.743340974879013,0.00938917175713144,0.163434430595181
"skew_1.00_rep00",46,9,0.189543821647484,0.0386536034489948,0.189665538522409
"skew_1.00_rep00",49,83,0.221420321682523,0.00477016584052615,0.0395522571808612
"skew_1.00_rep00",51,16,0.427965741388489,0.006877371990547,0.155924325523767
"skew_1.00_rep00",53,23,0.491817303364938,-0.0102171217601256,0.047680489895762
"skew_1.00_rep00",54,76,0.326000369938989,0.000776381350920956,0.0146105673993675
"skew_1.00_rep00",55,9,0.427934692679094,0.0566986519771294,0.173154742057888
"skew_1.00_rep00",56,56,0.140154959791315,0.00690801270588077,0.0412784912603342
"skew_1.00_rep00",57,14,0.665207049153247,0.00744608141569449,0.200407525812322
"skew_1.00_rep00",58,18,0.338447457226061,-0.0198569744131771,0.0501813233333518
"skew_1.00_rep00",59,18,0.819773458515493,0.00131382321896331,0.106975606967097
"skew_1.00_rep00",60,32,0.218702381197098,-0.001914387929524,0.0508678480914887
"skew_1.00_rep00",61,14,0.581217716746287,-0.0685186087052722,0.118538919701447
"skew_1.00_rep00",63,20,0.0760781163009902,-0.01957416138702,0.0605956358469924
"skew_1.00_rep00",66,68,0.588148644255736,0.00766996193575923,0.0569130728732286
"skew_1.00_rep00",68,60,0.432763129450535,0.00949973576256002,0.0417026604016994
"skew_1.00_rep00",69,10,0.730757186329494,0.070269034749809,0.225495079263949
"skew_1.00_rep00",70,68,0.445426233307639,0.00822487958018411,0.044166990024643
"skew_1.00_rep00",71,12,0.412911409599143,-0.0144408314230577,0.114160116417368
"skew_1.00_rep00",72,36,0.33199205272224,-0.00126459758073693,0.0536661927286054
"skew_1.00_rep00",73,17,0.328700234128439,-0.00824378948021732,0.119846918466888
"skew_1.00_rep00",75,20,0.241415903687393,0.0165410377089543,0.0939894614660588
"skew_1.00_rep00",76,16,0.630755618949832,0.0473168044149685,0.0839162167381964
"skew_1.00_rep00",77,8,-0.0805234739106307,-0.0305077614363295,0.162841038872351
"skew_1.00_rep00",78,30,0.485920817425365,0.0132316642444478,0.0602479627765299
"skew_1.00_rep00",79,57,0.195555747730434,0.003165051331849,0.0330789545466116
"skew_1.00_rep00",80,79,0.422787476321528,-0.00236639291795926,0.0313960074471363
"skew_1.00_rep00",81,53,0.520952473563023,-0.00146469234413261,0.0251251603944638
"skew_1.00_rep00",82,37,0.432583241942536,0.0241344608681875,0.0820354642890507
"skew_1.00_rep00",83,17,0.402825095315793,0.0153251592646958,0.11087805051418
"skew_1.00_rep00",84,31,0.201446948350563,0.0164783546899843,0.0889367861913229
"skew_1.00_rep00",85,21,0.460778248872564,0.0211250391949381,0.125693497256564
"skew_1.00_rep00",86,19,0.170771212002915,-0.0172359090892686,0.10673164706998
"skew_1.00_rep00",88,10,0.678934986684766,-0.069842420997131,0.078876869028812
"skew_1.00_rep00",89,157,0.302090103397705,0.000141756089547628,0.016140262638895
"skew_1.00_rep00",91,65,0.496668054505258,0.0115343602996946,0.0495231843892287
"skew_1.00_rep00",92,52,0.485147676601636,-0.00315379845765794,0.0544919885991999
"skew_1.00_rep00",93,54,0.455583733500105,-0.000433936101792774,0.0245140397038645
"skew_1.00_rep00",95,42,0.388860201941403,0.00539398438049516,0.0358066279860355
"skew_1.00_rep00",98,33,0.628299885454648,-0.0166102813720244,0.0384607715811349
"skew_1.00_rep00",99,90,0.363009312154482,0.00566084745085417,0.0342098581085853
"skew_1.00_rep05",0,15,0.567485732114583,-0.00900219843474908,0.101786263367441
"skew_1.00_rep05",1,22,0.332626431373249,0.00993482406868015,0.0694111605766637
"skew_1.00_rep05",2,21,0.388593794736989,-0.0103465307329053,0.0629820859650206
"skew_1.00_rep05",4,17,0.346615032246586,0.0189477620706085,0.0716545679608419
"skew_1.00_rep05",5,16,0.621763221249107,0.0374393554430937,0.140442937301254
"skew_1.00_rep05",6,15,0.509221640757942,-0.00968754128028647,0.106492255339458
"skew_1.00_rep05",9,13,0.598861635892007,0.00763084605228172,0.162593005367195
"skew_1.00_rep05",10,10,0.64645871995618,-0.0940020019443037,0.148293555630716
"skew_1.00_rep05",11,12,0.698406197531625,0.0508102226929048,0.155831564206318
"skew_1.00_rep05",12,75,0.310367498187146,0.00607212891905938,0.05485038852607
"skew_1.00_rep05",14,94,0.331623318607296,-0.00958709358477425,0.0445326504598485
"skew_1.00_rep05",16,31,0.326012691349952,0.0131114731284805,0.0519061724862695
"skew_1.00_rep05",20,12,-0.0107019229274469,-0.0459468468566204,0.0852917196061797
"skew_1.00_rep05",21,17,0.730451460685676,0.000618885706441109,0.136835311585146
"skew_1.00_rep05",23,78,0.321054111978705,0.0330223269026205,0.0536486938316396
"skew_1.00_rep05",24,12,0.537333551287241,-0.0453307758511376,0.127661333452811
"skew_1.00_rep05",25,15,0.453253845690979,0.00849660964927086,0.0981978024347674
"skew_1.00_rep05",26,41,0.550948131336815,-0.00992114505494395,0.0572535048825426
"skew_1.00_rep05",28,23,0.362576243004001,-0.0130206767424759,0.0665118804756766
"skew_1.00_rep05",29,19,0.503370631739231,0.0158698795653417,0.0739494375823835
"skew_1.00_rep05",30,15,0.143579692825703,-0.00774651798287028,0.111736001141536
"skew_1.00_rep05",31,11,0.555686108426437,0.015000496876902,0.158726396398234
"skew_1.00_rep05",33,31,0.31605472125747,-0.0396225697700114,0.0717404826335956
"skew_1.00_rep05",35,50,0.328495887859338,0.0113990064235197,0.0569715176797874
"skew_1.00_rep05",36,12,0.178095215725311,0.008544862309907,0.171840184215264
"skew_1.00_rep05",37,12,0.546753076801614,-0.0468356999429869,0.07868051341014
"skew_1.00_rep05",38,19,0.248390703118795,0.0166987516311604,0.0726888911397251
"skew_1.00_rep05",39,32,0.420403754117427,-0.0226157407501083,0.0795118459947232
"skew_1.00_rep05",40,16,0.578600226554753,0.0073836899672562,0.123528541982598
"skew_1.00_rep05",41,67,0.734451489249687,0.000303458438674763,0.0389340405548535
"skew_1.00_rep05",42,43,0.294118090129133,-0.0201760456347533,0.0635134914930653
"skew_1.00_rep05",43,22,0.372699646512921,0.0621814447077319,0.102617174971735
"skew_1.00_rep05",45,13,0.370202875169509,0.00943949421651913,0.116937901544621
"skew_1.00_rep05",46,20,0.129993541096546,-0.0208264546403968,0.0434077924350033
"skew_1.00_rep05",48,8,0.704327211604524,0.0890581964885669,0.211494573693692
"skew_1.00_rep05",49,47,0.457460814751347,-0.00604230821687644,0.0300995328043607
"skew_1.00_rep05",50,11,0.257968811644928,0.0278579822271747,0.181849239509902
"skew_1.00_rep05",51,23,0.451685705371849,-0.0130908589356377,0.0833380484181754
"skew_1.00_rep05",52,12,0.333617157436444,0.0141491822110798,0.182917358075371
"skew_1.00_rep05",53,20,0.261538324579299,-0.00570605546534321,0.0758986105907395
"skew_1.00_rep05",54,34,0.670660922482498,-0.00888111579041652,0.0315508860169392
"skew_1.00_rep05",56,26,0.356245502144231,0.0188310453427636,0.0654276498288144
"skew_1.00_rep05",57,54,0.305857354969431,-0.0144541775777762,0.0681740981138407
"skew_1.00_rep05",58,30,0.48388818599502,-0.0184348611845414,0.0490406788390789
"skew_1.00_rep05",59,27,0.64422217879552,-0.0315148414384437,0.0648281917962945
"skew_1.00_rep05",60,31,0.388374249167169,-0.00205795147189989,0.0385527249164269
"skew_1.00_rep05",61,38,0.698891073539349,-0.0083858372334376,0.0800671616712389
"skew_1.00_rep05",62,14,0.237651538360435,-0.0224847874966194,0.0612904349175609
"skew_1.00_rep05",63,12,0.328064331167648,-0.00285166864508215,0.126420802959694
"skew_1.00_rep05",65,46,0.455043639174322,0.0194781836729437,0.0636450410623694
"skew_1.00_rep05",68,109,0.272001462834794,0.00663528924691433,0.0135224413629651
"skew_1.00_rep05",69,138,0.369257188757466,-0.0026302437325778,0.0198689282545729
"skew_1.00_rep05",71,80,0.212290388124827,0.0062200574543962,0.0378287141596434
"skew_1.00_rep05",74,23,0.502764329806088,-0.0145974497796389,0.0800143605657203
"skew_1.00_rep05",75,19,0.406128003221895,0.00859744540979588,0.128788595227656
"skew_1.00_rep05",76,9,0.658454136557862,0.0240565034322055,0.16946627397975
"skew_1.00_rep05",77,11,0.465198847423032,0.0190661013255868,0.163027379431202
"skew_1.00_rep05",78,11,0.366180620366748,-0.0263821518042597,0.133285572749401
"skew_1.00_rep05",79,159,0.414252608306529,-0.00738906527619186,0.034064462990881
"skew_1.00_rep05",80,47,0.407349660373273,0.00215524601808337,0.0548187610372119
"skew_1.00_rep05",81,12,0.686096631865636,-0.00730244585220312,0.106760956070542
"skew_1.00_rep05",82,10,0.712449146898088,-0.0475641341176205,0.200709766609559
"skew_1.00_rep05",83,90,0.408726836675253,0.00796200512381131,0.0211467584160061
"skew_1.00_rep05",84,19,0.229096099315459,-0.00620746939205898,0.0653678575652007
"skew_1.00_rep05",85,26,0.356480380273683,-0.0223769444026236,0.0587232782264183
"skew_1.00_rep05",86,58,0.250668717329382,0.00475096288030541,0.0533459721811542
"skew_1.00_rep05",87,99,0.64138819113846,-0.00771820796237905,0.0166450146861976
"skew_1.00_rep05",88,13,0.39141289252473,-0.0114518355387747,0.170315986700199
"skew_1.00_rep05",89,31,0.667932345404282,-0.0288847906285392,0.045124891608736
"skew_1.00_rep05",90,128,0.297710449968349,-0.00137544530284289,0.0106096487470865
"skew_1.00_rep05",92,76,0.41134048728831,0.0113885497551224,0.0335493088630072
"skew_1.00_rep05",95,49,0.38966264192092,-0.00135245736832642,0.043758798450317
"skew_1.00_rep05",98,29,0.38141145304873,0.0173284012342683,0.104517133050712
"skew_1.00_rep05",99,149,0.275264326765007,0.00342588087165404,0.0221107170639143
"skew_1.00_rep06",1,34,0.0170053306516769,0.0483838346513074,0.118562823231748
"skew_1.00_rep06",3,9,0.611989727376715,-0.0155153274124678,0.158753168245747
"skew_1.00_rep06",4,12,0.470767964479379,0.0170822453468757,0.137010214822139
"skew_1.00_rep06",5,9,0.321261338665618,-0.107551203222532,0.160034563523712
"skew_1.00_rep06",6,34,0.524647147483141,0.0137573581687682,0.0586696648900748
"skew_1.00_rep06",7,9,0.535203720204629,-0.0173757199928909,0.208434319983079
"skew_1.00_rep06",9,223,0.338433277178873,5.64832569663081e-05,0.0218027945547389
"skew_1.00_rep06",10,61,0.233228362012477,0.00193066583723054,0.0654722683178992
"skew_1.00_rep06",11,26,0.634142468176315,0.0254466502074445,0.0855804229771049
"skew_1.00_rep06",12,65,0.189127708209343,-0.00188536615866872,0.036783728618826
"skew_1.00_rep06",13,8,0.865162589761798,-0.0836103254355765,0.117347870203835
"skew_1.00_rep06",15,24,0.376095486061697,-0.0145099168841467,0.111819035417867
"skew_1.00_rep06",16,29,0.443717890174149,-0.00384277201001322,0.0363995405093408
"skew_1.00_rep06",18,14,0.866740910052494,0.0872528353227537,0.190851551444512
"skew_1.00_rep06",19,29,0.445303611179329,-0.0180681732011013,0.0617162983454978
"skew_1.00_rep06",22,14,0.717051540562488,-0.0415114166228798,0.129784715444516
"skew_1.00_rep06",23,33,0.294036231975432,-0.0280075995231298,0.029382735202886
"skew_1.00_rep06",24,15,0.447872145101951,-0.0146692309214022,0.0949529179781338
"skew_1.00_rep06",25,22,0.0734185040688586,-0.00646458249727434,0.0711219193021669
"skew_1.00_rep06",27,10,0.260852571703236,-0.0459120878804071,0.206313221795211
"skew_1.00_rep06",28,11,0.097088858589413,-0.0871469594698571,0.149015201238791
"skew_1.00_rep06",29,37,0.27443868971763,-0.0299675233245143,0.0948851844494848
"skew_1.00_rep06",30,18,0.418962070829576,0.0268093444488148,0.104035541297101
"skew_1.00_rep06",32,77,0.462695091853633,-4.5396234228972e-05,0.0345918090506139
"skew_1.00_rep06",33,8,0.24986597102969,0.0342367143149033,0.291334227785168
"skew_1.00_rep06",34,111,0.346152014923796,-0.00234421823153466,0.0144993910148253
"skew_1.00_rep06",37,18,0.533621536558461,0.00900475922101804,0.0857020287955635
"skew_1.00_rep06",38,32,0.28861804468114,0.00773715758574627,0.0807681255347519
"skew_1.00_rep06",39,15,0.0241037286495044,0.000607862942658574,0.133002576498533
"skew_1.00_rep06",40,23,0.850717651289936,0.0255833314832681,0.100566404695741
"skew_1.00_rep06",42,12,0.417549655505566,0.0294971162114878,0.152426935590794
"skew_1.00_rep06",43,30,0.37134571669409,-0.00759945504791388,0.0652507219210033
"skew_1.00_rep06",44,64,0.288445881381793,-0.00755604733656414,0.0247207578058916
"skew_1.00_rep06",45,59,0.666113606806603,-0.00868923479334768,0.0511786137488432
"skew_1.00_rep06",46,15,0.459562543013954,-0.00228654063895954,0.0634602649579877
"skew_1.00_rep06",48,54,0.287279722325574,-0.00183058720388317,0.0263095207627622
"skew_1.00_rep06",49,16,0.461060234726682,0.0119489540907769,0.0560010273984625
"skew_1.00_rep06",50,21,0.646309163600476,0.0127554521579154,0.141289822707655
"skew_1.00_rep06",51,61,0.328898760397079,-0.00333334771174801,0.0183566192337099
"skew_1.00_rep06",52,9,0.745954649814714,0.0772451776755482,0.238442380559719
"skew_1.00_rep06",53,84,0.240178216109486,0.00459760550972442,0.0259687541403217
"skew_1.00_rep06",54,18,0.290441455329946,0.015873850436648,0.116461781504216
"skew_1.00_rep06",55,35,0.120880841098793,0.013785967366556,0.089540662334295
"skew_1.00_rep06",56,11,0.593422695172242,-0.0146212057976894,0.154450908989845
"skew_1.00_rep06",57,56,0.422763749173099,0.00574985141211316,0.0488376645459073
"skew_1.00_rep06",58,18,0.00316497956586479,0.0158938579322679,0.110971617382203
"skew_1.00_rep06",59,164,0.420639574879429,-0.000648278430535835,0.0105335734402794
"skew_1.00_rep06",60,148,0.353976082544446,0.00174142290276784,0.0211048540605767
"skew_1.00_rep06",61,95,0.563589067361803,-0.00141784011887801,0.0326958725046609
"skew_1.00_rep06",62,100,0.539649609176411,0.000640901290720901,0.013195860987475
"skew_1.00_rep06",63,11,0.792550998129855,-0.0202359336232247,0.105250118812851
"skew_1.00_rep06",64,27,0.523522895644552,-0.026345449792306,0.0745479870409995
"skew_1.00_rep06",66,88,0.416575934744236,-0.000122141884665148,0.039172585790484
"skew_1.00_rep06",67,38,0.20846569940224,0.0100723410798682,0.051895495602004
"skew_1.00_rep06",70,72,0.214666490352179,-0.00174749200541983,0.031743009429469
"skew_1.00_rep06",73,19,0.468651280808187,-0.0285608644047948,0.0810410034856687
"skew_1.00_rep06",75,40,0.251346091431259,-0.00155281643961646,0.050041202436912
"skew_1.00_rep06",76,10,0.828788780698915,-0.000375859962425983,0.216185866364098
"skew_1.00_rep06",77,58,0.289208292792745,-0.00682114035889407,0.052079064986968
"skew_1.00_rep06",79,32,0.440630615728465,-0.0139872764762049,0.110980257996986
"skew_1.00_rep06",80,10,0.408252561749993,0.0477205586261074,0.241731329563587
"skew_1.00_rep06",81,23,0.781574380749135,-0.015595217337086,0.0344901971283532
"skew_1.00_rep06",82,11,0.666674905845245,-0.0487830471698254,0.115131743097348
"skew_1.00_rep06",84,136,0.308177649047997,0.0139563861208547,0.0397422633735736
"skew_1.00_rep06",85,58,0.438498384119299,0.00123526828514,0.0485536290360176
"skew_1.00_rep06",86,36,0.359615036039424,-0.0241740157938797,0.0504481835183354
"skew_1.00_rep06",87,14,0.320579813688854,0.0109288967641475,0.110803388118283
"skew_1.00_rep06",89,116,0.158534788962497,0.00168368437839338,0.056713493190805
"skew_1.00_rep06",90,27,0.433062266512394,0.0100194350189493,0.0516795120364176
"skew_1.00_rep06",91,17,0.188309895767042,-0.0340487553985162,0.0691575019917643
"skew_1.00_rep06",94,21,0.094138157960887,0.0236479728473918,0.0691148858360791
"skew_1.00_rep06",95,10,0.851103974040658,-7.16417486566687e-06,0.191991950913159
"skew_1.00_rep06",96,61,0.284977604868076,0.00568835290247184,0.0357848718185519
"skew_1.00_rep06",97,17,0.764672430602199,0.0060531020612707,0.102155254807179
"skew_1.00_rep06",98,12,0.390896453429397,0.00456270966176924,0.18551267358232
"skew_1.00_rep06",99,150,0.353054501014389,-0.000279168671752971,0.0121193143141799
