"position","barcode","site","unedited","edited","uncalled","not_captured","observed","editing_rate","per_division_rate"
"TGGTCGCTGCGCATCAAG-0","TGGTCGCTGCGCATCAAG",0,230,10,6,4,240,0.0416666666666667,0.00141764800032795
"TGGTCGCTGCGCATCAAG-1","TGGTCGCTGCGCATCAAG",1,1,245,0,4,246,0.995934959349594,0.167657322696451
"TGGTCGCTGCGCATCAAG-2","TGGTCGCTGCGCATCAAG",2,175,37,34,4,212,0.174528301886792,0.00637294942358946
"TGGTCGCTGCGCATCAAG-3","TGGTCGCTGCGCATCAAG",3,225,13,8,4,238,0.0546218487394958,0.0018705906426929
"TGGTCGCTGCGCATCAAG-4","TGGTCGCTGCGCATCAAG",4,1,245,0,4,246,0.995934959349594,0.167657322696451
"TGGTCGCTGCGCATCAAG-5","TGGTCGCTGCGCATCAAG",5,38,174,34,4,212,0.820754716981132,0.0556892699699502
"TGGTCGCTGCGCATCAAG-6","TGGTCGCTGCGCATCAAG",6,105,74,67,4,179,0.41340782122905,0.0176237020135559
"TGGTCGCTGCGCATCAAG-7","TGGTCGCTGCGCATCAAG",7,245,1,0,4,246,0.0040650406504065,0.000135768295571825
"TGGTCGCTGCGCATCAAG-8","TGGTCGCTGCGCATCAAG",8,246,0,0,4,246,0,0
"TGGTCGCTGCGCATCAAG-9","TGGTCGCTGCGCATCAAG",9,0,246,0,4,246,1,1
"TGGTCGCTGCGCATCAAG-10","TGGTCGCTGCGCATCAAG",10,10,229,7,4,239,0.9581589958159,0.100391804367619
"TGGTCGCTGCGCATCAAG-11","TGGTCGCTGCGCATCAAG",11,244,2,0,4,246,0.00813008130081301,0.000272073335973899
"TGGTCGCTGCGCATCAAG-12","TGGTCGCTGCGCATCAAG",12,246,0,0,4,246,0,0
"TGGTCGCTGCGCATCAAG-13","TGGTCGCTGCGCATCAAG",13,242,3,1,4,245,0.0122448979591837,0.00041059849429137
"TGGTCGCTGCGCATCAAG-14","TGGTCGCTGCGCATCAAG",14,7,231,8,4,238,0.970588235294118,0.110899810591001
"TGGTCGCTGCGCATCAAG-15","TGGTCGCTGCGCATCAAG",15,191,29,26,4,220,0.131818181818182,0.00470072080934114
"TGGTCGCTGCGCATCAAG-16","TGGTCGCTGCGCATCAAG",16,242,2,2,4,244,0.00819672131147541,0.000274312340705185
"TGGTCGCTGCGCATCAAG-17","TGGTCGCTGCGCATCAAG",17,242,3,1,4,245,0.0122448979591837,0.00041059849429137
"TGGTCGCTGCGCATCAAG-18","TGGTCGCTGCGCATCAAG",18,246,0,0,4,246,0,0
"TGGTCGCTGCGCATCAAG-19","TGGTCGCTGCGCATCAAG",19,235,5,6,4,240,0.0208333333333333,0.000701534116388847
"TGGTCGCTGCGCATCAAG-20","TGGTCGCTGCGCATCAAG",20,0,246,0,4,246,1,1
"TGGTCGCTGCGCATCAAG-21","TGGTCGCTGCGCATCAAG",21,190,35,21,4,225,0.155555555555556,0.00562002590310318
"TGGTCGCTGCGCATCAAG-22","TGGTCGCTGCGCATCAAG",22,0,246,0,4,246,1,1
"TGGTCGCTGCGCATCAAG-23","TGGTCGCTGCGCATCAAG",23,185,38,23,4,223,0.170403587443946,0.00620784939773811
"TGGTCGCTGCGCATCAAG-24","TGGTCGCTGCGCATCAAG",24,240,2,4,4,242,0.00826446280991736,0.000276588502835295
"TGGTCGCTGCGCATCAAG-25","TGGTCGCTGCGCATCAAG",25,246,0,0,4,246,0,0
"TGGTCGCTGCGCATCAAG-26","TGGTCGCTGCGCATCAAG",26,246,0,0,4,246,0,0
"TGGTCGCTGCGCATCAAG-27","TGGTCGCTGCGCATCAAG",27,0,246,0,4,246,1,1
"TGGTCGCTGCGCATCAAG-28","TGGTCGCTGCGCATCAAG",28,4,239,3,4,243,0.983539094650206,0.127935801869682
"TGGTCGCTGCGCATCAAG-29","TGGTCGCTGCGCATCAAG",29,242,2,2,4,244,0.00819672131147541,0.000274312340705185
"TGGTCGCTGCGCATCAAG-30","TGGTCGCTGCGCATCAAG",30,232,4,10,4,236,0.0169491525423729,0.000569652131889975
"TGGTCGCTGCGCATCAAG-31","TGGTCGCTGCGCATCAAG",31,243,0,3,4,243,0,0
"TGGTCGCTGCGCATCAAG-32","TGGTCGCTGCGCATCAAG",32,243,2,1,4,245,0.00816326530612245,0.000273188250764833
"TGGTCGCTGCGCATCAAG-33","TGGTCGCTGCGCATCAAG",33,241,3,2,4,244,0.0122950819672131,0.000412291377959839
"TGGTCGCTGCGCATCAAG-34","TGGTCGCTGCGCATCAAG",34,4,238,4,4,242,0.983471074380165,0.12781592209339
"TGGTCGCTGCGCATCAAG-35","TGGTCGCTGCGCATCAAG",35,153,63,30,4,216,0.291666666666667,0.0114288714111743
"TGGTCGCTGCGCATCAAG-36","TGGTCGCTGCGCATCAAG",36,228,12,6,4,240,0.05,0.00170831564446572
"TGGTCGCTGCGCATCAAG-37","TGGTCGCTGCGCATCAAG",37,246,0,0,4,246,0,0
"TGGTCGCTGCGCATCAAG-38","TGGTCGCTGCGCATCAAG",38,2,243,1,4,245,0.991836734693878,0.14808657201876
"TGGTCGCTGCGCATCAAG-39","TGGTCGCTGCGCATCAAG",39,179,38,29,4,217,0.175115207373272,0.00639650628468791
"TGGTCGCTGCGCATCAAG-40","TGGTCGCTGCGCATCAAG",40,59,150,37,4,209,0.717703349282297,0.0412835243139892
"TGGTCGCTGCGCATCAAG-41","TGGTCGCTGCGCATCAAG",41,134,70,42,4,204,0.343137254901961,0.0139116656444656
"TGGTCGCTGCGCATCAAG-42","TGGTCGCTGCGCATCAAG",42,246,0,0,4,246,0,0
"TGGTCGCTGCGCATCAAG-43","TGGTCGCTGCGCATCAAG",43,246,0,0,4,246,0,0
"TGGTCGCTGCGCATCAAG-44","TGGTCGCTGCGCATCAAG",44,246,0,0,4,246,0,0
"TGGTCGCTGCGCATCAAG-45","TGGTCGCTGCGCATCAAG",45,3,239,4,4,242,0.987603305785124,0.136139672515002
"TGGTCGCTGCGCATCAAG-46","TGGTCGCTGCGCATCAAG",46,183,38,25,4,221,0.171945701357466,0.00626948255166204
"TGGTCGCTGCGCATCAAG-47","TGGTCGCTGCGCATCAAG",47,245,1,0,4,246,0.0040650406504065,0.000135768295571825
"TGGTCGCTGCGCATCAAG-48","TGGTCGCTGCGCATCAAG",48,239,4,3,4,243,0.0164609053497942,0.000553110025190096
"TGGTCGCTGCGCATCAAG-49","TGGTCGCTGCGCATCAAG",49,245,0,1,4,245,0,0
"TGGTCGCTGCGCATCAAG-50","TGGTCGCTGCGCATCAAG",50,245,1,0,4,246,0.0040650406504065,0.000135768295571825
"TGGTCGCTGCGCATCAAG-51","TGGTCGCTGCGCATCAAG",51,32,197,17,4,229,0.860262008733624,0.0634941745714972
"TGGTCGCTGCGCATCAAG-52","TGGTCGCTGCGCATCAAG",52,205,22,19,4,227,0.0969162995594714,0.00339223460532645
"TGGTCGCTGCGCATCAAG-53","TGGTCGCTGCGCATCAAG",53,201,26,19,4,227,0.114537444933921,0.00404662722942362
"TGGTCGCTGCGCATCAAG-54","TGGTCGCTGCGCATCAAG",54,239,1,6,4,240,0.00416666666666667,0.00013916936206182
"TGGTCGCTGCGCATCAAG-55","TGGTCGCTGCGCATCAAG",55,245,0,1,4,245,0,0
"TGGTCGCTGCGCATCAAG-56","TGGTCGCTGCGCATCAAG",56,246,0,0,4,246,0,0
"TGGTCGCTGCGCATCAAG-57","TGGTCGCTGCGCATCAAG",57,16,216,14,4,232,0.931034482758621,0.0852809301304934
"TGGTCGCTGCGCATCAAG-58","TGGTCGCTGCGCATCAAG",58,13,224,9,4,237,0.945147679324895,0.0922355582798599
"TGGTCGCTGCGCATCAAG-59","TGGTCGCTGCGCATCAAG",59,230,9,7,4,239,0.0376569037656904,0.00127865658808779
"TGGTCGCTGCGCATCAAG-60","TGGTCGCTGCGCATCAAG",60,232,8,6,4,240,0.0333333333333333,0.00112941345452289
"TGGTCGCTGCGCATCAAG-61","TGGTCGCTGCGCATCAAG",61,245,1,0,4,246,0.0040650406504065,0.000135768295571825
"TGGTCGCTGCGCATCAAG-62","TGGTCGCTGCGCATCAAG",62,246,0,0,4,246,0,0
"TGGTCGCTGCGCATCAAG-63","TGGTCGCTGCGCATCAAG",63,223,13,10,4,236,0.0550847457627119,0.00188688537481818
"TGGTCGCTGCGCATCAAG-64","TGGTCGCTGCGCATCAAG",64,92,97,57,4,189,0.513227513227513,0.0237129376952765
"TGGTCGCTGCGCATCAAG-65","TGGTCGCTGCGCATCAAG",65,87,96,63,4,183,0.524590163934426,0.0244812853933382
"TGGTCGCTGCGCATCAAG-66","TGGTCGCTGCGCATCAAG",66,64,135,47,4,199,0.678391959798995,0.0371080337392952
"TGGTCGCTGCGCATCAAG-67","TGGTCGCTGCGCATCAAG",67,228,10,8,4,238,0.0420168067226891,0.00142981166780176
"TGGTCGCTGCGCATCAAG-68","TGGTCGCTGCGCATCAAG",68,246,0,0,4,246,0,0
"TGGTCGCTGCGCATCAAG-69","TGGTCGCTGCGCATCAAG",69,23,197,26,4,220,0.895454545454546,0.0725080010568164
"TGGTCGCTGCGCATCAAG-70","TGGTCGCTGCGCATCAAG",70,27,202,17,4,229,0.882096069868996,0.0687828992055073
"TGGTCGCTGCGCATCAAG-71","TGGTCGCTGCGCATCAAG",71,68,134,44,4,202,0.663366336633663,0.0356413401121051
"TGGTCGCTGCGCATCAAG-72","TGGTCGCTGCGCATCAAG",72,245,0,1,4,245,0,0
"TGGTCGCTGCGCATCAAG-73","TGGTCGCTGCGCATCAAG",73,246,0,0,4,246,0,0
"TGGTCGCTGCGCATCAAG-74","TGGTCGCTGCGCATCAAG",74,243,2,1,4,245,0.00816326530612245,0.000273188250764833
"TGGTCGCTGCGCATCAAG-75","TGGTCGCTGCGCATCAAG",75,0,246,0,4,246,1,1
"TGGTCGCTGCGCATCAAG-76","TGGTCGCTGCGCATCAAG",76,241,4,1,4,245,0.0163265306122449,0.000548558721753967
"TGGTCGCTGCGCATCAAG-77","TGGTCGCTGCGCATCAAG",77,223,15,8,4,238,0.0630252100840336,0.00216761073849381
"TGGTCGCTGCGCATCAAG-78","TGGTCGCTGCGCATCAAG",78,85,104,57,4,189,0.55026455026455,0.026284901971385
"TGGTCGCTGCGCATCAAG-79","TGGTCGCTGCGCATCAAG",79,245,0,1,4,245,0,0
"TGGTCGCTGCGCATCAAG-80","TGGTCGCTGCGCATCAAG",80,246,0,0,4,246,0,0
"TGGTCGCTGCGCATCAAG-81","TGGTCGCTGCGCATCAAG",81,246,0,0,4,246,0,0
"TGGTCGCTGCGCATCAAG-82","TGGTCGCTGCGCATCAAG",82,246,0,0,4,246,0,0
"TGGTCGCTGCGCATCAAG-83","TGGTCGCTGCGCATCAAG",83,246,0,0,4,246,0,0
"TGGTCGCTGCGCATCAAG-84","TGGTCGCTGCGCATCAAG",84,153,56,37,4,209,0.267942583732057,0.0103426870899076
"TGGTCGCTGCGCATCAAG-85","TGGTCGCTGCGCATCAAG",85,9,232,5,4,241,0.962655601659751,0.103794684241198
"TGGTCGCTGCGCATCAAG-86","TGGTCGCTGCGCATCAAG",86,67,133,46,4,200,0.665,0.0357977063852651
"TGGTCGCTGCGCATCAAG-87","TGGTCGCTGCGCATCAAG",87,226,11,9,4,237,0.0464135021097046,0.00158291725826665
"TGGTCGCTGCGCATCAAG-88","TGGTCGCTGCGCATCAAG",88,233,4,9,4,237,0.0168776371308017,0.000567228650615759
"TGGTCGCTGCGCATCAAG-89","TGGTCGCTGCGCATCAAG",89,24,201,21,4,225,0.893333333333333,0.0718867828471762
"TGGTCGCTGCGCATCAAG-90","TGGTCGCTGCGCATCAAG",90,224,11,11,4,235,0.0468085106382979,0.00159670598276129
"TGGTCGCTGCGCATCAAG-91","TGGTCGCTGCGCATCAAG",91,242,2,2,4,244,0.00819672131147541,0.000274312340705185
"TGGTCGCTGCGCATCAAG-92","TGGTCGCTGCGCATCAAG",92,243,1,2,4,244,0.0040983606557377,0.000136883362372608
"TGGTCGCTGCGCATCAAG-93","TGGTCGCTGCGCATCAAG",93,243,2,1,4,245,0.00816326530612245,0.000273188250764833
"TGGTCGCTGCGCATCAAG-94","TGGTCGCTGCGCATCAAG",94,246,0,0,4,246,0,0
"TGGTCGCTGCGCATCAAG-95","TGGTCGCTGCGCATCAAG",95,245,0,1,4,245,0,0
"TGGTCGCTGCGCATCAAG-96","TGGTCGCTGCGCATCAAG",96,245,1,0,4,246,0.0040650406504065,0.000135768295571825
"TGGTCGCTGCGCATCAAG-97","TGGTCGCTGCGCATCAAG",97,0,246,0,4,246,1,1
"TGGTCGCTGCGCATCAAG-98","TGGTCGCTGCGCATCAAG",98,62,119,65,4,181,0.657458563535912,0.0350819352158275
"TGGTCGCTGCGCATCAAG-99","TGGTCGCTGCGCATCAAG",99,246,0,0,4,246,0,0
"TGGTCGCTGCGCATCAAG-100","TGGTCGCTGCGCATCAAG",100,246,0,0,4,246,0,0
"TGGTCGCTGCGCATCAAG-101","TGGTCGCTGCGCATCAAG",101,31,189,26,4,220,0.859090909090909,0.0632336099358314
"TGGTCGCTGCGCATCAAG-102","TGGTCGCTGCGCATCAAG",102,0,246,0,4,246,1,1
"TGGTCGCTGCGCATCAAG-103","TGGTCGCTGCGCATCAAG",103,246,0,0,4,246,0,0
"TGGTCGCTGCGCATCAAG-104","TGGTCGCTGCGCATCAAG",104,0,246,0,4,246,1,1
"TGGTCGCTGCGCATCAAG-105","TGGTCGCTGCGCATCAAG",105,202,21,23,4,223,0.0941704035874439,0.00329137398255919
"TGGTCGCTGCGCATCAAG-106","TGGTCGCTGCGCATCAAG",106,246,0,0,4,246,0,0
"TGGTCGCTGCGCATCAAG-107","TGGTCGCTGCGCATCAAG",107,246,0,0,4,246,0,0
"TGGTCGCTGCGCATCAAG-108","TGGTCGCTGCGCATCAAG",108,246,0,0,4,246,0,0
"TGGTCGCTGCGCATCAAG-109","TGGTCGCTGCGCATCAAG",109,27,198,21,4,225,0.88,0.0682357539776428
"TGGTCGCTGCGCATCAAG-110","TGGTCGCTGCGCATCAAG",110,194,29,23,4,223,0.130044843049327,0.00463302137167043
"TGGTCGCTGCGCATCAAG-111","TGGTCGCTGCGCATCAAG",111,246,0,0,4,246,0,0
"TGGTCGCTGCGCATCAAG-112","TGGTCGCTGCGCATCAAG",112,241,4,1,4,245,0.0163265306122449,0.000548558721753967
"TGGTCGCTGCGCATCAAG-113","TGGTCGCTGCGCATCAAG",113,246,0,0,4,246,0,0
"TGGTCGCTGCGCATCAAG-114","TGGTCGCTGCGCATCAAG",114,90,102,54,4,192,0.53125,0.0249399206695238
"TGGTCGCTGCGCATCAAG-115","TGGTCGCTGCGCATCAAG",115,0,246,0,4,246,1,1
"TGGTCGCTGCGCATCAAG-116","TGGTCGCTGCGCATCAAG",116,53,154,39,4,207,0.743961352657005,0.0443984383507942
"TGGTCGCTGCGCATCAAG-117","TGGTCGCTGCGCATCAAG",117,231,12,3,4,243,0.0493827160493827,0.00168670034670526
"TGGTCGCTGCGCATCAAG-118","TGGTCGCTGCGCATCAAG",118,240,3,3,4,243,0.0123456790123457,0.000413998279004679
"TGGTCGCTGCGCATCAAG-119","TGGTCGCTGCGCATCAAG",119,0,246,0,4,246,1,1
"TGGTCGCTGCGCATCAAG-120","TGGTCGCTGCGCATCAAG",120,103,80,63,4,183,0.437158469945355,0.0189762131465683
"TGGTCGCTGCGCATCAAG-121","TGGTCGCTGCGCATCAAG",121,65,112,69,4,177,0.632768361581921,0.0328407205915223
"TGGTCGCTGCGCATCAAG-122","TGGTCGCTGCGCATCAAG",122,217,18,11,4,235,0.0765957446808511,0.00265274725120657
"TGGTCGCTGCGCATCAAG-123","TGGTCGCTGCGCATCAAG",123,245,1,0,4,246,0.0040650406504065,0.000135768295571825
"TGGTCGCTGCGCATCAAG-124","TGGTCGCTGCGCATCAAG",124,246,0,0,4,246,0,0
"TGGTCGCTGCGCATCAAG-125","TGGTCGCTGCGCATCAAG",125,232,7,7,4,239,0.0292887029288703,0.000990381923281491
"TGGTCGCTGCGCATCAAG-126","TGGTCGCTGCGCATCAAG",126,245,0,1,4,245,0,0
"TGGTCGCTGCGCATCAAG-127","TGGTCGCTGCGCATCAAG",127,12,226,8,4,238,0.949579831932773,0.0947813848896025
"TGGTCGCTGCGCATCAAG-128","TGGTCGCTGCGCATCAAG",128,165,49,32,4,214,0.228971962616822,0.00863022862226925
"TGGTCGCTGCGCATCAAG-129","TGGTCGCTGCGCATCAAG",129,49,153,44,4,202,0.757425742574257,0.0461176264579871
"TGGTCGCTGCGCATCAAG-130","TGGTCGCTGCGCATCAAG",130,111,81,54,4,192,0.421875,0.0180997023699837
"TGGTCGCTGCGCATCAAG-131","TGGTCGCTGCGCATCAAG",131,164,52,30,4,216,0.240740740740741,0.00913838812092882
"TGGTCGCTGCGCATCAAG-132","TGGTCGCTGCGCATCAAG",132,243,1,2,4,244,0.0040983606557377,0.000136883362372608
"TGGTCGCTGCGCATCAAG-133","TGGTCGCTGCGCATCAAG",133,0,245,1,4,245,1,1
"TGGTCGCTGCGCATCAAG-134","TGGTCGCTGCGCATCAAG",134,35,189,22,4,224,0.84375,0.0600011242024485
"TGGTCGCTGCGCATCAAG-135","TGGTCGCTGCGCATCAAG",135,245,0,1,4,245,0,0
"TGGTCGCTGCGCATCAAG-136","TGGTCGCTGCGCATCAAG",136,246,0,0,4,246,0,0
"TGGTCGCTGCGCATCAAG-137","TGGTCGCTGCGCATCAAG",137,246,0,0,4,246,0,0
"TGGTCGCTGCGCATCAAG-138","TGGTCGCTGCGCATCAAG",138,240,0,6,4,240,0,0
"TGGTCGCTGCGCATCAAG-139","TGGTCGCTGCGCATCAAG",139,246,0,0,4,246,0,0
"TGGTCGCTGCGCATCAAG-140","TGGTCGCTGCGCATCAAG",140,0,246,0,4,246,1,1
"TGGTCGCTGCGCATCAAG-141","TGGTCGCTGCGCATCAAG",141,0,246,0,4,246,1,1
"TGGTCGCTGCGCATCAAG-142","TGGTCGCTGCGCATCAAG",142,175,44,27,4,219,0.200913242009132,0.00744831465575668
"TGGTCGCTGCGCATCAAG-143","TGGTCGCTGCGCATCAAG",143,246,0,0,4,246,0,0
"TGGTCGCTGCGCATCAAG-144","TGGTCGCTGCGCATCAAG",144,129,78,39,4,207,0.376811594202899,0.0156399518818358
"TGGTCGCTGCGCATCAAG-145","TGGTCGCTGCGCATCAAG",145,196,32,18,4,228,0.140350877192982,0.00502834764426241
"TGGTCGCTGCGCATCAAG-146","TGGTCGCTGCGCATCAAG",146,211,18,17,4,229,0.0786026200873362,0.00272507589064463
"TGGTCGCTGCGCATCAAG-147","TGGTCGCTGCGCATCAAG",147,245,1,0,4,246,0.0040650406504065,0.000135768295571825
"TGGTCGCTGCGCATCAAG-148","TGGTCGCTGCGCATCAAG",148,246,0,0,4,246,0,0
"TGGTCGCTGCGCATCAAG-149","TGGTCGCTGCGCATCAAG",149,0,245,1,4,245,1,1
"TGGTCGCTGCGCATCAAG-150","TGGTCGCTGCGCATCAAG",150,241,3,2,4,244,0.0122950819672131,0.000412291377959839
"TGGTCGCTGCGCATCAAG-151","TGGTCGCTGCGCATCAAG",151,0,245,1,4,245,1,1
"TGGTCGCTGCGCATCAAG-152","TGGTCGCTGCGCATCAAG",152,242,2,2,4,244,0.00819672131147541,0.000274312340705185
"TGGTCGCTGCGCATCAAG-153","TGGTCGCTGCGCATCAAG",153,246,0,0,4,246,0,0
"TGGTCGCTGCGCATCAAG-154","TGGTCGCTGCGCATCAAG",154,246,0,0,4,246,0,0
"TGGTCGCTGCGCATCAAG-155","TGGTCGCTGCGCATCAAG",155,245,0,1,4,245,0,0
"TGGTCGCTGCGCATCAAG-156","TGGTCGCTGCGCATCAAG",156,246,0,0,4,246,0,0
"TGGTCGCTGCGCATCAAG-157","TGGTCGCTGCGCATCAAG",157,0,245,1,4,245,1,1
"TGGTCGCTGCGCATCAAG-158","TGGTCGCTGCGCATCAAG",158,115,64,67,4,179,0.357541899441341,0.0146402301475608
"TGGTCGCTGCGCATCAAG-159","TGGTCGCTGCGCATCAAG",159,65,110,71,4,175,0.628571428571429,0.0324742990428825
"TGGTCGCTGCGCATCAAG-160","TGGTCGCTGCGCATCAAG",160,246,0,0,4,246,0,0
"TGGTCGCTGCGCATCAAG-161","TGGTCGCTGCGCATCAAG",161,245,0,1,4,245,0,0
"TGGTCGCTGCGCATCAAG-162","TGGTCGCTGCGCATCAAG",162,0,245,1,4,245,1,1
"TGGTCGCTGCGCATCAAG-163","TGGTCGCTGCGCATCAAG",163,228,13,5,4,241,0.053941908713693,0.00184666962145286
"TGGTCGCTGCGCATCAAG-164","TGGTCGCTGCGCATCAAG",164,243,3,0,4,246,0.0121951219512195,0.000408919456033607
"TGGTCGCTGCGCATCAAG-165","TGGTCGCTGCGCATCAAG",165,246,0,0,4,246,0,0
"TGGTCGCTGCGCATCAAG-166","TGGTCGCTGCGCATCAAG",166,0,245,1,4,245,1,1
"TGGTCGCTGCGCATCAAG-167","TGGTCGCTGCGCATCAAG",167,88,100,58,4,188,0.531914893617021,0.0249860544370173
"TGGTCGCTGCGCATCAAG-168","TGGTCGCTGCGCATCAAG",168,51,168,27,4,219,0.767123287671233,0.0474139833868253
"TGGTCGCTGCGCATCAAG-169","TGGTCGCTGCGCATCAAG",169,246,0,0,4,246,0,0
"TGGTCGCTGCGCATCAAG-170","TGGTCGCTGCGCATCAAG",170,229,9,8,4,238,0.0378151260504202,0.00128413046852405
"TGGTCGCTGCGCATCAAG-171","TGGTCGCTGCGCATCAAG",171,243,1,2,4,244,0.0040983606557377,0.000136883362372608
"TGGTCGCTGCGCATCAAG-172","TGGTCGCTGCGCATCAAG",172,0,245,1,4,245,1,1
"TGGTCGCTGCGCATCAAG-173","TGGTCGCTGCGCATCAAG",173,0,245,1,4,245,1,1
"TGGTCGCTGCGCATCAAG-174","TGGTCGCTGCGCATCAAG",174,241,4,1,4,245,0.0163265306122449,0.000548558721753967
"TGGTCGCTGCGCATCAAG-175","TGGTCGCTGCGCATCAAG",175,246,0,0,4,246,0,0
"TGGTCGCTGCGCATCAAG-176","TGGTCGCTGCGCATCAAG",176,0,245,1,4,245,1,1
"TGGTCGCTGCGCATCAAG-177","TGGTCGCTGCGCATCAAG",177,0,245,1,4,245,1,1
"TGGTCGCTGCGCATCAAG-178","TGGTCGCTGCGCATCAAG",178,0,245,1,4,245,1,1
"TGGTCGCTGCGCATCAAG-179","TGGTCGCTGCGCATCAAG",179,239,2,5,4,241,0.00829875518672199,0.000277740808183435
"TGGTCGCTGCGCATCAAG-180","TGGTCGCTGCGCATCAAG",180,244,2,0,4,246,0.00813008130081301,0.000272073335973899
"TGGTCGCTGCGCATCAAG-181","TGGTCGCTGCGCATCAAG",181,243,0,3,4,243,0,0
"TGGTCGCTGCGCATCAAG-182","TGGTCGCTGCGCATCAAG",182,27,203,16,4,230,0.882608695652174,0.0689181426260866
"TGGTCGCTGCGCATCAAG-183","TGGTCGCTGCGCATCAAG",183,0,242,4,4,242,1,1
"TGGTCGCTGCGCATCAAG-184","TGGTCGCTGCGCATCAAG",184,242,0,4,4,242,0,0
"TGGTCGCTGCGCATCAAG-185","TGGTCGCTGCGCATCAAG",185,38,172,36,4,210,0.819047619047619,0.055390860175816
"TGGTCGCTGCGCATCAAG-186","TGGTCGCTGCGCATCAAG",186,108,102,36,4,210,0.485714285714286,0.0219220188378992
"TGGTCGCTGCGCATCAAG-187","TGGTCGCTGCGCATCAAG",187,234,5,7,4,239,0.0209205020920502,0.000704499609329945
"TGGTCGCTGCGCATCAAG-188","TGGTCGCTGCGCATCAAG",188,233,8,5,4,241,0.033195020746888,0.00112464977104487
"TGGTCGCTGCGCATCAAG-189","TGGTCGCTGCGCATCAAG",189,114,92,40,4,206,0.446601941747573,0.0195293727261187
"TGGTCGCTGCGCATCAAG-190","TGGTCGCTGCGCATCAAG",190,26,197,23,4,223,0.883408071748879,0.0691301813878359
"TGGTCGCTGCGCATCAAG-191","TGGTCGCTGCGCATCAAG",191,124,89,33,4,213,0.417840375586854,0.017872052819159
"TGGTCGCTGCGCATCAAG-192","TGGTCGCTGCGCATCAAG",192,246,0,0,4,246,0,0
"TGGTCGCTGCGCATCAAG-193","TGGTCGCTGCGCATCAAG",193,0,245,1,4,245,1,1
"TGGTCGCTGCGCATCAAG-194","TGGTCGCTGCGCATCAAG",194,117,87,42,4,204,0.426470588235294,0.0183608821819139
"TGGTCGCTGCGCATCAAG-195","TGGTCGCTGCGCATCAAG",195,221,12,13,4,233,0.0515021459227468,0.00176097273310061
"TGGTCGCTGCGCATCAAG-196","TGGTCGCTGCGCATCAAG",196,246,0,0,4,246,0,0
"TGGTCGCTGCGCATCAAG-197","TGGTCGCTGCGCATCAAG",197,246,0,0,4,246,0,0
"TGGTCGCTGCGCATCAAG-198","TGGTCGCTGCGCATCAAG",198,246,0,0,4,246,0,0
"TGGTCGCTGCGCATCAAG-199","TGGTCGCTGCGCATCAAG",199,2,241,3,4,243,0.991769547325103,0.147853775682342
"TGGTCGCTGCGCATCAAG-200","TGGTCGCTGCGCATCAAG",200,48,170,28,4,218,0.779816513761468,0.0491920052279196
"TGGTCGCTGCGCATCAAG-201","TGGTCGCTGCGCATCAAG",201,244,0,2,4,244,0,0
"TGGTCGCTGCGCATCAAG-202","TGGTCGCTGCGCATCAAG",202,246,0,0,4,246,0,0
"TGGTCGCTGCGCATCAAG-203","TGGTCGCTGCGCATCAAG",203,245,0,1,4,245,0,0
"TGGTCGCTGCGCATCAAG-204","TGGTCGCTGCGCATCAAG",204,237,4,5,4,241,0.016597510373444,0.000557737485110121
"TGGTCGCTGCGCATCAAG-205","TGGTCGCTGCGCATCAAG",205,243,1,2,4,244,0.0040983606557377,0.000136883362372608
"TGGTCGCTGCGCATCAAG-206","TGGTCGCTGCGCATCAAG",206,0,245,1,4,245,1,1
"TGGTCGCTGCGCATCAAG-207","TGGTCGCTGCGCATCAAG",207,203,20,23,4,223,0.0896860986547085,0.00312729288132252
"TGGTCGCTGCGCATCAAG-208","TGGTCGCTGCGCATCAAG",208,228,11,7,4,239,0.0460251046025105,0.00156936468988667
"TGGTCGCTGCGCATCAAG-209","TGGTCGCTGCGCATCAAG",209,246,0,0,4,246,0,0
"TGGTCGCTGCGCATCAAG-210","TGGTCGCTGCGCATCAAG",210,245,0,1,4,245,0,0
"TGGTCGCTGCGCATCAAG-211","TGGTCGCTGCGCATCAAG",211,246,0,0,4,246,0,0
"TGGTCGCTGCGCATCAAG-212","TGGTCGCTGCGCATCAAG",212,242,1,3,4,243,0.00411522633744856,0.000137447792648571
"TGGTCGCTGCGCATCAAG-213","TGGTCGCTGCGCATCAAG",213,0,246,0,4,246,1,1
"TGGTCGCTGCGCATCAAG-214","TGGTCGCTGCGCATCAAG",214,148,64,34,4,212,0.30188679245283,0.0119076691897838
"TGGTCGCTGCGCATCAAG-215","TGGTCGCTGCGCATCAAG",215,240,1,5,4,241,0.004149377593361,0.00013859073370559
"TGGTCGCTGCGCATCAAG-216","TGGTCGCTGCGCATCAAG",216,244,1,1,4,245,0.00408163265306122,0.000136323548817985
"TGGTCGCTGCGCATCAAG-217","TGGTCGCTGCGCATCAAG",217,0,245,1,4,245,1,1
"TGGTCGCTGCGCATCAAG-218","TGGTCGCTGCGCATCAAG",218,158,60,28,4,218,0.275229357798165,0.0106726398763527
"TGGTCGCTGCGCATCAAG-219","TGGTCGCTGCGCATCAAG",219,183,36,27,4,219,0.164383561643836,0.00596830438683749
"TGGTCGCTGCGCATCAAG-220","TGGTCGCTGCGCATCAAG",220,243,2,1,4,245,0.00816326530612245,0.000273188250764833
"TGGTCGCTGCGCATCAAG-221","TGGTCGCTGCGCATCAAG",221,246,0,0,4,246,0,0
"TGGTCGCTGCGCATCAAG-222","TGGTCGCTGCGCATCAAG",222,0,245,1,4,245,1,1
"TGGTCGCTGCGCATCAAG-223","TGGTCGCTGCGCATCAAG",223,222,12,12,4,234,0.0512820512820513,0.00175325237044077
"TGGTCGCTGCGCATCAAG-224","TGGTCGCTGCGCATCAAG",224,243,3,0,4,246,0.0121951219512195,0.000408919456033607
"TGGTCGCTGCGCATCAAG-225","TGGTCGCTGCGCATCAAG",225,237,5,4,4,242,0.0206611570247934,0.000695677404905726
"TGGTCGCTGCGCATCAAG-226","TGGTCGCTGCGCATCAAG",226,246,0,0,4,246,0,0
"TGGTCGCTGCGCATCAAG-227","TGGTCGCTGCGCATCAAG",227,246,0,0,4,246,0,0
"TGGTCGCTGCGCATCAAG-228","TGGTCGCTGCGCATCAAG",228,245,1,0,4,246,0.0040650406504065,0.000135768295571825
"TGGTCGCTGCGCATCAAG-229","TGGTCGCTGCGCATCAAG",229,140,61,45,4,201,0.303482587064677,0.0119830407824686
"TGGTCGCTGCGCATCAAG-230","TGGTCGCTGCGCATCAAG",230,0,244,2,4,244,1,1
"TGGTCGCTGCGCATCAAG-231","TGGTCGCTGCGCATCAAG",231,185,23,38,4,208,0.110576923076923,0.00389845636562658
"TGGTCGCTGCGCATCAAG-232","TGGTCGCTGCGCATCAAG",232,243,2,1,4,245,0.00816326530612245,0.000273188250764833
"TGGTCGCTGCGCATCAAG-233","TGGTCGCTGCGCATCAAG",233,0,245,1,4,245,1,1
"TGGTCGCTGCGCATCAAG-234","TGGTCGCTGCGCATCAAG",234,0,244,2,4,244,1,1
"TGGTCGCTGCGCATCAAG-235","TGGTCGCTGCGCATCAAG",235,241,3,2,4,244,0.0122950819672131,0.000412291377959839
"TGGTCGCTGCGCATCAAG-236","TGGTCGCTGCGCATCAAG",236,246,0,0,4,246,0,0
"TGGTCGCTGCGCATCAAG-237","TGGTCGCTGCGCATCAAG",237,246,0,0,4,246,0,0
"TGGTCGCTGCGCATCAAG-238","TGGTCGCTGCGCATCAAG",238,35,190,21,4,225,0.844444444444444,0.0601406833187996
"TGGTCGCTGCGCATCAAG-239","TGGTCGCTGCGCATCAAG",239,51,157,38,4,208,0.754807692307692,0.0457762359883649
"TGGTCGCTGCGCATCAAG-240","TGGTCGCTGCGCATCAAG",240,246,0,0,4,246,0,0
"TGGTCGCTGCGCATCAAG-241","TGGTCGCTGCGCATCAAG",241,238,2,6,4,240,0.00833333333333333,0.000278902755077359
"TGGTCGCTGCGCATCAAG-242","TGGTCGCTGCGCATCAAG",242,0,246,0,4,246,1,1
"TGGTCGCTGCGCATCAAG-243","TGGTCGCTGCGCATCAAG",243,0,246,0,4,246,1,1
"TGGTCGCTGCGCATCAAG-244","TGGTCGCTGCGCATCAAG",244,245,0,1,4,245,0,0
"TGGTCGCTGCGCATCAAG-245","TGGTCGCTGCGCATCAAG",245,237,3,6,4,240,0.0125,0.000419204849312127
"TGGTCGCTGCGCATCAAG-246","TGGTCGCTGCGCATCAAG",246,0,245,1,4,245,1,1
"TGGTCGCTGCGCATCAAG-247","TGGTCGCTGCGCATCAAG",247,246,0,0,4,246,0,0
"TGGTCGCTGCGCATCAAG-248","TGGTCGCTGCGCATCAAG",248,245,1,0,4,246,0.0040650406504065,0.000135768295571825
"TGGTCGCTGCGCATCAAG-249","TGGTCGCTGCGCATCAAG",249,245,1,0,4,246,0.0040650406504065,0.000135768295571825
"TGGTCGCTGCGCATCAAG-250","TGGTCGCTGCGCATCAAG",250,242,2,2,4,244,0.00819672131147541,0.000274312340705185
"TGGTCGCTGCGCATCAAG-251","TGGTCGCTGCGCATCAAG",251,24,205,17,4,229,0.895196506550218,0.0724317841389203
"TGGTCGCTGCGCATCAAG-252","TGGTCGCTGCGCATCAAG",252,135,66,45,4,201,0.328358208955224,0.0131800434067081
"TGGTCGCTGCGCATCAAG-253","TGGTCGCTGCGCATCAAG",253,47,161,38,4,208,0.774038461538462,0.0483706731834358
"TGGTCGCTGCGCATCAAG-254","TGGTCGCTGCGCATCAAG",254,142,62,42,4,204,0.303921568627451,0.0120038037668211
"TGGTCGCTGCGCATCAAG-255","TGGTCGCTGCGCATCAAG",255,238,6,2,4,244,0.0245901639344262,0.000829574100375985
"TGGTCGCTGCGCATCAAG-256","TGGTCGCTGCGCATCAAG",256,246,0,0,4,246,0,0
"TGGTCGCTGCGCATCAAG-257","TGGTCGCTGCGCATCAAG",257,0,246,0,4,246,1,1
"TGGTCGCTGCGCATCAAG-258","TGGTCGCTGCGCATCAAG",258,2,237,7,4,239,0.99163179916318,0.147382184220779
"TGGTCGCTGCGCATCAAG-259","TGGTCGCTGCGCATCAAG",259,246,0,0,4,246,0,0
"TGGTCGCTGCGCATCAAG-260","TGGTCGCTGCGCATCAAG",260,246,0,0,4,246,0,0
"TGGTCGCTGCGCATCAAG-261","TGGTCGCTGCGCATCAAG",261,246,0,0,4,246,0,0
"TGGTCGCTGCGCATCAAG-262","TGGTCGCTGCGCATCAAG",262,0,245,1,4,245,1,1
"TGGTCGCTGCGCATCAAG-263","TGGTCGCTGCGCATCAAG",263,8,232,6,4,240,0.966666666666667,0.107182642638917
"TGGTCGCTGCGCATCAAG-264","TGGTCGCTGCGCATCAAG",264,246,0,0,4,246,0,0
"TGGTCGCTGCGCATCAAG-265","TGGTCGCTGCGCATCAAG",265,246,0,0,4,246,0,0
"TGGTCGCTGCGCATCAAG-266","TGGTCGCTGCGCATCAAG",266,246,0,0,4,246,0,0
"TGGTCGCTGCGCATCAAG-267","TGGTCGCTGCGCATCAAG",267,246,0,0,4,246,0,0
"TGGTCGCTGCGCATCAAG-268","TGGTCGCTGCGCATCAAG",268,71,136,39,4,207,0.657004830917874,0.0350393579102637
"TGGTCGCTGCGCATCAAG-269","TGGTCGCTGCGCATCAAG",269,0,245,1,4,245,1,1
"TGGTCGCTGCGCATCAAG-270","TGGTCGCTGCGCATCAAG",270,230,7,9,4,237,0.029535864978903,0.000998861878759194
"TGGTCGCTGCGCATCAAG-271","TGGTCGCTGCGCATCAAG",271,246,0,0,4,246,0,0
"ACTGCCACCGCACACCTC-0","ACTGCCACCGCACACCTC",0,213,10,0,27,223,0.0448430493273543,0.00152815137747175
"ACTGCCACCGCACACCTC-1","ACTGCCACCGCACACCTC",1,0,223,0,27,223,1,1
"ACTGCCACCGCACACCTC-2","ACTGCCACCGCACACCTC",2,182,40,1,27,222,0.18018018018018,0.00660047701496502
"ACTGCCACCGCACACCTC-3","ACTGCCACCGCACACCTC",3,199,24,0,27,223,0.10762331838565,0.00378837083947414
"ACTGCCACCGCACACCTC-4","ACTGCCACCGCACACCTC",4,1,222,0,27,223,0.995515695067265,0.164929443625228
"ACTGCCACCGCACACCTC-5","ACTGCCACCGCACACCTC",5,48,173,2,27,221,0.782805429864253,0.0496250832402941
"ACTGCCACCGCACACCTC-6","ACTGCCACCGCACACCTC",6,209,13,1,27,222,0.0585585585585586,0.00200941607850302
"ACTGCCACCGCACACCTC-7","ACTGCCACCGCACACCTC",7,222,1,0,27,223,0.00448430493273543,0.000149801764856239
"ACTGCCACCGCACACCTC-8","ACTGCCACCGCACACCTC",8,223,0,0,27,223,0,0
"ACTGCCACCGCACACCTC-9","ACTGCCACCGCACACCTC",9,1,222,0,27,223,0.995515695067265,0.164929443625228
"ACTGCCACCGCACACCTC-10","ACTGCCACCGCACACCTC",10,6,216,1,27,222,0.972972972972973,0.113402281884071
"ACTGCCACCGCACACCTC-11","ACTGCCACCGCACACCTC",11,223,0,0,27,223,0,0
"ACTGCCACCGCACACCTC-12","ACTGCCACCGCACACCTC",12,222,1,0,27,223,0.00448430493273543,0.000149801764856239
"ACTGCCACCGCACACCTC-13","ACTGCCACCGCACACCTC",13,220,2,1,27,222,0.00900900900900901,0.000301615688837131
"ACTGCCACCGCACACCTC-14","ACTGCCACCGCACACCTC",14,1,222,0,27,223,0.995515695067265,0.164929443625228
"ACTGCCACCGCACACCTC-15","ACTGCCACCGCACACCTC",15,187,35,1,27,222,0.157657657657658,0.0057026367188423
"ACTGCCACCGCACACCTC-16","ACTGCCACCGCACACCTC",16,219,3,1,27,222,0.0135135135135135,0.000453418909755587
"ACTGCCACCGCACACCTC-17","ACTGCCACCGCACACCTC",17,217,6,0,27,223,0.0269058295964126,0.000908734114828835
"ACTGCCACCGCACACCTC-18","ACTGCCACCGCACACCTC",18,223,0,0,27,223,0,0
"ACTGCCACCGCACACCTC-19","ACTGCCACCGCACACCTC",19,217,6,0,27,223,0.0269058295964126,0.000908734114828835
"ACTGCCACCGCACACCTC-20","ACTGCCACCGCACACCTC",20,0,223,0,27,223,1,1
"ACTGCCACCGCACACCTC-21","ACTGCCACCGCACACCTC",21,0,223,0,27,223,1,1
"ACTGCCACCGCACACCTC-22","ACTGCCACCGCACACCTC",22,1,222,0,27,223,0.995515695067265,0.164929443625228
"ACTGCCACCGCACACCTC-23","ACTGCCACCGCACACCTC",23,221,2,0,27,223,0.00896860986547085,0.000300257245180346
"ACTGCCACCGCACACCTC-24","ACTGCCACCGCACACCTC",24,219,4,0,27,223,0.0179372197309417,0.000603152751658897
"ACTGCCACCGCACACCTC-25","ACTGCCACCGCACACCTC",25,223,0,0,27,223,0,0
"ACTGCCACCGCACACCTC-26","ACTGCCACCGCACACCTC",26,222,1,0,27,223,0.00448430493273543,0.000149801764856239
"ACTGCCACCGCACACCTC-27","ACTGCCACCGCACACCTC",27,1,222,0,27,223,0.995515695067265,0.164929443625228
"ACTGCCACCGCACACCTC-28","ACTGCCACCGCACACCTC",28,1,222,0,27,223,0.995515695067265,0.164929443625228
"ACTGCCACCGCACACCTC-29","ACTGCCACCGCACACCTC",29,221,1,1,27,222,0.0045045045045045,0.000150478022197365
"ACTGCCACCGCACACCTC-30","ACTGCCACCGCACACCTC",30,223,0,0,27,223,0,0
"ACTGCCACCGCACACCTC-31","ACTGCCACCGCACACCTC",31,222,1,0,27,223,0.00448430493273543,0.000149801764856239
"ACTGCCACCGCACACCTC-32","ACTGCCACCGCACACCTC",32,221,2,0,27,223,0.00896860986547085,0.000300257245180346
"ACTGCCACCGCACACCTC-33","ACTGCCACCGCACACCTC",33,217,6,0,27,223,0.0269058295964126,0.000908734114828835
"ACTGCCACCGCACACCTC-34","ACTGCCACCGCACACCTC",34,8,215,0,27,223,0.964125560538117,0.104993538332102
"ACTGCCACCGCACACCTC-35","ACTGCCACCGCACACCTC",35,125,98,0,27,223,0.439461883408072,0.0191103056671419
"ACTGCCACCGCACACCTC-36","ACTGCCACCGCACACCTC",36,212,11,0,27,223,0.0493273542600897,0.00168476241802717
"ACTGCCACCGCACACCTC-37","ACTGCCACCGCACACCTC",37,222,1,0,27,223,0.00448430493273543,0.000149801764856239
"ACTGCCACCGCACACCTC-38","ACTGCCACCGCACACCTC",38,0,223,0,27,223,1,1
"ACTGCCACCGCACACCTC-39","ACTGCCACCGCACACCTC",39,1,222,0,27,223,0.995515695067265,0.164929443625228
"ACTGCCACCGCACACCTC-40","ACTGCCACCGCACACCTC",40,2,221,0,27,223,0.991031390134529,0.145410594630838
"ACTGCCACCGCACACCTC-41","ACTGCCACCGCACACCTC",41,220,3,0,27,223,0.0134529147982063,0.000451372271130901
"ACTGCCACCGCACACCTC-42","ACTGCCACCGCACACCTC",42,222,1,0,27,223,0.00448430493273543,0.000149801764856239
"ACTGCCACCGCACACCTC-43","ACTGCCACCGCACACCTC",43,223,0,0,27,223,0,0
"ACTGCCACCGCACACCTC-44","ACTGCCACCGCACACCTC",44,222,1,0,27,223,0.00448430493273543,0.000149801764856239
"ACTGCCACCGCACACCTC-45","ACTGCCACCGCACACCTC",45,2,221,0,27,223,0.991031390134529,0.145410594630838
"ACTGCCACCGCACACCTC-46","ACTGCCACCGCACACCTC",46,160,59,4,27,219,0.269406392694064,0.0104087142956729
"ACTGCCACCGCACACCTC-47","ACTGCCACCGCACACCTC",47,222,1,0,27,223,0.00448430493273543,0.000149801764856239
"ACTGCCACCGCACACCTC-48","ACTGCCACCGCACACCTC",48,216,6,1,27,222,0.027027027027027,0.000912882208881749
"ACTGCCACCGCACACCTC-49","ACTGCCACCGCACACCTC",49,222,1,0,27,223,0.00448430493273543,0.000149801764856239
"ACTGCCACCGCACACCTC-50","ACTGCCACCGCACACCTC",50,223,0,0,27,223,0,0
"ACTGCCACCGCACACCTC-51","ACTGCCACCGCACACCTC",51,109,112,2,27,221,0.506787330316742,0.0232851124855911
"ACTGCCACCGCACACCTC-52","ACTGCCACCGCACACCTC",52,219,4,0,27,223,0.0179372197309417,0.000603152751658897
"ACTGCCACCGCACACCTC-53","ACTGCCACCGCACACCTC",53,223,0,0,27,223,0,0
"ACTGCCACCGCACACCTC-54","ACTGCCACCGCACACCTC",54,222,1,0,27,223,0.00448430493273543,0.000149801764856239
"ACTGCCACCGCACACCTC-55","ACTGCCACCGCACACCTC",55,222,1,0,27,223,0.00448430493273543,0.000149801764856239
"ACTGCCACCGCACACCTC-56","ACTGCCACCGCACACCTC",56,223,0,0,27,223,0,0
"ACTGCCACCGCACACCTC-57","ACTGCCACCGCACACCTC",57,98,123,2,27,221,0.556561085972851,0.0267424231576185
"ACTGCCACCGCACACCTC-58","ACTGCCACCGCACACCTC",58,129,93,1,27,222,0.418918918918919,0.0179327588054518
"ACTGCCACCGCACACCTC-59","ACTGCCACCGCACACCTC",59,2,221,0,27,223,0.991031390134529,0.145410594630838
"ACTGCCACCGCACACCTC-60","ACTGCCACCGCACACCTC",60,216,7,0,27,223,0.031390134529148,0.00106254722237198
"ACTGCCACCGCACACCTC-61","ACTGCCACCGCACACCTC",61,221,2,0,27,223,0.00896860986547085,0.000300257245180346
"ACTGCCACCGCACACCTC-62","ACTGCCACCGCACACCTC",62,222,1,0,27,223,0.00448430493273543,0.000149801764856239
"ACTGCCACCGCACACCTC-63","ACTGCCACCGCACACCTC",63,222,1,0,27,223,0.00448430493273543,0.000149801764856239
"ACTGCCACCGCACACCTC-64","ACTGCCACCGCACACCTC",64,193,27,3,27,220,0.122727272727273,0.00435506765058502
"ACTGCCACCGCACACCTC-65","ACTGCCACCGCACACCTC",65,205,18,0,27,223,0.0807174887892377,0.0028014616394999
"ACTGCCACCGCACACCTC-66","ACTGCCACCGCACACCTC",66,219,3,1,27,222,0.0135135135135135,0.000453418909755587
"ACTGCCACCGCACACCTC-67","ACTGCCACCGCACACCTC",67,199,23,1,27,222,0.103603603603604,0.00363911422035057
"ACTGCCACCGCACACCTC-68","ACTGCCACCGCACACCTC",68,223,0,0,27,223,0,0
"ACTGCCACCGCACACCTC-69","ACTGCCACCGCACACCTC",69,1,222,0,27,223,0.995515695067265,0.164929443625228
"ACTGCCACCGCACACCTC-70","ACTGCCACCGCACACCTC",70,1,222,0,27,223,0.995515695067265,0.164929443625228
"ACTGCCACCGCACACCTC-71","ACTGCCACCGCACACCTC",71,0,223,0,27,223,1,1
"ACTGCCACCGCACACCTC-72","ACTGCCACCGCACACCTC",72,223,0,0,27,223,0,0
"ACTGCCACCGCACACCTC-73","ACTGCCACCGCACACCTC",73,223,0,0,27,223,0,0
"ACTGCCACCGCACACCTC-74","ACTGCCACCGCACACCTC",74,220,3,0,27,223,0.0134529147982063,0.000451372271130901
"ACTGCCACCGCACACCTC-75","ACTGCCACCGCACACCTC",75,0,223,0,27,223,1,1
"ACTGCCACCGCACACCTC-76","ACTGCCACCGCACACCTC",76,204,19,0,27,223,0.0852017937219731,0.00296399126594771
"ACTGCCACCGCACACCTC-77","ACTGCCACCGCACACCTC",77,181,39,3,27,220,0.177272727272727,0.00648324300347158
"ACTGCCACCGCACACCTC-78","ACTGCCACCGCACACCTC",78,170,51,2,27,221,0.230769230769231,0.00870734504876369
"ACTGCCACCGCACACCTC-79","ACTGCCACCGCACACCTC",79,222,0,1,27,222,0,0
"ACTGCCACCGCACACCTC-80","ACTGCCACCGCACACCTC",80,222,0,1,27,222,0,0
"ACTGCCACCGCACACCTC-81","ACTGCCACCGCACACCTC",81,222,0,1,27,222,0,0
"ACTGCCACCGCACACCTC-82","ACTGCCACCGCACACCTC",82,221,1,1,27,222,0.0045045045045045,0.000150478022197365
"ACTGCCACCGCACACCTC-83","ACTGCCACCGCACACCTC",83,221,1,1,27,222,0.0045045045045045,0.000150478022197365
"ACTGCCACCGCACACCTC-84","ACTGCCACCGCACACCTC",84,1,221,1,27,222,0.995495495495496,0.164804329839839
"ACTGCCACCGCACACCTC-85","ACTGCCACCGCACACCTC",85,0,222,1,27,222,1,1
"ACTGCCACCGCACACCTC-86","ACTGCCACCGCACACCTC",86,217,5,1,27,222,0.0225225225225225,0.000759046056411417
"ACTGCCACCGCACACCTC-87","ACTGCCACCGCACACCTC",87,215,7,1,27,222,0.0315315315315315,0.00106740837212493
"ACTGCCACCGCACACCTC-88","ACTGCCACCGCACACCTC",88,183,38,2,27,221,0.171945701357466,0.00626948255166204
"ACTGCCACCGCACACCTC-89","ACTGCCACCGCACACCTC",89,136,83,4,27,219,0.378995433789954,0.0157551302037888
"ACTGCCACCGCACACCTC-90","ACTGCCACCGCACACCTC",90,195,26,2,27,221,0.117647058823529,0.00416341362702854
"ACTGCCACCGCACACCTC-91","ACTGCCACCGCACACCTC",91,216,6,1,27,222,0.027027027027027,0.000912882208881749
"ACTGCCACCGCACACCTC-92","ACTGCCACCGCACACCTC",92,222,0,1,27,222,0,0
"ACTGCCACCGCACACCTC-93","ACTGCCACCGCACACCTC",93,219,3,1,27,222,0.0135135135135135,0.000453418909755587
"ACTGCCACCGCACACCTC-94","ACTGCCACCGCACACCTC",94,222,0,1,27,222,0,0
"ACTGCCACCGCACACCTC-95","ACTGCCACCGCACACCTC",95,215,7,1,27,222,0.0315315315315315,0.00106740837212493
"ACTGCCACCGCACACCTC-96","ACTGCCACCGCACACCTC",96,218,3,2,27,221,0.0135746606334842,0.000455484193187083
"ACTGCCACCGCACACCTC-97","ACTGCCACCGCACACCTC",97,2,220,1,27,222,0.990990990990991,0.14528255644934
"ACTGCCACCGCACACCTC-98","ACTGCCACCGCACACCTC",98,213,9,1,27,222,0.0405405405405405,0.00137855612275561
"ACTGCCACCGCACACCTC-99","ACTGCCACCGCACACCTC",99,221,1,1,27,222,0.0045045045045045,0.000150478022197365
"ACTGCCACCGCACACCTC-100","ACTGCCACCGCACACCTC",100,221,1,1,27,222,0.0045045045045045,0.000150478022197365
"ACTGCCACCGCACACCTC-101","ACTGCCACCGCACACCTC",101,69,151,3,27,220,0.686363636363636,0.0379132939913265
"ACTGCCACCGCACACCTC-102","ACTGCCACCGCACACCTC",102,0,222,1,27,222,1,1
"ACTGCCACCGCACACCTC-103","ACTGCCACCGCACACCTC",103,222,0,1,27,222,0,0
"ACTGCCACCGCACACCTC-104","ACTGCCACCGCACACCTC",104,0,222,1,27,222,1,1
"ACTGCCACCGCACACCTC-105","ACTGCCACCGCACACCTC",105,202,18,3,27,220,0.0818181818181818,0.0028412841883253
"ACTGCCACCGCACACCTC-106","ACTGCCACCGCACACCTC",106,222,0,1,27,222,0,0
"ACTGCCACCGCACACCTC-107","ACTGCCACCGCACACCTC",107,221,2,0,27,223,0.00896860986547085,0.000300257245180346
"ACTGCCACCGCACACCTC-108","ACTGCCACCGCACACCTC",108,223,0,0,27,223,0,0
"ACTGCCACCGCACACCTC-109","ACTGCCACCGCACACCTC",109,115,105,3,27,220,0.477272727272727,0.0213910755897181
"ACTGCCACCGCACACCTC-110","ACTGCCACCGCACACCTC",110,114,107,2,27,221,0.484162895927602,0.0218238132332162
"ACTGCCACCGCACACCTC-111","ACTGCCACCGCACACCTC",111,222,0,1,27,222,0,0
"ACTGCCACCGCACACCTC-112","ACTGCCACCGCACACCTC",112,221,2,0,27,223,0.00896860986547085,0.000300257245180346
"ACTGCCACCGCACACCTC-113","ACTGCCACCGCACACCTC",113,222,1,0,27,223,0.00448430493273543,0.000149801764856239
"ACTGCCACCGCACACCTC-114","ACTGCCACCGCACACCTC",114,131,91,1,27,222,0.40990990990991,0.0174289954838391
"ACTGCCACCGCACACCTC-115","ACTGCCACCGCACACCTC",115,1,222,0,27,223,0.995515695067265,0.164929443625228
"ACTGCCACCGCACACCTC-116","ACTGCCACCGCACACCTC",116,172,49,2,27,221,0.221719457013575,0.00832079642521644
"ACTGCCACCGCACACCTC-117","ACTGCCACCGCACACCTC",117,197,26,0,27,223,0.116591928251121,0.00412374201899857
"ACTGCCACCGCACACCTC-118","ACTGCCACCGCACACCTC",118,221,2,0,27,223,0.00896860986547085,0.000300257245180346
"ACTGCCACCGCACACCTC-119","ACTGCCACCGCACACCTC",119,0,223,0,27,223,1,1
"ACTGCCACCGCACACCTC-120","ACTGCCACCGCACACCTC",120,1,222,0,27,223,0.995515695067265,0.164929443625228
"ACTGCCACCGCACACCTC-121","ACTGCCACCGCACACCTC",121,220,3,0,27,223,0.0134529147982063,0.000451372271130901
"ACTGCCACCGCACACCTC-122","ACTGCCACCGCACACCTC",122,218,5,0,27,223,0.0224215246636771,0.000755604675938382
"ACTGCCACCGCACACCTC-123","ACTGCCACCGCACACCTC",123,223,0,0,27,223,0,0
"ACTGCCACCGCACACCTC-124","ACTGCCACCGCACACCTC",124,221,2,0,27,223,0.00896860986547085,0.000300257245180346
"ACTGCCACCGCACACCTC-125","ACTGCCACCGCACACCTC",125,216,7,0,27,223,0.031390134529148,0.00106254722237198
"ACTGCCACCGCACACCTC-126","ACTGCCACCGCACACCTC",126,222,1,0,27,223,0.00448430493273543,0.000149801764856239
"ACTGCCACCGCACACCTC-127","ACTGCCACCGCACACCTC",127,1,222,0,27,223,0.995515695067265,0.164929443625228
"ACTGCCACCGCACACCTC-128","ACTGCCACCGCACACCTC",128,1,222,0,27,223,0.995515695067265,0.164929443625228
"ACTGCCACCGCACACCTC-129","ACTGCCACCGCACACCTC",129,2,221,0,27,223,0.991031390134529,0.145410594630838
"ACTGCCACCGCACACCTC-130","ACTGCCACCGCACACCTC",130,222,1,0,27,223,0.00448430493273543,0.000149801764856239
"ACTGCCACCGCACACCTC-131","ACTGCCACCGCACACCTC",131,217,6,0,27,223,0.0269058295964126,0.000908734114828835
"ACTGCCACCGCACACCTC-132","ACTGCCACCGCACACCTC",132,223,0,0,27,223,0,0
"ACTGCCACCGCACACCTC-133","ACTGCCACCGCACACCTC",133,36,186,1,27,222,0.837837837837838,0.0588366991681911
"ACTGCCACCGCACACCTC-134","ACTGCCACCGCACACCTC",134,59,161,3,27,220,0.731818181818182,0.0429213146680107
"ACTGCCACCGCACACCTC-135","ACTGCCACCGCACACCTC",135,218,4,1,27,222,0.018018018018018,0.00060589367502395
"ACTGCCACCGCACACCTC-136","ACTGCCACCGCACACCTC",136,222,1,0,27,223,0.00448430493273543,0.000149801764856239
"ACTGCCACCGCACACCTC-137","ACTGCCACCGCACACCTC",137,223,0,0,27,223,0,0
"ACTGCCACCGCACACCTC-138","ACTGCCACCGCACACCTC",138,221,2,0,27,223,0.00896860986547085,0.000300257245180346
"ACTGCCACCGCACACCTC-139","ACTGCCACCGCACACCTC",139,222,1,0,27,223,0.00448430493273543,0.000149801764856239
"ACTGCCACCGCACACCTC-140","ACTGCCACCGCACACCTC",140,0,223,0,27,223,1,1
"ACTGCCACCGCACACCTC-141","ACTGCCACCGCACACCTC",141,1,222,0,27,223,0.995515695067265,0.164929443625228
"ACTGCCACCGCACACCTC-142","ACTGCCACCGCACACCTC",142,216,6,1,27,222,0.027027027027027,0.000912882208881749
"ACTGCCACCGCACACCTC-143","ACTGCCACCGCACACCTC",143,223,0,0,27,223,0,0
"ACTGCCACCGCACACCTC-144","ACTGCCACCGCACACCTC",144,136,85,2,27,221,0.384615384615385,0.0160533430927052
"ACTGCCACCGCACACCTC-145","ACTGCCACCGCACACCTC",145,213,10,0,27,223,0.0448430493273543,0.00152815137747175
"ACTGCCACCGCACACCTC-146","ACTGCCACCGCACACCTC",146,203,19,1,27,222,0.0855855855855856,0.00297793721671691
"ACTGCCACCGCACACCTC-147","ACTGCCACCGCACACCTC",147,223,0,0,27,223,0,0
"ACTGCCACCGCACACCTC-148","ACTGCCACCGCACACCTC",148,223,0,0,27,223,0,0
"ACTGCCACCGCACACCTC-149","ACTGCCACCGCACACCTC",149,27,196,0,27,223,0.878923766816143,0.0679584000767315
"ACTGCCACCGCACACCTC-150","ACTGCCACCGCACACCTC",150,157,65,1,27,222,0.292792792792793,0.0114813002163985
"ACTGCCACCGCACACCTC-151","ACTGCCACCGCACACCTC",151,93,128,2,27,221,0.579185520361991,0.0284398591611504
"ACTGCCACCGCACACCTC-152","ACTGCCACCGCACACCTC",152,204,17,2,27,221,0.0769230769230769,0.00266453406642586
"ACTGCCACCGCACACCTC-153","ACTGCCACCGCACACCTC",153,217,6,0,27,223,0.0269058295964126,0.000908734114828835
"ACTGCCACCGCACACCTC-154","ACTGCCACCGCACACCTC",154,222,1,0,27,223,0.00448430493273543,0.000149801764856239
"ACTGCCACCGCACACCTC-155","ACTGCCACCGCACACCTC",155,223,0,0,27,223,0,0
"ACTGCCACCGCACACCTC-156","ACTGCCACCGCACACCTC",156,223,0,0,27,223,0,0
"ACTGCCACCGCACACCTC-157","ACTGCCACCGCACACCTC",157,4,219,0,27,223,0.982062780269058,0.125435514168151
"ACTGCCACCGCACACCTC-158","ACTGCCACCGCACACCTC",158,210,13,0,27,223,0.0582959641255605,0.00200013841003088
"ACTGCCACCGCACACCTC-159","ACTGCCACCGCACACCTC",159,215,8,0,27,223,0.0358744394618834,0.00121705023732321
"ACTGCCACCGCACACCTC-160","ACTGCCACCGCACACCTC",160,222,1,0,27,223,0.00448430493273543,0.000149801764856239
"ACTGCCACCGCACACCTC-161","ACTGCCACCGCACACCTC",161,221,2,0,27,223,0.00896860986547085,0.000300257245180346
"ACTGCCACCGCACACCTC-162","ACTGCCACCGCACACCTC",162,1,222,0,27,223,0.995515695067265,0.164929443625228
"ACTGCCACCGCACACCTC-163","ACTGCCACCGCACACCTC",163,221,2,0,27,223,0.00896860986547085,0.000300257245180346
"ACTGCCACCGCACACCTC-164","ACTGCCACCGCACACCTC",164,223,0,0,27,223,0,0
"ACTGCCACCGCACACCTC-165","ACTGCCACCGCACACCTC",165,222,1,0,27,223,0.00448430493273543,0.000149801764856239
"ACTGCCACCGCACACCTC-166","ACTGCCACCGCACACCTC",166,82,139,2,27,221,0.6289592760181,0.0325079925460032
"ACTGCCACCGCACACCTC-167","ACTGCCACCGCACACCTC",167,33,187,3,27,220,0.85,0.061279341980463
"ACTGCCACCGCACACCTC-168","ACTGCCACCGCACACCTC",168,199,23,1,27,222,0.103603603603604,0.00363911422035057
"ACTGCCACCGCACACCTC-169","ACTGCCACCGCACACCTC",169,223,0,0,27,223,0,0
"ACTGCCACCGCACACCTC-170","ACTGCCACCGCACACCTC",170,222,1,0,27,223,0.00448430493273543,0.000149801764856239
"ACTGCCACCGCACACCTC-171","ACTGCCACCGCACACCTC",171,221,2,0,27,223,0.00896860986547085,0.000300257245180346
"ACTGCCACCGCACACCTC-172","ACTGCCACCGCACACCTC",172,0,223,0,27,223,1,1
"ACTGCCACCGCACACCTC-173","ACTGCCACCGCACACCTC",173,1,222,0,27,223,0.995515695067265,0.164929443625228
"ACTGCCACCGCACACCTC-174","ACTGCCACCGCACACCTC",174,220,1,2,27,221,0.00452488687782805,0.000151160412959706
"ACTGCCACCGCACACCTC-175","ACTGCCACCGCACACCTC",175,223,0,0,27,223,0,0
"ACTGCCACCGCACACCTC-176","ACTGCCACCGCACACCTC",176,0,223,0,27,223,1,1
"ACTGCCACCGCACACCTC-177","ACTGCCACCGCACACCTC",177,1,222,0,27,223,0.995515695067265,0.164929443625228
"ACTGCCACCGCACACCTC-178","ACTGCCACCGCACACCTC",178,1,222,0,27,223,0.995515695067265,0.164929443625228
"ACTGCCACCGCACACCTC-179","ACTGCCACCGCACACCTC",179,220,3,0,27,223,0.0134529147982063,0.000451372271130901
"ACTGCCACCGCACACCTC-180","ACTGCCACCGCACACCTC",180,222,1,0,27,223,0.00448430493273543,0.000149801764856239
"ACTGCCACCGCACACCTC-181","ACTGCCACCGCACACCTC",181,223,0,0,27,223,0,0
"ACTGCCACCGCACACCTC-182","ACTGCCACCGCACACCTC",182,50,171,2,27,221,0.773755656108597,0.0483309963316879
"ACTGCCACCGCACACCTC-183","ACTGCCACCGCACACCTC",183,25,198,0,27,223,0.887892376681614,0.0703463654924418
"ACTGCCACCGCACACCTC-184","ACTGCCACCGCACACCTC",184,222,1,0,27,223,0.00448430493273543,0.000149801764856239
"ACTGCCACCGCACACCTC-185","ACTGCCACCGCACACCTC",185,66,156,1,27,222,0.702702702702703,0.0396275374999757
"ACTGCCACCGCACACCTC-186","ACTGCCACCGCACACCTC",186,68,154,1,27,222,0.693693693693694,0.0386713963936888
"ACTGCCACCGCACACCTC-187","ACTGCCACCGCACACCTC",187,204,18,1,27,222,0.0810810810810811,0.00281461113480685
"ACTGCCACCGCACACCTC-188","ACTGCCACCGCACACCTC",188,212,11,0,27,223,0.0493273542600897,0.00168476241802717
"ACTGCCACCGCACACCTC-189","ACTGCCACCGCACACCTC",189,14,209,0,27,223,0.937219730941704,0.0881415245661062
"ACTGCCACCGCACACCTC-190","ACTGCCACCGCACACCTC",190,190,31,2,27,221,0.14027149321267,0.00502528510464273
"ACTGCCACCGCACACCTC-191","ACTGCCACCGCACACCTC",191,217,6,0,27,223,0.0269058295964126,0.000908734114828835
"ACTGCCACCGCACACCTC-192","ACTGCCACCGCACACCTC",192,221,2,0,27,223,0.00896860986547085,0.000300257245180346
"ACTGCCACCGCACACCTC-193","ACTGCCACCGCACACCTC",193,1,221,1,27,222,0.995495495495496,0.164804329839839
"ACTGCCACCGCACACCTC-194","ACTGCCACCGCACACCTC",194,155,66,2,27,221,0.298642533936652,0.0117549504757037
"ACTGCCACCGCACACCTC-195","ACTGCCACCGCACACCTC",195,210,12,1,27,222,0.0540540540540541,0.00185061387039842
"ACTGCCACCGCACACCTC-196","ACTGCCACCGCACACCTC",196,221,1,1,27,222,0.0045045045045045,0.000150478022197365
"ACTGCCACCGCACACCTC-197","ACTGCCACCGCACACCTC",197,222,0,1,27,222,0,0
"ACTGCCACCGCACACCTC-198","ACTGCCACCGCACACCTC",198,221,1,1,27,222,0.0045045045045045,0.000150478022197365
"ACTGCCACCGCACACCTC-199","ACTGCCACCGCACACCTC",199,37,185,1,27,222,0.833333333333333,0.0579767428964284
"ACTGCCACCGCACACCTC-200","ACTGCCACCGCACACCTC",200,27,195,1,27,222,0.878378378378378,0.0678187576814663
"ACTGCCACCGCACACCTC-201","ACTGCCACCGCACACCTC",201,218,4,1,27,222,0.018018018018018,0.00060589367502395
"ACTGCCACCGCACACCTC-202","ACTGCCACCGCACACCTC",202,202,19,2,27,221,0.085972850678733,0.00299201511159386
"ACTGCCACCGCACACCTC-203","ACTGCCACCGCACACCTC",203,222,0,1,27,222,0,0
"ACTGCCACCGCACACCTC-204","ACTGCCACCGCACACCTC",204,216,6,1,27,222,0.027027027027027,0.000912882208881749
"ACTGCCACCGCACACCTC-205","ACTGCCACCGCACACCTC",205,214,8,1,27,222,0.036036036036036,0.00122263087212349
"ACTGCCACCGCACACCTC-206","ACTGCCACCGCACACCTC",206,38,184,1,27,222,0.828828828828829,0.0571389669520798
"ACTGCCACCGCACACCTC-207","ACTGCCACCGCACACCTC",207,152,69,2,27,221,0.312217194570136,0.0123985691422936
"ACTGCCACCGCACACCTC-208","ACTGCCACCGCACACCTC",208,212,9,2,27,221,0.0407239819004525,0.00138492100541265
"ACTGCCACCGCACACCTC-209","ACTGCCACCGCACACCTC",209,222,0,1,27,222,0,0
"ACTGCCACCGCACACCTC-210","ACTGCCACCGCACACCTC",210,222,0,1,27,222,0,0
"ACTGCCACCGCACACCTC-211","ACTGCCACCGCACACCTC",211,221,2,0,27,223,0.00896860986547085,0.000300257245180346
"ACTGCCACCGCACACCTC-212","ACTGCCACCGCACACCTC",212,218,5,0,27,223,0.0224215246636771,0.000755604675938382
"ACTGCCACCGCACACCTC-213","ACTGCCACCGCACACCTC",213,1,222,0,27,223,0.995515695067265,0.164929443625228
"ACTGCCACCGCACACCTC-214","ACTGCCACCGCACACCTC",214,170,52,1,27,222,0.234234234234234,0.00885651280689959
"ACTGCCACCGCACACCTC-215","ACTGCCACCGCACACCTC",215,220,3,0,27,223,0.0134529147982063,0.000451372271130901
"ACTGCCACCGCACACCTC-216","ACTGCCACCGCACACCTC",216,223,0,0,27,223,0,0
"ACTGCCACCGCACACCTC-217","ACTGCCACCGCACACCTC",217,1,222,0,27,223,0.995515695067265,0.164929443625228
"ACTGCCACCGCACACCTC-218","ACTGCCACCGCACACCTC",218,172,49,2,27,221,0.221719457013575,0.00832079642521644
"ACTGCCACCGCACACCTC-219","ACTGCCACCGCACACCTC",219,215,8,0,27,223,0.0358744394618834,0.00121705023732321
"ACTGCCACCGCACACCTC-220","ACTGCCACCGCACACCTC",220,223,0,0,27,223,0,0
"ACTGCCACCGCACACCTC-221","ACTGCCACCGCACACCTC",221,223,0,0,27,223,0,0
"ACTGCCACCGCACACCTC-222","ACTGCCACCGCACACCTC",222,54,167,2,27,221,0.755656108597285,0.0458864808867855
"ACTGCCACCGCACACCTC-223","ACTGCCACCGCACACCTC",223,158,64,1,27,222,0.288288288288288,0.0112720670663797
"ACTGCCACCGCACACCTC-224","ACTGCCACCGCACACCTC",224,220,3,0,27,223,0.0134529147982063,0.000451372271130901
"ACTGCCACCGCACACCTC-225","ACTGCCACCGCACACCTC",225,213,9,1,27,222,0.0405405405405405,0.00137855612275561
"ACTGCCACCGCACACCTC-226","ACTGCCACCGCACACCTC",226,223,0,0,27,223,0,0
"ACTGCCACCGCACACCTC-227","ACTGCCACCGCACACCTC",227,222,1,0,27,223,0.00448430493273543,0.000149801764856239
"ACTGCCACCGCACACCTC-228","ACTGCCACCGCACACCTC",228,218,5,0,27,223,0.0224215246636771,0.000755604675938382
"ACTGCCACCGCACACCTC-229","ACTGCCACCGCACACCTC",229,165,57,1,27,222,0.256756756756757,0.00984230791044571
"ACTGCCACCGCACACCTC-230","ACTGCCACCGCACACCTC",230,38,184,1,27,222,0.828828828828829,0.0571389669520798
"ACTGCCACCGCACACCTC-231","ACTGCCACCGCACACCTC",231,154,68,1,27,222,0.306306306306306,0.0121168189039665
"ACTGCCACCGCACACCTC-232","ACTGCCACCGCACACCTC",232,222,1,0,27,223,0.00448430493273543,0.000149801764856239
"ACTGCCACCGCACACCTC-233","ACTGCCACCGCACACCTC",233,0,223,0,27,223,1,1
"ACTGCCACCGCACACCTC-234","ACTGCCACCGCACACCTC",234,1,222,0,27,223,0.995515695067265,0.164929443625228
"ACTGCCACCGCACACCTC-235","ACTGCCACCGCACACCTC",235,216,7,0,27,223,0.031390134529148,0.00106254722237198
"ACTGCCACCGCACACCTC-236","ACTGCCACCGCACACCTC",236,223,0,0,27,223,0,0
"ACTGCCACCGCACACCTC-237","ACTGCCACCGCACACCTC",237,223,0,0,27,223,0,0
"ACTGCCACCGCACACCTC-238","ACTGCCACCGCACACCTC",238,73,150,0,27,223,0.672645739910314,0.0365394576156604
"ACTGCCACCGCACACCTC-239","ACTGCCACCGCACACCTC",239,40,183,0,27,223,0.820627802690583,0.0556669903448652
"ACTGCCACCGCACACCTC-240","ACTGCCACCGCACACCTC",240,223,0,0,27,223,0,0
"ACTGCCACCGCACACCTC-241","ACTGCCACCGCACACCTC",241,219,4,0,27,223,0.0179372197309417,0.000603152751658897
"ACTGCCACCGCACACCTC-242","ACTGCCACCGCACACCTC",242,84,136,3,27,220,0.618181818181818,0.031584154585541
"ACTGCCACCGCACACCTC-243","ACTGCCACCGCACACCTC",243,1,222,0,27,223,0.995515695067265,0.164929443625228
"ACTGCCACCGCACACCTC-244","ACTGCCACCGCACACCTC",244,222,1,0,27,223,0.00448430493273543,0.000149801764856239
"ACTGCCACCGCACACCTC-245","ACTGCCACCGCACACCTC",245,208,15,0,27,223,0.0672645739910314,0.00231843133550969
"ACTGCCACCGCACACCTC-246","ACTGCCACCGCACACCTC",246,1,222,0,27,223,0.995515695067265,0.164929443625228
"ACTGCCACCGCACACCTC-247","ACTGCCACCGCACACCTC",247,222,1,0,27,223,0.00448430493273543,0.000149801764856239
"ACTGCCACCGCACACCTC-248","ACTGCCACCGCACACCTC",248,223,0,0,27,223,0,0
"ACTGCCACCGCACACCTC-249","ACTGCCACCGCACACCTC",249,223,0,0,27,223,0,0
"ACTGCCACCGCACACCTC-250","ACTGCCACCGCACACCTC",250,219,4,0,27,223,0.0179372197309417,0.000603152751658897
"ACTGCCACCGCACACCTC-251","ACTGCCACCGCACACCTC",251,2,220,1,27,222,0.990990990990991,0.14528255644934
"ACTGCCACCGCACACCTC-252","ACTGCCACCGCACACCTC",252,216,7,0,27,223,0.031390134529148,0.00106254722237198
"ACTGCCACCGCACACCTC-253","ACTGCCACCGCACACCTC",253,180,41,2,27,221,0.18552036199095,0.00681685413601263
"ACTGCCACCGCACACCTC-254","ACTGCCACCGCACACCTC",254,219,4,0,27,223,0.0179372197309417,0.000603152751658897
"ACTGCCACCGCACACCTC-255","ACTGCCACCGCACACCTC",255,223,0,0,27,223,0,0
"ACTGCCACCGCACACCTC-256","ACTGCCACCGCACACCTC",256,222,1,0,27,223,0.00448430493273543,0.000149801764856239
"ACTGCCACCGCACACCTC-257","ACTGCCACCGCACACCTC",257,1,221,1,27,222,0.995495495495496,0.164804329839839
"ACTGCCACCGCACACCTC-258","ACTGCCACCGCACACCTC",258,1,221,1,27,222,0.995495495495496,0.164804329839839
"ACTGCCACCGCACACCTC-259","ACTGCCACCGCACACCTC",259,223,0,0,27,223,0,0
"ACTGCCACCGCACACCTC-260","ACTGCCACCGCACACCTC",260,223,0,0,27,223,0,0
"ACTGCCACCGCACACCTC-261","ACTGCCACCGCACACCTC",261,222,1,0,27,223,0.00448430493273543,0.000149801764856239
"ACTGCCACCGCACACCTC-262","ACTGCCACCGCACACCTC",262,0,222,1,27,222,1,1
"ACTGCCACCGCACACCTC-263","ACTGCCACCGCACACCTC",263,80,137,6,27,217,0.631336405529954,0.0327152479152236
"ACTGCCACCGCACACCTC-264","ACTGCCACCGCACACCTC",264,221,2,0,27,223,0.00896860986547085,0.000300257245180346
"ACTGCCACCGCACACCTC-265","ACTGCCACCGCACACCTC",265,222,1,0,27,223,0.00448430493273543,0.000149801764856239
"ACTGCCACCGCACACCTC-266","ACTGCCACCGCACACCTC",266,223,0,0,27,223,0,0
"ACTGCCACCGCACACCTC-267","ACTGCCACCGCACACCTC",267,222,1,0,27,223,0.00448430493273543,0.000149801764856239
"ACTGCCACCGCACACCTC-268","ACTGCCACCGCACACCTC",268,1,221,1,27,222,0.995495495495496,0.164804329839839
"ACTGCCACCGCACACCTC-269","ACTGCCACCGCACACCTC",269,78,140,5,27,218,0.642201834862385,0.0336793279417957
"ACTGCCACCGCACACCTC-270","ACTGCCACCGCACACCTC",270,219,4,0,27,223,0.0179372197309417,0.000603152751658897
"ACTGCCACCGCACACCTC-271","ACTGCCACCGCACACCTC",271,222,1,0,27,223,0.00448430493273543,0.000149801764856239
"TCTCAAAGATCGCCTCGA-0","TCTCAAAGATCGCCTCGA",0,207,9,0,34,216,0.0416666666666667,0.00141764800032795
"TCTCAAAGATCGCCTCGA-1","TCTCAAAGATCGCCTCGA",1,0,216,0,34,216,1,1
"TCTCAAAGATCGCCTCGA-2","TCTCAAAGATCGCCTCGA",2,171,45,0,34,216,0.208333333333333,0.00775692031145547
"TCTCAAAGATCGCCTCGA-3","TCTCAAAGATCGCCTCGA",3,194,20,2,34,214,0.0934579439252336,0.00326525262818966
"TCTCAAAGATCGCCTCGA-4","TCTCAAAGATCGCCTCGA",4,1,215,0,34,216,0.99537037037037,0.164041197922063
"TCTCAAAGATCGCCTCGA-5","TCTCAAAGATCGCCTCGA",5,79,134,3,34,213,0.629107981220657,0.0325209200552306
"TCTCAAAGATCGCCTCGA-6","TCTCAAAGATCGCCTCGA",6,195,20,1,34,215,0.0930232558139535,0.00324932513170217
"TCTCAAAGATCGCCTCGA-7","TCTCAAAGATCGCCTCGA",7,214,2,0,34,216,0.00925925925925926,0.00031003168565169
"TCTCAAAGATCGCCTCGA-8","TCTCAAAGATCGCCTCGA",8,216,0,0,34,216,0,0
"TCTCAAAGATCGCCTCGA-9","TCTCAAAGATCGCCTCGA",9,1,215,0,34,216,0.99537037037037,0.164041197922063
"TCTCAAAGATCGCCTCGA-10","TCTCAAAGATCGCCTCGA",10,32,184,0,34,216,0.851851851851852,0.0616679707173492
"TCTCAAAGATCGCCTCGA-11","TCTCAAAGATCGCCTCGA",11,215,0,1,34,215,0,0
"TCTCAAAGATCGCCTCGA-12","TCTCAAAGATCGCCTCGA",12,215,1,0,34,216,0.00462962962962963,0.000154667356321081
"TCTCAAAGATCGCCTCGA-13","TCTCAAAGATCGCCTCGA",13,215,1,0,34,216,0.00462962962962963,0.000154667356321081
"TCTCAAAGATCGCCTCGA-14","TCTCAAAGATCGCCTCGA",14,33,183,0,34,216,0.847222222222222,0.0607050091723389
"TCTCAAAGATCGCCTCGA-15","TCTCAAAGATCGCCTCGA",15,168,45,3,34,213,0.211267605633803,0.00787973041338119
"TCTCAAAGATCGCCTCGA-16","TCTCAAAGATCGCCTCGA",16,212,4,0,34,216,0.0185185185185185,0.000622877031915214
"TCTCAAAGATCGCCTCGA-17","TCTCAAAGATCGCCTCGA",17,212,3,1,34,215,0.013953488372093,0.000468282103549211
"TCTCAAAGATCGCCTCGA-18","TCTCAAAGATCGCCTCGA",18,216,0,0,34,216,0,0
"TCTCAAAGATCGCCTCGA-19","TCTCAAAGATCGCCTCGA",19,210,6,0,34,216,0.0277777777777778,0.000938588482243596
"TCTCAAAGATCGCCTCGA-20","TCTCAAAGATCGCCTCGA",20,0,216,0,34,216,1,1
"TCTCAAAGATCGCCTCGA-21","TCTCAAAGATCGCCTCGA",21,9,207,0,34,216,0.958333333333333,0.100517002266311
"TCTCAAAGATCGCCTCGA-22","TCTCAAAGATCGCCTCGA",22,125,91,0,34,216,0.421296296296296,0.0180669554380873
"TCTCAAAGATCGCCTCGA-23","TCTCAAAGATCGCCTCGA",23,214,2,0,34,216,0.00925925925925926,0.00031003168565169
"TCTCAAAGATCGCCTCGA-24","TCTCAAAGATCGCCTCGA",24,216,0,0,34,216,0,0
"TCTCAAAGATCGCCTCGA-25","TCTCAAAGATCGCCTCGA",25,216,0,0,34,216,0,0
"TCTCAAAGATCGCCTCGA-26","TCTCAAAGATCGCCTCGA",26,215,1,0,34,216,0.00462962962962963,0.000154667356321081
"TCTCAAAGATCGCCTCGA-27","TCTCAAAGATCGCCTCGA",27,9,207,0,34,216,0.958333333333333,0.100517002266311
"TCTCAAAGATCGCCTCGA-28","TCTCAAAGATCGCCTCGA",28,4,212,0,34,216,0.981481481481482,0.124505259663605
"TCTCAAAGATCGCCTCGA-29","TCTCAAAGATCGCCTCGA",29,209,7,0,34,216,0.0324074074074074,0.00109753579051797
"TCTCAAAGATCGCCTCGA-30","TCTCAAAGATCGCCTCGA",30,216,0,0,34,216,0,0
"TCTCAAAGATCGCCTCGA-31","TCTCAAAGATCGCCTCGA",31,214,2,0,34,216,0.00925925925925926,0.00031003168565169
"TCTCAAAGATCGCCTCGA-32","TCTCAAAGATCGCCTCGA",32,214,2,0,34,216,0.00925925925925926,0.00031003168565169
"TCTCAAAGATCGCCTCGA-33","TCTCAAAGATCGCCTCGA",33,212,4,0,34,216,0.0185185185185185,0.000622877031915214
"TCTCAAAGATCGCCTCGA-34","TCTCAAAGATCGCCTCGA",34,10,206,0,34,216,0.953703703703704,0.097352448787018
"TCTCAAAGATCGCCTCGA-35","TCTCAAAGATCGCCTCGA",35,111,104,1,34,215,0.483720930232558,0.0217958883072862
"TCTCAAAGATCGCCTCGA-36","TCTCAAAGATCGCCTCGA",36,206,10,0,34,216,0.0462962962962963,0.00157882696912037
"TCTCAAAGATCGCCTCGA-37","TCTCAAAGATCGCCTCGA",37,215,1,0,34,216,0.00462962962962963,0.000154667356321081
"TCTCAAAGATCGCCTCGA-38","TCTCAAAGATCGCCTCGA",38,1,215,0,34,216,0.99537037037037,0.164041197922063
"TCTCAAAGATCGCCTCGA-39","TCTCAAAGATCGCCTCGA",39,187,29,0,34,216,0.134259259259259,0.00479413098684556
"TCTCAAAGATCGCCTCGA-40","TCTCAAAGATCGCCTCGA",40,107,109,0,34,216,0.50462962962963,0.0231429821179191
"TCTCAAAGATCGCCTCGA-41","TCTCAAAGATCGCCTCGA",41,203,13,0,34,216,0.0601851851851852,0.00206694188230627
"TCTCAAAGATCGCCTCGA-42","TCTCAAAGATCGCCTCGA",42,215,1,0,34,216,0.00462962962962963,0.000154667356321081
"TCTCAAAGATCGCCTCGA-43","TCTCAAAGATCGCCTCGA",43,216,0,0,34,216,0,0
"TCTCAAAGATCGCCTCGA-44","TCTCAAAGATCGCCTCGA",44,213,3,0,34,216,0.0138888888888889,0.000466099407730791
"TCTCAAAGATCGCCTCGA-45","TCTCAAAGATCGCCTCGA",45,42,172,2,34,214,0.803738317757009,0.0528301820839545
"TCTCAAAGATCGCCTCGA-46","TCTCAAAGATCGCCTCGA",46,174,42,0,34,216,0.194444444444444,0.00718152566399011
"TCTCAAAGATCGCCTCGA-47","TCTCAAAGATCGCCTCGA",47,216,0,0,34,216,0,0
"TCTCAAAGATCGCCTCGA-48","TCTCAAAGATCGCCTCGA",48,207,9,0,34,216,0.0416666666666667,0.00141764800032795
"TCTCAAAGATCGCCTCGA-49","TCTCAAAGATCGCCTCGA",49,213,3,0,34,216,0.0138888888888889,0.000466099407730791
"TCTCAAAGATCGCCTCGA-50","TCTCAAAGATCGCCTCGA",50,216,0,0,34,216,0,0
"TCTCAAAGATCGCCTCGA-51","TCTCAAAGATCGCCTCGA",51,0,216,0,34,216,1,1
"TCTCAAAGATCGCCTCGA-52","TCTCAAAGATCGCCTCGA",52,146,69,1,34,215,0.32093023255814,0.0128181850927005
"TCTCAAAGATCGCCTCGA-53","TCTCAAAGATCGCCTCGA",53,210,6,0,34,216,0.0277777777777778,0.000938588482243596
"TCTCAAAGATCGCCTCGA-54","TCTCAAAGATCGCCTCGA",54,209,7,0,34,216,0.0324074074074074,0.00109753579051797
"TCTCAAAGATCGCCTCGA-55","TCTCAAAGATCGCCTCGA",55,215,1,0,34,216,0.00462962962962963,0.000154667356321081
"TCTCAAAGATCGCCTCGA-56","TCTCAAAGATCGCCTCGA",56,95,0,121,34,95,0,0
"TCTCAAAGATCGCCTCGA-57","TCTCAAAGATCGCCTCGA",57,1,94,121,34,95,0.989473684210526,0.140836378753775
"TCTCAAAGATCGCCTCGA-58","TCTCAAAGATCGCCTCGA",58,40,55,121,34,95,0.578947368421053,0.0284215363072484
"TCTCAAAGATCGCCTCGA-59","TCTCAAAGATCGCCTCGA",59,91,4,121,34,95,0.0421052631578947,0.00143288527431562
"TCTCAAAGATCGCCTCGA-60","TCTCAAAGATCGCCTCGA",60,88,7,121,34,95,0.0736842105263158,0.00254808401277362
"TCTCAAAGATCGCCTCGA-61","TCTCAAAGATCGCCTCGA",61,94,1,121,34,95,0.0105263157894737,0.000352674773311024
"TCTCAAAGATCGCCTCGA-62","TCTCAAAGATCGCCTCGA",62,94,1,121,34,95,0.0105263157894737,0.000352674773311024
"TCTCAAAGATCGCCTCGA-63","TCTCAAAGATCGCCTCGA",63,89,6,121,34,95,0.0631578947368421,0.00217232115006749
"TCTCAAAGATCGCCTCGA-64","TCTCAAAGATCGCCTCGA",64,64,31,121,34,95,0.326315789473684,0.0130801616011659
"TCTCAAAGATCGCCTCGA-65","TCTCAAAGATCGCCTCGA",65,9,86,121,34,95,0.905263157894737,0.0755488575976053
"TCTCAAAGATCGCCTCGA-66","TCTCAAAGATCGCCTCGA",66,80,15,121,34,95,0.157894736842105,0.00571196623050152
"TCTCAAAGATCGCCTCGA-67","TCTCAAAGATCGCCTCGA",67,85,9,122,34,94,0.0957446808510638,0.00334916319167189
"TCTCAAAGATCGCCTCGA-68","TCTCAAAGATCGCCTCGA",68,95,0,121,34,95,0,0
"TCTCAAAGATCGCCTCGA-69","TCTCAAAGATCGCCTCGA",69,0,95,121,34,95,1,1
"TCTCAAAGATCGCCTCGA-70","TCTCAAAGATCGCCTCGA",70,94,1,121,34,95,0.0105263157894737,0.000352674773311024
"TCTCAAAGATCGCCTCGA-71","TCTCAAAGATCGCCTCGA",71,0,95,121,34,95,1,1
"TCTCAAAGATCGCCTCGA-72","TCTCAAAGATCGCCTCGA",72,95,0,121,34,95,0,0
"TCTCAAAGATCGCCTCGA-73","TCTCAAAGATCGCCTCGA",73,95,0,121,34,95,0,0
"TCTCAAAGATCGCCTCGA-74","TCTCAAAGATCGCCTCGA",74,92,3,121,34,95,0.0315789473684211,0.00106903865565156
"TCTCAAAGATCGCCTCGA-75","TCTCAAAGATCGCCTCGA",75,0,95,121,34,95,1,1
"TCTCAAAGATCGCCTCGA-76","TCTCAAAGATCGCCTCGA",76,95,0,121,34,95,0,0
"TCTCAAAGATCGCCTCGA-77","TCTCAAAGATCGCCTCGA",77,78,17,121,34,95,0.178947368421053,0.00655071870848611
"TCTCAAAGATCGCCTCGA-78","TCTCAAAGATCGCCTCGA",78,78,16,122,34,94,0.170212765957447,0.00620023060009645
"TCTCAAAGATCGCCTCGA-79","TCTCAAAGATCGCCTCGA",79,95,0,121,34,95,0,0
"TCTCAAAGATCGCCTCGA-80","TCTCAAAGATCGCCTCGA",80,95,0,121,34,95,0,0
"TCTCAAAGATCGCCTCGA-81","TCTCAAAGATCGCCTCGA",81,95,0,121,34,95,0,0
"TCTCAAAGATCGCCTCGA-82","TCTCAAAGATCGCCTCGA",82,94,1,121,34,95,0.0105263157894737,0.000352674773311024
"TCTCAAAGATCGCCTCGA-83","TCTCAAAGATCGCCTCGA",83,215,1,0,34,216,0.00462962962962963,0.000154667356321081
"TCTCAAAGATCGCCTCGA-84","TCTCAAAGATCGCCTCGA",84,40,55,121,34,95,0.578947368421053,0.0284215363072484
"TCTCAAAGATCGCCTCGA-85","TCTCAAAGATCGCCTCGA",85,127,89,0,34,216,0.412037037037037,0.0175472657611357
"TCTCAAAGATCGCCTCGA-86","TCTCAAAGATCGCCTCGA",86,180,36,0,34,216,0.166666666666667,0.00605895527507527
"TCTCAAAGATCGCCTCGA-87","TCTCAAAGATCGCCTCGA",87,189,27,0,34,216,0.125,0.00444115519457478
"TCTCAAAGATCGCCTCGA-88","TCTCAAAGATCGCCTCGA",88,176,39,1,34,215,0.181395348837209,0.00664959405245902
"TCTCAAAGATCGCCTCGA-89","TCTCAAAGATCGCCTCGA",89,97,118,1,34,215,0.548837209302326,0.0261820492149382
"TCTCAAAGATCGCCTCGA-90","TCTCAAAGATCGCCTCGA",90,192,24,0,34,216,0.111111111111111,0.00391840412971356
"TCTCAAAGATCGCCTCGA-91","TCTCAAAGATCGCCTCGA",91,211,5,0,34,216,0.0231481481481481,0.000780371158861093
"TCTCAAAGATCGCCTCGA-92","TCTCAAAGATCGCCTCGA",92,215,1,0,34,216,0.00462962962962963,0.000154667356321081
"TCTCAAAGATCGCCTCGA-93","TCTCAAAGATCGCCTCGA",93,211,5,0,34,216,0.0231481481481481,0.000780371158861093
"TCTCAAAGATCGCCTCGA-94","TCTCAAAGATCGCCTCGA",94,216,0,0,34,216,0,0
"TCTCAAAGATCGCCTCGA-95","TCTCAAAGATCGCCTCGA",95,213,3,0,34,216,0.0138888888888889,0.000466099407730791
"TCTCAAAGATCGCCTCGA-96","TCTCAAAGATCGCCTCGA",96,213,3,0,34,216,0.0138888888888889,0.000466099407730791
"TCTCAAAGATCGCCTCGA-97","TCTCAAAGATCGCCTCGA",97,0,216,0,34,216,1,1
"TCTCAAAGATCGCCTCGA-98","TCTCAAAGATCGCCTCGA",98,0,216,0,34,216,1,1
"TCTCAAAGATCGCCTCGA-99","TCTCAAAGATCGCCTCGA",99,215,1,0,34,216,0.00462962962962963,0.000154667356321081
"TCTCAAAGATCGCCTCGA-100","TCTCAAAGATCGCCTCGA",100,215,1,0,34,216,0.00462962962962963,0.000154667356321081
"TCTCAAAGATCGCCTCGA-101","TCTCAAAGATCGCCTCGA",101,24,191,1,34,215,0.888372093023256,0.0704792422721461
"TCTCAAAGATCGCCTCGA-102","TCTCAAAGATCGCCTCGA",102,0,216,0,34,216,1,1
"TCTCAAAGATCGCCTCGA-103","TCTCAAAGATCGCCTCGA",103,216,0,0,34,216,0,0
"TCTCAAAGATCGCCTCGA-104","TCTCAAAGATCGCCTCGA",104,0,216,0,34,216,1,1
"TCTCAAAGATCGCCTCGA-105","TCTCAAAGATCGCCTCGA",105,150,65,1,34,215,0.302325581395349,0.0119283771853685
"TCTCAAAGATCGCCTCGA-106","TCTCAAAGATCGCCTCGA",106,216,0,0,34,216,0,0
"TCTCAAAGATCGCCTCGA-107","TCTCAAAGATCGCCTCGA",107,215,1,0,34,216,0.00462962962962963,0.000154667356321081
"TCTCAAAGATCGCCTCGA-108","TCTCAAAGATCGCCTCGA",108,216,0,0,34,216,0,0
"TCTCAAAGATCGCCTCGA-109","TCTCAAAGATCGCCTCGA",109,72,144,0,34,216,0.666666666666667,0.0359579930264394
"TCTCAAAGATCGCCTCGA-110","TCTCAAAGATCGCCTCGA",110,161,54,1,34,215,0.251162790697674,0.00959479548678477
"TCTCAAAGATCGCCTCGA-111","TCTCAAAGATCGCCTCGA",111,216,0,0,34,216,0,0
"TCTCAAAGATCGCCTCGA-112","TCTCAAAGATCGCCTCGA",112,213,3,0,34,216,0.0138888888888889,0.000466099407730791
"TCTCAAAGATCGCCTCGA-113","TCTCAAAGATCGCCTCGA",113,216,0,0,34,216,0,0
"TCTCAAAGATCGCCTCGA-114","TCTCAAAGATCGCCTCGA",114,195,21,0,34,216,0.0972222222222222,0.00340348992349526
"TCTCAAAGATCGCCTCGA-115","TCTCAAAGATCGCCTCGA",115,1,215,0,34,216,0.99537037037037,0.164041197922063
"TCTCAAAGATCGCCTCGA-116","TCTCAAAGATCGCCTCGA",116,95,119,2,34,214,0.55607476635514,0.0267068629389569
"TCTCAAAGATCGCCTCGA-117","TCTCAAAGATCGCCTCGA",117,206,10,0,34,216,0.0462962962962963,0.00157882696912037
"TCTCAAAGATCGCCTCGA-118","TCTCAAAGATCGCCTCGA",118,214,2,0,34,216,0.00925925925925926,0.00031003168565169
"TCTCAAAGATCGCCTCGA-119","TCTCAAAGATCGCCTCGA",119,0,216,0,34,216,1,1
"TCTCAAAGATCGCCTCGA-120","TCTCAAAGATCGCCTCGA",120,1,215,0,34,216,0.99537037037037,0.164041197922063
"TCTCAAAGATCGCCTCGA-121","TCTCAAAGATCGCCTCGA",121,213,3,0,34,216,0.0138888888888889,0.000466099407730791
"TCTCAAAGATCGCCTCGA-122","TCTCAAAGATCGCCTCGA",122,204,12,0,34,216,0.0555555555555556,0.00190346656668905
"TCTCAAAGATCGCCTCGA-123","TCTCAAAGATCGCCTCGA",123,216,0,0,34,216,0,0
"TCTCAAAGATCGCCTCGA-124","TCTCAAAGATCGCCTCGA",124,216,0,0,34,216,0,0
"TCTCAAAGATCGCCTCGA-125","TCTCAAAGATCGCCTCGA",125,202,13,1,34,215,0.0604651162790698,0.00207685137769809
"TCTCAAAGATCGCCTCGA-126","TCTCAAAGATCGCCTCGA",126,215,1,0,34,216,0.00462962962962963,0.000154667356321081
"TCTCAAAGATCGCCTCGA-127","TCTCAAAGATCGCCTCGA",127,58,154,4,34,212,0.726415094339623,0.0422847466062306
"TCTCAAAGATCGCCTCGA-128","TCTCAAAGATCGCCTCGA",128,199,15,2,34,214,0.0700934579439252,0.00241944143201522
"TCTCAAAGATCGCCTCGA-129","TCTCAAAGATCGCCTCGA",129,194,21,1,34,215,0.0976744186046512,0.00342013360876747
"TCTCAAAGATCGCCTCGA-130","TCTCAAAGATCGCCTCGA",130,210,6,0,34,216,0.0277777777777778,0.000938588482243596
"TCTCAAAGATCGCCTCGA-131","TCTCAAAGATCGCCTCGA",131,203,12,1,34,215,0.0558139534883721,0.00191257033818326
"TCTCAAAGATCGCCTCGA-132","TCTCAAAGATCGCCTCGA",132,216,0,0,34,216,0,0
"TCTCAAAGATCGCCTCGA-133","TCTCAAAGATCGCCTCGA",133,135,80,1,34,215,0.372093023255814,0.0153924152670837
"TCTCAAAGATCGCCTCGA-134","TCTCAAAGATCGCCTCGA",134,16,199,1,34,215,0.925581395348837,0.082957667372101
"TCTCAAAGATCGCCTCGA-135","TCTCAAAGATCGCCTCGA",135,215,0,1,34,215,0,0
"TCTCAAAGATCGCCTCGA-136","TCTCAAAGATCGCCTCGA",136,214,1,1,34,215,0.00465116279069767,0.000155388362837905
"TCTCAAAGATCGCCTCGA-137","TCTCAAAGATCGCCTCGA",137,215,0,1,34,215,0,0
"TCTCAAAGATCGCCTCGA-138","TCTCAAAGATCGCCTCGA",138,215,0,1,34,215,0,0
"TCTCAAAGATCGCCTCGA-139","TCTCAAAGATCGCCTCGA",139,214,1,1,34,215,0.00465116279069767,0.000155388362837905
"TCTCAAAGATCGCCTCGA-140","TCTCAAAGATCGCCTCGA",140,0,215,1,34,215,1,1
"TCTCAAAGATCGCCTCGA-141","TCTCAAAGATCGCCTCGA",141,1,214,1,34,215,0.995348837209302,0.16391188238326
"TCTCAAAGATCGCCTCGA-142","TCTCAAAGATCGCCTCGA",142,211,5,0,34,216,0.0231481481481481,0.000780371158861093
"TCTCAAAGATCGCCTCGA-143","TCTCAAAGATCGCCTCGA",143,216,0,0,34,216,0,0
"TCTCAAAGATCGCCTCGA-144","TCTCAAAGATCGCCTCGA",144,150,65,1,34,215,0.302325581395349,0.0119283771853685
"TCTCAAAGATCGCCTCGA-145","TCTCAAAGATCGCCTCGA",145,202,13,1,34,215,0.0604651162790698,0.00207685137769809
"TCTCAAAGATCGCCTCGA-146","TCTCAAAGATCGCCTCGA",146,173,43,0,34,216,0.199074074074074,0.00737225109276607
"TCTCAAAGATCGCCTCGA-147","TCTCAAAGATCGCCTCGA",147,214,2,0,34,216,0.00925925925925926,0.00031003168565169
"TCTCAAAGATCGCCTCGA-148","TCTCAAAGATCGCCTCGA",148,216,0,0,34,216,0,0
"TCTCAAAGATCGCCTCGA-149","TCTCAAAGATCGCCTCGA",149,1,215,0,34,216,0.99537037037037,0.164041197922063
"TCTCAAAGATCGCCTCGA-150","TCTCAAAGATCGCCTCGA",150,1,215,0,34,216,0.99537037037037,0.164041197922063
"TCTCAAAGATCGCCTCGA-151","TCTCAAAGATCGCCTCGA",151,1,215,0,34,216,0.99537037037037,0.164041197922063
"TCTCAAAGATCGCCTCGA-152","TCTCAAAGATCGCCTCGA",152,216,0,0,34,216,0,0
"TCTCAAAGATCGCCTCGA-153","TCTCAAAGATCGCCTCGA",153,216,0,0,34,216,0,0
"TCTCAAAGATCGCCTCGA-154","TCTCAAAGATCGCCTCGA",154,215,1,0,34,216,0.00462962962962963,0.000154667356321081
"TCTCAAAGATCGCCTCGA-155","TCTCAAAGATCGCCTCGA",155,216,0,0,34,216,0,0
"TCTCAAAGATCGCCTCGA-156","TCTCAAAGATCGCCTCGA",156,216,0,0,34,216,0,0
"TCTCAAAGATCGCCTCGA-157","TCTCAAAGATCGCCTCGA",157,2,214,0,34,216,0.990740740740741,0.14450158716854
"TCTCAAAGATCGCCTCGA-158","TCTCAAAGATCGCCTCGA",158,177,39,0,34,216,0.180555555555556,0.00661564214675281
"TCTCAAAGATCGCCTCGA-159","TCTCAAAGATCGCCTCGA",159,67,149,0,34,216,0.689814814814815,0.0382680700805016
"TCTCAAAGATCGCCTCGA-160","TCTCAAAGATCGCCTCGA",160,215,1,0,34,216,0.00462962962962963,0.000154667356321081
"TCTCAAAGATCGCCTCGA-161","TCTCAAAGATCGCCTCGA",161,215,1,0,34,216,0.00462962962962963,0.000154667356321081
"TCTCAAAGATCGCCTCGA-162","TCTCAAAGATCGCCTCGA",162,29,187,0,34,216,0.865740740740741,0.0647419070933932
"TCTCAAAGATCGCCTCGA-163","TCTCAAAGATCGCCTCGA",163,95,121,0,34,216,0.560185185185185,0.0270086146508731
"TCTCAAAGATCGCCTCGA-164","TCTCAAAGATCGCCTCGA",164,216,0,0,34,216,0,0
"TCTCAAAGATCGCCTCGA-165","TCTCAAAGATCGCCTCGA",165,215,1,0,34,216,0.00462962962962963,0.000154667356321081
"TCTCAAAGATCGCCTCGA-166","TCTCAAAGATCGCCTCGA",166,48,168,0,34,216,0.777777777777778,0.0488998513735683
"TCTCAAAGATCGCCTCGA-167","TCTCAAAGATCGCCTCGA",167,116,100,0,34,216,0.462962962962963,0.0205096959784831
"TCTCAAAGATCGCCTCGA-168","TCTCAAAGATCGCCTCGA",168,100,116,0,34,216,0.537037037037037,0.0253435938642927
"TCTCAAAGATCGCCTCGA-169","TCTCAAAGATCGCCTCGA",169,216,0,0,34,216,0,0
"TCTCAAAGATCGCCTCGA-170","TCTCAAAGATCGCCTCGA",170,216,0,0,34,216,0,0
"TCTCAAAGATCGCCTCGA-171","TCTCAAAGATCGCCTCGA",171,214,2,0,34,216,0.00925925925925926,0.00031003168565169
"TCTCAAAGATCGCCTCGA-172","TCTCAAAGATCGCCTCGA",172,36,178,2,34,214,0.831775700934579,0.0576845952630822
"TCTCAAAGATCGCCTCGA-173","TCTCAAAGATCGCCTCGA",173,1,215,0,34,216,0.99537037037037,0.164041197922063
"TCTCAAAGATCGCCTCGA-174","TCTCAAAGATCGCCTCGA",174,194,21,1,34,215,0.0976744186046512,0.00342013360876747
"TCTCAAAGATCGCCTCGA-175","TCTCAAAGATCGCCTCGA",175,215,1,0,34,216,0.00462962962962963,0.000154667356321081
"TCTCAAAGATCGCCTCGA-176","TCTCAAAGATCGCCTCGA",176,1,214,1,34,215,0.995348837209302,0.16391188238326
"TCTCAAAGATCGCCTCGA-177","TCTCAAAGATCGCCTCGA",177,59,156,1,34,215,0.725581395348837,0.0421876076484373
"TCTCAAAGATCGCCTCGA-178","TCTCAAAGATCGCCTCGA",178,2,213,1,34,215,0.990697674418605,0.144369249022299
"TCTCAAAGATCGCCTCGA-179","TCTCAAAGATCGCCTCGA",179,213,2,1,34,215,0.00930232558139535,0.000311480227233041
"TCTCAAAGATCGCCTCGA-180","TCTCAAAGATCGCCTCGA",180,213,2,1,34,215,0.00930232558139535,0.000311480227233041
"TCTCAAAGATCGCCTCGA-181","TCTCAAAGATCGCCTCGA",181,215,0,1,34,215,0,0
"TCTCAAAGATCGCCTCGA-182","TCTCAAAGATCGCCTCGA",182,0,215,1,34,215,1,1
"TCTCAAAGATCGCCTCGA-183","TCTCAAAGATCGCCTCGA",183,203,12,1,34,215,0.0558139534883721,0.00191257033818326
"TCTCAAAGATCGCCTCGA-184","TCTCAAAGATCGCCTCGA",184,213,2,1,34,215,0.00930232558139535,0.000311480227233041
"TCTCAAAGATCGCCTCGA-185","TCTCAAAGATCGCCTCGA",185,156,59,1,34,215,0.274418604651163,0.0106357699634155
"TCTCAAAGATCGCCTCGA-186","TCTCAAAGATCGCCTCGA",186,37,177,2,34,214,0.827102803738318,0.0568235862951743
"TCTCAAAGATCGCCTCGA-187","TCTCAAAGATCGCCTCGA",187,193,22,1,34,215,0.102325581395349,0.0035917953229665
"TCTCAAAGATCGCCTCGA-188","TCTCAAAGATCGCCTCGA",188,202,12,2,34,214,0.0560747663551402,0.00192176163425428
"TCTCAAAGATCGCCTCGA-189","TCTCAAAGATCGCCTCGA",189,73,142,1,34,215,0.66046511627907,0.0353654489063215
"TCTCAAAGATCGCCTCGA-190","TCTCAAAGATCGCCTCGA",190,44,171,1,34,215,0.795348837209302,0.0515077051399866
"TCTCAAAGATCGCCTCGA-191","TCTCAAAGATCGCCTCGA",191,193,23,0,34,216,0.106481481481481,0.00374590714580048
"TCTCAAAGATCGCCTCGA-192","TCTCAAAGATCGCCTCGA",192,215,1,0,34,216,0.00462962962962963,0.000154667356321081
"TCTCAAAGATCGCCTCGA-193","TCTCAAAGATCGCCTCGA",193,1,215,0,34,216,0.99537037037037,0.164041197922063
"TCTCAAAGATCGCCTCGA-194","TCTCAAAGATCGCCTCGA",194,53,163,0,34,216,0.75462962962963,0.0457531449937764
"TCTCAAAGATCGCCTCGA-195","TCTCAAAGATCGCCTCGA",195,208,7,1,34,215,0.0325581395348837,0.00110272316767934
"TCTCAAAGATCGCCTCGA-196","TCTCAAAGATCGCCTCGA",196,216,0,0,34,216,0,0
"TCTCAAAGATCGCCTCGA-197","TCTCAAAGATCGCCTCGA",197,216,0,0,34,216,0,0
"TCTCAAAGATCGCCTCGA-198","TCTCAAAGATCGCCTCGA",198,215,1,0,34,216,0.00462962962962963,0.000154667356321081
"TCTCAAAGATCGCCTCGA-199","TCTCAAAGATCGCCTCGA",199,7,209,0,34,216,0.967592592592593,0.108020630727283
"TCTCAAAGATCGCCTCGA-200","TCTCAAAGATCGCCTCGA",200,5,211,0,34,216,0.976851851851852,0.117968947349473
"TCTCAAAGATCGCCTCGA-201","TCTCAAAGATCGCCTCGA",201,213,3,0,34,216,0.0138888888888889,0.000466099407730791
"TCTCAAAGATCGCCTCGA-202","TCTCAAAGATCGCCTCGA",202,214,2,0,34,216,0.00925925925925926,0.00031003168565169
"TCTCAAAGATCGCCTCGA-203","TCTCAAAGATCGCCTCGA",203,216,0,0,34,216,0,0
"TCTCAAAGATCGCCTCGA-204","TCTCAAAGATCGCCTCGA",204,210,6,0,34,216,0.0277777777777778,0.000938588482243596
"TCTCAAAGATCGCCTCGA-205","TCTCAAAGATCGCCTCGA",205,215,1,0,34,216,0.00462962962962963,0.000154667356321081
"TCTCAAAGATCGCCTCGA-206","TCTCAAAGATCGCCTCGA",206,24,191,1,34,215,0.888372093023256,0.0704792422721461
"TCTCAAAGATCGCCTCGA-207","TCTCAAAGATCGCCTCGA",207,207,9,0,34,216,0.0416666666666667,0.00141764800032795
"TCTCAAAGATCGCCTCGA-208","TCTCAAAGATCGCCTCGA",208,213,3,0,34,216,0.0138888888888889,0.000466099407730791
"TCTCAAAGATCGCCTCGA-209","TCTCAAAGATCGCCTCGA",209,216,0,0,34,216,0,0
"TCTCAAAGATCGCCTCGA-210","TCTCAAAGATCGCCTCGA",210,214,2,0,34,216,0.00925925925925926,0.00031003168565169
"TCTCAAAGATCGCCTCGA-211","TCTCAAAGATCGCCTCGA",211,216,0,0,34,216,0,0
"TCTCAAAGATCGCCTCGA-212","TCTCAAAGATCGCCTCGA",212,155,61,0,34,216,0.282407407407407,0.0110008198800724
"TCTCAAAGATCGCCTCGA-213","TCTCAAAGATCGCCTCGA",213,2,214,0,34,216,0.990740740740741,0.14450158716854
"TCTCAAAGATCGCCTCGA-214","TCTCAAAGATCGCCTCGA",214,90,124,2,34,214,0.579439252336449,0.0284593917386328
"TCTCAAAGATCGCCTCGA-215","TCTCAAAGATCGCCTCGA",215,215,1,0,34,216,0.00462962962962963,0.000154667356321081
"TCTCAAAGATCGCCTCGA-216","TCTCAAAGATCGCCTCGA",216,216,0,0,34,216,0,0
"TCTCAAAGATCGCCTCGA-217","TCTCAAAGATCGCCTCGA",217,0,216,0,34,216,1,1
"TCTCAAAGATCGCCTCGA-218","TCTCAAAGATCGCCTCGA",218,111,105,0,34,216,0.486111111111111,0.021947184551184
"TCTCAAAGATCGCCTCGA-219","TCTCAAAGATCGCCTCGA",219,202,14,0,34,216,0.0648148148148148,0.00223119751290712
"TCTCAAAGATCGCCTCGA-220","TCTCAAAGATCGCCTCGA",220,216,0,0,34,216,0,0
"TCTCAAAGATCGCCTCGA-221","TCTCAAAGATCGCCTCGA",221,216,0,0,34,216,0,0
"TCTCAAAGATCGCCTCGA-222","TCTCAAAGATCGCCTCGA",222,8,208,0,34,216,0.962962962962963,0.104041540159238
"TCTCAAAGATCGCCTCGA-223","TCTCAAAGATCGCCTCGA",223,192,23,1,34,215,0.106976744186047,0.0037643189906591
"TCTCAAAGATCGCCTCGA-224","TCTCAAAGATCGCCTCGA",224,211,4,1,34,215,0.0186046511627907,0.000625800593463399
"TCTCAAAGATCGCCTCGA-225","TCTCAAAGATCGCCTCGA",225,210,6,0,34,216,0.0277777777777778,0.000938588482243596
"TCTCAAAGATCGCCTCGA-226","TCTCAAAGATCGCCTCGA",226,216,0,0,34,216,0,0
"TCTCAAAGATCGCCTCGA-227","TCTCAAAGATCGCCTCGA",227,216,0,0,34,216,0,0
"TCTCAAAGATCGCCTCGA-228","TCTCAAAGATCGCCTCGA",228,216,0,0,34,216,0,0
"TCTCAAAGATCGCCTCGA-229","TCTCAAAGATCGCCTCGA",229,152,63,1,34,215,0.293023255813953,0.0114920397796772
"TCTCAAAGATCGCCTCGA-230","TCTCAAAGATCGCCTCGA",230,99,116,1,34,215,0.53953488372093,0.0255193396362602
"TCTCAAAGATCGCCTCGA-231","TCTCAAAGATCGCCTCGA",231,95,121,0,34,216,0.560185185185185,0.0270086146508731
"TCTCAAAGATCGCCTCGA-232","TCTCAAAGATCGCCTCGA",232,216,0,0,34,216,0,0
"TCTCAAAGATCGCCTCGA-233","TCTCAAAGATCGCCTCGA",233,0,216,0,34,216,1,1
"TCTCAAAGATCGCCTCGA-234","TCTCAAAGATCGCCTCGA",234,1,215,0,34,216,0.99537037037037,0.164041197922063
"TCTCAAAGATCGCCTCGA-235","TCTCAAAGATCGCCTCGA",235,2,214,0,34,216,0.990740740740741,0.14450158716854
"TCTCAAAGATCGCCTCGA-236","TCTCAAAGATCGCCTCGA",236,216,0,0,34,216,0,0
"TCTCAAAGATCGCCTCGA-237","TCTCAAAGATCGCCTCGA",237,215,1,0,34,216,0.00462962962962963,0.000154667356321081
"TCTCAAAGATCGCCTCGA-238","TCTCAAAGATCGCCTCGA",238,46,170,0,34,216,0.787037037037037,0.0502481765973802
"TCTCAAAGATCGCCTCGA-239","TCTCAAAGATCGCCTCGA",239,147,69,0,34,216,0.319444444444444,0.012746263463743
"TCTCAAAGATCGCCTCGA-240","TCTCAAAGATCGCCTCGA",240,216,0,0,34,216,0,0
"TCTCAAAGATCGCCTCGA-241","TCTCAAAGATCGCCTCGA",241,204,11,1,34,215,0.0511627906976744,0.00174906973435973
"TCTCAAAGATCGCCTCGA-242","TCTCAAAGATCGCCTCGA",242,1,215,0,34,216,0.99537037037037,0.164041197922063
"TCTCAAAGATCGCCTCGA-243","TCTCAAAGATCGCCTCGA",243,1,215,0,34,216,0.99537037037037,0.164041197922063
"TCTCAAAGATCGCCTCGA-244","TCTCAAAGATCGCCTCGA",244,215,1,0,34,216,0.00462962962962963,0.000154667356321081
"TCTCAAAGATCGCCTCGA-245","TCTCAAAGATCGCCTCGA",245,212,3,1,34,215,0.013953488372093,0.000468282103549211
"TCTCAAAGATCGCCTCGA-246","TCTCAAAGATCGCCTCGA",246,1,215,0,34,216,0.99537037037037,0.164041197922063
"TCTCAAAGATCGCCTCGA-247","TCTCAAAGATCGCCTCGA",247,215,1,0,34,216,0.00462962962962963,0.000154667356321081
"TCTCAAAGATCGCCTCGA-248","TCTCAAAGATCGCCTCGA",248,216,0,0,34,216,0,0
"TCTCAAAGATCGCCTCGA-249","TCTCAAAGATCGCCTCGA",249,216,0,0,34,216,0,0
"TCTCAAAGATCGCCTCGA-250","TCTCAAAGATCGCCTCGA",250,210,6,0,34,216,0.0277777777777778,0.000938588482243596
"TCTCAAAGATCGCCTCGA-251","TCTCAAAGATCGCCTCGA",251,70,146,0,34,216,0.675925925925926,0.0368628317505838
"TCTCAAAGATCGCCTCGA-252","TCTCAAAGATCGCCTCGA",252,186,30,0,34,216,0.138888888888889,0.00497198966802381
"TCTCAAAGATCGCCTCGA-253","TCTCAAAGATCGCCTCGA",253,7,209,0,34,216,0.967592592592593,0.108020630727283
"TCTCAAAGATCGCCTCGA-254","TCTCAAAGATCGCCTCGA",254,210,6,0,34,216,0.0277777777777778,0.000938588482243596
"TCTCAAAGATCGCCTCGA-255","TCTCAAAGATCGCCTCGA",255,216,0,0,34,216,0,0
"TCTCAAAGATCGCCTCGA-256","TCTCAAAGATCGCCTCGA",256,215,1,0,34,216,0.00462962962962963,0.000154667356321081
"TCTCAAAGATCGCCTCGA-257","TCTCAAAGATCGCCTCGA",257,26,190,0,34,216,0.87962962962963,0.0681400361716303
"TCTCAAAGATCGCCTCGA-258","TCTCAAAGATCGCCTCGA",258,5,211,0,34,216,0.976851851851852,0.117968947349473
"TCTCAAAGATCGCCTCGA-259","TCTCAAAGATCGCCTCGA",259,216,0,0,34,216,0,0
"TCTCAAAGATCGCCTCGA-260","TCTCAAAGATCGCCTCGA",260,215,1,0,34,216,0.00462962962962963,0.000154667356321081
"TCTCAAAGATCGCCTCGA-261","TCTCAAAGATCGCCTCGA",261,215,1,0,34,216,0.00462962962962963,0.000154667356321081
"TCTCAAAGATCGCCTCGA-262","TCTCAAAGATCGCCTCGA",262,0,216,0,34,216,1,1
"TCTCAAAGATCGCCTCGA-263","TCTCAAAGATCGCCTCGA",263,1,215,0,34,216,0.99537037037037,0.164041197922063
"TCTCAAAGATCGCCTCGA-264","TCTCAAAGATCGCCTCGA",264,216,0,0,34,216,0,0
"TCTCAAAGATCGCCTCGA-265","TCTCAAAGATCGCCTCGA",265,216,0,0,34,216,0,0
"TCTCAAAGATCGCCTCGA-266","TCTCAAAGATCGCCTCGA",266,215,1,0,34,216,0.00462962962962963,0.000154667356321081
"TCTCAAAGATCGCCTCGA-267","TCTCAAAGATCGCCTCGA",267,215,1,0,34,216,0.00462962962962963,0.000154667356321081
"TCTCAAAGATCGCCTCGA-268","TCTCAAAGATCGCCTCGA",268,2,214,0,34,216,0.990740740740741,0.14450158716854
"TCTCAAAGATCGCCTCGA-269","TCTCAAAGATCGCCTCGA",269,4,212,0,34,216,0.981481481481482,0.124505259663605
"TCTCAAAGATCGCCTCGA-270","TCTCAAAGATCGCCTCGA",270,209,7,0,34,216,0.0324074074074074,0.00109753579051797
"TCTCAAAGATCGCCTCGA-271","TCTCAAAGATCGCCTCGA",271,214,2,0,34,216,0.00925925925925926,0.00031003168565169
"TGCGACTACGCGCCCTTG-0","TGCGACTACGCGCCCTTG",0,206,3,0,41,209,0.0143540669856459,0.000481819993289667
"TGCGACTACGCGCCCTTG-1","TGCGACTACGCGCCCTTG",1,0,209,0,41,209,1,1
"TGCGACTACGCGCCCTTG-2","TGCGACTACGCGCCCTTG",2,1,208,0,41,209,0.995215311004785,0.163122695127693
"TGCGACTACGCGCCCTTG-3","TGCGACTACGCGCCCTTG",3,208,1,0,41,209,0.00478468899521531,0.000159859629870529
"TGCGACTACGCGCCCTTG-4","TGCGACTACGCGCCCTTG",4,1,208,0,41,209,0.995215311004785,0.163122695127693
"TGCGACTACGCGCCCTTG-5","TGCGACTACGCGCCCTTG",5,68,139,2,41,207,0.671497584541063,0.0364270074295098
"TGCGACTACGCGCCCTTG-6","TGCGACTACGCGCCCTTG",6,187,22,0,41,209,0.105263157894737,0.00370065679961351
"TGCGACTACGCGCCCTTG-7","TGCGACTACGCGCCCTTG",7,205,4,0,41,209,0.0191387559808612,0.000643935012350605
"TGCGACTACGCGCCCTTG-8","TGCGACTACGCGCCCTTG",8,209,0,0,41,209,0,0
"TGCGACTACGCGCCCTTG-9","TGCGACTACGCGCCCTTG",9,1,208,0,41,209,0.995215311004785,0.163122695127693
"TGCGACTACGCGCCCTTG-10","TGCGACTACGCGCCCTTG",10,17,192,0,41,209,0.91866028708134,0.0802352641990302
"TGCGACTACGCGCCCTTG-11","TGCGACTACGCGCCCTTG",11,209,0,0,41,209,0,0
"TGCGACTACGCGCCCTTG-12","TGCGACTACGCGCCCTTG",12,208,1,0,41,209,0.00478468899521531,0.000159859629870529
"TGCGACTACGCGCCCTTG-13","TGCGACTACGCGCCCTTG",13,209,0,0,41,209,0,0
"TGCGACTACGCGCCCTTG-14","TGCGACTACGCGCCCTTG",14,1,208,0,41,209,0.995215311004785,0.163122695127693
"TGCGACTACGCGCCCTTG-15","TGCGACTACGCGCCCTTG",15,191,16,2,41,207,0.0772946859903382,0.0026779201316075
"TGCGACTACGCGCCCTTG-16","TGCGACTACGCGCCCTTG",16,206,3,0,41,209,0.0143540669856459,0.000481819993289667
"TGCGACTACGCGCCCTTG-17","TGCGACTACGCGCCCTTG",17,207,2,0,41,209,0.00956937799043062,0.00032046393044316
"TGCGACTACGCGCCCTTG-18","TGCGACTACGCGCCCTTG",18,208,1,0,41,209,0.00478468899521531,0.000159859629870529
"TGCGACTACGCGCCCTTG-19","TGCGACTACGCGCCCTTG",19,207,2,0,41,209,0.00956937799043062,0.00032046393044316
"TGCGACTACGCGCCCTTG-20","TGCGACTACGCGCCCTTG",20,0,209,0,41,209,1,1
"TGCGACTACGCGCCCTTG-21","TGCGACTACGCGCCCTTG",21,2,207,0,41,209,0.990430622009569,0.143561615389056
"TGCGACTACGCGCCCTTG-22","TGCGACTACGCGCCCTTG",22,195,13,1,41,208,0.0625,0.00214897168488637
"TGCGACTACGCGCCCTTG-23","TGCGACTACGCGCCCTTG",23,203,6,0,41,209,0.0287081339712919,0.000970471218684432
"TGCGACTACGCGCCCTTG-24","TGCGACTACGCGCCCTTG",24,208,1,0,41,209,0.00478468899521531,0.000159859629870529
"TGCGACTACGCGCCCTTG-25","TGCGACTACGCGCCCTTG",25,209,0,0,41,209,0,0
"TGCGACTACGCGCCCTTG-26","TGCGACTACGCGCCCTTG",26,207,2,0,41,209,0.00956937799043062,0.00032046393044316
"TGCGACTACGCGCCCTTG-27","TGCGACTACGCGCCCTTG",27,1,208,0,41,209,0.995215311004785,0.163122695127693
"TGCGACTACGCGCCCTTG-28","TGCGACTACGCGCCCTTG",28,206,2,1,41,208,0.00961538461538462,0.000322011840112602
"TGCGACTACGCGCCCTTG-29","TGCGACTACGCGCCCTTG",29,0,209,0,41,209,1,1
"TGCGACTACGCGCCCTTG-30","TGCGACTACGCGCCCTTG",30,209,0,0,41,209,0,0
"TGCGACTACGCGCCCTTG-31","TGCGACTACGCGCCCTTG",31,208,1,0,41,209,0.00478468899521531,0.000159859629870529
"TGCGACTACGCGCCCTTG-32","TGCGACTACGCGCCCTTG",32,209,0,0,41,209,0,0
"TGCGACTACGCGCCCTTG-33","TGCGACTACGCGCCCTTG",33,207,2,0,41,209,0.00956937799043062,0.00032046393044316
"TGCGACTACGCGCCCTTG-34","TGCGACTACGCGCCCTTG",34,6,203,0,41,209,0.971291866028708,0.111617151103632
"TGCGACTACGCGCCCTTG-35","TGCGACTACGCGCCCTTG",35,131,77,1,41,208,0.370192307692308,0.0152932112791527
"TGCGACTACGCGCCCTTG-36","TGCGACTACGCGCCCTTG",36,202,6,1,41,208,0.0288461538461538,0.00097520358961023
"TGCGACTACGCGCCCTTG-37","TGCGACTACGCGCCCTTG",37,207,1,1,41,208,0.00480769230769231,0.000160629978821603
"TGCGACTACGCGCCCTTG-38","TGCGACTACGCGCCCTTG",38,1,207,1,41,208,0.995192307692308,0.162988890841586
"TGCGACTACGCGCCCTTG-39","TGCGACTACGCGCCCTTG",39,164,44,1,41,208,0.211538461538462,0.00789108898685476
"TGCGACTACGCGCCCTTG-40","TGCGACTACGCGCCCTTG",40,134,73,2,41,207,0.352657004830918,0.0143914057679944
"TGCGACTACGCGCCCTTG-41","TGCGACTACGCGCCCTTG",41,195,13,1,41,208,0.0625,0.00214897168488637
"TGCGACTACGCGCCCTTG-42","TGCGACTACGCGCCCTTG",42,206,1,2,41,207,0.00483091787439614,0.000161407788220713
"TGCGACTACGCGCCCTTG-43","TGCGACTACGCGCCCTTG",43,206,1,2,41,207,0.00483091787439614,0.000161407788220713
"TGCGACTACGCGCCCTTG-44","TGCGACTACGCGCCCTTG",44,206,1,2,41,207,0.00483091787439614,0.000161407788220713
"TGCGACTACGCGCCCTTG-45","TGCGACTACGCGCCCTTG",45,31,174,4,41,205,0.848780487804878,0.0610259405006609
"TGCGACTACGCGCCCTTG-46","TGCGACTACGCGCCCTTG",46,1,205,3,41,206,0.995145631067961,0.162719276535132
"TGCGACTACGCGCCCTTG-47","TGCGACTACGCGCCCTTG",47,206,0,3,41,206,0,0
"TGCGACTACGCGCCCTTG-48","TGCGACTACGCGCCCTTG",48,204,2,3,41,206,0.00970873786407767,0.000325152957827535
"TGCGACTACGCGCCCTTG-49","TGCGACTACGCGCCCTTG",49,205,1,3,41,206,0.00485436893203883,0.000162193166971636
"TGCGACTACGCGCCCTTG-50","TGCGACTACGCGCCCTTG",50,206,0,3,41,206,0,0
"TGCGACTACGCGCCCTTG-51","TGCGACTACGCGCCCTTG",51,0,206,3,41,206,1,1
"TGCGACTACGCGCCCTTG-52","TGCGACTACGCGCCCTTG",52,189,16,4,41,205,0.0780487804878049,0.00270510007442037
"TGCGACTACGCGCCCTTG-53","TGCGACTACGCGCCCTTG",53,194,11,4,41,205,0.0536585365853659,0.00183670519130708
"TGCGACTACGCGCCCTTG-54","TGCGACTACGCGCCCTTG",54,197,8,4,41,205,0.0390243902439024,0.0013259951039164
"TGCGACTACGCGCCCTTG-55","TGCGACTACGCGCCCTTG",55,204,2,3,41,206,0.00970873786407767,0.000325152957827535
"TGCGACTACGCGCCCTTG-56","TGCGACTACGCGCCCTTG",56,207,0,2,41,207,0,0
"TGCGACTACGCGCCCTTG-57","TGCGACTACGCGCCCTTG",57,0,207,2,41,207,1,1
"TGCGACTACGCGCCCTTG-58","TGCGACTACGCGCCCTTG",58,1,206,2,41,207,0.995169082125604,0.162854420164826
"TGCGACTACGCGCCCTTG-59","TGCGACTACGCGCCCTTG",59,200,7,2,41,207,0.0338164251207729,0.00114605699839609
"TGCGACTACGCGCCCTTG-60","TGCGACTACGCGCCCTTG",60,204,3,2,41,207,0.0144927536231884,0.000486508263828456
"TGCGACTACGCGCCCTTG-61","TGCGACTACGCGCCCTTG",61,206,1,2,41,207,0.00483091787439614,0.000161407788220713
"TGCGACTACGCGCCCTTG-62","TGCGACTACGCGCCCTTG",62,206,1,2,41,207,0.00483091787439614,0.000161407788220713
"TGCGACTACGCGCCCTTG-63","TGCGACTACGCGCCCTTG",63,191,16,2,41,207,0.0772946859903382,0.0026779201316075
"TGCGACTACGCGCCCTTG-64","TGCGACTACGCGCCCTTG",64,157,50,2,41,207,0.241545893719807,0.00917343123969694
"TGCGACTACGCGCCCTTG-65","TGCGACTACGCGCCCTTG",65,27,180,2,41,207,0.869565217391304,0.0656424183059127
"TGCGACTACGCGCCCTTG-66","TGCGACTACGCGCCCTTG",66,154,53,2,41,207,0.256038647342995,0.00981043365626622
"TGCGACTACGCGCCCTTG-67","TGCGACTACGCGCCCTTG",67,179,28,2,41,207,0.135265700483092,0.00483271757471737
"TGCGACTACGCGCCCTTG-68","TGCGACTACGCGCCCTTG",68,207,0,2,41,207,0,0
"TGCGACTACGCGCCCTTG-69","TGCGACTACGCGCCCTTG",69,203,5,1,41,208,0.0240384615384615,0.000810741193601028
"TGCGACTACGCGCCCTTG-70","TGCGACTACGCGCCCTTG",70,203,5,1,41,208,0.0240384615384615,0.000810741193601028
"TGCGACTACGCGCCCTTG-71","TGCGACTACGCGCCCTTG",71,0,208,1,41,208,1,1
"TGCGACTACGCGCCCTTG-72","TGCGACTACGCGCCCTTG",72,209,0,0,41,209,0,0
"TGCGACTACGCGCCCTTG-73","TGCGACTACGCGCCCTTG",73,209,0,0,41,209,0,0
"TGCGACTACGCGCCCTTG-74","TGCGACTACGCGCCCTTG",74,206,3,0,41,209,0.0143540669856459,0.000481819993289667
"TGCGACTACGCGCCCTTG-75","TGCGACTACGCGCCCTTG",75,0,209,0,41,209,1,1
"TGCGACTACGCGCCCTTG-76","TGCGACTACGCGCCCTTG",76,205,4,0,41,209,0.0191387559808612,0.000643935012350605
"TGCGACTACGCGCCCTTG-77","TGCGACTACGCGCCCTTG",77,182,25,2,41,207,0.120772946859903,0.00428121290689176
"TGCGACTACGCGCCCTTG-78","TGCGACTACGCGCCCTTG",78,172,37,0,41,209,0.177033492822967,0.00647361445689731
"TGCGACTACGCGCCCTTG-79","TGCGACTACGCGCCCTTG",79,209,0,0,41,209,0,0
"TGCGACTACGCGCCCTTG-80","TGCGACTACGCGCCCTTG",80,208,1,0,41,209,0.00478468899521531,0.000159859629870529
"TGCGACTACGCGCCCTTG-81","TGCGACTACGCGCCCTTG",81,209,0,0,41,209,0,0
"TGCGACTACGCGCCCTTG-82","TGCGACTACGCGCCCTTG",82,207,2,0,41,209,0.00956937799043062,0.00032046393044316
"TGCGACTACGCGCCCTTG-83","TGCGACTACGCGCCCTTG",83,209,0,0,41,209,0,0
"TGCGACTACGCGCCCTTG-84","TGCGACTACGCGCCCTTG",84,121,88,0,41,209,0.421052631578947,0.018053176725558
"TGCGACTACGCGCCCTTG-85","TGCGACTACGCGCCCTTG",85,77,131,1,41,208,0.629807692307692,0.0325818159353799
"TGCGACTACGCGCCCTTG-86","TGCGACTACGCGCCCTTG",86,71,138,0,41,209,0.660287081339713,0.0353485929903508
"TGCGACTACGCGCCCTTG-87","TGCGACTACGCGCCCTTG",87,200,8,1,41,208,0.0384615384615385,0.00130650288610623
"TGCGACTACGCGCCCTTG-88","TGCGACTACGCGCCCTTG",88,150,57,2,41,207,0.27536231884058,0.0106786902346545
"TGCGACTACGCGCCCTTG-89","TGCGACTACGCGCCCTTG",89,149,57,3,41,206,0.276699029126214,0.0107395765919713
"TGCGACTACGCGCCCTTG-90","TGCGACTACGCGCCCTTG",90,166,43,0,41,209,0.205741626794258,0.00764881325759037
"TGCGACTACGCGCCCTTG-91","TGCGACTACGCGCCCTTG",91,199,10,0,41,209,0.0478468899521531,0.00163297947706464
"TGCGACTACGCGCCCTTG-92","TGCGACTACGCGCCCTTG",92,209,0,0,41,209,0,0
"TGCGACTACGCGCCCTTG-93","TGCGACTACGCGCCCTTG",93,208,1,0,41,209,0.00478468899521531,0.000159859629870529
"TGCGACTACGCGCCCTTG-94","TGCGACTACGCGCCCTTG",94,209,0,0,41,209,0,0
"TGCGACTACGCGCCCTTG-95","TGCGACTACGCGCCCTTG",95,207,2,0,41,209,0.00956937799043062,0.00032046393044316
"TGCGACTACGCGCCCTTG-96","TGCGACTACGCGCCCTTG",96,205,4,0,41,209,0.0191387559808612,0.000643935012350605
"TGCGACTACGCGCCCTTG-97","TGCGACTACGCGCCCTTG",97,1,208,0,41,209,0.995215311004785,0.163122695127693
"TGCGACTACGCGCCCTTG-98","TGCGACTACGCGCCCTTG",98,198,11,0,41,209,0.0526315789473684,0.00180061764841766
"TGCGACTACGCGCCCTTG-99","TGCGACTACGCGCCCTTG",99,208,1,0,41,209,0.00478468899521531,0.000159859629870529
"TGCGACTACGCGCCCTTG-100","TGCGACTACGCGCCCTTG",100,208,1,0,41,209,0.00478468899521531,0.000159859629870529
"TGCGACTACGCGCCCTTG-101","TGCGACTACGCGCCCTTG",101,26,183,0,41,209,0.875598086124402,0.0671161627718767
"TGCGACTACGCGCCCTTG-102","TGCGACTACGCGCCCTTG",102,0,209,0,41,209,1,1
"TGCGACTACGCGCCCTTG-103","TGCGACTACGCGCCCTTG",103,208,1,0,41,209,0.00478468899521531,0.000159859629870529
"TGCGACTACGCGCCCTTG-104","TGCGACTACGCGCCCTTG",104,0,209,0,41,209,1,1
"TGCGACTACGCGCCCTTG-105","TGCGACTACGCGCCCTTG",105,1,208,0,41,209,0.995215311004785,0.163122695127693
"TGCGACTACGCGCCCTTG-106","TGCGACTACGCGCCCTTG",106,209,0,0,41,209,0,0
"TGCGACTACGCGCCCTTG-107","TGCGACTACGCGCCCTTG",107,208,1,0,41,209,0.00478468899521531,0.000159859629870529
"TGCGACTACGCGCCCTTG-108","TGCGACTACGCGCCCTTG",108,209,0,0,41,209,0,0
"TGCGACTACGCGCCCTTG-109","TGCGACTACGCGCCCTTG",109,1,208,0,41,209,0.995215311004785,0.163122695127693
"TGCGACTACGCGCCCTTG-110","TGCGACTACGCGCCCTTG",110,202,7,0,41,209,0.0334928229665072,0.00113490732379584
"TGCGACTACGCGCCCTTG-111","TGCGACTACGCGCCCTTG",111,209,0,0,41,209,0,0
"TGCGACTACGCGCCCTTG-112","TGCGACTACGCGCCCTTG",112,207,2,0,41,209,0.00956937799043062,0.00032046393044316
"TGCGACTACGCGCCCTTG-113","TGCGACTACGCGCCCTTG",113,209,0,0,41,209,0,0
"TGCGACTACGCGCCCTTG-114","TGCGACTACGCGCCCTTG",114,204,5,0,41,209,0.0239234449760766,0.000806816285921164
"TGCGACTACGCGCCCTTG-115","TGCGACTACGCGCCCTTG",115,0,209,0,41,209,1,1
"TGCGACTACGCGCCCTTG-116","TGCGACTACGCGCCCTTG",116,0,208,1,41,208,1,1
"TGCGACTACGCGCCCTTG-117","TGCGACTACGCGCCCTTG",117,209,0,0,41,209,0,0
"TGCGACTACGCGCCCTTG-118","TGCGACTACGCGCCCTTG",118,208,1,0,41,209,0.00478468899521531,0.000159859629870529
"TGCGACTACGCGCCCTTG-119","TGCGACTACGCGCCCTTG",119,0,209,0,41,209,1,1
"TGCGACTACGCGCCCTTG-120","TGCGACTACGCGCCCTTG",120,1,208,0,41,209,0.995215311004785,0.163122695127693
"TGCGACTACGCGCCCTTG-121","TGCGACTACGCGCCCTTG",121,0,209,0,41,209,1,1
"TGCGACTACGCGCCCTTG-122","TGCGACTACGCGCCCTTG",122,207,2,0,41,209,0.00956937799043062,0.00032046393044316
"TGCGACTACGCGCCCTTG-123","TGCGACTACGCGCCCTTG",123,209,0,0,41,209,0,0
"TGCGACTACGCGCCCTTG-124","TGCGACTACGCGCCCTTG",124,209,0,0,41,209,0,0
"TGCGACTACGCGCCCTTG-125","TGCGACTACGCGCCCTTG",125,208,1,0,41,209,0.00478468899521531,0.000159859629870529
"TGCGACTACGCGCCCTTG-126","TGCGACTACGCGCCCTTG",126,208,1,0,41,209,0.00478468899521531,0.000159859629870529
"TGCGACTACGCGCCCTTG-127","TGCGACTACGCGCCCTTG",127,1,208,0,41,209,0.995215311004785,0.163122695127693
"TGCGACTACGCGCCCTTG-128","TGCGACTACGCGCCCTTG",128,191,18,0,41,209,0.0861244019138756,0.00299752588523994
"TGCGACTACGCGCCCTTG-129","TGCGACTACGCGCCCTTG",129,1,208,0,41,209,0.995215311004785,0.163122695127693
"TGCGACTACGCGCCCTTG-130","TGCGACTACGCGCCCTTG",130,204,5,0,41,209,0.0239234449760766,0.000806816285921164
"TGCGACTACGCGCCCTTG-131","TGCGACTACGCGCCCTTG",131,179,29,1,41,208,0.139423076923077,0.00499257127421726
"TGCGACTACGCGCCCTTG-132","TGCGACTACGCGCCCTTG",132,209,0,0,41,209,0,0
"TGCGACTACGCGCCCTTG-133","TGCGACTACGCGCCCTTG",133,1,208,0,41,209,0.995215311004785,0.163122695127693
"TGCGACTACGCGCCCTTG-134","TGCGACTACGCGCCCTTG",134,1,208,0,41,209,0.995215311004785,0.163122695127693
"TGCGACTACGCGCCCTTG-135","TGCGACTACGCGCCCTTG",135,208,1,0,41,209,0.00478468899521531,0.000159859629870529
"TGCGACTACGCGCCCTTG-136","TGCGACTACGCGCCCTTG",136,208,1,0,41,209,0.00478468899521531,0.000159859629870529
"TGCGACTACGCGCCCTTG-137","TGCGACTACGCGCCCTTG",137,209,0,0,41,209,0,0
"TGCGACTACGCGCCCTTG-138","TGCGACTACGCGCCCTTG",138,207,2,0,41,209,0.00956937799043062,0.00032046393044316
"TGCGACTACGCGCCCTTG-139","TGCGACTACGCGCCCTTG",139,208,1,0,41,209,0.00478468899521531,0.000159859629870529
"TGCGACTACGCGCCCTTG-140","TGCGACTACGCGCCCTTG",140,0,209,0,41,209,1,1
"TGCGACTACGCGCCCTTG-141","TGCGACTACGCGCCCTTG",141,0,209,0,41,209,1,1
"TGCGACTACGCGCCCTTG-142","TGCGACTACGCGCCCTTG",142,0,209,0,41,209,1,1
"TGCGACTACGCGCCCTTG-143","TGCGACTACGCGCCCTTG",143,209,0,0,41,209,0,0
"TGCGACTACGCGCCCTTG-144","TGCGACTACGCGCCCTTG",144,85,124,0,41,209,0.593301435406699,0.0295442118764497
"TGCGACTACGCGCCCTTG-145","TGCGACTACGCGCCCTTG",145,187,21,1,41,208,0.100961538461538,0.00354136329076782
"TGCGACTACGCGCCCTTG-146","TGCGACTACGCGCCCTTG",146,188,20,1,41,208,0.0961538461538462,0.00336419892126283
"TGCGACTACGCGCCCTTG-147","TGCGACTACGCGCCCTTG",147,209,0,0,41,209,0,0
"TGCGACTACGCGCCCTTG-148","TGCGACTACGCGCCCTTG",148,209,0,0,41,209,0,0
"TGCGACTACGCGCCCTTG-149","TGCGACTACGCGCCCTTG",149,1,208,0,41,209,0.995215311004785,0.163122695127693
"TGCGACTACGCGCCCTTG-150","TGCGACTACGCGCCCTTG",150,203,6,0,41,209,0.0287081339712919,0.000970471218684432
"TGCGACTACGCGCCCTTG-151","TGCGACTACGCGCCCTTG",151,2,207,0,41,209,0.990430622009569,0.143561615389056
"TGCGACTACGCGCCCTTG-152","TGCGACTACGCGCCCTTG",152,207,2,0,41,209,0.00956937799043062,0.00032046393044316
"TGCGACTACGCGCCCTTG-153","TGCGACTACGCGCCCTTG",153,209,0,0,41,209,0,0
"TGCGACTACGCGCCCTTG-154","TGCGACTACGCGCCCTTG",154,209,0,0,41,209,0,0
"TGCGACTACGCGCCCTTG-155","TGCGACTACGCGCCCTTG",155,209,0,0,41,209,0,0
"TGCGACTACGCGCCCTTG-156","TGCGACTACGCGCCCTTG",156,209,0,0,41,209,0,0
"TGCGACTACGCGCCCTTG-157","TGCGACTACGCGCCCTTG",157,0,209,0,41,209,1,1
"TGCGACTACGCGCCCTTG-158","TGCGACTACGCGCCCTTG",158,2,207,0,41,209,0.990430622009569,0.143561615389056
"TGCGACTACGCGCCCTTG-159","TGCGACTACGCGCCCTTG",159,208,1,0,41,209,0.00478468899521531,0.000159859629870529
"TGCGACTACGCGCCCTTG-160","TGCGACTACGCGCCCTTG",160,209,0,0,41,209,0,0
"TGCGACTACGCGCCCTTG-161","TGCGACTACGCGCCCTTG",161,208,1,0,41,209,0.00478468899521531,0.000159859629870529
"TGCGACTACGCGCCCTTG-162","TGCGACTACGCGCCCTTG",162,1,208,0,41,209,0.995215311004785,0.163122695127693
"TGCGACTACGCGCCCTTG-163","TGCGACTACGCGCCCTTG",163,204,4,1,41,208,0.0192307692307692,0.000647060094837837
"TGCGACTACGCGCCCTTG-164","TGCGACTACGCGCCCTTG",164,208,1,0,41,209,0.00478468899521531,0.000159859629870529
"TGCGACTACGCGCCCTTG-165","TGCGACTACGCGCCCTTG",165,208,1,0,41,209,0.00478468899521531,0.000159859629870529
"TGCGACTACGCGCCCTTG-166","TGCGACTACGCGCCCTTG",166,204,5,0,41,209,0.0239234449760766,0.000806816285921164
"TGCGACTACGCGCCCTTG-167","TGCGACTACGCGCCCTTG",167,0,209,0,41,209,1,1
"TGCGACTACGCGCCCTTG-168","TGCGACTACGCGCCCTTG",168,1,208,0,41,209,0.995215311004785,0.163122695127693
"TGCGACTACGCGCCCTTG-169","TGCGACTACGCGCCCTTG",169,209,0,0,41,209,0,0
"TGCGACTACGCGCCCTTG-170","TGCGACTACGCGCCCTTG",170,208,1,0,41,209,0.00478468899521531,0.000159859629870529
"TGCGACTACGCGCCCTTG-171","TGCGACTACGCGCCCTTG",171,208,1,0,41,209,0.00478468899521531,0.000159859629870529
"TGCGACTACGCGCCCTTG-172","TGCGACTACGCGCCCTTG",172,0,209,0,41,209,1,1
"TGCGACTACGCGCCCTTG-173","TGCGACTACGCGCCCTTG",173,1,208,0,41,209,0.995215311004785,0.163122695127693
"TGCGACTACGCGCCCTTG-174","TGCGACTACGCGCCCTTG",174,205,4,0,41,209,0.0191387559808612,0.000643935012350605
"TGCGACTACGCGCCCTTG-175","TGCGACTACGCGCCCTTG",175,209,0,0,41,209,0,0
"TGCGACTACGCGCCCTTG-176","TGCGACTACGCGCCCTTG",176,0,209,0,41,209,1,1
"TGCGACTACGCGCCCTTG-177","TGCGACTACGCGCCCTTG",177,1,208,0,41,209,0.995215311004785,0.163122695127693
"TGCGACTACGCGCCCTTG-178","TGCGACTACGCGCCCTTG",178,1,208,0,41,209,0.995215311004785,0.163122695127693
"TGCGACTACGCGCCCTTG-179","TGCGACTACGCGCCCTTG",179,208,1,0,41,209,0.00478468899521531,0.000159859629870529
"TGCGACTACGCGCCCTTG-180","TGCGACTACGCGCCCTTG",180,208,1,0,41,209,0.00478468899521531,0.000159859629870529
"TGCGACTACGCGCCCTTG-181","TGCGACTACGCGCCCTTG",181,209,0,0,41,209,0,0
"TGCGACTACGCGCCCTTG-182","TGCGACTACGCGCCCTTG",182,0,209,0,41,209,1,1
"TGCGACTACGCGCCCTTG-183","TGCGACTACGCGCCCTTG",183,195,14,0,41,209,0.0669856459330144,0.00230848778093884
"TGCGACTACGCGCCCTTG-184","TGCGACTACGCGCCCTTG",184,202,7,0,41,209,0.0334928229665072,0.00113490732379584
"TGCGACTACGCGCCCTTG-185","TGCGACTACGCGCCCTTG",185,199,9,1,41,208,0.0432692307692308,0.00147335537723936
"TGCGACTACGCGCCCTTG-186","TGCGACTACGCGCCCTTG",186,1,208,0,41,209,0.995215311004785,0.163122695127693
"TGCGACTACGCGCCCTTG-187","TGCGACTACGCGCCCTTG",187,207,2,0,41,209,0.00956937799043062,0.00032046393044316
"TGCGACTACGCGCCCTTG-188","TGCGACTACGCGCCCTTG",188,207,1,1,41,208,0.00480769230769231,0.000160629978821603
"TGCGACTACGCGCCCTTG-189","TGCGACTACGCGCCCTTG",189,2,207,0,41,209,0.990430622009569,0.143561615389056
"TGCGACTACGCGCCCTTG-190","TGCGACTACGCGCCCTTG",190,0,209,0,41,209,1,1
"TGCGACTACGCGCCCTTG-191","TGCGACTACGCGCCCTTG",191,2,207,0,41,209,0.990430622009569,0.143561615389056
"TGCGACTACGCGCCCTTG-192","TGCGACTACGCGCCCTTG",192,208,1,0,41,209,0.00478468899521531,0.000159859629870529
"TGCGACTACGCGCCCTTG-193","TGCGACTACGCGCCCTTG",193,0,209,0,41,209,1,1
"TGCGACTACGCGCCCTTG-194","TGCGACTACGCGCCCTTG",194,1,208,0,41,209,0.995215311004785,0.163122695127693
"TGCGACTACGCGCCCTTG-195","TGCGACTACGCGCCCTTG",195,199,10,0,41,209,0.0478468899521531,0.00163297947706464
"TGCGACTACGCGCCCTTG-196","TGCGACTACGCGCCCTTG",196,209,0,0,41,209,0,0
"TGCGACTACGCGCCCTTG-197","TGCGACTACGCGCCCTTG",197,208,1,0,41,209,0.00478468899521531,0.000159859629870529
"TGCGACTACGCGCCCTTG-198","TGCGACTACGCGCCCTTG",198,208,1,0,41,209,0.00478468899521531,0.000159859629870529
"TGCGACTACGCGCCCTTG-199","TGCGACTACGCGCCCTTG",199,0,209,0,41,209,1,1
"TGCGACTACGCGCCCTTG-200","TGCGACTACGCGCCCTTG",200,0,209,0,41,209,1,1
"TGCGACTACGCGCCCTTG-201","TGCGACTACGCGCCCTTG",201,208,1,0,41,209,0.00478468899521531,0.000159859629870529
"TGCGACTACGCGCCCTTG-202","TGCGACTACGCGCCCTTG",202,209,0,0,41,209,0,0
"TGCGACTACGCGCCCTTG-203","TGCGACTACGCGCCCTTG",203,209,0,0,41,209,0,0
"TGCGACTACGCGCCCTTG-204","TGCGACTACGCGCCCTTG",204,207,2,0,41,209,0.00956937799043062,0.00032046393044316
"TGCGACTACGCGCCCTTG-205","TGCGACTACGCGCCCTTG",205,208,1,0,41,209,0.00478468899521531,0.000159859629870529
"TGCGACTACGCGCCCTTG-206","TGCGACTACGCGCCCTTG",206,1,208,0,41,209,0.995215311004785,0.163122695127693
"TGCGACTACGCGCCCTTG-207","TGCGACTACGCGCCCTTG",207,179,29,1,41,208,0.139423076923077,0.00499257127421726
"TGCGACTACGCGCCCTTG-208","TGCGACTACGCGCCCTTG",208,189,20,0,41,209,0.0956937799043062,0.0033472931781211
"TGCGACTACGCGCCCTTG-209","TGCGACTACGCGCCCTTG",209,209,0,0,41,209,0,0
"TGCGACTACGCGCCCTTG-210","TGCGACTACGCGCCCTTG",210,207,2,0,41,209,0.00956937799043062,0.00032046393044316
"TGCGACTACGCGCCCTTG-211","TGCGACTACGCGCCCTTG",211,209,0,0,41,209,0,0
"TGCGACTACGCGCCCTTG-212","TGCGACTACGCGCCCTTG",212,202,7,0,41,209,0.0334928229665072,0.00113490732379584
"TGCGACTACGCGCCCTTG-213","TGCGACTACGCGCCCTTG",213,1,208,0,41,209,0.995215311004785,0.163122695127693
"TGCGACTACGCGCCCTTG-214","TGCGACTACGCGCCCTTG",214,150,58,1,41,208,0.278846153846154,0.0108376048956897
"TGCGACTACGCGCCCTTG-215","TGCGACTACGCGCCCTTG",215,201,8,0,41,209,0.0382775119617225,0.00130013222501801
"TGCGACTACGCGCCCTTG-216","TGCGACTACGCGCCCTTG",216,208,1,0,41,209,0.00478468899521531,0.000159859629870529
"TGCGACTACGCGCCCTTG-217","TGCGACTACGCGCCCTTG",217,0,209,0,41,209,1,1
"TGCGACTACGCGCCCTTG-218","TGCGACTACGCGCCCTTG",218,127,79,3,41,206,0.383495145631068,0.0159936900612196
"TGCGACTACGCGCCCTTG-219","TGCGACTACGCGCCCTTG",219,196,13,0,41,209,0.062200956937799,0.00213836352732688
"TGCGACTACGCGCCCTTG-220","TGCGACTACGCGCCCTTG",220,208,1,0,41,209,0.00478468899521531,0.000159859629870529
"TGCGACTACGCGCCCTTG-221","TGCGACTACGCGCCCTTG",221,208,1,0,41,209,0.00478468899521531,0.000159859629870529
"TGCGACTACGCGCCCTTG-222","TGCGACTACGCGCCCTTG",222,94,113,2,41,207,0.545893719806763,0.025970933809188
"TGCGACTACGCGCCCTTG-223","TGCGACTACGCGCCCTTG",223,105,101,3,41,206,0.490291262135922,0.022213426845696
"TGCGACTACGCGCCCTTG-224","TGCGACTACGCGCCCTTG",224,201,8,0,41,209,0.0382775119617225,0.00130013222501801
"TGCGACTACGCGCCCTTG-225","TGCGACTACGCGCCCTTG",225,201,8,0,41,209,0.0382775119617225,0.00130013222501801
"TGCGACTACGCGCCCTTG-226","TGCGACTACGCGCCCTTG",226,209,0,0,41,209,0,0
"TGCGACTACGCGCCCTTG-227","TGCGACTACGCGCCCTTG",227,209,0,0,41,209,0,0
"TGCGACTACGCGCCCTTG-228","TGCGACTACGCGCCCTTG",228,207,2,0,41,209,0.00956937799043062,0.00032046393044316
"TGCGACTACGCGCCCTTG-229","TGCGACTACGCGCCCTTG",229,199,10,0,41,209,0.0478468899521531,0.00163297947706464
"TGCGACTACGCGCCCTTG-230","TGCGACTACGCGCCCTTG",230,1,208,0,41,209,0.995215311004785,0.163122695127693
"TGCGACTACGCGCCCTTG-231","TGCGACTACGCGCCCTTG",231,208,1,0,41,209,0.00478468899521531,0.000159859629870529
"TGCGACTACGCGCCCTTG-232","TGCGACTACGCGCCCTTG",232,209,0,0,41,209,0,0
"TGCGACTACGCGCCCTTG-233","TGCGACTACGCGCCCTTG",233,149,59,1,41,208,0.283653846153846,0.0110581301612636
"TGCGACTACGCGCCCTTG-234","TGCGACTACGCGCCCTTG",234,1,208,0,41,209,0.995215311004785,0.163122695127693
"TGCGACTACGCGCCCTTG-235","TGCGACTACGCGCCCTTG",235,191,18,0,41,209,0.0861244019138756,0.00299752588523994
"TGCGACTACGCGCCCTTG-236","TGCGACTACGCGCCCTTG",236,209,0,0,41,209,0,0
"TGCGACTACGCGCCCTTG-237","TGCGACTACGCGCCCTTG",237,208,1,0,41,209,0.00478468899521531,0.000159859629870529
"TGCGACTACGCGCCCTTG-238","TGCGACTACGCGCCCTTG",238,7,202,0,41,209,0.966507177033493,0.107040575799743
"TGCGACTACGCGCCCTTG-239","TGCGACTACGCGCCCTTG",239,116,92,1,41,208,0.442307692307692,0.0192767110758556
"TGCGACTACGCGCCCTTG-240","TGCGACTACGCGCCCTTG",240,209,0,0,41,209,0,0
"TGCGACTACGCGCCCTTG-241","TGCGACTACGCGCCCTTG",241,202,7,0,41,209,0.0334928229665072,0.00113490732379584
"TGCGACTACGCGCCCTTG-242","TGCGACTACGCGCCCTTG",242,1,208,0,41,209,0.995215311004785,0.163122695127693
"TGCGACTACGCGCCCTTG-243","TGCGACTACGCGCCCTTG",243,119,90,0,41,209,0.430622009569378,0.018598563852972
"TGCGACTACGCGCCCTTG-244","TGCGACTACGCGCCCTTG",244,208,1,0,41,209,0.00478468899521531,0.000159859629870529
"TGCGACTACGCGCCCTTG-245","TGCGACTACGCGCCCTTG",245,207,2,0,41,209,0.00956937799043062,0.00032046393044316
"TGCGACTACGCGCCCTTG-246","TGCGACTACGCGCCCTTG",246,1,208,0,41,209,0.995215311004785,0.163122695127693
"TGCGACTACGCGCCCTTG-247","TGCGACTACGCGCCCTTG",247,207,2,0,41,209,0.00956937799043062,0.00032046393044316
"TGCGACTACGCGCCCTTG-248","TGCGACTACGCGCCCTTG",248,209,0,0,41,209,0,0
"TGCGACTACGCGCCCTTG-249","TGCGACTACGCGCCCTTG",249,209,0,0,41,209,0,0
"TGCGACTACGCGCCCTTG-250","TGCGACTACGCGCCCTTG",250,205,4,0,41,209,0.0191387559808612,0.000643935012350605
"TGCGACTACGCGCCCTTG-251","TGCGACTACGCGCCCTTG",251,2,207,0,41,209,0.990430622009569,0.143561615389056
"TGCGACTACGCGCCCTTG-252","TGCGACTACGCGCCCTTG",252,204,5,0,41,209,0.0239234449760766,0.000806816285921164
"TGCGACTACGCGCCCTTG-253","TGCGACTACGCGCCCTTG",253,157,52,0,41,209,0.248803827751196,0.0094909554163094
"TGCGACTACGCGCCCTTG-254","TGCGACTACGCGCCCTTG",254,203,6,0,41,209,0.0287081339712919,0.000970471218684432
"TGCGACTACGCGCCCTTG-255","TGCGACTACGCGCCCTTG",255,208,1,0,41,209,0.00478468899521531,0.000159859629870529
"TGCGACTACGCGCCCTTG-256","TGCGACTACGCGCCCTTG",256,208,1,0,41,209,0.00478468899521531,0.000159859629870529
"TGCGACTACGCGCCCTTG-257","TGCGACTACGCGCCCTTG",257,1,208,0,41,209,0.995215311004785,0.163122695127693
"TGCGACTACGCGCCCTTG-258","TGCGACTACGCGCCCTTG",258,1,208,0,41,209,0.995215311004785,0.163122695127693
"TGCGACTACGCGCCCTTG-259","TGCGACTACGCGCCCTTG",259,209,0,0,41,209,0,0
"TGCGACTACGCGCCCTTG-260","TGCGACTACGCGCCCTTG",260,209,0,0,41,209,0,0
"TGCGACTACGCGCCCTTG-261","TGCGACTACGCGCCCTTG",261,206,3,0,41,209,0.0143540669856459,0.000481819993289667
"TGCGACTACGCGCCCTTG-262","TGCGACTACGCGCCCTTG",262,0,209,0,41,209,1,1
"TGCGACTACGCGCCCTTG-263","TGCGACTACGCGCCCTTG",263,69,140,0,41,209,0.669856459330144,0.0362669337171064
"TGCGACTACGCGCCCTTG-264","TGCGACTACGCGCCCTTG",264,209,0,0,41,209,0,0
"TGCGACTACGCGCCCTTG-265","TGCGACTACGCGCCCTTG",265,209,0,0,41,209,0,0
"TGCGACTACGCGCCCTTG-266","TGCGACTACGCGCCCTTG",266,209,0,0,41,209,0,0
"TGCGACTACGCGCCCTTG-267","TGCGACTACGCGCCCTTG",267,208,1,0,41,209,0.00478468899521531,0.000159859629870529
"TGCGACTACGCGCCCTTG-268","TGCGACTACGCGCCCTTG",268,13,196,0,41,209,0.937799043062201,0.0884232590613487
"TGCGACTACGCGCCCTTG-269","TGCGACTACGCGCCCTTG",269,5,204,0,41,209,0.976076555023923,0.116999823052239
"TGCGACTACGCGCCCTTG-270","TGCGACTACGCGCCCTTG",270,206,2,1,41,208,0.00961538461538462,0.000322011840112602
"TGCGACTACGCGCCCTTG-271","TGCGACTACGCGCCCTTG",271,208,1,0,41,209,0.00478468899521531,0.000159859629870529
"GGATTTCTGCTTTCCCAG-0","GGATTTCTGCTTTCCCAG",0,200,8,0,42,208,0.0384615384615385,0.00130650288610623
"GGATTTCTGCTTTCCCAG-1","GGATTTCTGCTTTCCCAG",1,0,208,0,42,208,1,1
"GGATTTCTGCTTTCCCAG-2","GGATTTCTGCTTTCCCAG",2,173,34,1,42,207,0.164251207729469,0.0059630566077139
"GGATTTCTGCTTTCCCAG-3","GGATTTCTGCTTTCCCAG",3,195,13,0,42,208,0.0625,0.00214897168488637
"GGATTTCTGCTTTCCCAG-4","GGATTTCTGCTTTCCCAG",4,0,208,0,42,208,1,1
"GGATTTCTGCTTTCCCAG-5","GGATTTCTGCTTTCCCAG",5,100,107,1,42,207,0.516908212560386,0.0239599125861306
"GGATTTCTGCTTTCCCAG-6","GGATTTCTGCTTTCCCAG",6,183,23,2,42,206,0.111650485436893,0.0039385573224261
"GGATTTCTGCTTTCCCAG-7","GGATTTCTGCTTTCCCAG",7,206,2,0,42,208,0.00961538461538462,0.000322011840112602
"GGATTTCTGCTTTCCCAG-8","GGATTTCTGCTTTCCCAG",8,207,1,0,42,208,0.00480769230769231,0.000160629978821603
"GGATTTCTGCTTTCCCAG-9","GGATTTCTGCTTTCCCAG",9,0,208,0,42,208,1,1
"GGATTTCTGCTTTCCCAG-10","GGATTTCTGCTTTCCCAG",10,34,174,0,42,208,0.836538461538462,0.0585862885545093
"GGATTTCTGCTTTCCCAG-11","GGATTTCTGCTTTCCCAG",11,208,0,0,42,208,0,0
"GGATTTCTGCTTTCCCAG-12","GGATTTCTGCTTTCCCAG",12,208,0,0,42,208,0,0
"GGATTTCTGCTTTCCCAG-13","GGATTTCTGCTTTCCCAG",13,205,3,0,42,208,0.0144230769230769,0.000484152778964075
"GGATTTCTGCTTTCCCAG-14","GGATTTCTGCTTTCCCAG",14,91,115,2,42,206,0.558252427184466,0.0268663900910941
"GGATTTCTGCTTTCCCAG-15","GGATTTCTGCTTTCCCAG",15,88,120,0,42,208,0.576923076923077,0.0282661953008965
"GGATTTCTGCTTTCCCAG-16","GGATTTCTGCTTTCCCAG",16,203,4,1,42,207,0.0193236714975845,0.000650215658906994
"GGATTTCTGCTTTCCCAG-17","GGATTTCTGCTTTCCCAG",17,205,3,0,42,208,0.0144230769230769,0.000484152778964075
"GGATTTCTGCTTTCCCAG-18","GGATTTCTGCTTTCCCAG",18,207,1,0,42,208,0.00480769230769231,0.000160629978821603
"GGATTTCTGCTTTCCCAG-19","GGATTTCTGCTTTCCCAG",19,204,4,0,42,208,0.0192307692307692,0.000647060094837837
"GGATTTCTGCTTTCCCAG-20","GGATTTCTGCTTTCCCAG",20,0,208,0,42,208,1,1
"GGATTTCTGCTTTCCCAG-21","GGATTTCTGCTTTCCCAG",21,0,208,0,42,208,1,1
"GGATTTCTGCTTTCCCAG-22","GGATTTCTGCTTTCCCAG",22,0,207,1,42,207,1,1
"GGATTTCTGCTTTCCCAG-23","GGATTTCTGCTTTCCCAG",23,207,1,0,42,208,0.00480769230769231,0.000160629978821603
"GGATTTCTGCTTTCCCAG-24","GGATTTCTGCTTTCCCAG",24,206,2,0,42,208,0.00961538461538462,0.000322011840112602
"GGATTTCTGCTTTCCCAG-25","GGATTTCTGCTTTCCCAG",25,208,0,0,42,208,0,0
"GGATTTCTGCTTTCCCAG-26","GGATTTCTGCTTTCCCAG",26,208,0,0,42,208,0,0
"GGATTTCTGCTTTCCCAG-27","GGATTTCTGCTTTCCCAG",27,0,208,0,42,208,1,1
"GGATTTCTGCTTTCCCAG-28","GGATTTCTGCTTTCCCAG",28,0,208,0,42,208,1,1
"GGATTTCTGCTTTCCCAG-29","GGATTTCTGCTTTCCCAG",29,208,0,0,42,208,0,0
"GGATTTCTGCTTTCCCAG-30","GGATTTCTGCTTTCCCAG",30,208,0,0,42,208,0,0
"GGATTTCTGCTTTCCCAG-31","GGATTTCTGCTTTCCCAG",31,204,4,0,42,208,0.0192307692307692,0.000647060094837837
"GGATTTCTGCTTTCCCAG-32","GGATTTCTGCTTTCCCAG",32,207,1,0,42,208,0.00480769230769231,0.000160629978821603
"GGATTTCTGCTTTCCCAG-33","GGATTTCTGCTTTCCCAG",33,204,4,0,42,208,0.0192307692307692,0.000647060094837837
"GGATTTCTGCTTTCCCAG-34","GGATTTCTGCTTTCCCAG",34,11,197,0,42,208,0.947115384615385,0.0933403012241517
"GGATTTCTGCTTTCCCAG-35","GGATTTCTGCTTTCCCAG",35,131,75,2,42,206,0.364077669902913,0.0149760218954081
"GGATTTCTGCTTTCCCAG-36","GGATTTCTGCTTTCCCAG",36,193,15,0,42,208,0.0721153846153846,0.00249181994286785
"GGATTTCTGCTTTCCCAG-37","GGATTTCTGCTTTCCCAG",37,208,0,0,42,208,0,0
"GGATTTCTGCTTTCCCAG-38","GGATTTCTGCTTTCCCAG",38,3,205,0,42,208,0.985576923076923,0.131769048336325
"GGATTTCTGCTTTCCCAG-39","GGATTTCTGCTTTCCCAG",39,173,35,0,42,208,0.168269230769231,0.00612272874087882
"GGATTTCTGCTTTCCCAG-40","GGATTTCTGCTTTCCCAG",40,123,85,0,42,208,0.408653846153846,0.0173593505333748
"GGATTTCTGCTTTCCCAG-41","GGATTTCTGCTTTCCCAG",41,191,16,1,42,207,0.0772946859903382,0.0026779201316075
"GGATTTCTGCTTTCCCAG-42","GGATTTCTGCTTTCCCAG",42,208,0,0,42,208,0,0
"GGATTTCTGCTTTCCCAG-43","GGATTTCTGCTTTCCCAG",43,208,0,0,42,208,0,0
"GGATTTCTGCTTTCCCAG-44","GGATTTCTGCTTTCCCAG",44,205,3,0,42,208,0.0144230769230769,0.000484152778964075
"GGATTTCTGCTTTCCCAG-45","GGATTTCTGCTTTCCCAG",45,0,208,0,42,208,1,1
"GGATTTCTGCTTTCCCAG-46","GGATTTCTGCTTTCCCAG",46,165,42,1,42,207,0.202898550724638,0.00753061242090547
"GGATTTCTGCTTTCCCAG-47","GGATTTCTGCTTTCCCAG",47,208,0,0,42,208,0,0
"GGATTTCTGCTTTCCCAG-48","GGATTTCTGCTTTCCCAG",48,202,6,0,42,208,0.0288461538461538,0.00097520358961023
"GGATTTCTGCTTTCCCAG-49","GGATTTCTGCTTTCCCAG",49,207,1,0,42,208,0.00480769230769231,0.000160629978821603
"GGATTTCTGCTTTCCCAG-50","GGATTTCTGCTTTCCCAG",50,208,0,0,42,208,0,0
"GGATTTCTGCTTTCCCAG-51","GGATTTCTGCTTTCCCAG",51,0,208,0,42,208,1,1
"GGATTTCTGCTTTCCCAG-52","GGATTTCTGCTTTCCCAG",52,188,19,1,42,207,0.0917874396135266,0.00320408361432445
"GGATTTCTGCTTTCCCAG-53","GGATTTCTGCTTTCCCAG",53,199,9,0,42,208,0.0432692307692308,0.00147335537723936
"GGATTTCTGCTTTCCCAG-54","GGATTTCTGCTTTCCCAG",54,204,4,0,42,208,0.0192307692307692,0.000647060094837837
"GGATTTCTGCTTTCCCAG-55","GGATTTCTGCTTTCCCAG",55,207,1,0,42,208,0.00480769230769231,0.000160629978821603
"GGATTTCTGCTTTCCCAG-56","GGATTTCTGCTTTCCCAG",56,208,0,0,42,208,0,0
"GGATTTCTGCTTTCCCAG-57","GGATTTCTGCTTTCCCAG",57,64,140,4,42,204,0.686274509803922,0.0379041819842376
"GGATTTCTGCTTTCCCAG-58","GGATTTCTGCTTTCCCAG",58,155,50,3,42,205,0.24390243902439,0.00927620350060432
"GGATTTCTGCTTTCCCAG-59","GGATTTCTGCTTTCCCAG",59,0,208,0,42,208,1,1
"GGATTTCTGCTTTCCCAG-60","GGATTTCTGCTTTCCCAG",60,198,8,2,42,206,0.0388349514563107,0.00131943338451246
"GGATTTCTGCTTTCCCAG-61","GGATTTCTGCTTTCCCAG",61,207,1,0,42,208,0.00480769230769231,0.000160629978821603
"GGATTTCTGCTTTCCCAG-62","GGATTTCTGCTTTCCCAG",62,208,0,0,42,208,0,0
"GGATTTCTGCTTTCCCAG-63","GGATTTCTGCTTTCCCAG",63,202,6,0,42,208,0.0288461538461538,0.00097520358961023
"GGATTTCTGCTTTCCCAG-64","GGATTTCTGCTTTCCCAG",64,194,13,1,42,207,0.0628019323671498,0.00215968565578828
"GGATTTCTGCTTTCCCAG-65","GGATTTCTGCTTTCCCAG",65,0,208,0,42,208,1,1
"GGATTTCTGCTTTCCCAG-66","GGATTTCTGCTTTCCCAG",66,197,11,0,42,208,0.0528846153846154,0.00180950589866613
"GGATTTCTGCTTTCCCAG-67","GGATTTCTGCTTTCCCAG",67,196,10,2,42,206,0.0485436893203883,0.00165734207458446
"GGATTTCTGCTTTCCCAG-68","GGATTTCTGCTTTCCCAG",68,208,0,0,42,208,0,0
"GGATTTCTGCTTTCCCAG-69","GGATTTCTGCTTTCCCAG",69,199,8,1,42,207,0.0386473429951691,0.00131293629534712
"GGATTTCTGCTTTCCCAG-70","GGATTTCTGCTTTCCCAG",70,206,1,1,42,207,0.00483091787439614,0.000161407788220713
"GGATTTCTGCTTTCCCAG-71","GGATTTCTGCTTTCCCAG",71,0,208,0,42,208,1,1
"GGATTTCTGCTTTCCCAG-72","GGATTTCTGCTTTCCCAG",72,208,0,0,42,208,0,0
"GGATTTCTGCTTTCCCAG-73","GGATTTCTGCTTTCCCAG",73,208,0,0,42,208,0,0
"GGATTTCTGCTTTCCCAG-74","GGATTTCTGCTTTCCCAG",74,207,1,0,42,208,0.00480769230769231,0.000160629978821603
"GGATTTCTGCTTTCCCAG-75","GGATTTCTGCTTTCCCAG",75,0,208,0,42,208,1,1
"GGATTTCTGCTTTCCCAG-76","GGATTTCTGCTTTCCCAG",76,208,0,0,42,208,0,0
"GGATTTCTGCTTTCCCAG-77","GGATTTCTGCTTTCCCAG",77,208,0,0,42,208,0,0
"GGATTTCTGCTTTCCCAG-78","GGATTTCTGCTTTCCCAG",78,0,208,0,42,208,1,1
"GGATTTCTGCTTTCCCAG-79","GGATTTCTGCTTTCCCAG",79,208,0,0,42,208,0,0
"GGATTTCTGCTTTCCCAG-80","GGATTTCTGCTTTCCCAG",80,208,0,0,42,208,0,0
"GGATTTCTGCTTTCCCAG-81","GGATTTCTGCTTTCCCAG",81,208,0,0,42,208,0,0
"GGATTTCTGCTTTCCCAG-82","GGATTTCTGCTTTCCCAG",82,207,1,0,42,208,0.00480769230769231,0.000160629978821603
"GGATTTCTGCTTTCCCAG-83","GGATTTCTGCTTTCCCAG",83,208,0,0,42,208,0,0
"GGATTTCTGCTTTCCCAG-84","GGATTTCTGCTTTCCCAG",84,113,94,1,42,207,0.454106280193237,0.0199754916911106
"GGATTTCTGCTTTCCCAG-85","GGATTTCTGCTTTCCCAG",85,51,156,1,42,207,0.753623188405797,0.0456229344205331
"GGATTTCTGCTTTCCCAG-86","GGATTTCTGCTTTCCCAG",86,105,102,1,42,207,0.492753623188406,0.0223712492138208
"GGATTTCTGCTTTCCCAG-87","GGATTTCTGCTTTCCCAG",87,198,10,0,42,208,0.0480769230769231,0.00164102035145308
"GGATTTCTGCTTTCCCAG-88","GGATTTCTGCTTTCCCAG",88,175,33,0,42,208,0.158653846153846,0.00574185569860164
"GGATTTCTGCTTTCCCAG-89","GGATTTCTGCTTTCCCAG",89,148,60,0,42,208,0.288461538461538,0.0112800907947299
"GGATTTCTGCTTTCCCAG-90","GGATTTCTGCTTTCCCAG",90,173,35,0,42,208,0.168269230769231,0.00612272874087882
"GGATTTCTGCTTTCCCAG-91","GGATTTCTGCTTTCCCAG",91,196,12,0,42,208,0.0576923076923077,0.00197882023092599
"GGATTTCTGCTTTCCCAG-92","GGATTTCTGCTTTCCCAG",92,207,1,0,42,208,0.00480769230769231,0.000160629978821603
"GGATTTCTGCTTTCCCAG-93","GGATTTCTGCTTTCCCAG",93,204,4,0,42,208,0.0192307692307692,0.000647060094837837
"GGATTTCTGCTTTCCCAG-94","GGATTTCTGCTTTCCCAG",94,208,0,0,42,208,0,0
"GGATTTCTGCTTTCCCAG-95","GGATTTCTGCTTTCCCAG",95,204,4,0,42,208,0.0192307692307692,0.000647060094837837
"GGATTTCTGCTTTCCCAG-96","GGATTTCTGCTTTCCCAG",96,204,4,0,42,208,0.0192307692307692,0.000647060094837837
"GGATTTCTGCTTTCCCAG-97","GGATTTCTGCTTTCCCAG",97,5,203,0,42,208,0.975961538461538,0.11685864440201
"GGATTTCTGCTTTCCCAG-98","GGATTTCTGCTTTCCCAG",98,22,186,0,42,208,0.894230769230769,0.0721481353471366
"GGATTTCTGCTTTCCCAG-99","GGATTTCTGCTTTCCCAG",99,207,1,0,42,208,0.00480769230769231,0.000160629978821603
"GGATTTCTGCTTTCCCAG-100","GGATTTCTGCTTTCCCAG",100,208,0,0,42,208,0,0
"GGATTTCTGCTTTCCCAG-101","GGATTTCTGCTTTCCCAG",101,0,208,0,42,208,1,1
"GGATTTCTGCTTTCCCAG-102","GGATTTCTGCTTTCCCAG",102,0,208,0,42,208,1,1
"GGATTTCTGCTTTCCCAG-103","GGATTTCTGCTTTCCCAG",103,208,0,0,42,208,0,0
"GGATTTCTGCTTTCCCAG-104","GGATTTCTGCTTTCCCAG",104,0,208,0,42,208,1,1
"GGATTTCTGCTTTCCCAG-105","GGATTTCTGCTTTCCCAG",105,170,36,2,42,206,0.174757281553398,0.00638213814567368
"GGATTTCTGCTTTCCCAG-106","GGATTTCTGCTTTCCCAG",106,208,0,0,42,208,0,0
"GGATTTCTGCTTTCCCAG-107","GGATTTCTGCTTTCCCAG",107,208,0,0,42,208,0,0
"GGATTTCTGCTTTCCCAG-108","GGATTTCTGCTTTCCCAG",108,208,0,0,42,208,0,0
"GGATTTCTGCTTTCCCAG-109","GGATTTCTGCTTTCCCAG",109,58,148,2,42,206,0.718446601941748,0.0413677710241094
"GGATTTCTGCTTTCCCAG-110","GGATTTCTGCTTTCCCAG",110,164,43,1,42,207,0.207729468599034,0.00773170095099318
"GGATTTCTGCTTTCCCAG-111","GGATTTCTGCTTTCCCAG",111,208,0,0,42,208,0,0
"GGATTTCTGCTTTCCCAG-112","GGATTTCTGCTTTCCCAG",112,207,1,0,42,208,0.00480769230769231,0.000160629978821603
"GGATTTCTGCTTTCCCAG-113","GGATTTCTGCTTTCCCAG",113,208,0,0,42,208,0,0
"GGATTTCTGCTTTCCCAG-114","GGATTTCTGCTTTCCCAG",114,168,39,1,42,207,0.188405797101449,0.00693433953568168
"GGATTTCTGCTTTCCCAG-115","GGATTTCTGCTTTCCCAG",115,0,208,0,42,208,1,1
"GGATTTCTGCTTTCCCAG-116","GGATTTCTGCTTTCCCAG",116,154,52,2,42,206,0.252427184466019,0.00965058354739101
"GGATTTCTGCTTTCCCAG-117","GGATTTCTGCTTTCCCAG",117,182,25,1,42,207,0.120772946859903,0.00428121290689176
"GGATTTCTGCTTTCCCAG-118","GGATTTCTGCTTTCCCAG",118,202,6,0,42,208,0.0288461538461538,0.00097520358961023
"GGATTTCTGCTTTCCCAG-119","GGATTTCTGCTTTCCCAG",119,0,208,0,42,208,1,1
"GGATTTCTGCTTTCCCAG-120","GGATTTCTGCTTTCCCAG",120,0,208,0,42,208,1,1
"GGATTTCTGCTTTCCCAG-121","GGATTTCTGCTTTCCCAG",121,206,2,0,42,208,0.00961538461538462,0.000322011840112602
"GGATTTCTGCTTTCCCAG-122","GGATTTCTGCTTTCCCAG",122,201,7,0,42,208,0.0336538461538462,0.00114045490784698
"GGATTTCTGCTTTCCCAG-123","GGATTTCTGCTTTCCCAG",123,207,1,0,42,208,0.00480769230769231,0.000160629978821603
"GGATTTCTGCTTTCCCAG-124","GGATTTCTGCTTTCCCAG",124,208,0,0,42,208,0,0
"GGATTTCTGCTTTCCCAG-125","GGATTTCTGCTTTCCCAG",125,205,2,1,42,207,0.00966183574879227,0.000323574775952018
"GGATTTCTGCTTTCCCAG-126","GGATTTCTGCTTTCCCAG",126,208,0,0,42,208,0,0
"GGATTTCTGCTTTCCCAG-127","GGATTTCTGCTTTCCCAG",127,0,208,0,42,208,1,1
"GGATTTCTGCTTTCCCAG-128","GGATTTCTGCTTTCCCAG",128,167,40,1,42,207,0.193236714975845,0.00713194546674056
"GGATTTCTGCTTTCCCAG-129","GGATTTCTGCTTTCCCAG",129,124,83,1,42,207,0.400966183574879,0.0169361836201702
"GGATTTCTGCTTTCCCAG-130","GGATTTCTGCTTTCCCAG",130,200,7,1,42,207,0.0338164251207729,0.00114605699839609
"GGATTTCTGCTTTCCCAG-131","GGATTTCTGCTTTCCCAG",131,151,54,3,42,205,0.263414634146341,0.0101392524072381
"GGATTTCTGCTTTCCCAG-132","GGATTTCTGCTTTCCCAG",132,208,0,0,42,208,0,0
"GGATTTCTGCTTTCCCAG-133","GGATTTCTGCTTTCCCAG",133,50,156,2,42,206,0.757281553398058,0.0460987318982394
"GGATTTCTGCTTTCCCAG-134","GGATTTCTGCTTTCCCAG",134,40,168,0,42,208,0.807692307692308,0.0534725314017465
"GGATTTCTGCTTTCCCAG-135","GGATTTCTGCTTTCCCAG",135,208,0,0,42,208,0,0
"GGATTTCTGCTTTCCCAG-136","GGATTTCTGCTTTCCCAG",136,208,0,0,42,208,0,0
"GGATTTCTGCTTTCCCAG-137","GGATTTCTGCTTTCCCAG",137,208,0,0,42,208,0,0
"GGATTTCTGCTTTCCCAG-138","GGATTTCTGCTTTCCCAG",138,207,0,1,42,207,0,0
"GGATTTCTGCTTTCCCAG-139","GGATTTCTGCTTTCCCAG",139,208,0,0,42,208,0,0
"GGATTTCTGCTTTCCCAG-140","GGATTTCTGCTTTCCCAG",140,0,208,0,42,208,1,1
"GGATTTCTGCTTTCCCAG-141","GGATTTCTGCTTTCCCAG",141,0,208,0,42,208,1,1
"GGATTTCTGCTTTCCCAG-142","GGATTTCTGCTTTCCCAG",142,199,9,0,42,208,0.0432692307692308,0.00147335537723936
"GGATTTCTGCTTTCCCAG-143","GGATTTCTGCTTTCCCAG",143,208,0,0,42,208,0,0
"GGATTTCTGCTTTCCCAG-144","GGATTTCTGCTTTCCCAG",144,97,105,6,42,202,0.51980198019802,0.0241553649401949
"GGATTTCTGCTTTCCCAG-145","GGATTTCTGCTTTCCCAG",145,167,41,0,42,208,0.197115384615385,0.00729142984131281
"GGATTTCTGCTTTCCCAG-146","GGATTTCTGCTTTCCCAG",146,184,24,0,42,208,0.115384615384615,0.00407840469536269
"GGATTTCTGCTTTCCCAG-147","GGATTTCTGCTTTCCCAG",147,208,0,0,42,208,0,0
"GGATTTCTGCTTTCCCAG-148","GGATTTCTGCTTTCCCAG",148,208,0,0,42,208,0,0
"GGATTTCTGCTTTCCCAG-149","GGATTTCTGCTTTCCCAG",149,0,208,0,42,208,1,1
"GGATTTCTGCTTTCCCAG-150","GGATTTCTGCTTTCCCAG",150,207,1,0,42,208,0.00480769230769231,0.000160629978821603
"GGATTTCTGCTTTCCCAG-151","GGATTTCTGCTTTCCCAG",151,0,208,0,42,208,1,1
"GGATTTCTGCTTTCCCAG-152","GGATTTCTGCTTTCCCAG",152,0,208,0,42,208,1,1
"GGATTTCTGCTTTCCCAG-153","GGATTTCTGCTTTCCCAG",153,208,0,0,42,208,0,0
"GGATTTCTGCTTTCCCAG-154","GGATTTCTGCTTTCCCAG",154,207,1,0,42,208,0.00480769230769231,0.000160629978821603
"GGATTTCTGCTTTCCCAG-155","GGATTTCTGCTTTCCCAG",155,208,0,0,42,208,0,0
"GGATTTCTGCTTTCCCAG-156","GGATTTCTGCTTTCCCAG",156,208,0,0,42,208,0,0
"GGATTTCTGCTTTCCCAG-157","GGATTTCTGCTTTCCCAG",157,0,208,0,42,208,1,1
"GGATTTCTGCTTTCCCAG-158","GGATTTCTGCTTTCCCAG",158,0,208,0,42,208,1,1
"GGATTTCTGCTTTCCCAG-159","GGATTTCTGCTTTCCCAG",159,207,1,0,42,208,0.00480769230769231,0.000160629978821603
"GGATTTCTGCTTTCCCAG-160","GGATTTCTGCTTTCCCAG",160,208,0,0,42,208,0,0
"GGATTTCTGCTTTCCCAG-161","GGATTTCTGCTTTCCCAG",161,207,1,0,42,208,0.00480769230769231,0.000160629978821603
"GGATTTCTGCTTTCCCAG-162","GGATTTCTGCTTTCCCAG",162,0,208,0,42,208,1,1
"GGATTTCTGCTTTCCCAG-163","GGATTTCTGCTTTCCCAG",163,204,4,0,42,208,0.0192307692307692,0.000647060094837837
"GGATTTCTGCTTTCCCAG-164","GGATTTCTGCTTTCCCAG",164,208,0,0,42,208,0,0
"GGATTTCTGCTTTCCCAG-165","GGATTTCTGCTTTCCCAG",165,208,0,0,42,208,0,0
"GGATTTCTGCTTTCCCAG-166","GGATTTCTGCTTTCCCAG",166,0,208,0,42,208,1,1
"GGATTTCTGCTTTCCCAG-167","GGATTTCTGCTTTCCCAG",167,66,141,1,42,207,0.681159420289855,0.0373853808136455
"GGATTTCTGCTTTCCCAG-168","GGATTTCTGCTTTCCCAG",168,176,32,0,42,208,0.153846153846154,0.00555299430024447
"GGATTTCTGCTTTCCCAG-169","GGATTTCTGCTTTCCCAG",169,206,2,0,42,208,0.00961538461538462,0.000322011840112602
"GGATTTCTGCTTTCCCAG-170","GGATTTCTGCTTTCCCAG",170,208,0,0,42,208,0,0
"GGATTTCTGCTTTCCCAG-171","GGATTTCTGCTTTCCCAG",171,205,3,0,42,208,0.0144230769230769,0.000484152778964075
"GGATTTCTGCTTTCCCAG-172","GGATTTCTGCTTTCCCAG",172,0,208,0,42,208,1,1
"GGATTTCTGCTTTCCCAG-173","GGATTTCTGCTTTCCCAG",173,0,208,0,42,208,1,1
"GGATTTCTGCTTTCCCAG-174","GGATTTCTGCTTTCCCAG",174,207,0,1,42,207,0,0
"GGATTTCTGCTTTCCCAG-175","GGATTTCTGCTTTCCCAG",175,206,1,1,42,207,0.00483091787439614,0.000161407788220713
"GGATTTCTGCTTTCCCAG-176","GGATTTCTGCTTTCCCAG",176,0,208,0,42,208,1,1
"GGATTTCTGCTTTCCCAG-177","GGATTTCTGCTTTCCCAG",177,0,208,0,42,208,1,1
"GGATTTCTGCTTTCCCAG-178","GGATTTCTGCTTTCCCAG",178,0,208,0,42,208,1,1
"GGATTTCTGCTTTCCCAG-179","GGATTTCTGCTTTCCCAG",179,208,0,0,42,208,0,0
"GGATTTCTGCTTTCCCAG-180","GGATTTCTGCTTTCCCAG",180,207,1,0,42,208,0.00480769230769231,0.000160629978821603
"GGATTTCTGCTTTCCCAG-181","GGATTTCTGCTTTCCCAG",181,208,0,0,42,208,0,0
"GGATTTCTGCTTTCCCAG-182","GGATTTCTGCTTTCCCAG",182,0,208,0,42,208,1,1
"GGATTTCTGCTTTCCCAG-183","GGATTTCTGCTTTCCCAG",183,170,37,1,42,207,0.178743961352657,0.0065425158070922
"GGATTTCTGCTTTCCCAG-184","GGATTTCTGCTTTCCCAG",184,207,1,0,42,208,0.00480769230769231,0.000160629978821603
"GGATTTCTGCTTTCCCAG-185","GGATTTCTGCTTTCCCAG",185,116,91,1,42,207,0.439613526570048,0.019119152206048
"GGATTTCTGCTTTCCCAG-186","GGATTTCTGCTTTCCCAG",186,61,145,2,42,206,0.703883495145631,0.0397549277321315
"GGATTTCTGCTTTCCCAG-187","GGATTTCTGCTTTCCCAG",187,161,46,1,42,207,0.222222222222222,0.00834215708343322
"GGATTTCTGCTTTCCCAG-188","GGATTTCTGCTTTCCCAG",188,201,7,0,42,208,0.0336538461538462,0.00114045490784698
"GGATTTCTGCTTTCCCAG-189","GGATTTCTGCTTTCCCAG",189,0,208,0,42,208,1,1
"GGATTTCTGCTTTCCCAG-190","GGATTTCTGCTTTCCCAG",190,0,208,0,42,208,1,1
"GGATTTCTGCTTTCCCAG-191","GGATTTCTGCTTTCCCAG",191,207,1,0,42,208,0.00480769230769231,0.000160629978821603
"GGATTTCTGCTTTCCCAG-192","GGATTTCTGCTTTCCCAG",192,207,1,0,42,208,0.00480769230769231,0.000160629978821603
"GGATTTCTGCTTTCCCAG-193","GGATTTCTGCTTTCCCAG",193,0,208,0,42,208,1,1
"GGATTTCTGCTTTCCCAG-194","GGATTTCTGCTTTCCCAG",194,0,208,0,42,208,1,1
"GGATTTCTGCTTTCCCAG-195","GGATTTCTGCTTTCCCAG",195,207,1,0,42,208,0.00480769230769231,0.000160629978821603
"GGATTTCTGCTTTCCCAG-196","GGATTTCTGCTTTCCCAG",196,208,0,0,42,208,0,0
"GGATTTCTGCTTTCCCAG-197","GGATTTCTGCTTTCCCAG",197,208,0,0,42,208,0,0
"GGATTTCTGCTTTCCCAG-198","GGATTTCTGCTTTCCCAG",198,208,0,0,42,208,0,0
"GGATTTCTGCTTTCCCAG-199","GGATTTCTGCTTTCCCAG",199,64,142,2,42,206,0.689320388349515,0.0382170102851789
"GGATTTCTGCTTTCCCAG-200","GGATTTCTGCTTTCCCAG",200,0,208,0,42,208,1,1
"GGATTTCTGCTTTCCCAG-201","GGATTTCTGCTTTCCCAG",201,207,1,0,42,208,0.00480769230769231,0.000160629978821603
"GGATTTCTGCTTTCCCAG-202","GGATTTCTGCTTTCCCAG",202,202,6,0,42,208,0.0288461538461538,0.00097520358961023
"GGATTTCTGCTTTCCCAG-203","GGATTTCTGCTTTCCCAG",203,206,1,1,42,207,0.00483091787439614,0.000161407788220713
"GGATTTCTGCTTTCCCAG-204","GGATTTCTGCTTTCCCAG",204,200,8,0,42,208,0.0384615384615385,0.00130650288610623
"GGATTTCTGCTTTCCCAG-205","GGATTTCTGCTTTCCCAG",205,207,1,0,42,208,0.00480769230769231,0.000160629978821603
"GGATTTCTGCTTTCCCAG-206","GGATTTCTGCTTTCCCAG",206,0,208,0,42,208,1,1
"GGATTTCTGCTTTCCCAG-207","GGATTTCTGCTTTCCCAG",207,190,18,0,42,208,0.0865384615384615,0.00301258661125203
"GGATTTCTGCTTTCCCAG-208","GGATTTCTGCTTTCCCAG",208,192,16,0,42,208,0.0769230769230769,0.00266453406642586
"GGATTTCTGCTTTCCCAG-209","GGATTTCTGCTTTCCCAG",209,206,2,0,42,208,0.00961538461538462,0.000322011840112602
"GGATTTCTGCTTTCCCAG-210","GGATTTCTGCTTTCCCAG",210,208,0,0,42,208,0,0
"GGATTTCTGCTTTCCCAG-211","GGATTTCTGCTTTCCCAG",211,207,1,0,42,208,0.00480769230769231,0.000160629978821603
"GGATTTCTGCTTTCCCAG-212","GGATTTCTGCTTTCCCAG",212,207,0,1,42,207,0,0
"GGATTTCTGCTTTCCCAG-213","GGATTTCTGCTTTCCCAG",213,0,208,0,42,208,1,1
"GGATTTCTGCTTTCCCAG-214","GGATTTCTGCTTTCCCAG",214,150,57,1,42,207,0.27536231884058,0.0106786902346545
"GGATTTCTGCTTTCCCAG-215","GGATTTCTGCTTTCCCAG",215,205,3,0,42,208,0.0144230769230769,0.000484152778964075
"GGATTTCTGCTTTCCCAG-216","GGATTTCTGCTTTCCCAG",216,208,0,0,42,208,0,0
"GGATTTCTGCTTTCCCAG-217","GGATTTCTGCTTTCCCAG",217,0,208,0,42,208,1,1
"GGATTTCTGCTTTCCCAG-218","GGATTTCTGCTTTCCCAG",218,138,69,1,42,207,0.333333333333333,0.0134245792750853
"GGATTTCTGCTTTCCCAG-219","GGATTTCTGCTTTCCCAG",219,200,7,1,42,207,0.0338164251207729,0.00114605699839609
"GGATTTCTGCTTTCCCAG-220","GGATTTCTGCTTTCCCAG",220,206,2,0,42,208,0.00961538461538462,0.000322011840112602
"GGATTTCTGCTTTCCCAG-221","GGATTTCTGCTTTCCCAG",221,207,1,0,42,208,0.00480769230769231,0.000160629978821603
"GGATTTCTGCTTTCCCAG-222","GGATTTCTGCTTTCCCAG",222,105,102,1,42,207,0.492753623188406,0.0223712492138208
"GGATTTCTGCTTTCCCAG-223","GGATTTCTGCTTTCCCAG",223,102,106,0,42,208,0.509615384615385,0.0234723127876009
"GGATTTCTGCTTTCCCAG-224","GGATTTCTGCTTTCCCAG",224,162,46,0,42,208,0.221153846153846,0.00829678162307224
"GGATTTCTGCTTTCCCAG-225","GGATTTCTGCTTTCCCAG",225,203,5,0,42,208,0.0240384615384615,0.000810741193601028
"GGATTTCTGCTTTCCCAG-226","GGATTTCTGCTTTCCCAG",226,208,0,0,42,208,0,0
"GGATTTCTGCTTTCCCAG-227","GGATTTCTGCTTTCCCAG",227,208,0,0,42,208,0,0
"GGATTTCTGCTTTCCCAG-228","GGATTTCTGCTTTCCCAG",228,208,0,0,42,208,0,0
"GGATTTCTGCTTTCCCAG-229","GGATTTCTGCTTTCCCAG",229,206,2,0,42,208,0.00961538461538462,0.000322011840112602
"GGATTTCTGCTTTCCCAG-230","GGATTTCTGCTTTCCCAG",230,0,208,0,42,208,1,1
"GGATTTCTGCTTTCCCAG-231","GGATTTCTGCTTTCCCAG",231,0,208,0,42,208,1,1
"GGATTTCTGCTTTCCCAG-232","GGATTTCTGCTTTCCCAG",232,208,0,0,42,208,0,0
"GGATTTCTGCTTTCCCAG-233","GGATTTCTGCTTTCCCAG",233,0,208,0,42,208,1,1
"GGATTTCTGCTTTCCCAG-234","GGATTTCTGCTTTCCCAG",234,0,208,0,42,208,1,1
"GGATTTCTGCTTTCCCAG-235","GGATTTCTGCTTTCCCAG",235,207,1,0,42,208,0.00480769230769231,0.000160629978821603
"GGATTTCTGCTTTCCCAG-236","GGATTTCTGCTTTCCCAG",236,208,0,0,42,208,0,0
"GGATTTCTGCTTTCCCAG-237","GGATTTCTGCTTTCCCAG",237,208,0,0,42,208,0,0
"GGATTTCTGCTTTCCCAG-238","GGATTTCTGCTTTCCCAG",238,7,201,0,42,208,0.966346153846154,0.106897804813384
"GGATTTCTGCTTTCCCAG-239","GGATTTCTGCTTTCCCAG",239,99,109,0,42,208,0.524038461538462,0.0244435709605799
"GGATTTCTGCTTTCCCAG-240","GGATTTCTGCTTTCCCAG",240,208,0,0,42,208,0,0
"GGATTTCTGCTTTCCCAG-241","GGATTTCTGCTTTCCCAG",241,166,42,0,42,208,0.201923076923077,0.00749015100048644
"GGATTTCTGCTTTCCCAG-242","GGATTTCTGCTTTCCCAG",242,0,208,0,42,208,1,1
"GGATTTCTGCTTTCCCAG-243","GGATTTCTGCTTTCCCAG",243,137,71,0,42,208,0.341346153846154,0.0138221563156418
"GGATTTCTGCTTTCCCAG-244","GGATTTCTGCTTTCCCAG",244,208,0,0,42,208,0,0
"GGATTTCTGCTTTCCCAG-245","GGATTTCTGCTTTCCCAG",245,203,5,0,42,208,0.0240384615384615,0.000810741193601028
"GGATTTCTGCTTTCCCAG-246","GGATTTCTGCTTTCCCAG",246,0,208,0,42,208,1,1
"GGATTTCTGCTTTCCCAG-247","GGATTTCTGCTTTCCCAG",247,208,0,0,42,208,0,0
"GGATTTCTGCTTTCCCAG-248","GGATTTCTGCTTTCCCAG",248,208,0,0,42,208,0,0
"GGATTTCTGCTTTCCCAG-249","GGATTTCTGCTTTCCCAG",249,208,0,0,42,208,0,0
"GGATTTCTGCTTTCCCAG-250","GGATTTCTGCTTTCCCAG",250,205,2,1,42,207,0.00966183574879227,0.000323574775952018
"GGATTTCTGCTTTCCCAG-251","GGATTTCTGCTTTCCCAG",251,0,208,0,42,208,1,1
"GGATTTCTGCTTTCCCAG-252","GGATTTCTGCTTTCCCAG",252,207,1,0,42,208,0.00480769230769231,0.000160629978821603
"GGATTTCTGCTTTCCCAG-253","GGATTTCTGCTTTCCCAG",253,0,208,0,42,208,1,1
"GGATTTCTGCTTTCCCAG-254","GGATTTCTGCTTTCCCAG",254,208,0,0,42,208,0,0
"GGATTTCTGCTTTCCCAG-255","GGATTTCTGCTTTCCCAG",255,208,0,0,42,208,0,0
"GGATTTCTGCTTTCCCAG-256","GGATTTCTGCTTTCCCAG",256,208,0,0,42,208,0,0
"GGATTTCTGCTTTCCCAG-257","GGATTTCTGCTTTCCCAG",257,0,208,0,42,208,1,1
"GGATTTCTGCTTTCCCAG-258","GGATTTCTGCTTTCCCAG",258,0,208,0,42,208,1,1
"GGATTTCTGCTTTCCCAG-259","GGATTTCTGCTTTCCCAG",259,208,0,0,42,208,0,0
"GGATTTCTGCTTTCCCAG-260","GGATTTCTGCTTTCCCAG",260,208,0,0,42,208,0,0
"GGATTTCTGCTTTCCCAG-261","GGATTTCTGCTTTCCCAG",261,207,1,0,42,208,0.00480769230769231,0.000160629978821603
"GGATTTCTGCTTTCCCAG-262","GGATTTCTGCTTTCCCAG",262,0,208,0,42,208,1,1
"GGATTTCTGCTTTCCCAG-263","GGATTTCTGCTTTCCCAG",263,33,173,2,42,206,0.839805825242718,0.0592196798308381
"GGATTTCTGCTTTCCCAG-264","GGATTTCTGCTTTCCCAG",264,200,8,0,42,208,0.0384615384615385,0.00130650288610623
"GGATTTCTGCTTTCCCAG-265","GGATTTCTGCTTTCCCAG",265,207,1,0,42,208,0.00480769230769231,0.000160629978821603
"GGATTTCTGCTTTCCCAG-266","GGATTTCTGCTTTCCCAG",266,208,0,0,42,208,0,0
"GGATTTCTGCTTTCCCAG-267","GGATTTCTGCTTTCCCAG",267,208,0,0,42,208,0,0
"GGATTTCTGCTTTCCCAG-268","GGATTTCTGCTTTCCCAG",268,51,157,0,42,208,0.754807692307692,0.0457762359883649
"GGATTTCTGCTTTCCCAG-269","GGATTTCTGCTTTCCCAG",269,5,203,0,42,208,0.975961538461538,0.11685864440201
"GGATTTCTGCTTTCCCAG-270","GGATTTCTGCTTTCCCAG",270,206,2,0,42,208,0.00961538461538462,0.000322011840112602
"GGATTTCTGCTTTCCCAG-271","GGATTTCTGCTTTCCCAG",271,208,0,0,42,208,0,0
"TCCGCGGCCGCTCGCCGG-0","TCCGCGGCCGCTCGCCGG",0,175,22,1,52,197,0.111675126903553,0.00393947830917363
"TCCGCGGCCGCTCGCCGG-1","TCCGCGGCCGCTCGCCGG",1,0,198,0,52,198,1,1
"TCCGCGGCCGCTCGCCGG-2","TCCGCGGCCGCTCGCCGG",2,157,39,2,52,196,0.198979591836735,0.00736834809580722
"TCCGCGGCCGCTCGCCGG-3","TCCGCGGCCGCTCGCCGG",3,182,15,1,52,197,0.0761421319796954,0.00263641991329311
"TCCGCGGCCGCTCGCCGG-4","TCCGCGGCCGCTCGCCGG",4,2,196,0,52,198,0.98989898989899,0.142016715545019
"TCCGCGGCCGCTCGCCGG-5","TCCGCGGCCGCTCGCCGG",5,65,131,2,52,196,0.668367346938776,0.036122351411302
"TCCGCGGCCGCTCGCCGG-6","TCCGCGGCCGCTCGCCGG",6,180,17,1,52,197,0.0862944162436548,0.00300370907367065
"TCCGCGGCCGCTCGCCGG-7","TCCGCGGCCGCTCGCCGG",7,195,3,0,52,198,0.0151515151515152,0.00050878626204387
"TCCGCGGCCGCTCGCCGG-8","TCCGCGGCCGCTCGCCGG",8,198,0,0,52,198,0,0
"TCCGCGGCCGCTCGCCGG-9","TCCGCGGCCGCTCGCCGG",9,2,196,0,52,198,0.98989898989899,0.142016715545019
"TCCGCGGCCGCTCGCCGG-10","TCCGCGGCCGCTCGCCGG",10,5,193,0,52,198,0.974747474747475,0.115407009301521
"TCCGCGGCCGCTCGCCGG-11","TCCGCGGCCGCTCGCCGG",11,198,0,0,52,198,0,0
"TCCGCGGCCGCTCGCCGG-12","TCCGCGGCCGCTCGCCGG",12,196,2,0,52,198,0.0101010101010101,0.000338355127122547
"TCCGCGGCCGCTCGCCGG-13","TCCGCGGCCGCTCGCCGG",13,197,1,0,52,198,0.00505050505050505,0.000168762489893504
"TCCGCGGCCGCTCGCCGG-14","TCCGCGGCCGCTCGCCGG",14,2,196,0,52,198,0.98989898989899,0.142016715545019
"TCCGCGGCCGCTCGCCGG-15","TCCGCGGCCGCTCGCCGG",15,179,18,1,52,197,0.0913705583756345,0.00318883559236538
"TCCGCGGCCGCTCGCCGG-16","TCCGCGGCCGCTCGCCGG",16,193,5,0,52,198,0.0252525252525253,0.000852198065784182
"TCCGCGGCCGCTCGCCGG-17","TCCGCGGCCGCTCGCCGG",17,193,5,0,52,198,0.0252525252525253,0.000852198065784182
"TCCGCGGCCGCTCGCCGG-18","TCCGCGGCCGCTCGCCGG",18,197,1,0,52,198,0.00505050505050505,0.000168762489893504
"TCCGCGGCCGCTCGCCGG-19","TCCGCGGCCGCTCGCCGG",19,195,3,0,52,198,0.0151515151515152,0.00050878626204387
"TCCGCGGCCGCTCGCCGG-20","TCCGCGGCCGCTCGCCGG",20,0,198,0,52,198,1,1
"TCCGCGGCCGCTCGCCGG-21","TCCGCGGCCGCTCGCCGG",21,1,197,0,52,198,0.994949494949495,0.16161308084486
"TCCGCGGCCGCTCGCCGG-22","TCCGCGGCCGCTCGCCGG",22,171,27,0,52,198,0.136363636363636,0.00487486157777217
"TCCGCGGCCGCTCGCCGG-23","TCCGCGGCCGCTCGCCGG",23,196,2,0,52,198,0.0101010101010101,0.000338355127122547
"TCCGCGGCCGCTCGCCGG-24","TCCGCGGCCGCTCGCCGG",24,197,1,0,52,198,0.00505050505050505,0.000168762489893504
"TCCGCGGCCGCTCGCCGG-25","TCCGCGGCCGCTCGCCGG",25,196,2,0,52,198,0.0101010101010101,0.000338355127122547
"TCCGCGGCCGCTCGCCGG-26","TCCGCGGCCGCTCGCCGG",26,196,2,0,52,198,0.0101010101010101,0.000338355127122547
"TCCGCGGCCGCTCGCCGG-27","TCCGCGGCCGCTCGCCGG",27,2,196,0,52,198,0.98989898989899,0.142016715545019
"TCCGCGGCCGCTCGCCGG-28","TCCGCGGCCGCTCGCCGG",28,2,196,0,52,198,0.98989898989899,0.142016715545019
"TCCGCGGCCGCTCGCCGG-29","TCCGCGGCCGCTCGCCGG",29,196,2,0,52,198,0.0101010101010101,0.000338355127122547
"TCCGCGGCCGCTCGCCGG-30","TCCGCGGCCGCTCGCCGG",30,198,0,0,52,198,0,0
"TCCGCGGCCGCTCGCCGG-31","TCCGCGGCCGCTCGCCGG",31,197,1,0,52,198,0.00505050505050505,0.000168762489893504
"TCCGCGGCCGCTCGCCGG-32","TCCGCGGCCGCTCGCCGG",32,196,2,0,52,198,0.0101010101010101,0.000338355127122547
"TCCGCGGCCGCTCGCCGG-33","TCCGCGGCCGCTCGCCGG",33,192,6,0,52,198,0.0303030303030303,0.00102519608260854
"TCCGCGGCCGCTCGCCGG-34","TCCGCGGCCGCTCGCCGG",34,1,197,0,52,198,0.994949494949495,0.16161308084486
"TCCGCGGCCGCTCGCCGG-35","TCCGCGGCCGCTCGCCGG",35,142,55,1,52,197,0.279187817258883,0.0108532297638664
"TCCGCGGCCGCTCGCCGG-36","TCCGCGGCCGCTCGCCGG",36,185,12,1,52,197,0.0609137055837563,0.00209273728742643
"TCCGCGGCCGCTCGCCGG-37","TCCGCGGCCGCTCGCCGG",37,196,2,0,52,198,0.0101010101010101,0.000338355127122547
"TCCGCGGCCGCTCGCCGG-38","TCCGCGGCCGCTCGCCGG",38,1,197,0,52,198,0.994949494949495,0.16161308084486
"TCCGCGGCCGCTCGCCGG-39","TCCGCGGCCGCTCGCCGG",39,101,97,0,52,198,0.48989898989899,0.022188352661424
"TCCGCGGCCGCTCGCCGG-40","TCCGCGGCCGCTCGCCGG",40,123,75,0,52,198,0.378787878787879,0.0157441666798601
"TCCGCGGCCGCTCGCCGG-41","TCCGCGGCCGCTCGCCGG",41,190,8,0,52,198,0.0404040404040404,0.00137382072757219
"TCCGCGGCCGCTCGCCGG-42","TCCGCGGCCGCTCGCCGG",42,196,2,0,52,198,0.0101010101010101,0.000338355127122547
"TCCGCGGCCGCTCGCCGG-43","TCCGCGGCCGCTCGCCGG",43,198,0,0,52,198,0,0
"TCCGCGGCCGCTCGCCGG-44","TCCGCGGCCGCTCGCCGG",44,196,2,0,52,198,0.0101010101010101,0.000338355127122547
"TCCGCGGCCGCTCGCCGG-45","TCCGCGGCCGCTCGCCGG",45,2,196,0,52,198,0.98989898989899,0.142016715545019
"TCCGCGGCCGCTCGCCGG-46","TCCGCGGCCGCTCGCCGG",46,126,71,1,52,197,0.360406091370558,0.0147869768741299
"TCCGCGGCCGCTCGCCGG-47","TCCGCGGCCGCTCGCCGG",47,198,0,0,52,198,0,0
"TCCGCGGCCGCTCGCCGG-48","TCCGCGGCCGCTCGCCGG",48,196,2,0,52,198,0.0101010101010101,0.000338355127122547
"TCCGCGGCCGCTCGCCGG-49","TCCGCGGCCGCTCGCCGG",49,198,0,0,52,198,0,0
"TCCGCGGCCGCTCGCCGG-50","TCCGCGGCCGCTCGCCGG",50,197,0,1,52,197,0,0
"TCCGCGGCCGCTCGCCGG-51","TCCGCGGCCGCTCGCCGG",51,0,198,0,52,198,1,1
"TCCGCGGCCGCTCGCCGG-52","TCCGCGGCCGCTCGCCGG",52,194,4,0,52,198,0.0202020202020202,0.000680064372371003
"TCCGCGGCCGCTCGCCGG-53","TCCGCGGCCGCTCGCCGG",53,2,196,0,52,198,0.98989898989899,0.142016715545019
"TCCGCGGCCGCTCGCCGG-54","TCCGCGGCCGCTCGCCGG",54,197,1,0,52,198,0.00505050505050505,0.000168762489893504
"TCCGCGGCCGCTCGCCGG-55","TCCGCGGCCGCTCGCCGG",55,196,2,0,52,198,0.0101010101010101,0.000338355127122547
"TCCGCGGCCGCTCGCCGG-56","TCCGCGGCCGCTCGCCGG",56,198,0,0,52,198,0,0
"TCCGCGGCCGCTCGCCGG-57","TCCGCGGCCGCTCGCCGG",57,1,197,0,52,198,0.994949494949495,0.16161308084486
"TCCGCGGCCGCTCGCCGG-58","TCCGCGGCCGCTCGCCGG",58,130,66,2,52,196,0.336734693877551,0.0135927793550844
"TCCGCGGCCGCTCGCCGG-59","TCCGCGGCCGCTCGCCGG",59,181,17,0,52,198,0.0858585858585859,0.0029878607472078
"TCCGCGGCCGCTCGCCGG-60","TCCGCGGCCGCTCGCCGG",60,189,9,0,52,198,0.0454545454545455,0.00154946552467283
"TCCGCGGCCGCTCGCCGG-61","TCCGCGGCCGCTCGCCGG",61,196,2,0,52,198,0.0101010101010101,0.000338355127122547
"TCCGCGGCCGCTCGCCGG-62","TCCGCGGCCGCTCGCCGG",62,196,2,0,52,198,0.0101010101010101,0.000338355127122547
"TCCGCGGCCGCTCGCCGG-63","TCCGCGGCCGCTCGCCGG",63,194,4,0,52,198,0.0202020202020202,0.000680064372371003
"TCCGCGGCCGCTCGCCGG-64","TCCGCGGCCGCTCGCCGG",64,181,17,0,52,198,0.0858585858585859,0.0029878607472078
"TCCGCGGCCGCTCGCCGG-65","TCCGCGGCCGCTCGCCGG",65,2,196,0,52,198,0.98989898989899,0.142016715545019
"TCCGCGGCCGCTCGCCGG-66","TCCGCGGCCGCTCGCCGG",66,189,8,1,52,197,0.0406091370558376,0.00138093608499146
"TCCGCGGCCGCTCGCCGG-67","TCCGCGGCCGCTCGCCGG",67,139,57,2,52,196,0.290816326530612,0.0113893356777247
"TCCGCGGCCGCTCGCCGG-68","TCCGCGGCCGCTCGCCGG",68,198,0,0,52,198,0,0
"TCCGCGGCCGCTCGCCGG-69","TCCGCGGCCGCTCGCCGG",69,190,8,0,52,198,0.0404040404040404,0.00137382072757219
"TCCGCGGCCGCTCGCCGG-70","TCCGCGGCCGCTCGCCGG",70,0,198,0,52,198,1,1
"TCCGCGGCCGCTCGCCGG-71","TCCGCGGCCGCTCGCCGG",71,0,198,0,52,198,1,1
"TCCGCGGCCGCTCGCCGG-72","TCCGCGGCCGCTCGCCGG",72,198,0,0,52,198,0,0
"TCCGCGGCCGCTCGCCGG-73","TCCGCGGCCGCTCGCCGG",73,198,0,0,52,198,0,0
"TCCGCGGCCGCTCGCCGG-74","TCCGCGGCCGCTCGCCGG",74,192,6,0,52,198,0.0303030303030303,0.00102519608260854
"TCCGCGGCCGCTCGCCGG-75","TCCGCGGCCGCTCGCCGG",75,0,198,0,52,198,1,1
"TCCGCGGCCGCTCGCCGG-76","TCCGCGGCCGCTCGCCGG",76,193,5,0,52,198,0.0252525252525253,0.000852198065784182
"TCCGCGGCCGCTCGCCGG-77","TCCGCGGCCGCTCGCCGG",77,174,23,1,52,197,0.116751269035533,0.00412973009875228
"TCCGCGGCCGCTCGCCGG-78","TCCGCGGCCGCTCGCCGG",78,161,37,0,52,198,0.186868686868687,0.00687170331527553
"TCCGCGGCCGCTCGCCGG-79","TCCGCGGCCGCTCGCCGG",79,197,1,0,52,198,0.00505050505050505,0.000168762489893504
"TCCGCGGCCGCTCGCCGG-80","TCCGCGGCCGCTCGCCGG",80,198,0,0,52,198,0,0
"TCCGCGGCCGCTCGCCGG-81","TCCGCGGCCGCTCGCCGG",81,198,0,0,52,198,0,0
"TCCGCGGCCGCTCGCCGG-82","TCCGCGGCCGCTCGCCGG",82,196,2,0,52,198,0.0101010101010101,0.000338355127122547
"TCCGCGGCCGCTCGCCGG-83","TCCGCGGCCGCTCGCCGG",83,197,1,0,52,198,0.00505050505050505,0.000168762489893504
"TCCGCGGCCGCTCGCCGG-84","TCCGCGGCCGCTCGCCGG",84,152,46,0,52,198,0.232323232323232,0.00877416402974762
"TCCGCGGCCGCTCGCCGG-85","TCCGCGGCCGCTCGCCGG",85,121,77,0,52,198,0.388888888888889,0.0162818765113361
"TCCGCGGCCGCTCGCCGG-86","TCCGCGGCCGCTCGCCGG",86,178,20,0,52,198,0.101010101010101,0.00354315749781686
"TCCGCGGCCGCTCGCCGG-87","TCCGCGGCCGCTCGCCGG",87,0,198,0,52,198,1,1
"TCCGCGGCCGCTCGCCGG-88","TCCGCGGCCGCTCGCCGG",88,193,5,0,52,198,0.0252525252525253,0.000852198065784182
"TCCGCGGCCGCTCGCCGG-89","TCCGCGGCCGCTCGCCGG",89,188,10,0,52,198,0.0505050505050505,0.00172601098896952
"TCCGCGGCCGCTCGCCGG-90","TCCGCGGCCGCTCGCCGG",90,2,196,0,52,198,0.98989898989899,0.142016715545019
"TCCGCGGCCGCTCGCCGG-91","TCCGCGGCCGCTCGCCGG",91,196,2,0,52,198,0.0101010101010101,0.000338355127122547
"TCCGCGGCCGCTCGCCGG-92","TCCGCGGCCGCTCGCCGG",92,198,0,0,52,198,0,0
"TCCGCGGCCGCTCGCCGG-93","TCCGCGGCCGCTCGCCGG",93,198,0,0,52,198,0,0
"TCCGCGGCCGCTCGCCGG-94","TCCGCGGCCGCTCGCCGG",94,197,1,0,52,198,0.00505050505050505,0.000168762489893504
"TCCGCGGCCGCTCGCCGG-95","TCCGCGGCCGCTCGCCGG",95,198,0,0,52,198,0,0
"TCCGCGGCCGCTCGCCGG-96","TCCGCGGCCGCTCGCCGG",96,192,6,0,52,198,0.0303030303030303,0.00102519608260854
"TCCGCGGCCGCTCGCCGG-97","TCCGCGGCCGCTCGCCGG",97,0,198,0,52,198,1,1
"TCCGCGGCCGCTCGCCGG-98","TCCGCGGCCGCTCGCCGG",98,0,198,0,52,198,1,1
"TCCGCGGCCGCTCGCCGG-99","TCCGCGGCCGCTCGCCGG",99,196,2,0,52,198,0.0101010101010101,0.000338355127122547
"TCCGCGGCCGCTCGCCGG-100","TCCGCGGCCGCTCGCCGG",100,196,2,0,52,198,0.0101010101010101,0.000338355127122547
"TCCGCGGCCGCTCGCCGG-101","TCCGCGGCCGCTCGCCGG",101,20,177,1,52,197,0.898477157360406,0.0734145868917464
"TCCGCGGCCGCTCGCCGG-102","TCCGCGGCCGCTCGCCGG",102,0,198,0,52,198,1,1
"TCCGCGGCCGCTCGCCGG-103","TCCGCGGCCGCTCGCCGG",103,198,0,0,52,198,0,0
"TCCGCGGCCGCTCGCCGG-104","TCCGCGGCCGCTCGCCGG",104,0,198,0,52,198,1,1
"TCCGCGGCCGCTCGCCGG-105","TCCGCGGCCGCTCGCCGG",105,159,38,1,52,197,0.192893401015228,0.00711786469976972
"TCCGCGGCCGCTCGCCGG-106","TCCGCGGCCGCTCGCCGG",106,198,0,0,52,198,0,0
"TCCGCGGCCGCTCGCCGG-107","TCCGCGGCCGCTCGCCGG",107,196,2,0,52,198,0.0101010101010101,0.000338355127122547
"TCCGCGGCCGCTCGCCGG-108","TCCGCGGCCGCTCGCCGG",108,198,0,0,52,198,0,0
"TCCGCGGCCGCTCGCCGG-109","TCCGCGGCCGCTCGCCGG",109,92,106,0,52,198,0.535353535353535,0.0252256608405018
"TCCGCGGCCGCTCGCCGG-110","TCCGCGGCCGCTCGCCGG",110,130,68,0,52,198,0.343434343434343,0.0139265352956203
"TCCGCGGCCGCTCGCCGG-111","TCCGCGGCCGCTCGCCGG",111,197,1,0,52,198,0.00505050505050505,0.000168762489893504
"TCCGCGGCCGCTCGCCGG-112","TCCGCGGCCGCTCGCCGG",112,190,8,0,52,198,0.0404040404040404,0.00137382072757219
"TCCGCGGCCGCTCGCCGG-113","TCCGCGGCCGCTCGCCGG",113,198,0,0,52,198,0,0
"TCCGCGGCCGCTCGCCGG-114","TCCGCGGCCGCTCGCCGG",114,155,43,0,52,198,0.217171717171717,0.00812818334269794
"TCCGCGGCCGCTCGCCGG-115","TCCGCGGCCGCTCGCCGG",115,1,197,0,52,198,0.994949494949495,0.16161308084486
"TCCGCGGCCGCTCGCCGG-116","TCCGCGGCCGCTCGCCGG",116,143,53,2,52,196,0.270408163265306,0.0104539743420088
"TCCGCGGCCGCTCGCCGG-117","TCCGCGGCCGCTCGCCGG",117,182,16,0,52,198,0.0808080808080808,0.00280473747439769
"TCCGCGGCCGCTCGCCGG-118","TCCGCGGCCGCTCGCCGG",118,195,3,0,52,198,0.0151515151515152,0.00050878626204387
"TCCGCGGCCGCTCGCCGG-119","TCCGCGGCCGCTCGCCGG",119,1,197,0,52,198,0.994949494949495,0.16161308084486
"TCCGCGGCCGCTCGCCGG-120","TCCGCGGCCGCTCGCCGG",120,31,167,0,52,198,0.843434343434343,0.059937886340798
"TCCGCGGCCGCTCGCCGG-121","TCCGCGGCCGCTCGCCGG",121,137,61,0,52,198,0.308080808080808,0.012201158313292
"TCCGCGGCCGCTCGCCGG-122","TCCGCGGCCGCTCGCCGG",122,187,10,1,52,197,0.050761421319797,0.00173499687918877
"TCCGCGGCCGCTCGCCGG-123","TCCGCGGCCGCTCGCCGG",123,196,2,0,52,198,0.0101010101010101,0.000338355127122547
"TCCGCGGCCGCTCGCCGG-124","TCCGCGGCCGCTCGCCGG",124,197,1,0,52,198,0.00505050505050505,0.000168762489893504
"TCCGCGGCCGCTCGCCGG-125","TCCGCGGCCGCTCGCCGG",125,188,9,1,52,197,0.0456852791878173,0.00155751134856918
"TCCGCGGCCGCTCGCCGG-126","TCCGCGGCCGCTCGCCGG",126,196,2,0,52,198,0.0101010101010101,0.000338355127122547
"TCCGCGGCCGCTCGCCGG-127","TCCGCGGCCGCTCGCCGG",127,2,196,0,52,198,0.98989898989899,0.142016715545019
"TCCGCGGCCGCTCGCCGG-128","TCCGCGGCCGCTCGCCGG",128,0,198,0,52,198,1,1
"TCCGCGGCCGCTCGCCGG-129","TCCGCGGCCGCTCGCCGG",129,2,196,0,52,198,0.98989898989899,0.142016715545019
"TCCGCGGCCGCTCGCCGG-130","TCCGCGGCCGCTCGCCGG",130,2,196,0,52,198,0.98989898989899,0.142016715545019
"TCCGCGGCCGCTCGCCGG-131","TCCGCGGCCGCTCGCCGG",131,192,6,0,52,198,0.0303030303030303,0.00102519608260854
"TCCGCGGCCGCTCGCCGG-132","TCCGCGGCCGCTCGCCGG",132,196,2,0,52,198,0.0101010101010101,0.000338355127122547
"TCCGCGGCCGCTCGCCGG-133","TCCGCGGCCGCTCGCCGG",133,2,196,0,52,198,0.98989898989899,0.142016715545019
"TCCGCGGCCGCTCGCCGG-134","TCCGCGGCCGCTCGCCGG",134,67,131,0,52,198,0.661616161616162,0.0354746337090869
"TCCGCGGCCGCTCGCCGG-135","TCCGCGGCCGCTCGCCGG",135,198,0,0,52,198,0,0
"TCCGCGGCCGCTCGCCGG-136","TCCGCGGCCGCTCGCCGG",136,196,2,0,52,198,0.0101010101010101,0.000338355127122547
"TCCGCGGCCGCTCGCCGG-137","TCCGCGGCCGCTCGCCGG",137,197,1,0,52,198,0.00505050505050505,0.000168762489893504
"TCCGCGGCCGCTCGCCGG-138","TCCGCGGCCGCTCGCCGG",138,195,3,0,52,198,0.0151515151515152,0.00050878626204387
"TCCGCGGCCGCTCGCCGG-139","TCCGCGGCCGCTCGCCGG",139,196,2,0,52,198,0.0101010101010101,0.000338355127122547
"TCCGCGGCCGCTCGCCGG-140","TCCGCGGCCGCTCGCCGG",140,0,198,0,52,198,1,1
"TCCGCGGCCGCTCGCCGG-141","TCCGCGGCCGCTCGCCGG",141,2,196,0,52,198,0.98989898989899,0.142016715545019
"TCCGCGGCCGCTCGCCGG-142","TCCGCGGCCGCTCGCCGG",142,192,6,0,52,198,0.0303030303030303,0.00102519608260854
"TCCGCGGCCGCTCGCCGG-143","TCCGCGGCCGCTCGCCGG",143,198,0,0,52,198,0,0
"TCCGCGGCCGCTCGCCGG-144","TCCGCGGCCGCTCGCCGG",144,115,81,2,52,196,0.413265306122449,0.0176157471953023
"TCCGCGGCCGCTCGCCGG-145","TCCGCGGCCGCTCGCCGG",145,182,15,1,52,197,0.0761421319796954,0.00263641991329311
"TCCGCGGCCGCTCGCCGG-146","TCCGCGGCCGCTCGCCGG",146,183,14,1,52,197,0.0710659898477157,0.00245423595622141
"TCCGCGGCCGCTCGCCGG-147","TCCGCGGCCGCTCGCCGG",147,196,2,0,52,198,0.0101010101010101,0.000338355127122547
"TCCGCGGCCGCTCGCCGG-148","TCCGCGGCCGCTCGCCGG",148,198,0,0,52,198,0,0
"TCCGCGGCCGCTCGCCGG-149","TCCGCGGCCGCTCGCCGG",149,2,196,0,52,198,0.98989898989899,0.142016715545019
"TCCGCGGCCGCTCGCCGG-150","TCCGCGGCCGCTCGCCGG",150,194,4,0,52,198,0.0202020202020202,0.000680064372371003
"TCCGCGGCCGCTCGCCGG-151","TCCGCGGCCGCTCGCCGG",151,2,196,0,52,198,0.98989898989899,0.142016715545019
"TCCGCGGCCGCTCGCCGG-152","TCCGCGGCCGCTCGCCGG",152,196,2,0,52,198,0.0101010101010101,0.000338355127122547
"TCCGCGGCCGCTCGCCGG-153","TCCGCGGCCGCTCGCCGG",153,198,0,0,52,198,0,0
"TCCGCGGCCGCTCGCCGG-154","TCCGCGGCCGCTCGCCGG",154,198,0,0,52,198,0,0
"TCCGCGGCCGCTCGCCGG-155","TCCGCGGCCGCTCGCCGG",155,198,0,0,52,198,0,0
"TCCGCGGCCGCTCGCCGG-156","TCCGCGGCCGCTCGCCGG",156,198,0,0,52,198,0,0
"TCCGCGGCCGCTCGCCGG-157","TCCGCGGCCGCTCGCCGG",157,0,198,0,52,198,1,1
"TCCGCGGCCGCTCGCCGG-158","TCCGCGGCCGCTCGCCGG",158,2,196,0,52,198,0.98989898989899,0.142016715545019
"TCCGCGGCCGCTCGCCGG-159","TCCGCGGCCGCTCGCCGG",159,195,3,0,52,198,0.0151515151515152,0.00050878626204387
"TCCGCGGCCGCTCGCCGG-160","TCCGCGGCCGCTCGCCGG",160,198,0,0,52,198,0,0
"TCCGCGGCCGCTCGCCGG-161","TCCGCGGCCGCTCGCCGG",161,196,2,0,52,198,0.0101010101010101,0.000338355127122547
"TCCGCGGCCGCTCGCCGG-162","TCCGCGGCCGCTCGCCGG",162,2,196,0,52,198,0.98989898989899,0.142016715545019
"TCCGCGGCCGCTCGCCGG-163","TCCGCGGCCGCTCGCCGG",163,191,7,0,52,198,0.0353535353535354,0.00119906729856167
"TCCGCGGCCGCTCGCCGG-164","TCCGCGGCCGCTCGCCGG",164,196,2,0,52,198,0.0101010101010101,0.000338355127122547
"TCCGCGGCCGCTCGCCGG-165","TCCGCGGCCGCTCGCCGG",165,196,2,0,52,198,0.0101010101010101,0.000338355127122547
"TCCGCGGCCGCTCGCCGG-166","TCCGCGGCCGCTCGCCGG",166,0,198,0,52,198,1,1
"TCCGCGGCCGCTCGCCGG-167","TCCGCGGCCGCTCGCCGG",167,26,172,0,52,198,0.868686868686869,0.0654333655963472
"TCCGCGGCCGCTCGCCGG-168","TCCGCGGCCGCTCGCCGG",168,192,6,0,52,198,0.0303030303030303,0.00102519608260854
"TCCGCGGCCGCTCGCCGG-169","TCCGCGGCCGCTCGCCGG",169,198,0,0,52,198,0,0
"TCCGCGGCCGCTCGCCGG-170","TCCGCGGCCGCTCGCCGG",170,198,0,0,52,198,0,0
"TCCGCGGCCGCTCGCCGG-171","TCCGCGGCCGCTCGCCGG",171,198,0,0,52,198,0,0
"TCCGCGGCCGCTCGCCGG-172","TCCGCGGCCGCTCGCCGG",172,12,185,1,52,197,0.939086294416244,0.0890584730052362
"TCCGCGGCCGCTCGCCGG-173","TCCGCGGCCGCTCGCCGG",173,2,196,0,52,198,0.98989898989899,0.142016715545019
"TCCGCGGCCGCTCGCCGG-174","TCCGCGGCCGCTCGCCGG",174,193,5,0,52,198,0.0252525252525253,0.000852198065784182
"TCCGCGGCCGCTCGCCGG-175","TCCGCGGCCGCTCGCCGG",175,198,0,0,52,198,0,0
"TCCGCGGCCGCTCGCCGG-176","TCCGCGGCCGCTCGCCGG",176,0,198,0,52,198,1,1
"TCCGCGGCCGCTCGCCGG-177","TCCGCGGCCGCTCGCCGG",177,0,198,0,52,198,1,1
"TCCGCGGCCGCTCGCCGG-178","TCCGCGGCCGCTCGCCGG",178,2,196,0,52,198,0.98989898989899,0.142016715545019
"TCCGCGGCCGCTCGCCGG-179","TCCGCGGCCGCTCGCCGG",179,197,1,0,52,198,0.00505050505050505,0.000168762489893504
"TCCGCGGCCGCTCGCCGG-180","TCCGCGGCCGCTCGCCGG",180,196,2,0,52,198,0.0101010101010101,0.000338355127122547
"TCCGCGGCCGCTCGCCGG-181","TCCGCGGCCGCTCGCCGG",181,198,0,0,52,198,0,0
"TCCGCGGCCGCTCGCCGG-182","TCCGCGGCCGCTCGCCGG",182,0,198,0,52,198,1,1
"TCCGCGGCCGCTCGCCGG-183","TCCGCGGCCGCTCGCCGG",183,187,10,1,52,197,0.050761421319797,0.00173499687918877
"TCCGCGGCCGCTCGCCGG-184","TCCGCGGCCGCTCGCCGG",184,195,3,0,52,198,0.0151515151515152,0.00050878626204387
"TCCGCGGCCGCTCGCCGG-185","TCCGCGGCCGCTCGCCGG",185,55,142,1,52,197,0.720812182741117,0.041637344762067
"TCCGCGGCCGCTCGCCGG-186","TCCGCGGCCGCTCGCCGG",186,126,71,1,52,197,0.360406091370558,0.0147869768741299
"TCCGCGGCCGCTCGCCGG-187","TCCGCGGCCGCTCGCCGG",187,100,98,0,52,198,0.494949494949495,0.0225126171962313
"TCCGCGGCCGCTCGCCGG-188","TCCGCGGCCGCTCGCCGG",188,190,8,0,52,198,0.0404040404040404,0.00137382072757219
"TCCGCGGCCGCTCGCCGG-189","TCCGCGGCCGCTCGCCGG",189,78,119,1,52,197,0.604060913705584,0.0304111500784849
"TCCGCGGCCGCTCGCCGG-190","TCCGCGGCCGCTCGCCGG",190,2,195,1,52,197,0.989847715736041,0.141871895709491
"TCCGCGGCCGCTCGCCGG-191","TCCGCGGCCGCTCGCCGG",191,189,7,2,52,196,0.0357142857142857,0.00121152032166283
"TCCGCGGCCGCTCGCCGG-192","TCCGCGGCCGCTCGCCGG",192,194,2,2,52,196,0.0102040816326531,0.000341824903457133
"TCCGCGGCCGCTCGCCGG-193","TCCGCGGCCGCTCGCCGG",193,2,195,1,52,197,0.989847715736041,0.141871895709491
"TCCGCGGCCGCTCGCCGG-194","TCCGCGGCCGCTCGCCGG",194,153,44,1,52,197,0.223350253807107,0.00839013163735292
"TCCGCGGCCGCTCGCCGG-195","TCCGCGGCCGCTCGCCGG",195,173,24,1,52,197,0.121827411167513,0.00432104179282522
"TCCGCGGCCGCTCGCCGG-196","TCCGCGGCCGCTCGCCGG",196,197,0,1,52,197,0,0
"TCCGCGGCCGCTCGCCGG-197","TCCGCGGCCGCTCGCCGG",197,197,0,1,52,197,0,0
"TCCGCGGCCGCTCGCCGG-198","TCCGCGGCCGCTCGCCGG",198,195,2,1,52,197,0.0101522842639594,0.000340081165094541
"TCCGCGGCCGCTCGCCGG-199","TCCGCGGCCGCTCGCCGG",199,64,132,2,52,196,0.673469387755102,0.0366203606751277
"TCCGCGGCCGCTCGCCGG-200","TCCGCGGCCGCTCGCCGG",200,0,197,1,52,197,1,1
"TCCGCGGCCGCTCGCCGG-201","TCCGCGGCCGCTCGCCGG",201,173,24,1,52,197,0.121827411167513,0.00432104179282522
"TCCGCGGCCGCTCGCCGG-202","TCCGCGGCCGCTCGCCGG",202,194,3,1,52,197,0.0152284263959391,0.00051138818562102
"TCCGCGGCCGCTCGCCGG-203","TCCGCGGCCGCTCGCCGG",203,197,0,1,52,197,0,0
"TCCGCGGCCGCTCGCCGG-204","TCCGCGGCCGCTCGCCGG",204,189,8,1,52,197,0.0406091370558376,0.00138093608499146
"TCCGCGGCCGCTCGCCGG-205","TCCGCGGCCGCTCGCCGG",205,194,3,1,52,197,0.0152284263959391,0.00051138818562102
"TCCGCGGCCGCTCGCCGG-206","TCCGCGGCCGCTCGCCGG",206,2,195,1,52,197,0.989847715736041,0.141871895709491
"TCCGCGGCCGCTCGCCGG-207","TCCGCGGCCGCTCGCCGG",207,167,29,2,52,196,0.147959183673469,0.0053231431537516
"TCCGCGGCCGCTCGCCGG-208","TCCGCGGCCGCTCGCCGG",208,184,13,1,52,197,0.065989847715736,0.00227301182500173
"TCCGCGGCCGCTCGCCGG-209","TCCGCGGCCGCTCGCCGG",209,197,0,1,52,197,0,0
"TCCGCGGCCGCTCGCCGG-210","TCCGCGGCCGCTCGCCGG",210,197,0,1,52,197,0,0
"TCCGCGGCCGCTCGCCGG-211","TCCGCGGCCGCTCGCCGG",211,196,1,1,52,197,0.0050761421319797,0.000169621262935626
"TCCGCGGCCGCTCGCCGG-212","TCCGCGGCCGCTCGCCGG",212,195,2,1,52,197,0.0101522842639594,0.000340081165094541
"TCCGCGGCCGCTCGCCGG-213","TCCGCGGCCGCTCGCCGG",213,2,195,1,52,197,0.989847715736041,0.141871895709491
"TCCGCGGCCGCTCGCCGG-214","TCCGCGGCCGCTCGCCGG",214,106,90,2,52,196,0.459183673469388,0.0202807084123621
"TCCGCGGCCGCTCGCCGG-215","TCCGCGGCCGCTCGCCGG",215,194,3,1,52,197,0.0152284263959391,0.00051138818562102
"TCCGCGGCCGCTCGCCGG-216","TCCGCGGCCGCTCGCCGG",216,197,0,1,52,197,0,0
"TCCGCGGCCGCTCGCCGG-217","TCCGCGGCCGCTCGCCGG",217,2,195,1,52,197,0.989847715736041,0.141871895709491
"TCCGCGGCCGCTCGCCGG-218","TCCGCGGCCGCTCGCCGG",218,113,83,2,52,196,0.423469387755102,0.0181900876897216
"TCCGCGGCCGCTCGCCGG-219","TCCGCGGCCGCTCGCCGG",219,187,10,1,52,197,0.050761421319797,0.00173499687918877
"TCCGCGGCCGCTCGCCGG-220","TCCGCGGCCGCTCGCCGG",220,196,1,1,52,197,0.0050761421319797,0.000169621262935626
"TCCGCGGCCGCTCGCCGG-221","TCCGCGGCCGCTCGCCGG",221,196,1,1,52,197,0.0050761421319797,0.000169621262935626
"TCCGCGGCCGCTCGCCGG-222","TCCGCGGCCGCTCGCCGG",222,161,36,1,52,197,0.182741116751269,0.00670407222130254
"TCCGCGGCCGCTCGCCGG-223","TCCGCGGCCGCTCGCCGG",223,17,180,1,52,197,0.913705583756345,0.078420604087365
"TCCGCGGCCGCTCGCCGG-224","TCCGCGGCCGCTCGCCGG",224,188,9,1,52,197,0.0456852791878173,0.00155751134856918
"TCCGCGGCCGCTCGCCGG-225","TCCGCGGCCGCTCGCCGG",225,195,1,2,52,196,0.00510204081632653,0.000170488820687931
"TCCGCGGCCGCTCGCCGG-226","TCCGCGGCCGCTCGCCGG",226,197,0,1,52,197,0,0
"TCCGCGGCCGCTCGCCGG-227","TCCGCGGCCGCTCGCCGG",227,196,1,1,52,197,0.0050761421319797,0.000169621262935626
"TCCGCGGCCGCTCGCCGG-228","TCCGCGGCCGCTCGCCGG",228,197,0,1,52,197,0,0
"TCCGCGGCCGCTCGCCGG-229","TCCGCGGCCGCTCGCCGG",229,22,175,1,52,197,0.888324873096447,0.0704661383414555
"TCCGCGGCCGCTCGCCGG-230","TCCGCGGCCGCTCGCCGG",230,2,195,1,52,197,0.989847715736041,0.141871895709491
"TCCGCGGCCGCTCGCCGG-231","TCCGCGGCCGCTCGCCGG",231,197,0,1,52,197,0,0
"TCCGCGGCCGCTCGCCGG-232","TCCGCGGCCGCTCGCCGG",232,197,0,1,52,197,0,0
"TCCGCGGCCGCTCGCCGG-233","TCCGCGGCCGCTCGCCGG",233,0,198,0,52,198,1,1
"TCCGCGGCCGCTCGCCGG-234","TCCGCGGCCGCTCGCCGG",234,2,196,0,52,198,0.98989898989899,0.142016715545019
"TCCGCGGCCGCTCGCCGG-235","TCCGCGGCCGCTCGCCGG",235,187,11,0,52,198,0.0555555555555556,0.00190346656668905
"TCCGCGGCCGCTCGCCGG-236","TCCGCGGCCGCTCGCCGG",236,198,0,0,52,198,0,0
"TCCGCGGCCGCTCGCCGG-237","TCCGCGGCCGCTCGCCGG",237,196,2,0,52,198,0.0101010101010101,0.000338355127122547
"TCCGCGGCCGCTCGCCGG-238","TCCGCGGCCGCTCGCCGG",238,60,138,0,52,198,0.696969696969697,0.0390159001938115
"TCCGCGGCCGCTCGCCGG-239","TCCGCGGCCGCTCGCCGG",239,22,176,0,52,198,0.888888888888889,0.0706230087903894
"TCCGCGGCCGCTCGCCGG-240","TCCGCGGCCGCTCGCCGG",240,198,0,0,52,198,0,0
"TCCGCGGCCGCTCGCCGG-241","TCCGCGGCCGCTCGCCGG",241,190,8,0,52,198,0.0404040404040404,0.00137382072757219
"TCCGCGGCCGCTCGCCGG-242","TCCGCGGCCGCTCGCCGG",242,0,198,0,52,198,1,1
"TCCGCGGCCGCTCGCCGG-243","TCCGCGGCCGCTCGCCGG",243,2,196,0,52,198,0.98989898989899,0.142016715545019
"TCCGCGGCCGCTCGCCGG-244","TCCGCGGCCGCTCGCCGG",244,196,2,0,52,198,0.0101010101010101,0.000338355127122547
"TCCGCGGCCGCTCGCCGG-245","TCCGCGGCCGCTCGCCGG",245,193,5,0,52,198,0.0252525252525253,0.000852198065784182
"TCCGCGGCCGCTCGCCGG-246","TCCGCGGCCGCTCGCCGG",246,2,196,0,52,198,0.98989898989899,0.142016715545019
"TCCGCGGCCGCTCGCCGG-247","TCCGCGGCCGCTCGCCGG",247,196,2,0,52,198,0.0101010101010101,0.000338355127122547
"TCCGCGGCCGCTCGCCGG-248","TCCGCGGCCGCTCGCCGG",248,198,0,0,52,198,0,0
"TCCGCGGCCGCTCGCCGG-249","TCCGCGGCCGCTCGCCGG",249,198,0,0,52,198,0,0
"TCCGCGGCCGCTCGCCGG-250","TCCGCGGCCGCTCGCCGG",250,196,2,0,52,198,0.0101010101010101,0.000338355127122547
"TCCGCGGCCGCTCGCCGG-251","TCCGCGGCCGCTCGCCGG",251,147,50,1,52,197,0.253807106598985,0.00971157318268145
"TCCGCGGCCGCTCGCCGG-252","TCCGCGGCCGCTCGCCGG",252,194,4,0,52,198,0.0202020202020202,0.000680064372371003
"TCCGCGGCCGCTCGCCGG-253","TCCGCGGCCGCTCGCCGG",253,2,196,0,52,198,0.98989898989899,0.142016715545019
"TCCGCGGCCGCTCGCCGG-254","TCCGCGGCCGCTCGCCGG",254,197,1,0,52,198,0.00505050505050505,0.000168762489893504
"TCCGCGGCCGCTCGCCGG-255","TCCGCGGCCGCTCGCCGG",255,198,0,0,52,198,0,0
"TCCGCGGCCGCTCGCCGG-256","TCCGCGGCCGCTCGCCGG",256,196,2,0,52,198,0.0101010101010101,0.000338355127122547
"TCCGCGGCCGCTCGCCGG-257","TCCGCGGCCGCTCGCCGG",257,68,127,3,52,195,0.651282051282051,0.0345069689532247
"TCCGCGGCCGCTCGCCGG-258","TCCGCGGCCGCTCGCCGG",258,2,196,0,52,198,0.98989898989899,0.142016715545019
"TCCGCGGCCGCTCGCCGG-259","TCCGCGGCCGCTCGCCGG",259,197,1,0,52,198,0.00505050505050505,0.000168762489893504
"TCCGCGGCCGCTCGCCGG-260","TCCGCGGCCGCTCGCCGG",260,198,0,0,52,198,0,0
"TCCGCGGCCGCTCGCCGG-261","TCCGCGGCCGCTCGCCGG",261,194,3,1,52,197,0.0152284263959391,0.00051138818562102
"TCCGCGGCCGCTCGCCGG-262","TCCGCGGCCGCTCGCCGG",262,0,198,0,52,198,1,1
"TCCGCGGCCGCTCGCCGG-263","TCCGCGGCCGCTCGCCGG",263,2,196,0,52,198,0.98989898989899,0.142016715545019
"TCCGCGGCCGCTCGCCGG-264","TCCGCGGCCGCTCGCCGG",264,198,0,0,52,198,0,0
"TCCGCGGCCGCTCGCCGG-265","TCCGCGGCCGCTCGCCGG",265,198,0,0,52,198,0,0
"TCCGCGGCCGCTCGCCGG-266","TCCGCGGCCGCTCGCCGG",266,198,0,0,52,198,0,0
"TCCGCGGCCGCTCGCCGG-267","TCCGCGGCCGCTCGCCGG",267,196,2,0,52,198,0.0101010101010101,0.000338355127122547
"TCCGCGGCCGCTCGCCGG-268","TCCGCGGCCGCTCGCCGG",268,0,198,0,52,198,1,1
"TCCGCGGCCGCTCGCCGG-269","TCCGCGGCCGCTCGCCGG",269,19,179,0,52,198,0.904040404040404,0.0751535929761027
"TCCGCGGCCGCTCGCCGG-270","TCCGCGGCCGCTCGCCGG",270,194,4,0,52,198,0.0202020202020202,0.000680064372371003
"TCCGCGGCCGCTCGCCGG-271","TCCGCGGCCGCTCGCCGG",271,196,2,0,52,198,0.0101010101010101,0.000338355127122547
"AACCACACCCACCACCTA-0","AACCACACCCACCACCTA",0,199,2,0,49,201,0.0099502487562189,0.000333280560843807
"AACCACACCCACCACCTA-1","AACCACACCCACCACCTA",1,0,201,0,49,201,1,1
"AACCACACCCACCACCTA-2","AACCACACCCACCACCTA",2,1,200,0,49,201,0.995024875621891,0.162033227523302
"AACCACACCCACCACCTA-3","AACCACACCCACCACCTA",3,197,4,0,49,201,0.0199004975124378,0.000669814884491582
"AACCACACCCACCACCTA-4","AACCACACCCACCACCTA",4,1,200,0,49,201,0.995024875621891,0.162033227523302
"AACCACACCCACCACCTA-5","AACCACACCCACCACCTA",5,1,200,0,49,201,0.995024875621891,0.162033227523302
"AACCACACCCACCACCTA-6","AACCACACCCACCACCTA",6,188,13,0,49,201,0.0646766169154229,0.00222628298877681
"AACCACACCCACCACCTA-7","AACCACACCCACCACCTA",7,199,2,0,49,201,0.0099502487562189,0.000333280560843807
"AACCACACCCACCACCTA-8","AACCACACCCACCACCTA",8,201,0,0,49,201,0,0
"AACCACACCCACCACCTA-9","AACCACACCCACCACCTA",9,1,200,0,49,201,0.995024875621891,0.162033227523302
"AACCACACCCACCACCTA-10","AACCACACCCACCACCTA",10,1,200,0,49,201,0.995024875621891,0.162033227523302
"AACCACACCCACCACCTA-11","AACCACACCCACCACCTA",11,201,0,0,49,201,0,0
"AACCACACCCACCACCTA-12","AACCACACCCACCACCTA",12,200,1,0,49,201,0.00497512437810945,0.000166237564705796
"AACCACACCCACCACCTA-13","AACCACACCCACCACCTA",13,195,6,0,49,201,0.0298507462686567,0.00100966825815985
"AACCACACCCACCACCTA-14","AACCACACCCACCACCTA",14,1,200,0,49,201,0.995024875621891,0.162033227523302
"AACCACACCCACCACCTA-15","AACCACACCCACCACCTA",15,165,35,1,49,200,0.175,0.00639188088232756
"AACCACACCCACCACCTA-16","AACCACACCCACCACCTA",16,197,4,0,49,201,0.0199004975124378,0.000669814884491582
"AACCACACCCACCACCTA-17","AACCACACCCACCACCTA",17,197,4,0,49,201,0.0199004975124378,0.000669814884491582
"AACCACACCCACCACCTA-18","AACCACACCCACCACCTA",18,200,0,1,49,200,0,0
"AACCACACCCACCACCTA-19","AACCACACCCACCACCTA",19,197,4,0,49,201,0.0199004975124378,0.000669814884491582
"AACCACACCCACCACCTA-20","AACCACACCCACCACCTA",20,0,201,0,49,201,1,1
"AACCACACCCACCACCTA-21","AACCACACCCACCACCTA",21,1,200,0,49,201,0.995024875621891,0.162033227523302
"AACCACACCCACCACCTA-22","AACCACACCCACCACCTA",22,196,5,0,49,201,0.0248756218905473,0.000839322532580566
"AACCACACCCACCACCTA-23","AACCACACCCACCACCTA",23,196,5,0,49,201,0.0248756218905473,0.000839322532580566
"AACCACACCCACCACCTA-24","AACCACACCCACCACCTA",24,200,1,0,49,201,0.00497512437810945,0.000166237564705796
"AACCACACCCACCACCTA-25","AACCACACCCACCACCTA",25,201,0,0,49,201,0,0
"AACCACACCCACCACCTA-26","AACCACACCCACCACCTA",26,200,1,0,49,201,0.00497512437810945,0.000166237564705796
"AACCACACCCACCACCTA-27","AACCACACCCACCACCTA",27,1,200,0,49,201,0.995024875621891,0.162033227523302
"AACCACACCCACCACCTA-28","AACCACACCCACCACCTA",28,1,200,0,49,201,0.995024875621891,0.162033227523302
"AACCACACCCACCACCTA-29","AACCACACCCACCACCTA",29,200,1,0,49,201,0.00497512437810945,0.000166237564705796
"AACCACACCCACCACCTA-30","AACCACACCCACCACCTA",30,201,0,0,49,201,0,0
"AACCACACCCACCACCTA-31","AACCACACCCACCACCTA",31,200,1,0,49,201,0.00497512437810945,0.000166237564705796
"AACCACACCCACCACCTA-32","AACCACACCCACCACCTA",32,200,1,0,49,201,0.00497512437810945,0.000166237564705796
"AACCACACCCACCACCTA-33","AACCACACCCACCACCTA",33,197,4,0,49,201,0.0199004975124378,0.000669814884491582
"AACCACACCCACCACCTA-34","AACCACACCCACCACCTA",34,201,0,0,49,201,0,0
"AACCACACCCACCACCTA-35","AACCACACCCACCACCTA",35,187,14,0,49,201,0.0696517412935323,0.00240364963694606
"AACCACACCCACCACCTA-36","AACCACACCCACCACCTA",36,190,11,0,49,201,0.054726368159204,0.0018742692229391
"AACCACACCCACCACCTA-37","AACCACACCCACCACCTA",37,198,3,0,49,201,0.0149253731343284,0.000501136967720472
"AACCACACCCACCACCTA-38","AACCACACCCACCACCTA",38,1,200,0,49,201,0.995024875621891,0.162033227523302
"AACCACACCCACCACCTA-39","AACCACACCCACCACCTA",39,198,3,0,49,201,0.0149253731343284,0.000501136967720472
"AACCACACCCACCACCTA-40","AACCACACCCACCACCTA",40,1,200,0,49,201,0.995024875621891,0.162033227523302
"AACCACACCCACCACCTA-41","AACCACACCCACCACCTA",41,192,9,0,49,201,0.0447761194029851,0.00152581928667295
"AACCACACCCACCACCTA-42","AACCACACCCACCACCTA",42,200,1,0,49,201,0.00497512437810945,0.000166237564705796
"AACCACACCCACCACCTA-43","AACCACACCCACCACCTA",43,201,0,0,49,201,0,0
"AACCACACCCACCACCTA-44","AACCACACCCACCACCTA",44,200,1,0,49,201,0.00497512437810945,0.000166237564705796
"AACCACACCCACCACCTA-45","AACCACACCCACCACCTA",45,1,200,0,49,201,0.995024875621891,0.162033227523302
"AACCACACCCACCACCTA-46","AACCACACCCACCACCTA",46,128,73,0,49,201,0.36318407960199,0.0149299150797848
"AACCACACCCACCACCTA-47","AACCACACCCACCACCTA",47,199,2,0,49,201,0.0099502487562189,0.000333280560843807
"AACCACACCCACCACCTA-48","AACCACACCCACCACCTA",48,197,4,0,49,201,0.0199004975124378,0.000669814884491582
"AACCACACCCACCACCTA-49","AACCACACCCACCACCTA",49,201,0,0,49,201,0,0
"AACCACACCCACCACCTA-50","AACCACACCCACCACCTA",50,200,1,0,49,201,0.00497512437810945,0.000166237564705796
"AACCACACCCACCACCTA-51","AACCACACCCACCACCTA",51,0,201,0,49,201,1,1
"AACCACACCCACCACCTA-52","AACCACACCCACCACCTA",52,191,10,0,49,201,0.0497512437810945,0.00169960336933206
"AACCACACCCACCACCTA-53","AACCACACCCACCACCTA",53,112,89,0,49,201,0.442786069651741,0.0193047642044485
"AACCACACCCACCACCTA-54","AACCACACCCACCACCTA",54,195,6,0,49,201,0.0298507462686567,0.00100966825815985
"AACCACACCCACCACCTA-55","AACCACACCCACCACCTA",55,200,1,0,49,201,0.00497512437810945,0.000166237564705796
"AACCACACCCACCACCTA-56","AACCACACCCACCACCTA",56,200,0,1,49,200,0,0
"AACCACACCCACCACCTA-57","AACCACACCCACCACCTA",57,0,200,1,49,200,1,1
"AACCACACCCACCACCTA-58","AACCACACCCACCACCTA",58,88,112,1,49,200,0.56,0.0269949614097825
"AACCACACCCACCACCTA-59","AACCACACCCACCACCTA",59,179,21,1,49,200,0.105,0.00369089054726335
"AACCACACCCACCACCTA-60","AACCACACCCACCACCTA",60,183,17,1,49,200,0.085,0.0029566609003413
"AACCACACCCACCACCTA-61","AACCACACCCACCACCTA",61,198,2,1,49,200,0.01,0.00033495508513226
"AACCACACCCACCACCTA-62","AACCACACCCACCACCTA",62,199,1,1,49,200,0.005,0.000167070769575783
"AACCACACCCACCACCTA-63","AACCACACCCACCACCTA",63,195,5,1,49,200,0.025,0.000843570926630455
"AACCACACCCACCACCTA-64","AACCACACCCACCACCTA",64,185,15,1,49,200,0.075,0.00259534430434449
"AACCACACCCACCACCTA-65","AACCACACCCACCACCTA",65,1,199,1,49,200,0.995,0.16189390280674
"AACCACACCCACCACCTA-66","AACCACACCCACCACCTA",66,136,64,1,49,200,0.32,0.0127731381160914
"AACCACACCCACCACCTA-67","AACCACACCCACCACCTA",67,190,10,1,49,200,0.05,0.00170831564446572
"AACCACACCCACCACCTA-68","AACCACACCCACCACCTA",68,200,0,1,49,200,0,0
"AACCACACCCACCACCTA-69","AACCACACCCACCACCTA",69,192,8,1,49,200,0.04,0.00135980777309974
"AACCACACCCACCACCTA-70","AACCACACCCACCACCTA",70,190,9,2,49,199,0.0452261306532663,0.00154150241488471
"AACCACACCCACCACCTA-71","AACCACACCCACCACCTA",71,0,199,2,49,199,1,1
"AACCACACCCACCACCTA-72","AACCACACCCACCACCTA",72,200,0,1,49,200,0,0
"AACCACACCCACCACCTA-73","AACCACACCCACCACCTA",73,200,0,1,49,200,0,0
"AACCACACCCACCACCTA-74","AACCACACCCACCACCTA",74,197,3,1,49,200,0.015,0.0005036610471717
"AACCACACCCACCACCTA-75","AACCACACCCACCACCTA",75,0,200,1,49,200,1,1
"AACCACACCCACCACCTA-76","AACCACACCCACCACCTA",76,195,5,1,49,200,0.025,0.000843570926630455
"AACCACACCCACCACCTA-77","AACCACACCCACCACCTA",77,112,88,1,49,200,0.44,0.019141708710783
"AACCACACCCACCACCTA-78","AACCACACCCACCACCTA",78,95,105,1,49,200,0.525,0.0245093292269759
"AACCACACCCACCACCTA-79","AACCACACCCACCACCTA",79,200,0,1,49,200,0,0
"AACCACACCCACCACCTA-80","AACCACACCCACCACCTA",80,200,0,1,49,200,0,0
"AACCACACCCACCACCTA-81","AACCACACCCACCACCTA",81,200,0,1,49,200,0,0
"AACCACACCCACCACCTA-82","AACCACACCCACCACCTA",82,198,2,1,49,200,0.01,0.00033495508513226
"AACCACACCCACCACCTA-83","AACCACACCCACCACCTA",83,199,1,1,49,200,0.005,0.000167070769575783
"AACCACACCCACCACCTA-84","AACCACACCCACCACCTA",84,0,200,1,49,200,1,1
"AACCACACCCACCACCTA-85","AACCACACCCACCACCTA",85,0,200,1,49,200,1,1
"AACCACACCCACCACCTA-86","AACCACACCCACCACCTA",86,1,199,1,49,200,0.995,0.16189390280674
"AACCACACCCACCACCTA-87","AACCACACCCACCACCTA",87,183,17,1,49,200,0.085,0.0029566609003413
"AACCACACCCACCACCTA-88","AACCACACCCACCACCTA",88,199,1,1,49,200,0.005,0.000167070769575783
"AACCACACCCACCACCTA-89","AACCACACCCACCACCTA",89,194,5,2,49,199,0.0251256281407035,0.000847862549956502
"AACCACACCCACCACCTA-90","AACCACACCCACCACCTA",90,1,199,1,49,200,0.995,0.16189390280674
"AACCACACCCACCACCTA-91","AACCACACCCACCACCTA",91,199,1,1,49,200,0.005,0.000167070769575783
"AACCACACCCACCACCTA-92","AACCACACCCACCACCTA",92,199,1,1,49,200,0.005,0.000167070769575783
"AACCACACCCACCACCTA-93","AACCACACCCACCACCTA",93,198,2,1,49,200,0.01,0.00033495508513226
"AACCACACCCACCACCTA-94","AACCACACCCACCACCTA",94,200,0,1,49,200,0,0
"AACCACACCCACCACCTA-95","AACCACACCCACCACCTA",95,200,0,1,49,200,0,0
"AACCACACCCACCACCTA-96","AACCACACCCACCACCTA",96,198,2,1,49,200,0.01,0.00033495508513226
"AACCACACCCACCACCTA-97","AACCACACCCACCACCTA",97,1,199,1,49,200,0.995,0.16189390280674
"AACCACACCCACCACCTA-98","AACCACACCCACCACCTA",98,161,39,1,49,200,0.195,0.00720435668843888
"AACCACACCCACCACCTA-99","AACCACACCCACCACCTA",99,193,7,1,49,200,0.035,0.00118686770284082
"AACCACACCCACCACCTA-100","AACCACACCCACCACCTA",100,199,1,1,49,200,0.005,0.000167070769575783
"AACCACACCCACCACCTA-101","AACCACACCCACCACCTA",101,0,200,1,49,200,1,1
"AACCACACCCACCACCTA-102","AACCACACCCACCACCTA",102,0,200,1,49,200,1,1
"AACCACACCCACCACCTA-103","AACCACACCCACCACCTA",103,200,1,0,49,201,0.00497512437810945,0.000166237564705796
"AACCACACCCACCACCTA-104","AACCACACCCACCACCTA",104,0,201,0,49,201,1,1
"AACCACACCCACCACCTA-105","AACCACACCCACCACCTA",105,70,131,0,49,201,0.651741293532338,0.0345493793184973
"AACCACACCCACCACCTA-106","AACCACACCCACCACCTA",106,201,0,0,49,201,0,0
"AACCACACCCACCACCTA-107","AACCACACCCACCACCTA",107,200,1,0,49,201,0.00497512437810945,0.000166237564705796
"AACCACACCCACCACCTA-108","AACCACACCCACCACCTA",108,201,0,0,49,201,0,0
"AACCACACCCACCACCTA-109","AACCACACCCACCACCTA",109,1,200,0,49,201,0.995024875621891,0.162033227523302
"AACCACACCCACCACCTA-110","AACCACACCCACCACCTA",110,194,6,1,49,200,0.03,0.00101479166648355
"AACCACACCCACCACCTA-111","AACCACACCCACCACCTA",111,201,0,0,49,201,0,0
"AACCACACCCACCACCTA-112","AACCACACCCACCACCTA",112,198,3,0,49,201,0.0149253731343284,0.000501136967720472
"AACCACACCCACCACCTA-113","AACCACACCCACCACCTA",113,201,0,0,49,201,0,0
"AACCACACCCACCACCTA-114","AACCACACCCACCACCTA",114,150,51,0,49,201,0.253731343283582,0.00970822177701491
"AACCACACCCACCACCTA-115","AACCACACCCACCACCTA",115,0,201,0,49,201,1,1
"AACCACACCCACCACCTA-116","AACCACACCCACCACCTA",116,120,80,1,49,200,0.4,0.0168833718858274
"AACCACACCCACCACCTA-117","AACCACACCCACCACCTA",117,179,22,0,49,201,0.109452736318408,0.00385651454731306
"AACCACACCCACCACCTA-118","AACCACACCCACCACCTA",118,198,2,1,49,200,0.01,0.00033495508513226
"AACCACACCCACCACCTA-119","AACCACACCCACCACCTA",119,0,201,0,49,201,1,1
"AACCACACCCACCACCTA-120","AACCACACCCACCACCTA",120,1,200,0,49,201,0.995024875621891,0.162033227523302
"AACCACACCCACCACCTA-121","AACCACACCCACCACCTA",121,200,1,0,49,201,0.00497512437810945,0.000166237564705796
"AACCACACCCACCACCTA-122","AACCACACCCACCACCTA",122,193,8,0,49,201,0.0398009950248756,0.0013529079655501
"AACCACACCCACCACCTA-123","AACCACACCCACCACCTA",123,201,0,0,49,201,0,0
"AACCACACCCACCACCTA-124","AACCACACCCACCACCTA",124,201,0,0,49,201,0,0
"AACCACACCCACCACCTA-125","AACCACACCCACCACCTA",125,191,10,0,49,201,0.0497512437810945,0.00169960336933206
"AACCACACCCACCACCTA-126","AACCACACCCACCACCTA",126,201,0,0,49,201,0,0
"AACCACACCCACCACCTA-127","AACCACACCCACCACCTA",127,89,112,0,49,201,0.557213930348259,0.0267902191657573
"AACCACACCCACCACCTA-128","AACCACACCCACCACCTA",128,173,28,0,49,201,0.139303482587065,0.00498796237920751
"AACCACACCCACCACCTA-129","AACCACACCCACCACCTA",129,113,88,0,49,201,0.437810945273632,0.0190141428718346
"AACCACACCCACCACCTA-130","AACCACACCCACCACCTA",130,200,1,0,49,201,0.00497512437810945,0.000166237564705796
"AACCACACCCACCACCTA-131","AACCACACCCACCACCTA",131,190,11,0,49,201,0.054726368159204,0.0018742692229391
"AACCACACCCACCACCTA-132","AACCACACCCACCACCTA",132,199,2,0,49,201,0.0099502487562189,0.000333280560843807
"AACCACACCCACCACCTA-133","AACCACACCCACCACCTA",133,1,200,0,49,201,0.995024875621891,0.162033227523302
"AACCACACCCACCACCTA-134","AACCACACCCACCACCTA",134,142,57,2,49,199,0.28643216080402,0.0111862225832098
"AACCACACCCACCACCTA-135","AACCACACCCACCACCTA",135,200,1,0,49,201,0.00497512437810945,0.000166237564705796
"AACCACACCCACCACCTA-136","AACCACACCCACCACCTA",136,200,1,0,49,201,0.00497512437810945,0.000166237564705796
"AACCACACCCACCACCTA-137","AACCACACCCACCACCTA",137,201,0,0,49,201,0,0
"AACCACACCCACCACCTA-138","AACCACACCCACCACCTA",138,199,2,0,49,201,0.0099502487562189,0.000333280560843807
"AACCACACCCACCACCTA-139","AACCACACCCACCACCTA",139,200,1,0,49,201,0.00497512437810945,0.000166237564705796
"AACCACACCCACCACCTA-140","AACCACACCCACCACCTA",140,0,201,0,49,201,1,1
"AACCACACCCACCACCTA-141","AACCACACCCACCACCTA",141,1,200,0,49,201,0.995024875621891,0.162033227523302
"AACCACACCCACCACCTA-142","AACCACACCCACCACCTA",142,192,9,0,49,201,0.0447761194029851,0.00152581928667295
"AACCACACCCACCACCTA-143","AACCACACCCACCACCTA",143,201,0,0,49,201,0,0
"AACCACACCCACCACCTA-144","AACCACACCCACCACCTA",144,121,80,0,49,201,0.398009950248756,0.0167748540288328
"AACCACACCCACCACCTA-145","AACCACACCCACCACCTA",145,197,4,0,49,201,0.0199004975124378,0.000669814884491582
"AACCACACCCACCACCTA-146","AACCACACCCACCACCTA",146,181,20,0,49,201,0.0995024875621891,0.00348750038745349
"AACCACACCCACCACCTA-147","AACCACACCCACCACCTA",147,201,0,0,49,201,0,0
"AACCACACCCACCACCTA-148","AACCACACCCACCACCTA",148,201,0,0,49,201,0,0
"AACCACACCCACCACCTA-149","AACCACACCCACCACCTA",149,1,200,0,49,201,0.995024875621891,0.162033227523302
"AACCACACCCACCACCTA-150","AACCACACCCACCACCTA",150,199,2,0,49,201,0.0099502487562189,0.000333280560843807
"AACCACACCCACCACCTA-151","AACCACACCCACCACCTA",151,1,200,0,49,201,0.995024875621891,0.162033227523302
"AACCACACCCACCACCTA-152","AACCACACCCACCACCTA",152,200,1,0,49,201,0.00497512437810945,0.000166237564705796
"AACCACACCCACCACCTA-153","AACCACACCCACCACCTA",153,201,0,0,49,201,0,0
"AACCACACCCACCACCTA-154","AACCACACCCACCACCTA",154,201,0,0,49,201,0,0
"AACCACACCCACCACCTA-155","AACCACACCCACCACCTA",155,201,0,0,49,201,0,0
"AACCACACCCACCACCTA-156","AACCACACCCACCACCTA",156,201,0,0,49,201,0,0
"AACCACACCCACCACCTA-157","AACCACACCCACCACCTA",157,1,199,1,49,200,0.995,0.16189390280674
"AACCACACCCACCACCTA-158","AACCACACCCACCACCTA",158,192,7,2,49,199,0.0351758793969849,0.00119293630831108
"AACCACACCCACCACCTA-159","AACCACACCCACCACCTA",159,193,7,1,49,200,0.035,0.00118686770284082
"AACCACACCCACCACCTA-160","AACCACACCCACCACCTA",160,200,0,1,49,200,0,0
"AACCACACCCACCACCTA-161","AACCACACCCACCACCTA",161,199,1,1,49,200,0.005,0.000167070769575783
"AACCACACCCACCACCTA-162","AACCACACCCACCACCTA",162,1,199,1,49,200,0.995,0.16189390280674
"AACCACACCCACCACCTA-163","AACCACACCCACCACCTA",163,182,18,1,49,200,0.09,0.00313875309845046
"AACCACACCCACCACCTA-164","AACCACACCCACCACCTA",164,198,2,1,49,200,0.01,0.00033495508513226
"AACCACACCCACCACCTA-165","AACCACACCCACCACCTA",165,199,1,1,49,200,0.005,0.000167070769575783
"AACCACACCCACCACCTA-166","AACCACACCCACCACCTA",166,0,200,1,49,200,1,1
"AACCACACCCACCACCTA-167","AACCACACCCACCACCTA",167,1,199,1,49,200,0.995,0.16189390280674
"AACCACACCCACCACCTA-168","AACCACACCCACCACCTA",168,196,4,1,49,200,0.02,0.000673196878484439
"AACCACACCCACCACCTA-169","AACCACACCCACCACCTA",169,200,0,1,49,200,0,0
"AACCACACCCACCACCTA-170","AACCACACCCACCACCTA",170,199,0,2,49,199,0,0
"AACCACACCCACCACCTA-171","AACCACACCCACCACCTA",171,198,2,1,49,200,0.01,0.00033495508513226
"AACCACACCCACCACCTA-172","AACCACACCCACCACCTA",172,36,163,2,49,199,0.819095477386935,0.0553991889240499
"AACCACACCCACCACCTA-173","AACCACACCCACCACCTA",173,1,199,1,49,200,0.995,0.16189390280674
"AACCACACCCACCACCTA-174","AACCACACCCACCACCTA",174,173,27,1,49,200,0.135,0.00482252649956261
"AACCACACCCACCACCTA-175","AACCACACCCACCACCTA",175,200,0,1,49,200,0,0
"AACCACACCCACCACCTA-176","AACCACACCCACCACCTA",176,0,200,1,49,200,1,1
"AACCACACCCACCACCTA-177","AACCACACCCACCACCTA",177,0,200,1,49,200,1,1
"AACCACACCCACCACCTA-178","AACCACACCCACCACCTA",178,1,200,0,49,201,0.995024875621891,0.162033227523302
"AACCACACCCACCACCTA-179","AACCACACCCACCACCTA",179,199,2,0,49,201,0.0099502487562189,0.000333280560843807
"AACCACACCCACCACCTA-180","AACCACACCCACCACCTA",180,199,2,0,49,201,0.0099502487562189,0.000333280560843807
"AACCACACCCACCACCTA-181","AACCACACCCACCACCTA",181,201,0,0,49,201,0,0
"AACCACACCCACCACCTA-182","AACCACACCCACCACCTA",182,0,201,0,49,201,1,1
"AACCACACCCACCACCTA-183","AACCACACCCACCACCTA",183,192,8,1,49,200,0.04,0.00135980777309974
"AACCACACCCACCACCTA-184","AACCACACCCACCACCTA",184,198,3,0,49,201,0.0149253731343284,0.000501136967720472
"AACCACACCCACCACCTA-185","AACCACACCCACCACCTA",185,126,75,0,49,201,0.373134328358209,0.0154468872214145
"AACCACACCCACCACCTA-186","AACCACACCCACCACCTA",186,50,151,0,49,201,0.751243781094527,0.0453171266324973
"AACCACACCCACCACCTA-187","AACCACACCCACCACCTA",187,170,31,0,49,201,0.154228855721393,0.00556798999540842
"AACCACACCCACCACCTA-188","AACCACACCCACCACCTA",188,194,7,0,49,201,0.0348258706467662,0.00118086053469402
"AACCACACCCACCACCTA-189","AACCACACCCACCACCTA",189,188,12,1,49,200,0.06,0.00206038793794405
"AACCACACCCACCACCTA-190","AACCACACCCACCACCTA",190,200,0,1,49,200,0,0
"AACCACACCCACCACCTA-191","AACCACACCCACCACCTA",191,198,2,1,49,200,0.01,0.00033495508513226
"AACCACACCCACCACCTA-192","AACCACACCCACCACCTA",192,200,0,1,49,200,0,0
"AACCACACCCACCACCTA-193","AACCACACCCACCACCTA",193,0,200,1,49,200,1,1
"AACCACACCCACCACCTA-194","AACCACACCCACCACCTA",194,155,45,1,49,200,0.225,0.00846041585148671
"AACCACACCCACCACCTA-195","AACCACACCCACCACCTA",195,181,19,1,49,200,0.095,0.00332181503318918
"AACCACACCCACCACCTA-196","AACCACACCCACCACCTA",196,199,0,2,49,199,0,0
"AACCACACCCACCACCTA-197","AACCACACCCACCACCTA",197,200,0,1,49,200,0,0
"AACCACACCCACCACCTA-198","AACCACACCCACCACCTA",198,200,0,1,49,200,0,0
"AACCACACCCACCACCTA-199","AACCACACCCACCACCTA",199,92,106,3,49,198,0.535353535353535,0.0252256608405018
"AACCACACCCACCACCTA-200","AACCACACCCACCACCTA",200,0,200,1,49,200,1,1
"AACCACACCCACCACCTA-201","AACCACACCCACCACCTA",201,198,2,1,49,200,0.01,0.00033495508513226
"AACCACACCCACCACCTA-202","AACCACACCCACCACCTA",202,190,10,1,49,200,0.05,0.00170831564446572
"AACCACACCCACCACCTA-203","AACCACACCCACCACCTA",203,198,2,1,49,200,0.01,0.00033495508513226
"AACCACACCCACCACCTA-204","AACCACACCCACCACCTA",204,193,7,1,49,200,0.035,0.00118686770284082
"AACCACACCCACCACCTA-205","AACCACACCCACCACCTA",205,200,0,1,49,200,0,0
"AACCACACCCACCACCTA-206","AACCACACCCACCACCTA",206,0,200,1,49,200,1,1
"AACCACACCCACCACCTA-207","AACCACACCCACCACCTA",207,181,19,1,49,200,0.095,0.00332181503318918
"AACCACACCCACCACCTA-208","AACCACACCCACCACCTA",208,185,14,2,49,199,0.0703517587939698,0.0024286792960877
"AACCACACCCACCACCTA-209","AACCACACCCACCACCTA",209,200,0,1,49,200,0,0
"AACCACACCCACCACCTA-210","AACCACACCCACCACCTA",210,199,1,1,49,200,0.005,0.000167070769575783
"AACCACACCCACCACCTA-211","AACCACACCCACCACCTA",211,200,0,1,49,200,0,0
"AACCACACCCACCACCTA-212","AACCACACCCACCACCTA",212,198,2,1,49,200,0.01,0.00033495508513226
"AACCACACCCACCACCTA-213","AACCACACCCACCACCTA",213,0,200,1,49,200,1,1
"AACCACACCCACCACCTA-214","AACCACACCCACCACCTA",214,138,61,2,49,199,0.306532663316583,0.0121275657009211
"AACCACACCCACCACCTA-215","AACCACACCCACCACCTA",215,199,2,0,49,201,0.0099502487562189,0.000333280560843807
"AACCACACCCACCACCTA-216","AACCACACCCACCACCTA",216,201,0,0,49,201,0,0
"AACCACACCCACCACCTA-217","AACCACACCCACCACCTA",217,0,201,0,49,201,1,1
"AACCACACCCACCACCTA-218","AACCACACCCACCACCTA",218,136,65,0,49,201,0.323383084577114,0.0129372523054231
"AACCACACCCACCACCTA-219","AACCACACCCACCACCTA",219,184,17,0,49,201,0.0845771144278607,0.00294130421234018
"AACCACACCCACCACCTA-220","AACCACACCCACCACCTA",220,199,2,0,49,201,0.0099502487562189,0.000333280560843807
"AACCACACCCACCACCTA-221","AACCACACCCACCACCTA",221,201,0,0,49,201,0,0
"AACCACACCCACCACCTA-222","AACCACACCCACCACCTA",222,200,1,0,49,201,0.00497512437810945,0.000166237564705796
"AACCACACCCACCACCTA-223","AACCACACCCACCACCTA",223,1,200,0,49,201,0.995024875621891,0.162033227523302
"AACCACACCCACCACCTA-224","AACCACACCCACCACCTA",224,1,200,0,49,201,0.995024875621891,0.162033227523302
"AACCACACCCACCACCTA-225","AACCACACCCACCACCTA",225,200,1,0,49,201,0.00497512437810945,0.000166237564705796
"AACCACACCCACCACCTA-226","AACCACACCCACCACCTA",226,201,0,0,49,201,0,0
"AACCACACCCACCACCTA-227","AACCACACCCACCACCTA",227,200,1,0,49,201,0.00497512437810945,0.000166237564705796
"AACCACACCCACCACCTA-228","AACCACACCCACCACCTA",228,198,3,0,49,201,0.0149253731343284,0.000501136967720472
"AACCACACCCACCACCTA-229","AACCACACCCACCACCTA",229,1,200,0,49,201,0.995024875621891,0.162033227523302
"AACCACACCCACCACCTA-230","AACCACACCCACCACCTA",230,170,31,0,49,201,0.154228855721393,0.00556798999540842
"AACCACACCCACCACCTA-231","AACCACACCCACCACCTA",231,200,1,0,49,201,0.00497512437810945,0.000166237564705796
"AACCACACCCACCACCTA-232","AACCACACCCACCACCTA",232,201,0,0,49,201,0,0
"AACCACACCCACCACCTA-233","AACCACACCCACCACCTA",233,140,61,0,49,201,0.303482587064677,0.0119830407824686
"AACCACACCCACCACCTA-234","AACCACACCCACCACCTA",234,1,200,0,49,201,0.995024875621891,0.162033227523302
"AACCACACCCACCACCTA-235","AACCACACCCACCACCTA",235,175,26,0,49,201,0.129353233830846,0.00460665447245656
"AACCACACCCACCACCTA-236","AACCACACCCACCACCTA",236,200,1,0,49,201,0.00497512437810945,0.000166237564705796
"AACCACACCCACCACCTA-237","AACCACACCCACCACCTA",237,199,1,1,49,200,0.005,0.000167070769575783
"AACCACACCCACCACCTA-238","AACCACACCCACCACCTA",238,1,200,0,49,201,0.995024875621891,0.162033227523302
"AACCACACCCACCACCTA-239","AACCACACCCACCACCTA",239,198,3,0,49,201,0.0149253731343284,0.000501136967720472
"AACCACACCCACCACCTA-240","AACCACACCCACCACCTA",240,200,1,0,49,201,0.00497512437810945,0.000166237564705796
"AACCACACCCACCACCTA-241","AACCACACCCACCACCTA",241,198,3,0,49,201,0.0149253731343284,0.000501136967720472
"AACCACACCCACCACCTA-242","AACCACACCCACCACCTA",242,1,200,0,49,201,0.995024875621891,0.162033227523302
"AACCACACCCACCACCTA-243","AACCACACCCACCACCTA",243,44,157,0,49,201,0.781094527363184,0.0493764828180494
"AACCACACCCACCACCTA-244","AACCACACCCACCACCTA",244,200,1,0,49,201,0.00497512437810945,0.000166237564705796
"AACCACACCCACCACCTA-245","AACCACACCCACCACCTA",245,2,199,0,49,201,0.990049751243781,0.142446682686546
"AACCACACCCACCACCTA-246","AACCACACCCACCACCTA",246,2,199,0,49,201,0.990049751243781,0.142446682686546
"AACCACACCCACCACCTA-247","AACCACACCCACCACCTA",247,200,1,0,49,201,0.00497512437810945,0.000166237564705796
"AACCACACCCACCACCTA-248","AACCACACCCACCACCTA",248,2,199,0,49,201,0.990049751243781,0.142446682686546
"AACCACACCCACCACCTA-249","AACCACACCCACCACCTA",249,200,1,0,49,201,0.00497512437810945,0.000166237564705796
"AACCACACCCACCACCTA-250","AACCACACCCACCACCTA",250,198,3,0,49,201,0.0149253731343284,0.000501136967720472
"AACCACACCCACCACCTA-251","AACCACACCCACCACCTA",251,27,174,0,49,201,0.865671641791045,0.0647258661683614
"AACCACACCCACCACCTA-252","AACCACACCCACCACCTA",252,169,32,0,49,201,0.159203980099502,0.00576353318505041
"AACCACACCCACCACCTA-253","AACCACACCCACCACCTA",253,17,184,0,49,201,0.915422885572139,0.079037891683988
"AACCACACCCACCACCTA-254","AACCACACCCACCACCTA",254,197,4,0,49,201,0.0199004975124378,0.000669814884491582
"AACCACACCCACCACCTA-255","AACCACACCCACCACCTA",255,201,0,0,49,201,0,0
"AACCACACCCACCACCTA-256","AACCACACCCACCACCTA",256,200,1,0,49,201,0.00497512437810945,0.000166237564705796
"AACCACACCCACCACCTA-257","AACCACACCCACCACCTA",257,2,199,0,49,201,0.990049751243781,0.142446682686546
"AACCACACCCACCACCTA-258","AACCACACCCACCACCTA",258,2,199,0,49,201,0.990049751243781,0.142446682686546
"AACCACACCCACCACCTA-259","AACCACACCCACCACCTA",259,201,0,0,49,201,0,0
"AACCACACCCACCACCTA-260","AACCACACCCACCACCTA",260,201,0,0,49,201,0,0
"AACCACACCCACCACCTA-261","AACCACACCCACCACCTA",261,200,1,0,49,201,0.00497512437810945,0.000166237564705796
"AACCACACCCACCACCTA-262","AACCACACCCACCACCTA",262,1,200,0,49,201,0.995024875621891,0.162033227523302
"AACCACACCCACCACCTA-263","AACCACACCCACCACCTA",263,2,199,0,49,201,0.990049751243781,0.142446682686546
"AACCACACCCACCACCTA-264","AACCACACCCACCACCTA",264,201,0,0,49,201,0,0
"AACCACACCCACCACCTA-265","AACCACACCCACCACCTA",265,201,0,0,49,201,0,0
"AACCACACCCACCACCTA-266","AACCACACCCACCACCTA",266,201,0,0,49,201,0,0
"AACCACACCCACCACCTA-267","AACCACACCCACCACCTA",267,200,1,0,49,201,0.00497512437810945,0.000166237564705796
"AACCACACCCACCACCTA-268","AACCACACCCACCACCTA",268,1,200,0,49,201,0.995024875621891,0.162033227523302
"AACCACACCCACCACCTA-269","AACCACACCCACCACCTA",269,2,199,0,49,201,0.990049751243781,0.142446682686546
"AACCACACCCACCACCTA-270","AACCACACCCACCACCTA",270,197,4,0,49,201,0.0199004975124378,0.000669814884491582
"AACCACACCCACCACCTA-271","AACCACACCCACCACCTA",271,200,1,0,49,201,0.00497512437810945,0.000166237564705796
"CGGGACGCCCACAGACGG-0","CGGGACGCCCACAGACGG",0,186,9,0,55,195,0.0461538461538462,0.00157385634875251
"CGGGACGCCCACAGACGG-1","CGGGACGCCCACAGACGG",1,1,194,0,55,195,0.994871794871795,0.161186303959901
"CGGGACGCCCACAGACGG-2","CGGGACGCCCACAGACGG",2,151,44,0,55,195,0.225641025641026,0.00848776451970701
"CGGGACGCCCACAGACGG-3","CGGGACGCCCACAGACGG",3,178,17,0,55,195,0.0871794871794872,0.00303591586805929
"CGGGACGCCCACAGACGG-4","CGGGACGCCCACAGACGG",4,1,194,0,55,195,0.994871794871795,0.161186303959901
"CGGGACGCCCACAGACGG-5","CGGGACGCCCACAGACGG",5,78,116,1,55,194,0.597938144329897,0.0299150601011718
"CGGGACGCCCACAGACGG-6","CGGGACGCCCACAGACGG",6,183,12,0,55,195,0.0615384615384615,0.00211487401994759
"CGGGACGCCCACAGACGG-7","CGGGACGCCCACAGACGG",7,192,3,0,55,195,0.0153846153846154,0.000516672696534659
"CGGGACGCCCACAGACGG-8","CGGGACGCCCACAGACGG",8,194,1,0,55,195,0.00512820512820513,0.000171365298636816
"CGGGACGCCCACAGACGG-9","CGGGACGCCCACAGACGG",9,2,193,0,55,195,0.98974358974359,0.141579963223244
"CGGGACGCCCACAGACGG-10","CGGGACGCCCACAGACGG",10,2,193,0,55,195,0.98974358974359,0.141579963223244
"CGGGACGCCCACAGACGG-11","CGGGACGCCCACAGACGG",11,193,2,0,55,195,0.0102564102564103,0.00034358661589029
"CGGGACGCCCACAGACGG-12","CGGGACGCCCACAGACGG",12,193,2,0,55,195,0.0102564102564103,0.00034358661589029
"CGGGACGCCCACAGACGG-13","CGGGACGCCCACAGACGG",13,195,0,0,55,195,0,0
"CGGGACGCCCACAGACGG-14","CGGGACGCCCACAGACGG",14,2,193,0,55,195,0.98974358974359,0.141579963223244
"CGGGACGCCCACAGACGG-15","CGGGACGCCCACAGACGG",15,175,19,1,55,194,0.0979381443298969,0.00342984410530667
"CGGGACGCCCACAGACGG-16","CGGGACGCCCACAGACGG",16,193,2,0,55,195,0.0102564102564103,0.00034358661589029
"CGGGACGCCCACAGACGG-17","CGGGACGCCCACAGACGG",17,192,3,0,55,195,0.0153846153846154,0.000516672696534659
"CGGGACGCCCACAGACGG-18","CGGGACGCCCACAGACGG",18,192,3,0,55,195,0.0153846153846154,0.000516672696534659
"CGGGACGCCCACAGACGG-19","CGGGACGCCCACAGACGG",19,193,1,1,55,194,0.00515463917525773,0.000172250835069221
"CGGGACGCCCACAGACGG-20","CGGGACGCCCACAGACGG",20,98,96,1,55,194,0.494845360824742,0.0225058997393025
"CGGGACGCCCACAGACGG-21","CGGGACGCCCACAGACGG",21,91,103,1,55,194,0.530927835051546,0.0249175899404958
"CGGGACGCCCACAGACGG-22","CGGGACGCCCACAGACGG",22,162,33,0,55,195,0.169230769230769,0.00616104985988386
"CGGGACGCCCACAGACGG-23","CGGGACGCCCACAGACGG",23,186,9,0,55,195,0.0461538461538462,0.00157385634875251
"CGGGACGCCCACAGACGG-24","CGGGACGCCCACAGACGG",24,195,0,0,55,195,0,0
"CGGGACGCCCACAGACGG-25","CGGGACGCCCACAGACGG",25,195,0,0,55,195,0,0
"CGGGACGCCCACAGACGG-26","CGGGACGCCCACAGACGG",26,193,2,0,55,195,0.0102564102564103,0.00034358661589029
"CGGGACGCCCACAGACGG-27","CGGGACGCCCACAGACGG",27,22,173,0,55,195,0.887179487179487,0.0701499138407912
"CGGGACGCCCACAGACGG-28","CGGGACGCCCACAGACGG",28,2,193,0,55,195,0.98974358974359,0.141579963223244
"CGGGACGCCCACAGACGG-29","CGGGACGCCCACAGACGG",29,192,3,0,55,195,0.0153846153846154,0.000516672696534659
"CGGGACGCCCACAGACGG-30","CGGGACGCCCACAGACGG",30,194,1,0,55,195,0.00512820512820513,0.000171365298636816
"CGGGACGCCCACAGACGG-31","CGGGACGCCCACAGACGG",31,195,0,0,55,195,0,0
"CGGGACGCCCACAGACGG-32","CGGGACGCCCACAGACGG",32,188,7,0,55,195,0.0358974358974359,0.00121784434939987
"CGGGACGCCCACAGACGG-33","CGGGACGCCCACAGACGG",33,192,3,0,55,195,0.0153846153846154,0.000516672696534659
"CGGGACGCCCACAGACGG-34","CGGGACGCCCACAGACGG",34,7,187,1,55,194,0.963917525773196,0.104821017571455
"CGGGACGCCCACAGACGG-35","CGGGACGCCCACAGACGG",35,126,69,0,55,195,0.353846153846154,0.014451810497587
"CGGGACGCCCACAGACGG-36","CGGGACGCCCACAGACGG",36,191,4,0,55,195,0.0205128205128205,0.000690632420805581
"CGGGACGCCCACAGACGG-37","CGGGACGCCCACAGACGG",37,194,1,0,55,195,0.00512820512820513,0.000171365298636816
"CGGGACGCCCACAGACGG-38","CGGGACGCCCACAGACGG",38,2,193,0,55,195,0.98974358974359,0.141579963223244
"CGGGACGCCCACAGACGG-39","CGGGACGCCCACAGACGG",39,165,29,1,55,194,0.149484536082474,0.00538255138413302
"CGGGACGCCCACAGACGG-40","CGGGACGCCCACAGACGG",40,131,64,0,55,195,0.328205128205128,0.0131725470248405
"CGGGACGCCCACAGACGG-41","CGGGACGCCCACAGACGG",41,180,15,0,55,195,0.0769230769230769,0.00266453406642586
"CGGGACGCCCACAGACGG-42","CGGGACGCCCACAGACGG",42,193,1,1,55,194,0.00515463917525773,0.000172250835069221
"CGGGACGCCCACAGACGG-43","CGGGACGCCCACAGACGG",43,195,0,0,55,195,0,0
"CGGGACGCCCACAGACGG-44","CGGGACGCCCACAGACGG",44,194,1,0,55,195,0.00512820512820513,0.000171365298636816
"CGGGACGCCCACAGACGG-45","CGGGACGCCCACAGACGG",45,50,144,1,55,194,0.742268041237113,0.0441884464903531
"CGGGACGCCCACAGACGG-46","CGGGACGCCCACAGACGG",46,2,193,0,55,195,0.98974358974359,0.141579963223244
"CGGGACGCCCACAGACGG-47","CGGGACGCCCACAGACGG",47,195,0,0,55,195,0,0
"CGGGACGCCCACAGACGG-48","CGGGACGCCCACAGACGG",48,194,1,0,55,195,0.00512820512820513,0.000171365298636816
"CGGGACGCCCACAGACGG-49","CGGGACGCCCACAGACGG",49,195,0,0,55,195,0,0
"CGGGACGCCCACAGACGG-50","CGGGACGCCCACAGACGG",50,195,0,0,55,195,0,0
"CGGGACGCCCACAGACGG-51","CGGGACGCCCACAGACGG",51,1,194,0,55,195,0.994871794871795,0.161186303959901
"CGGGACGCCCACAGACGG-52","CGGGACGCCCACAGACGG",52,165,30,0,55,195,0.153846153846154,0.00555299430024447
"CGGGACGCCCACAGACGG-53","CGGGACGCCCACAGACGG",53,184,11,0,55,195,0.0564102564102564,0.00193358823684753
"CGGGACGCCCACAGACGG-54","CGGGACGCCCACAGACGG",54,189,6,0,55,195,0.0307692307692308,0.00104120901547189
"CGGGACGCCCACAGACGG-55","CGGGACGCCCACAGACGG",55,191,4,0,55,195,0.0205128205128205,0.000690632420805581
"CGGGACGCCCACAGACGG-56","CGGGACGCCCACAGACGG",56,194,1,0,55,195,0.00512820512820513,0.000171365298636816
"CGGGACGCCCACAGACGG-57","CGGGACGCCCACAGACGG",57,1,194,0,55,195,0.994871794871795,0.161186303959901
"CGGGACGCCCACAGACGG-58","CGGGACGCCCACAGACGG",58,1,194,0,55,195,0.994871794871795,0.161186303959901
"CGGGACGCCCACAGACGG-59","CGGGACGCCCACAGACGG",59,194,1,0,55,195,0.00512820512820513,0.000171365298636816
"CGGGACGCCCACAGACGG-60","CGGGACGCCCACAGACGG",60,1,194,0,55,195,0.994871794871795,0.161186303959901
"CGGGACGCCCACAGACGG-61","CGGGACGCCCACAGACGG",61,194,1,0,55,195,0.00512820512820513,0.000171365298636816
"CGGGACGCCCACAGACGG-62","CGGGACGCCCACAGACGG",62,193,2,0,55,195,0.0102564102564103,0.00034358661589029
"CGGGACGCCCACAGACGG-63","CGGGACGCCCACAGACGG",63,176,19,0,55,195,0.0974358974358974,0.00341135351747424
"CGGGACGCCCACAGACGG-64","CGGGACGCCCACAGACGG",64,140,54,1,55,194,0.278350515463918,0.0108149511968275
"CGGGACGCCCACAGACGG-65","CGGGACGCCCACAGACGG",65,71,124,0,55,195,0.635897435897436,0.0331165543705231
"CGGGACGCCCACAGACGG-66","CGGGACGCCCACAGACGG",66,79,116,0,55,195,0.594871794871795,0.0296693508946961
"CGGGACGCCCACAGACGG-67","CGGGACGCCCACAGACGG",67,178,17,0,55,195,0.0871794871794872,0.00303591586805929
"CGGGACGCCCACAGACGG-68","CGGGACGCCCACAGACGG",68,195,0,0,55,195,0,0
"CGGGACGCCCACAGACGG-69","CGGGACGCCCACAGACGG",69,181,13,1,55,194,0.0670103092783505,0.00230936689298344
"CGGGACGCCCACAGACGG-70","CGGGACGCCCACAGACGG",70,188,7,0,55,195,0.0358974358974359,0.00121784434939987
"CGGGACGCCCACAGACGG-71","CGGGACGCCCACAGACGG",71,0,195,0,55,195,1,1
"CGGGACGCCCACAGACGG-72","CGGGACGCCCACAGACGG",72,195,0,0,55,195,0,0
"CGGGACGCCCACAGACGG-73","CGGGACGCCCACAGACGG",73,194,1,0,55,195,0.00512820512820513,0.000171365298636816
"CGGGACGCCCACAGACGG-74","CGGGACGCCCACAGACGG",74,191,4,0,55,195,0.0205128205128205,0.000690632420805581
"CGGGACGCCCACAGACGG-75","CGGGACGCCCACAGACGG",75,8,187,0,55,195,0.958974358974359,0.100981740572237
"CGGGACGCCCACAGACGG-76","CGGGACGCCCACAGACGG",76,186,9,0,55,195,0.0461538461538462,0.00157385634875251
"CGGGACGCCCACAGACGG-77","CGGGACGCCCACAGACGG",77,165,30,0,55,195,0.153846153846154,0.00555299430024447
"CGGGACGCCCACAGACGG-78","CGGGACGCCCACAGACGG",78,99,95,1,55,194,0.489690721649485,0.0221750476532476
"CGGGACGCCCACAGACGG-79","CGGGACGCCCACAGACGG",79,195,0,0,55,195,0,0
"CGGGACGCCCACAGACGG-80","CGGGACGCCCACAGACGG",80,195,0,0,55,195,0,0
"CGGGACGCCCACAGACGG-81","CGGGACGCCCACAGACGG",81,194,0,1,55,194,0,0
"CGGGACGCCCACAGACGG-82","CGGGACGCCCACAGACGG",82,191,4,0,55,195,0.0205128205128205,0.000690632420805581
"CGGGACGCCCACAGACGG-83","CGGGACGCCCACAGACGG",83,194,1,0,55,195,0.00512820512820513,0.000171365298636816
"CGGGACGCCCACAGACGG-84","CGGGACGCCCACAGACGG",84,136,59,0,55,195,0.302564102564103,0.0119396391218985
"CGGGACGCCCACAGACGG-85","CGGGACGCCCACAGACGG",85,23,172,0,55,195,0.882051282051282,0.0687711100802187
"CGGGACGCCCACAGACGG-86","CGGGACGCCCACAGACGG",86,98,96,1,55,194,0.494845360824742,0.0225058997393025
"CGGGACGCCCACAGACGG-87","CGGGACGCCCACAGACGG",87,188,7,0,55,195,0.0358974358974359,0.00121784434939987
"CGGGACGCCCACAGACGG-88","CGGGACGCCCACAGACGG",88,165,30,0,55,195,0.153846153846154,0.00555299430024447
"CGGGACGCCCACAGACGG-89","CGGGACGCCCACAGACGG",89,152,43,0,55,195,0.22051282051282,0.00826958521905596
"CGGGACGCCCACAGACGG-90","CGGGACGCCCACAGACGG",90,156,39,0,55,195,0.2,0.00741052403369502
"CGGGACGCCCACAGACGG-91","CGGGACGCCCACAGACGG",91,188,7,0,55,195,0.0358974358974359,0.00121784434939987
"CGGGACGCCCACAGACGG-92","CGGGACGCCCACAGACGG",92,192,3,0,55,195,0.0153846153846154,0.000516672696534659
"CGGGACGCCCACAGACGG-93","CGGGACGCCCACAGACGG",93,191,4,0,55,195,0.0205128205128205,0.000690632420805581
"CGGGACGCCCACAGACGG-94","CGGGACGCCCACAGACGG",94,189,6,0,55,195,0.0307692307692308,0.00104120901547189
"CGGGACGCCCACAGACGG-95","CGGGACGCCCACAGACGG",95,189,5,1,55,194,0.0257731958762887,0.000869992803411712
"CGGGACGCCCACAGACGG-96","CGGGACGCCCACAGACGG",96,186,9,0,55,195,0.0461538461538462,0.00157385634875251
"CGGGACGCCCACAGACGG-97","CGGGACGCCCACAGACGG",97,6,189,0,55,195,0.969230769230769,0.109561584902702
"CGGGACGCCCACAGACGG-98","CGGGACGCCCACAGACGG",98,50,145,0,55,195,0.743589743589744,0.0443522394226609
"CGGGACGCCCACAGACGG-99","CGGGACGCCCACAGACGG",99,192,3,0,55,195,0.0153846153846154,0.000516672696534659
"CGGGACGCCCACAGACGG-100","CGGGACGCCCACAGACGG",100,193,2,0,55,195,0.0102564102564103,0.00034358661589029
"CGGGACGCCCACAGACGG-101","CGGGACGCCCACAGACGG",101,45,150,0,55,195,0.769230769230769,0.0477026040712435
"CGGGACGCCCACAGACGG-102","CGGGACGCCCACAGACGG",102,0,195,0,55,195,1,1
"CGGGACGCCCACAGACGG-103","CGGGACGCCCACAGACGG",103,194,1,0,55,195,0.00512820512820513,0.000171365298636816
"CGGGACGCCCACAGACGG-104","CGGGACGCCCACAGACGG",104,1,194,0,55,195,0.994871794871795,0.161186303959901
"CGGGACGCCCACAGACGG-105","CGGGACGCCCACAGACGG",105,168,27,0,55,195,0.138461538461538,0.00495553326747933
"CGGGACGCCCACAGACGG-106","CGGGACGCCCACAGACGG",106,195,0,0,55,195,0,0
"CGGGACGCCCACAGACGG-107","CGGGACGCCCACAGACGG",107,194,1,0,55,195,0.00512820512820513,0.000171365298636816
"CGGGACGCCCACAGACGG-108","CGGGACGCCCACAGACGG",108,195,0,0,55,195,0,0
"CGGGACGCCCACAGACGG-109","CGGGACGCCCACAGACGG",109,85,110,0,55,195,0.564102564102564,0.0272987429099536
"CGGGACGCCCACAGACGG-110","CGGGACGCCCACAGACGG",110,110,85,0,55,195,0.435897435897436,0.0189030269631321
"CGGGACGCCCACAGACGG-111","CGGGACGCCCACAGACGG",111,195,0,0,55,195,0,0
"CGGGACGCCCACAGACGG-112","CGGGACGCCCACAGACGG",112,190,5,0,55,195,0.0256410256410256,0.000865474807220323
"CGGGACGCCCACAGACGG-113","CGGGACGCCCACAGACGG",113,194,1,0,55,195,0.00512820512820513,0.000171365298636816
"CGGGACGCCCACAGACGG-114","CGGGACGCCCACAGACGG",114,165,30,0,55,195,0.153846153846154,0.00555299430024447
"CGGGACGCCCACAGACGG-115","CGGGACGCCCACAGACGG",115,1,194,0,55,195,0.994871794871795,0.161186303959901
"CGGGACGCCCACAGACGG-116","CGGGACGCCCACAGACGG",116,131,63,1,55,194,0.324742268041237,0.0130034100594518
"CGGGACGCCCACAGACGG-117","CGGGACGCCCACAGACGG",117,175,20,0,55,195,0.102564102564103,0.00360062164768415
"CGGGACGCCCACAGACGG-118","CGGGACGCCCACAGACGG",118,193,2,0,55,195,0.0102564102564103,0.00034358661589029
"CGGGACGCCCACAGACGG-119","CGGGACGCCCACAGACGG",119,0,194,1,55,194,1,1
"CGGGACGCCCACAGACGG-120","CGGGACGCCCACAGACGG",120,1,193,1,55,194,0.994845360824742,0.161042535763498
"CGGGACGCCCACAGACGG-121","CGGGACGCCCACAGACGG",121,193,1,1,55,194,0.00515463917525773,0.000172250835069221
"CGGGACGCCCACAGACGG-122","CGGGACGCCCACAGACGG",122,189,5,1,55,194,0.0257731958762887,0.000869992803411712
"CGGGACGCCCACAGACGG-123","CGGGACGCCCACAGACGG",123,194,0,1,55,194,0,0
"CGGGACGCCCACAGACGG-124","CGGGACGCCCACAGACGG",124,194,0,1,55,194,0,0
"CGGGACGCCCACAGACGG-125","CGGGACGCCCACAGACGG",125,188,6,1,55,194,0.0309278350515464,0.00104665841169438
"CGGGACGCCCACAGACGG-126","CGGGACGCCCACAGACGG",126,193,1,1,55,194,0.00515463917525773,0.000172250835069221
"CGGGACGCCCACAGACGG-127","CGGGACGCCCACAGACGG",127,12,182,1,55,194,0.938144329896907,0.0885923899211568
"CGGGACGCCCACAGACGG-128","CGGGACGCCCACAGACGG",128,52,142,1,55,194,0.731958762886598,0.0429380422804101
"CGGGACGCCCACAGACGG-129","CGGGACGCCCACAGACGG",129,159,35,1,55,194,0.180412371134021,0.00660985671678227
"CGGGACGCCCACAGACGG-130","CGGGACGCCCACAGACGG",130,191,3,1,55,194,0.0154639175257732,0.000519356121785663
"CGGGACGCCCACAGACGG-131","CGGGACGCCCACAGACGG",131,155,39,1,55,194,0.201030927835052,0.00745318761768632
"CGGGACGCCCACAGACGG-132","CGGGACGCCCACAGACGG",132,193,1,1,55,194,0.00515463917525773,0.000172250835069221
"CGGGACGCCCACAGACGG-133","CGGGACGCCCACAGACGG",133,37,157,1,55,194,0.809278350515464,0.053733788059669
"CGGGACGCCCACAGACGG-134","CGGGACGCCCACAGACGG",134,52,141,2,55,193,0.730569948186529,0.0427731591577243
"CGGGACGCCCACAGACGG-135","CGGGACGCCCACAGACGG",135,193,1,1,55,194,0.00515463917525773,0.000172250835069221
"CGGGACGCCCACAGACGG-136","CGGGACGCCCACAGACGG",136,193,1,1,55,194,0.00515463917525773,0.000172250835069221
"CGGGACGCCCACAGACGG-137","CGGGACGCCCACAGACGG",137,194,0,1,55,194,0,0
"CGGGACGCCCACAGACGG-138","CGGGACGCCCACAGACGG",138,194,0,1,55,194,0,0
"CGGGACGCCCACAGACGG-139","CGGGACGCCCACAGACGG",139,193,1,1,55,194,0.00515463917525773,0.000172250835069221
"CGGGACGCCCACAGACGG-140","CGGGACGCCCACAGACGG",140,0,194,1,55,194,1,1
"CGGGACGCCCACAGACGG-141","CGGGACGCCCACAGACGG",141,0,194,1,55,194,1,1
"CGGGACGCCCACAGACGG-142","CGGGACGCCCACAGACGG",142,0,194,1,55,194,1,1
"CGGGACGCCCACAGACGG-143","CGGGACGCCCACAGACGG",143,194,0,1,55,194,0,0
"CGGGACGCCCACAGACGG-144","CGGGACGCCCACAGACGG",144,66,128,1,55,194,0.65979381443299,0.0353019362431831
"CGGGACGCCCACAGACGG-145","CGGGACGCCCACAGACGG",145,181,13,1,55,194,0.0670103092783505,0.00230936689298344
"CGGGACGCCCACAGACGG-146","CGGGACGCCCACAGACGG",146,177,16,2,55,193,0.0829015544041451,0.00288052518081083
"CGGGACGCCCACAGACGG-147","CGGGACGCCCACAGACGG",147,194,0,1,55,194,0,0
"CGGGACGCCCACAGACGG-148","CGGGACGCCCACAGACGG",148,194,0,1,55,194,0,0
"CGGGACGCCCACAGACGG-149","CGGGACGCCCACAGACGG",149,1,193,1,55,194,0.994845360824742,0.161042535763498
"CGGGACGCCCACAGACGG-150","CGGGACGCCCACAGACGG",150,190,4,1,55,194,0.0206185567010309,0.000694228475253467
"CGGGACGCCCACAGACGG-151","CGGGACGCCCACAGACGG",151,180,14,1,55,194,0.0721649484536082,0.00249359608362654
"CGGGACGCCCACAGACGG-152","CGGGACGCCCACAGACGG",152,1,192,2,55,193,0.994818652849741,0.160897999743246
"CGGGACGCCCACAGACGG-153","CGGGACGCCCACAGACGG",153,193,1,1,55,194,0.00515463917525773,0.000172250835069221
"CGGGACGCCCACAGACGG-154","CGGGACGCCCACAGACGG",154,194,0,1,55,194,0,0
"CGGGACGCCCACAGACGG-155","CGGGACGCCCACAGACGG",155,194,0,1,55,194,0,0
"CGGGACGCCCACAGACGG-156","CGGGACGCCCACAGACGG",156,194,0,1,55,194,0,0
"CGGGACGCCCACAGACGG-157","CGGGACGCCCACAGACGG",157,14,179,2,55,193,0.927461139896373,0.0837393740604283
"CGGGACGCCCACAGACGG-158","CGGGACGCCCACAGACGG",158,105,89,1,55,194,0.458762886597938,0.0202553086575938
"CGGGACGCCCACAGACGG-159","CGGGACGCCCACAGACGG",159,140,54,1,55,194,0.278350515463918,0.0108149511968275
"CGGGACGCCCACAGACGG-160","CGGGACGCCCACAGACGG",160,194,0,1,55,194,0,0
"CGGGACGCCCACAGACGG-161","CGGGACGCCCACAGACGG",161,192,2,1,55,194,0.0103092783505155,0.000345366581745221
"CGGGACGCCCACAGACGG-162","CGGGACGCCCACAGACGG",162,11,182,2,55,193,0.94300518134715,0.0910754248412083
"CGGGACGCCCACAGACGG-163","CGGGACGCCCACAGACGG",163,160,33,2,55,193,0.170984455958549,0.00623105176494887
"CGGGACGCCCACAGACGG-164","CGGGACGCCCACAGACGG",164,192,2,1,55,194,0.0103092783505155,0.000345366581745221
"CGGGACGCCCACAGACGG-165","CGGGACGCCCACAGACGG",165,192,1,2,55,193,0.00518134715025907,0.000173145571145228
"CGGGACGCCCACAGACGG-166","CGGGACGCCCACAGACGG",166,56,137,2,55,193,0.709844559585492,0.0404056314815379
"CGGGACGCCCACAGACGG-167","CGGGACGCCCACAGACGG",167,98,95,2,55,193,0.492227979274611,0.0223374965566685
"CGGGACGCCCACAGACGG-168","CGGGACGCCCACAGACGG",168,108,85,2,55,193,0.440414507772021,0.0191659181697815
"CGGGACGCCCACAGACGG-169","CGGGACGCCCACAGACGG",169,193,0,2,55,193,0,0
"CGGGACGCCCACAGACGG-170","CGGGACGCCCACAGACGG",170,194,0,1,55,194,0,0
"CGGGACGCCCACAGACGG-171","CGGGACGCCCACAGACGG",171,193,1,1,55,194,0.00515463917525773,0.000172250835069221
"CGGGACGCCCACAGACGG-172","CGGGACGCCCACAGACGG",172,43,152,0,55,195,0.77948717948718,0.0491446345080266
"CGGGACGCCCACAGACGG-173","CGGGACGCCCACAGACGG",173,2,193,0,55,195,0.98974358974359,0.141579963223244
"CGGGACGCCCACAGACGG-174","CGGGACGCCCACAGACGG",174,185,10,0,55,195,0.0512820512820513,0.00175325237044077
"CGGGACGCCCACAGACGG-175","CGGGACGCCCACAGACGG",175,195,0,0,55,195,0,0
"CGGGACGCCCACAGACGG-176","CGGGACGCCCACAGACGG",176,1,194,0,55,195,0.994871794871795,0.161186303959901
"CGGGACGCCCACAGACGG-177","CGGGACGCCCACAGACGG",177,119,75,1,55,194,0.38659793814433,0.0161591723489243
"CGGGACGCCCACAGACGG-178","CGGGACGCCCACAGACGG",178,1,194,0,55,195,0.994871794871795,0.161186303959901
"CGGGACGCCCACAGACGG-179","CGGGACGCCCACAGACGG",179,185,10,0,55,195,0.0512820512820513,0.00175325237044077
"CGGGACGCCCACAGACGG-180","CGGGACGCCCACAGACGG",180,192,3,0,55,195,0.0153846153846154,0.000516672696534659
"CGGGACGCCCACAGACGG-181","CGGGACGCCCACAGACGG",181,195,0,0,55,195,0,0
"CGGGACGCCCACAGACGG-182","CGGGACGCCCACAGACGG",182,1,194,0,55,195,0.994871794871795,0.161186303959901
"CGGGACGCCCACAGACGG-183","CGGGACGCCCACAGACGG",183,183,12,0,55,195,0.0615384615384615,0.00211487401994759
"CGGGACGCCCACAGACGG-184","CGGGACGCCCACAGACGG",184,194,1,0,55,195,0.00512820512820513,0.000171365298636816
"CGGGACGCCCACAGACGG-185","CGGGACGCCCACAGACGG",185,53,142,0,55,195,0.728205128205128,0.0424942839374683
"CGGGACGCCCACAGACGG-186","CGGGACGCCCACAGACGG",186,44,151,0,55,195,0.774358974358974,0.0484156983537141
"CGGGACGCCCACAGACGG-187","CGGGACGCCCACAGACGG",187,184,11,0,55,195,0.0564102564102564,0.00193358823684753
"CGGGACGCCCACAGACGG-188","CGGGACGCCCACAGACGG",188,190,5,0,55,195,0.0256410256410256,0.000865474807220323
"CGGGACGCCCACAGACGG-189","CGGGACGCCCACAGACGG",189,75,120,0,55,195,0.615384615384615,0.03134850057875
"CGGGACGCCCACAGACGG-190","CGGGACGCCCACAGACGG",190,49,146,0,55,195,0.748717948717949,0.0449955785120122
"CGGGACGCCCACAGACGG-191","CGGGACGCCCACAGACGG",191,100,95,0,55,195,0.487179487179487,0.0220150318799663
"CGGGACGCCCACAGACGG-192","CGGGACGCCCACAGACGG",192,194,1,0,55,195,0.00512820512820513,0.000171365298636816
"CGGGACGCCCACAGACGG-193","CGGGACGCCCACAGACGG",193,1,194,0,55,195,0.994871794871795,0.161186303959901
"CGGGACGCCCACAGACGG-194","CGGGACGCCCACAGACGG",194,2,193,0,55,195,0.98974358974359,0.141579963223244
"CGGGACGCCCACAGACGG-195","CGGGACGCCCACAGACGG",195,191,4,0,55,195,0.0205128205128205,0.000690632420805581
"CGGGACGCCCACAGACGG-196","CGGGACGCCCACAGACGG",196,195,0,0,55,195,0,0
"CGGGACGCCCACAGACGG-197","CGGGACGCCCACAGACGG",197,194,1,0,55,195,0.00512820512820513,0.000171365298636816
"CGGGACGCCCACAGACGG-198","CGGGACGCCCACAGACGG",198,193,2,0,55,195,0.0102564102564103,0.00034358661589029
"CGGGACGCCCACAGACGG-199","CGGGACGCCCACAGACGG",199,47,147,1,55,194,0.757731958762887,0.046157789086152
"CGGGACGCCCACAGACGG-200","CGGGACGCCCACAGACGG",200,1,194,0,55,195,0.994871794871795,0.161186303959901
"CGGGACGCCCACAGACGG-201","CGGGACGCCCACAGACGG",201,193,2,0,55,195,0.0102564102564103,0.00034358661589029
"CGGGACGCCCACAGACGG-202","CGGGACGCCCACAGACGG",202,191,4,0,55,195,0.0205128205128205,0.000690632420805581
"CGGGACGCCCACAGACGG-203","CGGGACGCCCACAGACGG",203,195,0,0,55,195,0,0
"CGGGACGCCCACAGACGG-204","CGGGACGCCCACAGACGG",204,138,57,0,55,195,0.292307692307692,0.0114587056130436
"CGGGACGCCCACAGACGG-205","CGGGACGCCCACAGACGG",205,193,2,0,55,195,0.0102564102564103,0.00034358661589029
"CGGGACGCCCACAGACGG-206","CGGGACGCCCACAGACGG",206,2,193,0,55,195,0.98974358974359,0.141579963223244
"CGGGACGCCCACAGACGG-207","CGGGACGCCCACAGACGG",207,168,26,1,55,194,0.134020618556701,0.00478498794973148
"CGGGACGCCCACAGACGG-208","CGGGACGCCCACAGACGG",208,190,5,0,55,195,0.0256410256410256,0.000865474807220323
"CGGGACGCCCACAGACGG-209","CGGGACGCCCACAGACGG",209,194,0,1,55,194,0,0
"CGGGACGCCCACAGACGG-210","CGGGACGCCCACAGACGG",210,194,1,0,55,195,0.00512820512820513,0.000171365298636816
"CGGGACGCCCACAGACGG-211","CGGGACGCCCACAGACGG",211,194,1,0,55,195,0.00512820512820513,0.000171365298636816
"CGGGACGCCCACAGACGG-212","CGGGACGCCCACAGACGG",212,193,2,0,55,195,0.0102564102564103,0.00034358661589029
"CGGGACGCCCACAGACGG-213","CGGGACGCCCACAGACGG",213,2,193,0,55,195,0.98974358974359,0.141579963223244
"CGGGACGCCCACAGACGG-214","CGGGACGCCCACAGACGG",214,128,67,0,55,195,0.343589743589744,0.0139343158580461
"CGGGACGCCCACAGACGG-215","CGGGACGCCCACAGACGG",215,193,2,0,55,195,0.0102564102564103,0.00034358661589029
"CGGGACGCCCACAGACGG-216","CGGGACGCCCACAGACGG",216,194,1,0,55,195,0.00512820512820513,0.000171365298636816
"CGGGACGCCCACAGACGG-217","CGGGACGCCCACAGACGG",217,2,193,0,55,195,0.98974358974359,0.141579963223244
"CGGGACGCCCACAGACGG-218","CGGGACGCCCACAGACGG",218,124,70,1,55,194,0.360824742268041,0.014808479625413
"CGGGACGCCCACAGACGG-219","CGGGACGCCCACAGACGG",219,182,13,0,55,195,0.0666666666666667,0.00229711995542936
"CGGGACGCCCACAGACGG-220","CGGGACGCCCACAGACGG",220,195,0,0,55,195,0,0
"CGGGACGCCCACAGACGG-221","CGGGACGCCCACAGACGG",221,195,0,0,55,195,0,0
"CGGGACGCCCACAGACGG-222","CGGGACGCCCACAGACGG",222,7,188,0,55,195,0.964102564102564,0.104974420185112
"CGGGACGCCCACAGACGG-223","CGGGACGCCCACAGACGG",223,109,84,2,55,193,0.435233160621762,0.0188645382286564
"CGGGACGCCCACAGACGG-224","CGGGACGCCCACAGACGG",224,190,5,0,55,195,0.0256410256410256,0.000865474807220323
"CGGGACGCCCACAGACGG-225","CGGGACGCCCACAGACGG",225,191,4,0,55,195,0.0205128205128205,0.000690632420805581
"CGGGACGCCCACAGACGG-226","CGGGACGCCCACAGACGG",226,195,0,0,55,195,0,0
"CGGGACGCCCACAGACGG-227","CGGGACGCCCACAGACGG",227,194,1,0,55,195,0.00512820512820513,0.000171365298636816
"CGGGACGCCCACAGACGG-228","CGGGACGCCCACAGACGG",228,190,5,0,55,195,0.0256410256410256,0.000865474807220323
"CGGGACGCCCACAGACGG-229","CGGGACGCCCACAGACGG",229,173,21,1,55,194,0.108247422680412,0.00381160281585258
"CGGGACGCCCACAGACGG-230","CGGGACGCCCACAGACGG",230,3,192,0,55,195,0.984615384615385,0.129899226410884
"CGGGACGCCCACAGACGG-231","CGGGACGCCCACAGACGG",231,191,4,0,55,195,0.0205128205128205,0.000690632420805581
"CGGGACGCCCACAGACGG-232","CGGGACGCCCACAGACGG",232,195,0,0,55,195,0,0
"CGGGACGCCCACAGACGG-233","CGGGACGCCCACAGACGG",233,1,194,0,55,195,0.994871794871795,0.161186303959901
"CGGGACGCCCACAGACGG-234","CGGGACGCCCACAGACGG",234,13,182,0,55,195,0.933333333333333,0.0863140261551126
"CGGGACGCCCACAGACGG-235","CGGGACGCCCACAGACGG",235,117,78,0,55,195,0.4,0.0168833718858274
"CGGGACGCCCACAGACGG-236","CGGGACGCCCACAGACGG",236,195,0,0,55,195,0,0
"CGGGACGCCCACAGACGG-237","CGGGACGCCCACAGACGG",237,194,1,0,55,195,0.00512820512820513,0.000171365298636816
"CGGGACGCCCACAGACGG-238","CGGGACGCCCACAGACGG",238,4,191,0,55,195,0.97948717948718,0.121515345995756
"CGGGACGCCCACAGACGG-239","CGGGACGCCCACAGACGG",239,174,21,0,55,195,0.107692307692308,0.00379093816032405
"CGGGACGCCCACAGACGG-240","CGGGACGCCCACAGACGG",240,194,1,0,55,195,0.00512820512820513,0.000171365298636816
"CGGGACGCCCACAGACGG-241","CGGGACGCCCACAGACGG",241,184,11,0,55,195,0.0564102564102564,0.00193358823684753
"CGGGACGCCCACAGACGG-242","CGGGACGCCCACAGACGG",242,1,194,0,55,195,0.994871794871795,0.161186303959901
"CGGGACGCCCACAGACGG-243","CGGGACGCCCACAGACGG",243,46,149,0,55,195,0.764102564102564,0.0470046665829572
"CGGGACGCCCACAGACGG-244","CGGGACGCCCACAGACGG",244,194,1,0,55,195,0.00512820512820513,0.000171365298636816
"CGGGACGCCCACAGACGG-245","CGGGACGCCCACAGACGG",245,192,3,0,55,195,0.0153846153846154,0.000516672696534659
"CGGGACGCCCACAGACGG-246","CGGGACGCCCACAGACGG",246,2,193,0,55,195,0.98974358974359,0.141579963223244
"CGGGACGCCCACAGACGG-247","CGGGACGCCCACAGACGG",247,194,1,0,55,195,0.00512820512820513,0.000171365298636816
"CGGGACGCCCACAGACGG-248","CGGGACGCCCACAGACGG",248,195,0,0,55,195,0,0
"CGGGACGCCCACAGACGG-249","CGGGACGCCCACAGACGG",249,195,0,0,55,195,0,0
"CGGGACGCCCACAGACGG-250","CGGGACGCCCACAGACGG",250,193,0,2,55,193,0,0
"CGGGACGCCCACAGACGG-251","CGGGACGCCCACAGACGG",251,187,8,0,55,195,0.041025641025641,0.00139539026003965
"CGGGACGCCCACAGACGG-252","CGGGACGCCCACAGACGG",252,22,173,0,55,195,0.887179487179487,0.0701499138407912
"CGGGACGCCCACAGACGG-253","CGGGACGCCCACAGACGG",253,2,192,1,55,194,0.989690721649485,0.141432834604546
"CGGGACGCCCACAGACGG-254","CGGGACGCCCACAGACGG",254,195,0,0,55,195,0,0
"CGGGACGCCCACAGACGG-255","CGGGACGCCCACAGACGG",255,195,0,0,55,195,0,0
"CGGGACGCCCACAGACGG-256","CGGGACGCCCACAGACGG",256,193,2,0,55,195,0.0102564102564103,0.00034358661589029
"CGGGACGCCCACAGACGG-257","CGGGACGCCCACAGACGG",257,1,194,0,55,195,0.994871794871795,0.161186303959901
"CGGGACGCCCACAGACGG-258","CGGGACGCCCACAGACGG",258,1,194,0,55,195,0.994871794871795,0.161186303959901
"CGGGACGCCCACAGACGG-259","CGGGACGCCCACAGACGG",259,193,2,0,55,195,0.0102564102564103,0.00034358661589029
"CGGGACGCCCACAGACGG-260","CGGGACGCCCACAGACGG",260,195,0,0,55,195,0,0
"CGGGACGCCCACAGACGG-261","CGGGACGCCCACAGACGG",261,192,3,0,55,195,0.0153846153846154,0.000516672696534659
"CGGGACGCCCACAGACGG-262","CGGGACGCCCACAGACGG",262,1,192,2,55,193,0.994818652849741,0.160897999743246
"CGGGACGCCCACAGACGG-263","CGGGACGCCCACAGACGG",263,38,157,0,55,195,0.805128205128205,0.0530545401038207
"CGGGACGCCCACAGACGG-264","CGGGACGCCCACAGACGG",264,195,0,0,55,195,0,0
"CGGGACGCCCACAGACGG-265","CGGGACGCCCACAGACGG",265,195,0,0,55,195,0,0
"CGGGACGCCCACAGACGG-266","CGGGACGCCCACAGACGG",266,194,1,0,55,195,0.00512820512820513,0.000171365298636816
"CGGGACGCCCACAGACGG-267","CGGGACGCCCACAGACGG",267,193,2,0,55,195,0.0102564102564103,0.00034358661589029
"CGGGACGCCCACAGACGG-268","CGGGACGCCCACAGACGG",268,1,194,0,55,195,0.994871794871795,0.161186303959901
"CGGGACGCCCACAGACGG-269","CGGGACGCCCACAGACGG",269,2,193,0,55,195,0.98974358974359,0.141579963223244
"CGGGACGCCCACAGACGG-270","CGGGACGCCCACAGACGG",270,192,3,0,55,195,0.0153846153846154,0.000516672696534659
"CGGGACGCCCACAGACGG-271","CGGGACGCCCACAGACGG",271,194,1,0,55,195,0.00512820512820513,0.000171365298636816
"GTTGTGATATTGCGCCCA-0","GTTGTGATATTGCGCCCA",0,0,161,0,89,161,1,1
"GTTGTGATATTGCGCCCA-1","GTTGTGATATTGCGCCCA",1,0,161,0,89,161,1,1
"GTTGTGATATTGCGCCCA-2","GTTGTGATATTGCGCCCA",2,157,4,0,89,161,0.0248447204968944,0.000838267112191482
"GTTGTGATATTGCGCCCA-3","GTTGTGATATTGCGCCCA",3,159,2,0,89,161,0.0124223602484472,0.000416585296380445
"GTTGTGATATTGCGCCCA-4","GTTGTGATATTGCGCCCA",4,1,160,0,89,161,0.993788819875776,0.155812071860347
"GTTGTGATATTGCGCCCA-5","GTTGTGATATTGCGCCCA",5,34,124,3,89,158,0.784810126582278,0.049918792960867
"GTTGTGATATTGCGCCCA-6","GTTGTGATATTGCGCCCA",6,155,6,0,89,161,0.0372670807453416,0.00126517392729297
"GTTGTGATATTGCGCCCA-7","GTTGTGATATTGCGCCCA",7,160,1,0,89,161,0.0062111801242236,0.000207663426652904
"GTTGTGATATTGCGCCCA-8","GTTGTGATATTGCGCCCA",8,160,1,0,89,161,0.0062111801242236,0.000207663426652904
"GTTGTGATATTGCGCCCA-9","GTTGTGATATTGCGCCCA",9,1,160,0,89,161,0.993788819875776,0.155812071860347
"GTTGTGATATTGCGCCCA-10","GTTGTGATATTGCGCCCA",10,26,133,2,89,159,0.836477987421384,0.0585746811378781
"GTTGTGATATTGCGCCCA-11","GTTGTGATATTGCGCCCA",11,161,0,0,89,161,0,0
"GTTGTGATATTGCGCCCA-12","GTTGTGATATTGCGCCCA",12,160,1,0,89,161,0.0062111801242236,0.000207663426652904
"GTTGTGATATTGCGCCCA-13","GTTGTGATATTGCGCCCA",13,160,1,0,89,161,0.0062111801242236,0.000207663426652904
"GTTGTGATATTGCGCCCA-14","GTTGTGATATTGCGCCCA",14,25,135,1,89,160,0.84375,0.0600011242024485
"GTTGTGATATTGCGCCCA-15","GTTGTGATATTGCGCCCA",15,108,51,2,89,159,0.320754716981132,0.0128096810993129
"GTTGTGATATTGCGCCCA-16","GTTGTGATATTGCGCCCA",16,130,30,1,89,160,0.1875,0.00689741504318997
"GTTGTGATATTGCGCCCA-17","GTTGTGATATTGCGCCCA",17,157,3,1,89,160,0.01875,0.000630734666060673
"GTTGTGATATTGCGCCCA-18","GTTGTGATATTGCGCCCA",18,161,0,0,89,161,0,0
"GTTGTGATATTGCGCCCA-19","GTTGTGATATTGCGCCCA",19,158,3,0,89,161,0.0186335403726708,0.000626781222449524
"GTTGTGATATTGCGCCCA-20","GTTGTGATATTGCGCCCA",20,1,160,0,89,161,0.993788819875776,0.155812071860347
"GTTGTGATATTGCGCCCA-21","GTTGTGATATTGCGCCCA",21,0,161,0,89,161,1,1
"GTTGTGATATTGCGCCCA-22","GTTGTGATATTGCGCCCA",22,0,161,0,89,161,1,1
"GTTGTGATATTGCGCCCA-23","GTTGTGATATTGCGCCCA",23,160,1,0,89,161,0.0062111801242236,0.000207663426652904
"GTTGTGATATTGCGCCCA-24","GTTGTGATATTGCGCCCA",24,161,0,0,89,161,0,0
"GTTGTGATATTGCGCCCA-25","GTTGTGATATTGCGCCCA",25,161,0,0,89,161,0,0
"GTTGTGATATTGCGCCCA-26","GTTGTGATATTGCGCCCA",26,160,1,0,89,161,0.0062111801242236,0.000207663426652904
"GTTGTGATATTGCGCCCA-27","GTTGTGATATTGCGCCCA",27,1,160,0,89,161,0.993788819875776,0.155812071860347
"GTTGTGATATTGCGCCCA-28","GTTGTGATATTGCGCCCA",28,1,160,0,89,161,0.993788819875776,0.155812071860347
"GTTGTGATATTGCGCCCA-29","GTTGTGATATTGCGCCCA",29,159,2,0,89,161,0.0124223602484472,0.000416585296380445
"GTTGTGATATTGCGCCCA-30","GTTGTGATATTGCGCCCA",30,160,1,0,89,161,0.0062111801242236,0.000207663426652904
"GTTGTGATATTGCGCCCA-31","GTTGTGATATTGCGCCCA",31,156,5,0,89,161,0.031055900621118,0.00105105917445414
"GTTGTGATATTGCGCCCA-32","GTTGTGATATTGCGCCCA",32,161,0,0,89,161,0,0
"GTTGTGATATTGCGCCCA-33","GTTGTGATATTGCGCCCA",33,154,7,0,89,161,0.0434782608695652,0.00148062820590888
"GTTGTGATATTGCGCCCA-34","GTTGTGATATTGCGCCCA",34,0,161,0,89,161,1,1
"GTTGTGATATTGCGCCCA-35","GTTGTGATATTGCGCCCA",35,0,161,0,89,161,1,1
"GTTGTGATATTGCGCCCA-36","GTTGTGATATTGCGCCCA",36,160,1,0,89,161,0.0062111801242236,0.000207663426652904
"GTTGTGATATTGCGCCCA-37","GTTGTGATATTGCGCCCA",37,160,1,0,89,161,0.0062111801242236,0.000207663426652904
"GTTGTGATATTGCGCCCA-38","GTTGTGATATTGCGCCCA",38,1,160,0,89,161,0.993788819875776,0.155812071860347
"GTTGTGATATTGCGCCCA-39","GTTGTGATATTGCGCCCA",39,145,14,2,89,159,0.0880503144654088,0.00306763382661768
"GTTGTGATATTGCGCCCA-40","GTTGTGATATTGCGCCCA",40,30,130,1,89,160,0.8125,0.0542709944555131
"GTTGTGATATTGCGCCCA-41","GTTGTGATATTGCGCCCA",41,154,6,1,89,160,0.0375,0.00127322918239092
"GTTGTGATATTGCGCCCA-42","GTTGTGATATTGCGCCCA",42,160,1,0,89,161,0.0062111801242236,0.000207663426652904
"GTTGTGATATTGCGCCCA-43","GTTGTGATATTGCGCCCA",43,161,0,0,89,161,0,0
"GTTGTGATATTGCGCCCA-44","GTTGTGATATTGCGCCCA",44,160,1,0,89,161,0.0062111801242236,0.000207663426652904
"GTTGTGATATTGCGCCCA-45","GTTGTGATATTGCGCCCA",45,1,160,0,89,161,0.993788819875776,0.155812071860347
"GTTGTGATATTGCGCCCA-46","GTTGTGATATTGCGCCCA",46,120,39,2,89,159,0.245283018867925,0.0093365564640806
"GTTGTGATATTGCGCCCA-47","GTTGTGATATTGCGCCCA",47,161,0,0,89,161,0,0
"GTTGTGATATTGCGCCCA-48","GTTGTGATATTGCGCCCA",48,156,4,1,89,160,0.025,0.000843570926630455
"GTTGTGATATTGCGCCCA-49","GTTGTGATATTGCGCCCA",49,161,0,0,89,161,0,0
"GTTGTGATATTGCGCCCA-50","GTTGTGATATTGCGCCCA",50,161,0,0,89,161,0,0
"GTTGTGATATTGCGCCCA-51","GTTGTGATATTGCGCCCA",51,0,161,0,89,161,1,1
"GTTGTGATATTGCGCCCA-52","GTTGTGATATTGCGCCCA",52,131,27,3,89,158,0.170886075949367,0.006227120942352
"GTTGTGATATTGCGCCCA-53","GTTGTGATATTGCGCCCA",53,146,12,3,89,158,0.0759493670886076,0.00262948387899631
"GTTGTGATATTGCGCCCA-54","GTTGTGATATTGCGCCCA",54,157,4,0,89,161,0.0248447204968944,0.000838267112191482
"GTTGTGATATTGCGCCCA-55","GTTGTGATATTGCGCCCA",55,160,1,0,89,161,0.0062111801242236,0.000207663426652904
"GTTGTGATATTGCGCCCA-56","GTTGTGATATTGCGCCCA",56,161,0,0,89,161,0,0
"GTTGTGATATTGCGCCCA-57","GTTGTGATATTGCGCCCA",57,0,161,0,89,161,1,1
"GTTGTGATATTGCGCCCA-58","GTTGTGATATTGCGCCCA",58,105,55,1,89,160,0.34375,0.0139423414281942
"GTTGTGATATTGCGCCCA-59","GTTGTGATATTGCGCCCA",59,153,8,0,89,161,0.0496894409937888,0.00169743917084297
"GTTGTGATATTGCGCCCA-60","GTTGTGATATTGCGCCCA",60,150,11,0,89,161,0.0683229813664596,0.00235618884871547
"GTTGTGATATTGCGCCCA-61","GTTGTGATATTGCGCCCA",61,160,1,0,89,161,0.0062111801242236,0.000207663426652904
"GTTGTGATATTGCGCCCA-62","GTTGTGATATTGCGCCCA",62,160,1,0,89,161,0.0062111801242236,0.000207663426652904
"GTTGTGATATTGCGCCCA-63","GTTGTGATATTGCGCCCA",63,150,9,2,89,159,0.0566037735849057,0.00194041189940131
"GTTGTGATATTGCGCCCA-64","GTTGTGATATTGCGCCCA",64,95,64,2,89,159,0.40251572327044,0.0170210538510608
"GTTGTGATATTGCGCCCA-65","GTTGTGATATTGCGCCCA",65,84,76,1,89,160,0.475,0.0212495454056496
"GTTGTGATATTGCGCCCA-66","GTTGTGATATTGCGCCCA",66,96,64,1,89,160,0.4,0.0168833718858274
"GTTGTGATATTGCGCCCA-67","GTTGTGATATTGCGCCCA",67,124,35,2,89,159,0.220125786163522,0.00825317521425539
"GTTGTGATATTGCGCCCA-68","GTTGTGATATTGCGCCCA",68,161,0,0,89,161,0,0
"GTTGTGATATTGCGCCCA-69","GTTGTGATATTGCGCCCA",69,1,160,0,89,161,0.993788819875776,0.155812071860347
"GTTGTGATATTGCGCCCA-70","GTTGTGATATTGCGCCCA",70,142,19,0,89,161,0.118012422360248,0.00417716153517567
"GTTGTGATATTGCGCCCA-71","GTTGTGATATTGCGCCCA",71,92,66,3,89,158,0.417721518987342,0.017865369608025
"GTTGTGATATTGCGCCCA-72","GTTGTGATATTGCGCCCA",72,161,0,0,89,161,0,0
"GTTGTGATATTGCGCCCA-73","GTTGTGATATTGCGCCCA",73,161,0,0,89,161,0,0
"GTTGTGATATTGCGCCCA-74","GTTGTGATATTGCGCCCA",74,159,2,0,89,161,0.0124223602484472,0.000416585296380445
"GTTGTGATATTGCGCCCA-75","GTTGTGATATTGCGCCCA",75,0,161,0,89,161,1,1
"GTTGTGATATTGCGCCCA-76","GTTGTGATATTGCGCCCA",76,151,9,1,89,160,0.05625,0.0019279384152231
"GTTGTGATATTGCGCCCA-77","GTTGTGATATTGCGCCCA",77,132,27,2,89,159,0.169811320754717,0.00618420790279539
"GTTGTGATATTGCGCCCA-78","GTTGTGATATTGCGCCCA",78,121,38,2,89,159,0.238993710691824,0.00906247453750952
"GTTGTGATATTGCGCCCA-79","GTTGTGATATTGCGCCCA",79,161,0,0,89,161,0,0
"GTTGTGATATTGCGCCCA-80","GTTGTGATATTGCGCCCA",80,161,0,0,89,161,0,0
"GTTGTGATATTGCGCCCA-81","GTTGTGATATTGCGCCCA",81,161,0,0,89,161,0,0
"GTTGTGATATTGCGCCCA-82","GTTGTGATATTGCGCCCA",82,160,1,0,89,161,0.0062111801242236,0.000207663426652904
"GTTGTGATATTGCGCCCA-83","GTTGTGATATTGCGCCCA",83,160,1,0,89,161,0.0062111801242236,0.000207663426652904
"GTTGTGATATTGCGCCCA-84","GTTGTGATATTGCGCCCA",84,0,159,2,89,159,1,1
"GTTGTGATATTGCGCCCA-85","GTTGTGATATTGCGCCCA",85,0,160,1,89,160,1,1
"GTTGTGATATTGCGCCCA-86","GTTGTGATATTGCGCCCA",86,1,159,1,89,160,0.99375,0.155636728490046
"GTTGTGATATTGCGCCCA-87","GTTGTGATATTGCGCCCA",87,159,1,1,89,160,0.00625,0.000208965264170247
"GTTGTGATATTGCGCCCA-88","GTTGTGATATTGCGCCCA",88,114,44,3,89,158,0.278481012658228,0.0108209142559949
"GTTGTGATATTGCGCCCA-89","GTTGTGATATTGCGCCCA",89,96,62,3,89,158,0.392405063291139,0.016471071789683
"GTTGTGATATTGCGCCCA-90","GTTGTGATATTGCGCCCA",90,140,19,2,89,159,0.119496855345912,0.0042330744959348
"GTTGTGATATTGCGCCCA-91","GTTGTGATATTGCGCCCA",91,155,5,1,89,160,0.03125,0.00105773015250799
"GTTGTGATATTGCGCCCA-92","GTTGTGATATTGCGCCCA",92,159,1,1,89,160,0.00625,0.000208965264170247
"GTTGTGATATTGCGCCCA-93","GTTGTGATATTGCGCCCA",93,160,0,1,89,160,0,0
"GTTGTGATATTGCGCCCA-94","GTTGTGATATTGCGCCCA",94,160,0,1,89,160,0,0
"GTTGTGATATTGCGCCCA-95","GTTGTGATATTGCGCCCA",95,155,4,2,89,159,0.0251572327044025,0.000848942287787091
"GTTGTGATATTGCGCCCA-96","GTTGTGATATTGCGCCCA",96,158,2,1,89,160,0.0125,0.000419204849312127
"GTTGTGATATTGCGCCCA-97","GTTGTGATATTGCGCCCA",97,0,160,1,89,160,1,1
"GTTGTGATATTGCGCCCA-98","GTTGTGATATTGCGCCCA",98,144,13,4,89,157,0.0828025477707006,0.00287693718754045
"GTTGTGATATTGCGCCCA-99","GTTGTGATATTGCGCCCA",99,159,1,1,89,160,0.00625,0.000208965264170247
"GTTGTGATATTGCGCCCA-100","GTTGTGATATTGCGCCCA",100,159,1,1,89,160,0.00625,0.000208965264170247
"GTTGTGATATTGCGCCCA-101","GTTGTGATATTGCGCCCA",101,0,160,1,89,160,1,1
"GTTGTGATATTGCGCCCA-102","GTTGTGATATTGCGCCCA",102,0,160,1,89,160,1,1
"GTTGTGATATTGCGCCCA-103","GTTGTGATATTGCGCCCA",103,161,0,0,89,161,0,0
"GTTGTGATATTGCGCCCA-104","GTTGTGATATTGCGCCCA",104,0,161,0,89,161,1,1
"GTTGTGATATTGCGCCCA-105","GTTGTGATATTGCGCCCA",105,1,160,0,89,161,0.993788819875776,0.155812071860347
"GTTGTGATATTGCGCCCA-106","GTTGTGATATTGCGCCCA",106,161,0,0,89,161,0,0
"GTTGTGATATTGCGCCCA-107","GTTGTGATATTGCGCCCA",107,160,1,0,89,161,0.0062111801242236,0.000207663426652904
"GTTGTGATATTGCGCCCA-108","GTTGTGATATTGCGCCCA",108,161,0,0,89,161,0,0
"GTTGTGATATTGCGCCCA-109","GTTGTGATATTGCGCCCA",109,38,121,2,89,159,0.761006289308176,0.0465903374375305
"GTTGTGATATTGCGCCCA-110","GTTGTGATATTGCGCCCA",110,104,54,3,89,158,0.341772151898734,0.013843423998096
"GTTGTGATATTGCGCCCA-111","GTTGTGATATTGCGCCCA",111,161,0,0,89,161,0,0
"GTTGTGATATTGCGCCCA-112","GTTGTGATATTGCGCCCA",112,160,1,0,89,161,0.0062111801242236,0.000207663426652904
"GTTGTGATATTGCGCCCA-113","GTTGTGATATTGCGCCCA",113,161,0,0,89,161,0,0
"GTTGTGATATTGCGCCCA-114","GTTGTGATATTGCGCCCA",114,1,159,1,89,160,0.99375,0.155636728490046
"GTTGTGATATTGCGCCCA-115","GTTGTGATATTGCGCCCA",115,1,160,0,89,161,0.993788819875776,0.155812071860347
"GTTGTGATATTGCGCCCA-116","GTTGTGATATTGCGCCCA",116,157,4,0,89,161,0.0248447204968944,0.000838267112191482
"GTTGTGATATTGCGCCCA-117","GTTGTGATATTGCGCCCA",117,161,0,0,89,161,0,0
"GTTGTGATATTGCGCCCA-118","GTTGTGATATTGCGCCCA",118,161,0,0,89,161,0,0
"GTTGTGATATTGCGCCCA-119","GTTGTGATATTGCGCCCA",119,0,161,0,89,161,1,1
"GTTGTGATATTGCGCCCA-120","GTTGTGATATTGCGCCCA",120,8,152,1,89,160,0.95,0.0950338528553041
"GTTGTGATATTGCGCCCA-121","GTTGTGATATTGCGCCCA",121,140,19,2,89,159,0.119496855345912,0.0042330744959348
"GTTGTGATATTGCGCCCA-122","GTTGTGATATTGCGCCCA",122,150,10,1,89,160,0.0625,0.00214897168488637
"GTTGTGATATTGCGCCCA-123","GTTGTGATATTGCGCCCA",123,161,0,0,89,161,0,0
"GTTGTGATATTGCGCCCA-124","GTTGTGATATTGCGCCCA",124,160,1,0,89,161,0.0062111801242236,0.000207663426652904
"GTTGTGATATTGCGCCCA-125","GTTGTGATATTGCGCCCA",125,149,12,0,89,161,0.0745341614906832,0.00257860497319728
"GTTGTGATATTGCGCCCA-126","GTTGTGATATTGCGCCCA",126,160,1,0,89,161,0.0062111801242236,0.000207663426652904
"GTTGTGATATTGCGCCCA-127","GTTGTGATATTGCGCCCA",127,3,158,0,89,161,0.981366459627329,0.124324539767897
"GTTGTGATATTGCGCCCA-128","GTTGTGATATTGCGCCCA",128,146,15,0,89,161,0.093167701863354,0.00325461699032581
"GTTGTGATATTGCGCCCA-129","GTTGTGATATTGCGCCCA",129,89,70,2,89,159,0.440251572327044,0.0191563998058512
"GTTGTGATATTGCGCCCA-130","GTTGTGATATTGCGCCCA",130,159,2,0,89,161,0.0124223602484472,0.000416585296380445
"GTTGTGATATTGCGCCCA-131","GTTGTGATATTGCGCCCA",131,95,62,4,89,157,0.394904458598726,0.0166062017472696
"GTTGTGATATTGCGCCCA-132","GTTGTGATATTGCGCCCA",132,160,1,0,89,161,0.0062111801242236,0.000207663426652904
"GTTGTGATATTGCGCCCA-133","GTTGTGATATTGCGCCCA",133,1,160,0,89,161,0.993788819875776,0.155812071860347
"GTTGTGATATTGCGCCCA-134","GTTGTGATATTGCGCCCA",134,94,66,1,89,160,0.4125,0.0175730617408388
"GTTGTGATATTGCGCCCA-135","GTTGTGATATTGCGCCCA",135,161,0,0,89,161,0,0
"GTTGTGATATTGCGCCCA-136","GTTGTGATATTGCGCCCA",136,160,1,0,89,161,0.0062111801242236,0.000207663426652904
"GTTGTGATATTGCGCCCA-137","GTTGTGATATTGCGCCCA",137,160,0,1,89,160,0,0
"GTTGTGATATTGCGCCCA-138","GTTGTGATATTGCGCCCA",138,159,1,1,89,160,0.00625,0.000208965264170247
"GTTGTGATATTGCGCCCA-139","GTTGTGATATTGCGCCCA",139,159,1,1,89,160,0.00625,0.000208965264170247
"GTTGTGATATTGCGCCCA-140","GTTGTGATATTGCGCCCA",140,0,160,1,89,160,1,1
"GTTGTGATATTGCGCCCA-141","GTTGTGATATTGCGCCCA",141,0,160,1,89,160,1,1
"GTTGTGATATTGCGCCCA-142","GTTGTGATATTGCGCCCA",142,2,157,2,89,159,0.987421383647799,0.13572006809144
"GTTGTGATATTGCGCCCA-143","GTTGTGATATTGCGCCCA",143,160,0,1,89,160,0,0
"GTTGTGATATTGCGCCCA-144","GTTGTGATATTGCGCCCA",144,93,62,6,89,155,0.4,0.0168833718858274
"GTTGTGATATTGCGCCCA-145","GTTGTGATATTGCGCCCA",145,147,12,2,89,159,0.0754716981132075,0.00261230249865207
"GTTGTGATATTGCGCCCA-146","GTTGTGATATTGCGCCCA",146,146,12,3,89,158,0.0759493670886076,0.00262948387899631
"GTTGTGATATTGCGCCCA-147","GTTGTGATATTGCGCCCA",147,160,0,1,89,160,0,0
"GTTGTGATATTGCGCCCA-148","GTTGTGATATTGCGCCCA",148,161,0,0,89,161,0,0
"GTTGTGATATTGCGCCCA-149","GTTGTGATATTGCGCCCA",149,1,160,0,89,161,0.993788819875776,0.155812071860347
"GTTGTGATATTGCGCCCA-150","GTTGTGATATTGCGCCCA",150,156,5,0,89,161,0.031055900621118,0.00105105917445414
"GTTGTGATATTGCGCCCA-151","GTTGTGATATTGCGCCCA",151,1,160,0,89,161,0.993788819875776,0.155812071860347
"GTTGTGATATTGCGCCCA-152","GTTGTGATATTGCGCCCA",152,159,2,0,89,161,0.0124223602484472,0.000416585296380445
"GTTGTGATATTGCGCCCA-153","GTTGTGATATTGCGCCCA",153,161,0,0,89,161,0,0
"GTTGTGATATTGCGCCCA-154","GTTGTGATATTGCGCCCA",154,161,0,0,89,161,0,0
"GTTGTGATATTGCGCCCA-155","GTTGTGATATTGCGCCCA",155,161,0,0,89,161,0,0
"GTTGTGATATTGCGCCCA-156","GTTGTGATATTGCGCCCA",156,161,0,0,89,161,0,0
"GTTGTGATATTGCGCCCA-157","GTTGTGATATTGCGCCCA",157,3,158,0,89,161,0.981366459627329,0.124324539767897
"GTTGTGATATTGCGCCCA-158","GTTGTGATATTGCGCCCA",158,137,22,2,89,159,0.138364779874214,0.00495180838556486
"GTTGTGATATTGCGCCCA-159","GTTGTGATATTGCGCCCA",159,153,8,0,89,161,0.0496894409937888,0.00169743917084297
"GTTGTGATATTGCGCCCA-160","GTTGTGATATTGCGCCCA",160,161,0,0,89,161,0,0
"GTTGTGATATTGCGCCCA-161","GTTGTGATATTGCGCCCA",161,159,2,0,89,161,0.0124223602484472,0.000416585296380445
"GTTGTGATATTGCGCCCA-162","GTTGTGATATTGCGCCCA",162,1,160,0,89,161,0.993788819875776,0.155812071860347
"GTTGTGATATTGCGCCCA-163","GTTGTGATATTGCGCCCA",163,160,1,0,89,161,0.0062111801242236,0.000207663426652904
"GTTGTGATATTGCGCCCA-164","GTTGTGATATTGCGCCCA",164,160,1,0,89,161,0.0062111801242236,0.000207663426652904
"GTTGTGATATTGCGCCCA-165","GTTGTGATATTGCGCCCA",165,160,1,0,89,161,0.0062111801242236,0.000207663426652904
"GTTGTGATATTGCGCCCA-166","GTTGTGATATTGCGCCCA",166,0,161,0,89,161,1,1
"GTTGTGATATTGCGCCCA-167","GTTGTGATATTGCGCCCA",167,42,119,0,89,161,0.739130434782609,0.0438028451050273
"GTTGTGATATTGCGCCCA-168","GTTGTGATATTGCGCCCA",168,150,11,0,89,161,0.0683229813664596,0.00235618884871547
"GTTGTGATATTGCGCCCA-169","GTTGTGATATTGCGCCCA",169,160,1,0,89,161,0.0062111801242236,0.000207663426652904
"GTTGTGATATTGCGCCCA-170","GTTGTGATATTGCGCCCA",170,161,0,0,89,161,0,0
"GTTGTGATATTGCGCCCA-171","GTTGTGATATTGCGCCCA",171,159,2,0,89,161,0.0124223602484472,0.000416585296380445
"GTTGTGATATTGCGCCCA-172","GTTGTGATATTGCGCCCA",172,16,144,1,89,160,0.9,0.0738812718712065
"GTTGTGATATTGCGCCCA-173","GTTGTGATATTGCGCCCA",173,1,160,0,89,161,0.993788819875776,0.155812071860347
"GTTGTGATATTGCGCCCA-174","GTTGTGATATTGCGCCCA",174,147,13,1,89,160,0.08125,0.00282072188234062
"GTTGTGATATTGCGCCCA-175","GTTGTGATATTGCGCCCA",175,161,0,0,89,161,0,0
"GTTGTGATATTGCGCCCA-176","GTTGTGATATTGCGCCCA",176,0,161,0,89,161,1,1
"GTTGTGATATTGCGCCCA-177","GTTGTGATATTGCGCCCA",177,2,159,0,89,161,0.987577639751553,0.13608011440303
"GTTGTGATATTGCGCCCA-178","GTTGTGATATTGCGCCCA",178,19,142,0,89,161,0.881987577639752,0.0687543491498195
"GTTGTGATATTGCGCCCA-179","GTTGTGATATTGCGCCCA",179,158,3,0,89,161,0.0186335403726708,0.000626781222449524
"GTTGTGATATTGCGCCCA-180","GTTGTGATATTGCGCCCA",180,159,2,0,89,161,0.0124223602484472,0.000416585296380445
"GTTGTGATATTGCGCCCA-181","GTTGTGATATTGCGCCCA",181,161,0,0,89,161,0,0
"GTTGTGATATTGCGCCCA-182","GTTGTGATATTGCGCCCA",182,0,161,0,89,161,1,1
"GTTGTGATATTGCGCCCA-183","GTTGTGATATTGCGCCCA",183,141,20,0,89,161,0.124223602484472,0.0044117221235761
"GTTGTGATATTGCGCCCA-184","GTTGTGATATTGCGCCCA",184,159,2,0,89,161,0.0124223602484472,0.000416585296380445
"GTTGTGATATTGCGCCCA-185","GTTGTGATATTGCGCCCA",185,2,159,0,89,161,0.987577639751553,0.13608011440303
"GTTGTGATATTGCGCCCA-186","GTTGTGATATTGCGCCCA",186,3,158,0,89,161,0.981366459627329,0.124324539767897
"GTTGTGATATTGCGCCCA-187","GTTGTGATATTGCGCCCA",187,161,0,0,89,161,0,0
"GTTGTGATATTGCGCCCA-188","GTTGTGATATTGCGCCCA",188,159,2,0,89,161,0.0124223602484472,0.000416585296380445
"GTTGTGATATTGCGCCCA-189","GTTGTGATATTGCGCCCA",189,36,125,0,89,161,0.77639751552795,0.0487035249860431
"GTTGTGATATTGCGCCCA-190","GTTGTGATATTGCGCCCA",190,3,158,0,89,161,0.981366459627329,0.124324539767897
"GTTGTGATATTGCGCCCA-191","GTTGTGATATTGCGCCCA",191,91,69,1,89,160,0.43125,0.018634664036365
"GTTGTGATATTGCGCCCA-192","GTTGTGATATTGCGCCCA",192,160,1,0,89,161,0.0062111801242236,0.000207663426652904
"GTTGTGATATTGCGCCCA-193","GTTGTGATATTGCGCCCA",193,0,161,0,89,161,1,1
"GTTGTGATATTGCGCCCA-194","GTTGTGATATTGCGCCCA",194,21,140,0,89,161,0.869565217391304,0.0656424183059127
"GTTGTGATATTGCGCCCA-195","GTTGTGATATTGCGCCCA",195,154,7,0,89,161,0.0434782608695652,0.00148062820590888
"GTTGTGATATTGCGCCCA-196","GTTGTGATATTGCGCCCA",196,161,0,0,89,161,0,0
"GTTGTGATATTGCGCCCA-197","GTTGTGATATTGCGCCCA",197,161,0,0,89,161,0,0
"GTTGTGATATTGCGCCCA-198","GTTGTGATATTGCGCCCA",198,159,1,1,89,160,0.00625,0.000208965264170247
"GTTGTGATATTGCGCCCA-199","GTTGTGATATTGCGCCCA",199,1,160,0,89,161,0.993788819875776,0.155812071860347
"GTTGTGATATTGCGCCCA-200","GTTGTGATATTGCGCCCA",200,0,161,0,89,161,1,1
"GTTGTGATATTGCGCCCA-201","GTTGTGATATTGCGCCCA",201,161,0,0,89,161,0,0
"GTTGTGATATTGCGCCCA-202","GTTGTGATATTGCGCCCA",202,158,3,0,89,161,0.0186335403726708,0.000626781222449524
"GTTGTGATATTGCGCCCA-203","GTTGTGATATTGCGCCCA",203,161,0,0,89,161,0,0
"GTTGTGATATTGCGCCCA-204","GTTGTGATATTGCGCCCA",204,159,2,0,89,161,0.0124223602484472,0.000416585296380445
"GTTGTGATATTGCGCCCA-205","GTTGTGATATTGCGCCCA",205,160,1,0,89,161,0.0062111801242236,0.000207663426652904
"GTTGTGATATTGCGCCCA-206","GTTGTGATATTGCGCCCA",206,0,161,0,89,161,1,1
"GTTGTGATATTGCGCCCA-207","GTTGTGATATTGCGCCCA",207,1,160,0,89,161,0.993788819875776,0.155812071860347
"GTTGTGATATTGCGCCCA-208","GTTGTGATATTGCGCCCA",208,23,138,0,89,161,0.857142857142857,0.0628047790392923
"GTTGTGATATTGCGCCCA-209","GTTGTGATATTGCGCCCA",209,161,0,0,89,161,0,0
"GTTGTGATATTGCGCCCA-210","GTTGTGATATTGCGCCCA",210,161,0,0,89,161,0,0
"GTTGTGATATTGCGCCCA-211","GTTGTGATATTGCGCCCA",211,161,0,0,89,161,0,0
"GTTGTGATATTGCGCCCA-212","GTTGTGATATTGCGCCCA",212,159,2,0,89,161,0.0124223602484472,0.000416585296380445
"GTTGTGATATTGCGCCCA-213","GTTGTGATATTGCGCCCA",213,1,160,0,89,161,0.993788819875776,0.155812071860347
"GTTGTGATATTGCGCCCA-214","GTTGTGATATTGCGCCCA",214,94,64,3,89,158,0.40506329113924,0.0171610508872779
"GTTGTGATATTGCGCCCA-215","GTTGTGATATTGCGCCCA",215,160,1,0,89,161,0.0062111801242236,0.000207663426652904
"GTTGTGATATTGCGCCCA-216","GTTGTGATATTGCGCCCA",216,160,1,0,89,161,0.0062111801242236,0.000207663426652904
"GTTGTGATATTGCGCCCA-217","GTTGTGATATTGCGCCCA",217,0,161,0,89,161,1,1
"GTTGTGATATTGCGCCCA-218","GTTGTGATATTGCGCCCA",218,95,61,5,89,156,0.391025641025641,0.0163967231785516
"GTTGTGATATTGCGCCCA-219","GTTGTGATATTGCGCCCA",219,143,17,1,89,160,0.10625,0.00373730499237046
"GTTGTGATATTGCGCCCA-220","GTTGTGATATTGCGCCCA",220,160,1,0,89,161,0.0062111801242236,0.000207663426652904
"GTTGTGATATTGCGCCCA-221","GTTGTGATATTGCGCCCA",221,161,0,0,89,161,0,0
"GTTGTGATATTGCGCCCA-222","GTTGTGATATTGCGCCCA",222,2,159,0,89,161,0.987577639751553,0.13608011440303
"GTTGTGATATTGCGCCCA-223","GTTGTGATATTGCGCCCA",223,1,160,0,89,161,0.993788819875776,0.155812071860347
"GTTGTGATATTGCGCCCA-224","GTTGTGATATTGCGCCCA",224,160,1,0,89,161,0.0062111801242236,0.000207663426652904
"GTTGTGATATTGCGCCCA-225","GTTGTGATATTGCGCCCA",225,159,2,0,89,161,0.0124223602484472,0.000416585296380445
"GTTGTGATATTGCGCCCA-226","GTTGTGATATTGCGCCCA",226,161,0,0,89,161,0,0
"GTTGTGATATTGCGCCCA-227","GTTGTGATATTGCGCCCA",227,160,1,0,89,161,0.0062111801242236,0.000207663426652904
"GTTGTGATATTGCGCCCA-228","GTTGTGATATTGCGCCCA",228,161,0,0,89,161,0,0
"GTTGTGATATTGCGCCCA-229","GTTGTGATATTGCGCCCA",229,0,161,0,89,161,1,1
"GTTGTGATATTGCGCCCA-230","GTTGTGATATTGCGCCCA",230,3,158,0,89,161,0.981366459627329,0.124324539767897
"GTTGTGATATTGCGCCCA-231","GTTGTGATATTGCGCCCA",231,161,0,0,89,161,0,0
"GTTGTGATATTGCGCCCA-232","GTTGTGATATTGCGCCCA",232,161,0,0,89,161,0,0
"GTTGTGATATTGCGCCCA-233","GTTGTGATATTGCGCCCA",233,1,160,0,89,161,0.993788819875776,0.155812071860347
"GTTGTGATATTGCGCCCA-234","GTTGTGATATTGCGCCCA",234,1,160,0,89,161,0.993788819875776,0.155812071860347
"GTTGTGATATTGCGCCCA-235","GTTGTGATATTGCGCCCA",235,1,160,0,89,161,0.993788819875776,0.155812071860347
"GTTGTGATATTGCGCCCA-236","GTTGTGATATTGCGCCCA",236,161,0,0,89,161,0,0
"GTTGTGATATTGCGCCCA-237","GTTGTGATATTGCGCCCA",237,160,1,0,89,161,0.0062111801242236,0.000207663426652904
"GTTGTGATATTGCGCCCA-238","GTTGTGATATTGCGCCCA",238,1,160,0,89,161,0.993788819875776,0.155812071860347
"GTTGTGATATTGCGCCCA-239","GTTGTGATATTGCGCCCA",239,148,11,2,89,159,0.0691823899371069,0.00238687781472724
"GTTGTGATATTGCGCCCA-240","GTTGTGATATTGCGCCCA",240,161,0,0,89,161,0,0
"GTTGTGATATTGCGCCCA-241","GTTGTGATATTGCGCCCA",241,147,14,0,89,161,0.0869565217391304,0.00302779954822185
"GTTGTGATATTGCGCCCA-242","GTTGTGATATTGCGCCCA",242,0,161,0,89,161,1,1
"GTTGTGATATTGCGCCCA-243","GTTGTGATATTGCGCCCA",243,2,159,0,89,161,0.987577639751553,0.13608011440303
"GTTGTGATATTGCGCCCA-244","GTTGTGATATTGCGCCCA",244,160,1,0,89,161,0.0062111801242236,0.000207663426652904
"GTTGTGATATTGCGCCCA-245","GTTGTGATATTGCGCCCA",245,159,2,0,89,161,0.0124223602484472,0.000416585296380445
"GTTGTGATATTGCGCCCA-246","GTTGTGATATTGCGCCCA",246,1,160,0,89,161,0.993788819875776,0.155812071860347
"GTTGTGATATTGCGCCCA-247","GTTGTGATATTGCGCCCA",247,160,1,0,89,161,0.0062111801242236,0.000207663426652904
"GTTGTGATATTGCGCCCA-248","GTTGTGATATTGCGCCCA",248,160,1,0,89,161,0.0062111801242236,0.000207663426652904
"GTTGTGATATTGCGCCCA-249","GTTGTGATATTGCGCCCA",249,161,0,0,89,161,0,0
"GTTGTGATATTGCGCCCA-250","GTTGTGATATTGCGCCCA",250,157,4,0,89,161,0.0248447204968944,0.000838267112191482
"GTTGTGATATTGCGCCCA-251","GTTGTGATATTGCGCCCA",251,133,28,0,89,161,0.173913043478261,0.00634827192612908
"GTTGTGATATTGCGCCCA-252","GTTGTGATATTGCGCCCA",252,155,6,0,89,161,0.0372670807453416,0.00126517392729297
"GTTGTGATATTGCGCCCA-253","GTTGTGATATTGCGCCCA",253,1,160,0,89,161,0.993788819875776,0.155812071860347
"GTTGTGATATTGCGCCCA-254","GTTGTGATATTGCGCCCA",254,161,0,0,89,161,0,0
"GTTGTGATATTGCGCCCA-255","GTTGTGATATTGCGCCCA",255,161,0,0,89,161,0,0
"GTTGTGATATTGCGCCCA-256","GTTGTGATATTGCGCCCA",256,160,1,0,89,161,0.0062111801242236,0.000207663426652904
"GTTGTGATATTGCGCCCA-257","GTTGTGATATTGCGCCCA",257,49,109,3,89,158,0.689873417721519,0.0382741272614444
"GTTGTGATATTGCGCCCA-258","GTTGTGATATTGCGCCCA",258,1,160,0,89,161,0.993788819875776,0.155812071860347
"GTTGTGATATTGCGCCCA-259","GTTGTGATATTGCGCCCA",259,161,0,0,89,161,0,0
"GTTGTGATATTGCGCCCA-260","GTTGTGATATTGCGCCCA",260,161,0,0,89,161,0,0
"GTTGTGATATTGCGCCCA-261","GTTGTGATATTGCGCCCA",261,160,1,0,89,161,0.0062111801242236,0.000207663426652904
"GTTGTGATATTGCGCCCA-262","GTTGTGATATTGCGCCCA",262,24,136,1,89,160,0.85,0.061279341980463
"GTTGTGATATTGCGCCCA-263","GTTGTGATATTGCGCCCA",263,1,160,0,89,161,0.993788819875776,0.155812071860347
"GTTGTGATATTGCGCCCA-264","GTTGTGATATTGCGCCCA",264,161,0,0,89,161,0,0
"GTTGTGATATTGCGCCCA-265","GTTGTGATATTGCGCCCA",265,161,0,0,89,161,0,0
"GTTGTGATATTGCGCCCA-266","GTTGTGATATTGCGCCCA",266,161,0,0,89,161,0,0
"GTTGTGATATTGCGCCCA-267","GTTGTGATATTGCGCCCA",267,160,1,0,89,161,0.0062111801242236,0.000207663426652904
"GTTGTGATATTGCGCCCA-268","GTTGTGATATTGCGCCCA",268,0,161,0,89,161,1,1
"GTTGTGATATTGCGCCCA-269","GTTGTGATATTGCGCCCA",269,28,132,1,89,160,0.825,0.0564434474265777
"GTTGTGATATTGCGCCCA-270","GTTGTGATATTGCGCCCA",270,157,3,1,89,160,0.01875,0.000630734666060673
"GTTGTGATATTGCGCCCA-271","GTTGTGATATTGCGCCCA",271,160,1,0,89,161,0.0062111801242236,0.000207663426652904
"AACTGATTTTGGAGGTTG-0","AACTGATTTTGGAGGTTG",0,103,4,0,143,107,0.0373831775700935,0.00126918877220317
"AACTGATTTTGGAGGTTG-1","AACTGATTTTGGAGGTTG",1,0,107,0,143,107,1,1
"AACTGATTTTGGAGGTTG-2","AACTGATTTTGGAGGTTG",2,86,21,0,143,107,0.196261682242991,0.00725626320971762
"AACTGATTTTGGAGGTTG-3","AACTGATTTTGGAGGTTG",3,102,5,0,143,107,0.0467289719626168,0.00159392904954736
"AACTGATTTTGGAGGTTG-4","AACTGATTTTGGAGGTTG",4,0,107,0,143,107,1,1
"AACTGATTTTGGAGGTTG-5","AACTGATTTTGGAGGTTG",5,53,54,0,143,107,0.504672897196262,0.023145826320497
"AACTGATTTTGGAGGTTG-6","AACTGATTTTGGAGGTTG",6,43,63,1,143,106,0.594339622641509,0.0296268906357201
"AACTGATTTTGGAGGTTG-7","AACTGATTTTGGAGGTTG",7,106,1,0,143,107,0.00934579439252336,0.000312942368313474
"AACTGATTTTGGAGGTTG-8","AACTGATTTTGGAGGTTG",8,107,0,0,143,107,0,0
"AACTGATTTTGGAGGTTG-9","AACTGATTTTGGAGGTTG",9,0,107,0,143,107,1,1
"AACTGATTTTGGAGGTTG-10","AACTGATTTTGGAGGTTG",10,15,92,0,143,107,0.85981308411215,0.0633940421553977
"AACTGATTTTGGAGGTTG-11","AACTGATTTTGGAGGTTG",11,106,1,0,143,107,0.00934579439252336,0.000312942368313474
"AACTGATTTTGGAGGTTG-12","AACTGATTTTGGAGGTTG",12,107,0,0,143,107,0,0
"AACTGATTTTGGAGGTTG-13","AACTGATTTTGGAGGTTG",13,105,2,0,143,107,0.0186915887850467,0.000628751729550459
"AACTGATTTTGGAGGTTG-14","AACTGATTTTGGAGGTTG",14,16,91,0,143,107,0.850467289719626,0.061376967836496
"AACTGATTTTGGAGGTTG-15","AACTGATTTTGGAGGTTG",15,49,58,0,143,107,0.542056074766355,0.0256976649192187
"AACTGATTTTGGAGGTTG-16","AACTGATTTTGGAGGTTG",16,105,2,0,143,107,0.0186915887850467,0.000628751729550459
"AACTGATTTTGGAGGTTG-17","AACTGATTTTGGAGGTTG",17,103,3,1,143,106,0.0283018867924528,0.000956545747581306
"AACTGATTTTGGAGGTTG-18","AACTGATTTTGGAGGTTG",18,107,0,0,143,107,0,0
"AACTGATTTTGGAGGTTG-19","AACTGATTTTGGAGGTTG",19,107,0,0,143,107,0,0
"AACTGATTTTGGAGGTTG-20","AACTGATTTTGGAGGTTG",20,0,107,0,143,107,1,1
"AACTGATTTTGGAGGTTG-21","AACTGATTTTGGAGGTTG",21,0,107,0,143,107,1,1
"AACTGATTTTGGAGGTTG-22","AACTGATTTTGGAGGTTG",22,104,3,0,143,107,0.0280373831775701,0.000947482032523261
"AACTGATTTTGGAGGTTG-23","AACTGATTTTGGAGGTTG",23,107,0,0,143,107,0,0
"AACTGATTTTGGAGGTTG-24","AACTGATTTTGGAGGTTG",24,107,0,0,143,107,0,0
"AACTGATTTTGGAGGTTG-25","AACTGATTTTGGAGGTTG",25,107,0,0,143,107,0,0
"AACTGATTTTGGAGGTTG-26","AACTGATTTTGGAGGTTG",26,107,0,0,143,107,0,0
"AACTGATTTTGGAGGTTG-27","AACTGATTTTGGAGGTTG",27,0,107,0,143,107,1,1
"AACTGATTTTGGAGGTTG-28","AACTGATTTTGGAGGTTG",28,0,107,0,143,107,1,1
"AACTGATTTTGGAGGTTG-29","AACTGATTTTGGAGGTTG",29,106,1,0,143,107,0.00934579439252336,0.000312942368313474
"AACTGATTTTGGAGGTTG-30","AACTGATTTTGGAGGTTG",30,107,0,0,143,107,0,0
"AACTGATTTTGGAGGTTG-31","AACTGATTTTGGAGGTTG",31,107,0,0,143,107,0,0
"AACTGATTTTGGAGGTTG-32","AACTGATTTTGGAGGTTG",32,106,1,0,143,107,0.00934579439252336,0.000312942368313474
"AACTGATTTTGGAGGTTG-33","AACTGATTTTGGAGGTTG",33,103,4,0,143,107,0.0373831775700935,0.00126918877220317
"AACTGATTTTGGAGGTTG-34","AACTGATTTTGGAGGTTG",34,4,103,0,143,107,0.962616822429907,0.103763678501741
"AACTGATTTTGGAGGTTG-35","AACTGATTTTGGAGGTTG",35,74,32,1,143,106,0.30188679245283,0.0119076691897838
"AACTGATTTTGGAGGTTG-36","AACTGATTTTGGAGGTTG",36,101,6,0,143,107,0.0560747663551402,0.00192176163425428
"AACTGATTTTGGAGGTTG-37","AACTGATTTTGGAGGTTG",37,107,0,0,143,107,0,0
"AACTGATTTTGGAGGTTG-38","AACTGATTTTGGAGGTTG",38,53,54,0,143,107,0.504672897196262,0.023145826320497
"AACTGATTTTGGAGGTTG-39","AACTGATTTTGGAGGTTG",39,103,3,1,143,106,0.0283018867924528,0.000956545747581306
"AACTGATTTTGGAGGTTG-40","AACTGATTTTGGAGGTTG",40,100,7,0,143,107,0.0654205607476635,0.00225274703061951
"AACTGATTTTGGAGGTTG-41","AACTGATTTTGGAGGTTG",41,0,107,0,143,107,1,1
"AACTGATTTTGGAGGTTG-42","AACTGATTTTGGAGGTTG",42,107,0,0,143,107,0,0
"AACTGATTTTGGAGGTTG-43","AACTGATTTTGGAGGTTG",43,107,0,0,143,107,0,0
"AACTGATTTTGGAGGTTG-44","AACTGATTTTGGAGGTTG",44,106,1,0,143,107,0.00934579439252336,0.000312942368313474
"AACTGATTTTGGAGGTTG-45","AACTGATTTTGGAGGTTG",45,0,107,0,143,107,1,1
"AACTGATTTTGGAGGTTG-46","AACTGATTTTGGAGGTTG",46,98,9,0,143,107,0.0841121495327103,0.00292442736683485
"AACTGATTTTGGAGGTTG-47","AACTGATTTTGGAGGTTG",47,106,1,0,143,107,0.00934579439252336,0.000312942368313474
"AACTGATTTTGGAGGTTG-48","AACTGATTTTGGAGGTTG",48,105,2,0,143,107,0.0186915887850467,0.000628751729550459
"AACTGATTTTGGAGGTTG-49","AACTGATTTTGGAGGTTG",49,107,0,0,143,107,0,0
"AACTGATTTTGGAGGTTG-50","AACTGATTTTGGAGGTTG",50,107,0,0,143,107,0,0
"AACTGATTTTGGAGGTTG-51","AACTGATTTTGGAGGTTG",51,0,107,0,143,107,1,1
"AACTGATTTTGGAGGTTG-52","AACTGATTTTGGAGGTTG",52,97,10,0,143,107,0.0934579439252336,0.00326525262818966
"AACTGATTTTGGAGGTTG-53","AACTGATTTTGGAGGTTG",53,97,10,0,143,107,0.0934579439252336,0.00326525262818966
"AACTGATTTTGGAGGTTG-54","AACTGATTTTGGAGGTTG",54,104,3,0,143,107,0.0280373831775701,0.000947482032523261
"AACTGATTTTGGAGGTTG-55","AACTGATTTTGGAGGTTG",55,107,0,0,143,107,0,0
"AACTGATTTTGGAGGTTG-56","AACTGATTTTGGAGGTTG",56,107,0,0,143,107,0,0
"AACTGATTTTGGAGGTTG-57","AACTGATTTTGGAGGTTG",57,4,103,0,143,107,0.962616822429907,0.103763678501741
"AACTGATTTTGGAGGTTG-58","AACTGATTTTGGAGGTTG",58,22,85,0,143,107,0.794392523364486,0.0513602975697028
"AACTGATTTTGGAGGTTG-59","AACTGATTTTGGAGGTTG",59,97,10,0,143,107,0.0934579439252336,0.00326525262818966
"AACTGATTTTGGAGGTTG-60","AACTGATTTTGGAGGTTG",60,83,24,0,143,107,0.224299065420561,0.00843053624951584
"AACTGATTTTGGAGGTTG-61","AACTGATTTTGGAGGTTG",61,106,1,0,143,107,0.00934579439252336,0.000312942368313474
"AACTGATTTTGGAGGTTG-62","AACTGATTTTGGAGGTTG",62,107,0,0,143,107,0,0
"AACTGATTTTGGAGGTTG-63","AACTGATTTTGGAGGTTG",63,102,5,0,143,107,0.0467289719626168,0.00159392904954736
"AACTGATTTTGGAGGTTG-64","AACTGATTTTGGAGGTTG",64,102,5,0,143,107,0.0467289719626168,0.00159392904954736
"AACTGATTTTGGAGGTTG-65","AACTGATTTTGGAGGTTG",65,0,107,0,143,107,1,1
"AACTGATTTTGGAGGTTG-66","AACTGATTTTGGAGGTTG",66,94,13,0,143,107,0.121495327102804,0.00430849343575446
"AACTGATTTTGGAGGTTG-67","AACTGATTTTGGAGGTTG",67,101,6,0,143,107,0.0560747663551402,0.00192176163425428
"AACTGATTTTGGAGGTTG-68","AACTGATTTTGGAGGTTG",68,107,0,0,143,107,0,0
"AACTGATTTTGGAGGTTG-69","AACTGATTTTGGAGGTTG",69,94,13,0,143,107,0.121495327102804,0.00430849343575446
"AACTGATTTTGGAGGTTG-70","AACTGATTTTGGAGGTTG",70,0,107,0,143,107,1,1
"AACTGATTTTGGAGGTTG-71","AACTGATTTTGGAGGTTG",71,84,23,0,143,107,0.214953271028037,0.00803461638344238
"AACTGATTTTGGAGGTTG-72","AACTGATTTTGGAGGTTG",72,107,0,0,143,107,0,0
"AACTGATTTTGGAGGTTG-73","AACTGATTTTGGAGGTTG",73,107,0,0,143,107,0,0
"AACTGATTTTGGAGGTTG-74","AACTGATTTTGGAGGTTG",74,107,0,0,143,107,0,0
"AACTGATTTTGGAGGTTG-75","AACTGATTTTGGAGGTTG",75,0,107,0,143,107,1,1
"AACTGATTTTGGAGGTTG-76","AACTGATTTTGGAGGTTG",76,107,0,0,143,107,0,0
"AACTGATTTTGGAGGTTG-77","AACTGATTTTGGAGGTTG",77,0,107,0,143,107,1,1
"AACTGATTTTGGAGGTTG-78","AACTGATTTTGGAGGTTG",78,104,3,0,143,107,0.0280373831775701,0.000947482032523261
"AACTGATTTTGGAGGTTG-79","AACTGATTTTGGAGGTTG",79,107,0,0,143,107,0,0
"AACTGATTTTGGAGGTTG-80","AACTGATTTTGGAGGTTG",80,107,0,0,143,107,0,0
"AACTGATTTTGGAGGTTG-81","AACTGATTTTGGAGGTTG",81,107,0,0,143,107,0,0
"AACTGATTTTGGAGGTTG-82","AACTGATTTTGGAGGTTG",82,107,0,0,143,107,0,0
"AACTGATTTTGGAGGTTG-83","AACTGATTTTGGAGGTTG",83,107,0,0,143,107,0,0
"AACTGATTTTGGAGGTTG-84","AACTGATTTTGGAGGTTG",84,0,107,0,143,107,1,1
"AACTGATTTTGGAGGTTG-85","AACTGATTTTGGAGGTTG",85,0,107,0,143,107,1,1
"AACTGATTTTGGAGGTTG-86","AACTGATTTTGGAGGTTG",86,106,1,0,143,107,0.00934579439252336,0.000312942368313474
"AACTGATTTTGGAGGTTG-87","AACTGATTTTGGAGGTTG",87,106,0,1,143,106,0,0
"AACTGATTTTGGAGGTTG-88","AACTGATTTTGGAGGTTG",88,95,12,0,143,107,0.11214953271028,0.00395721427208984
"AACTGATTTTGGAGGTTG-89","AACTGATTTTGGAGGTTG",89,65,42,0,143,107,0.392523364485981,0.0164774556259819
"AACTGATTTTGGAGGTTG-90","AACTGATTTTGGAGGTTG",90,89,18,0,143,107,0.168224299065421,0.0061209390818987
"AACTGATTTTGGAGGTTG-91","AACTGATTTTGGAGGTTG",91,103,4,0,143,107,0.0373831775700935,0.00126918877220317
"AACTGATTTTGGAGGTTG-92","AACTGATTTTGGAGGTTG",92,107,0,0,143,107,0,0
"AACTGATTTTGGAGGTTG-93","AACTGATTTTGGAGGTTG",93,106,1,0,143,107,0.00934579439252336,0.000312942368313474
"AACTGATTTTGGAGGTTG-94","AACTGATTTTGGAGGTTG",94,107,0,0,143,107,0,0
"AACTGATTTTGGAGGTTG-95","AACTGATTTTGGAGGTTG",95,104,3,0,143,107,0.0280373831775701,0.000947482032523261
"AACTGATTTTGGAGGTTG-96","AACTGATTTTGGAGGTTG",96,107,0,0,143,107,0,0
"AACTGATTTTGGAGGTTG-97","AACTGATTTTGGAGGTTG",97,94,13,0,143,107,0.121495327102804,0.00430849343575446
"AACTGATTTTGGAGGTTG-98","AACTGATTTTGGAGGTTG",98,0,107,0,143,107,1,1
"AACTGATTTTGGAGGTTG-99","AACTGATTTTGGAGGTTG",99,107,0,0,143,107,0,0
"AACTGATTTTGGAGGTTG-100","AACTGATTTTGGAGGTTG",100,107,0,0,143,107,0,0
"AACTGATTTTGGAGGTTG-101","AACTGATTTTGGAGGTTG",101,0,107,0,143,107,1,1
"AACTGATTTTGGAGGTTG-102","AACTGATTTTGGAGGTTG",102,0,107,0,143,107,1,1
"AACTGATTTTGGAGGTTG-103","AACTGATTTTGGAGGTTG",103,107,0,0,143,107,0,0
"AACTGATTTTGGAGGTTG-104","AACTGATTTTGGAGGTTG",104,0,107,0,143,107,1,1
"AACTGATTTTGGAGGTTG-105","AACTGATTTTGGAGGTTG",105,94,13,0,143,107,0.121495327102804,0.00430849343575446
"AACTGATTTTGGAGGTTG-106","AACTGATTTTGGAGGTTG",106,107,0,0,143,107,0,0
"AACTGATTTTGGAGGTTG-107","AACTGATTTTGGAGGTTG",107,107,0,0,143,107,0,0
"AACTGATTTTGGAGGTTG-108","AACTGATTTTGGAGGTTG",108,107,0,0,143,107,0,0
"AACTGATTTTGGAGGTTG-109","AACTGATTTTGGAGGTTG",109,6,101,0,143,107,0.94392523364486,0.0915683660153188
"AACTGATTTTGGAGGTTG-110","AACTGATTTTGGAGGTTG",110,94,13,0,143,107,0.121495327102804,0.00430849343575446
"AACTGATTTTGGAGGTTG-111","AACTGATTTTGGAGGTTG",111,107,0,0,143,107,0,0
"AACTGATTTTGGAGGTTG-112","AACTGATTTTGGAGGTTG",112,106,1,0,143,107,0.00934579439252336,0.000312942368313474
"AACTGATTTTGGAGGTTG-113","AACTGATTTTGGAGGTTG",113,107,0,0,143,107,0,0
"AACTGATTTTGGAGGTTG-114","AACTGATTTTGGAGGTTG",114,79,28,0,143,107,0.261682242990654,0.0100617379857449
"AACTGATTTTGGAGGTTG-115","AACTGATTTTGGAGGTTG",115,0,107,0,143,107,1,1
"AACTGATTTTGGAGGTTG-116","AACTGATTTTGGAGGTTG",116,73,34,0,143,107,0.317757009345794,0.012664764686913
"AACTGATTTTGGAGGTTG-117","AACTGATTTTGGAGGTTG",117,93,14,0,143,107,0.130841121495327,0.0046634037853085
"AACTGATTTTGGAGGTTG-118","AACTGATTTTGGAGGTTG",118,104,3,0,143,107,0.0280373831775701,0.000947482032523261
"AACTGATTTTGGAGGTTG-119","AACTGATTTTGGAGGTTG",119,0,107,0,143,107,1,1
"AACTGATTTTGGAGGTTG-120","AACTGATTTTGGAGGTTG",120,0,107,0,143,107,1,1
"AACTGATTTTGGAGGTTG-121","AACTGATTTTGGAGGTTG",121,107,0,0,143,107,0,0
"AACTGATTTTGGAGGTTG-122","AACTGATTTTGGAGGTTG",122,104,1,2,143,105,0.00952380952380952,0.000318930831284647
"AACTGATTTTGGAGGTTG-123","AACTGATTTTGGAGGTTG",123,107,0,0,143,107,0,0
"AACTGATTTTGGAGGTTG-124","AACTGATTTTGGAGGTTG",124,107,0,0,143,107,0,0
"AACTGATTTTGGAGGTTG-125","AACTGATTTTGGAGGTTG",125,106,1,0,143,107,0.00934579439252336,0.000312942368313474
"AACTGATTTTGGAGGTTG-126","AACTGATTTTGGAGGTTG",126,107,0,0,143,107,0,0
"AACTGATTTTGGAGGTTG-127","AACTGATTTTGGAGGTTG",127,1,106,0,143,107,0.990654205607477,0.144236273297831
"AACTGATTTTGGAGGTTG-128","AACTGATTTTGGAGGTTG",128,98,9,0,143,107,0.0841121495327103,0.00292442736683485
"AACTGATTTTGGAGGTTG-129","AACTGATTTTGGAGGTTG",129,28,79,0,143,107,0.738317757009346,0.043703700729996
"AACTGATTTTGGAGGTTG-130","AACTGATTTTGGAGGTTG",130,106,1,0,143,107,0.00934579439252336,0.000312942368313474
"AACTGATTTTGGAGGTTG-131","AACTGATTTTGGAGGTTG",131,39,68,0,143,107,0.635514018691589,0.0330826325007437
"AACTGATTTTGGAGGTTG-132","AACTGATTTTGGAGGTTG",132,107,0,0,143,107,0,0
"AACTGATTTTGGAGGTTG-133","AACTGATTTTGGAGGTTG",133,4,103,0,143,107,0.962616822429907,0.103763678501741
"AACTGATTTTGGAGGTTG-134","AACTGATTTTGGAGGTTG",134,48,59,0,143,107,0.551401869158878,0.0263670821667357
"AACTGATTTTGGAGGTTG-135","AACTGATTTTGGAGGTTG",135,106,1,0,143,107,0.00934579439252336,0.000312942368313474
"AACTGATTTTGGAGGTTG-136","AACTGATTTTGGAGGTTG",136,107,0,0,143,107,0,0
"AACTGATTTTGGAGGTTG-137","AACTGATTTTGGAGGTTG",137,107,0,0,143,107,0,0
"AACTGATTTTGGAGGTTG-138","AACTGATTTTGGAGGTTG",138,104,3,0,143,107,0.0280373831775701,0.000947482032523261
"AACTGATTTTGGAGGTTG-139","AACTGATTTTGGAGGTTG",139,107,0,0,143,107,0,0
"AACTGATTTTGGAGGTTG-140","AACTGATTTTGGAGGTTG",140,0,107,0,143,107,1,1
"AACTGATTTTGGAGGTTG-141","AACTGATTTTGGAGGTTG",141,0,107,0,143,107,1,1
"AACTGATTTTGGAGGTTG-142","AACTGATTTTGGAGGTTG",142,107,0,0,143,107,0,0
"AACTGATTTTGGAGGTTG-143","AACTGATTTTGGAGGTTG",143,107,0,0,143,107,0,0
"AACTGATTTTGGAGGTTG-144","AACTGATTTTGGAGGTTG",144,51,56,0,143,107,0.523364485981308,0.0243975552254961
"AACTGATTTTGGAGGTTG-145","AACTGATTTTGGAGGTTG",145,96,11,0,143,107,0.102803738317757,0.00360949150079615
"AACTGATTTTGGAGGTTG-146","AACTGATTTTGGAGGTTG",146,102,5,0,143,107,0.0467289719626168,0.00159392904954736
"AACTGATTTTGGAGGTTG-147","AACTGATTTTGGAGGTTG",147,107,0,0,143,107,0,0
"AACTGATTTTGGAGGTTG-148","AACTGATTTTGGAGGTTG",148,103,0,4,143,103,0,0
"AACTGATTTTGGAGGTTG-149","AACTGATTTTGGAGGTTG",149,0,103,4,143,103,1,1
"AACTGATTTTGGAGGTTG-150","AACTGATTTTGGAGGTTG",150,88,15,4,143,103,0.145631067961165,0.00523266744100326
"AACTGATTTTGGAGGTTG-151","AACTGATTTTGGAGGTTG",151,57,46,4,143,103,0.446601941747573,0.0195293727261187
"AACTGATTTTGGAGGTTG-152","AACTGATTTTGGAGGTTG",152,95,8,4,143,103,0.0776699029126214,0.00269144144715239
"AACTGATTTTGGAGGTTG-153","AACTGATTTTGGAGGTTG",153,99,4,4,143,103,0.0388349514563107,0.00131943338451246
"AACTGATTTTGGAGGTTG-154","AACTGATTTTGGAGGTTG",154,103,0,4,143,103,0,0
"AACTGATTTTGGAGGTTG-155","AACTGATTTTGGAGGTTG",155,103,0,4,143,103,0,0
"AACTGATTTTGGAGGTTG-156","AACTGATTTTGGAGGTTG",156,103,0,4,143,103,0,0
"AACTGATTTTGGAGGTTG-157","AACTGATTTTGGAGGTTG",157,3,100,4,143,103,0.970873786407767,0.111188904147393
"AACTGATTTTGGAGGTTG-158","AACTGATTTTGGAGGTTG",158,36,71,0,143,107,0.663551401869159,0.0356590167658644
"AACTGATTTTGGAGGTTG-159","AACTGATTTTGGAGGTTG",159,107,0,0,143,107,0,0
"AACTGATTTTGGAGGTTG-160","AACTGATTTTGGAGGTTG",160,107,0,0,143,107,0,0
"AACTGATTTTGGAGGTTG-161","AACTGATTTTGGAGGTTG",161,107,0,0,143,107,0,0
"AACTGATTTTGGAGGTTG-162","AACTGATTTTGGAGGTTG",162,5,102,0,143,107,0.953271028037383,0.0970725126560955
"AACTGATTTTGGAGGTTG-163","AACTGATTTTGGAGGTTG",163,85,22,0,143,107,0.205607476635514,0.00764322677979978
"AACTGATTTTGGAGGTTG-164","AACTGATTTTGGAGGTTG",164,107,0,0,143,107,0,0
"AACTGATTTTGGAGGTTG-165","AACTGATTTTGGAGGTTG",165,107,0,0,143,107,0,0
"AACTGATTTTGGAGGTTG-166","AACTGATTTTGGAGGTTG",166,0,107,0,143,107,1,1
"AACTGATTTTGGAGGTTG-167","AACTGATTTTGGAGGTTG",167,40,65,2,143,105,0.619047619047619,0.0316574334066856
"AACTGATTTTGGAGGTTG-168","AACTGATTTTGGAGGTTG",168,100,6,1,143,106,0.0566037735849057,0.00194041189940131
"AACTGATTTTGGAGGTTG-169","AACTGATTTTGGAGGTTG",169,107,0,0,143,107,0,0
"AACTGATTTTGGAGGTTG-170","AACTGATTTTGGAGGTTG",170,107,0,0,143,107,0,0
"AACTGATTTTGGAGGTTG-171","AACTGATTTTGGAGGTTG",171,107,0,0,143,107,0,0
"AACTGATTTTGGAGGTTG-172","AACTGATTTTGGAGGTTG",172,0,107,0,143,107,1,1
"AACTGATTTTGGAGGTTG-173","AACTGATTTTGGAGGTTG",173,0,107,0,143,107,1,1
"AACTGATTTTGGAGGTTG-174","AACTGATTTTGGAGGTTG",174,105,2,0,143,107,0.0186915887850467,0.000628751729550459
"AACTGATTTTGGAGGTTG-175","AACTGATTTTGGAGGTTG",175,107,0,0,143,107,0,0
"AACTGATTTTGGAGGTTG-176","AACTGATTTTGGAGGTTG",176,36,70,1,143,106,0.660377358490566,0.0353571391444114
"AACTGATTTTGGAGGTTG-177","AACTGATTTTGGAGGTTG",177,0,107,0,143,107,1,1
"AACTGATTTTGGAGGTTG-178","AACTGATTTTGGAGGTTG",178,46,61,0,143,107,0.570093457943925,0.0277473509257554
"AACTGATTTTGGAGGTTG-179","AACTGATTTTGGAGGTTG",179,105,2,0,143,107,0.0186915887850467,0.000628751729550459
"AACTGATTTTGGAGGTTG-180","AACTGATTTTGGAGGTTG",180,103,4,0,143,107,0.0373831775700935,0.00126918877220317
"AACTGATTTTGGAGGTTG-181","AACTGATTTTGGAGGTTG",181,107,0,0,143,107,0,0
"AACTGATTTTGGAGGTTG-182","AACTGATTTTGGAGGTTG",182,0,107,0,143,107,1,1
"AACTGATTTTGGAGGTTG-183","AACTGATTTTGGAGGTTG",183,99,8,0,143,107,0.0747663551401869,0.00258694754667832
"AACTGATTTTGGAGGTTG-184","AACTGATTTTGGAGGTTG",184,106,1,0,143,107,0.00934579439252336,0.000312942368313474
"AACTGATTTTGGAGGTTG-185","AACTGATTTTGGAGGTTG",185,15,92,0,143,107,0.85981308411215,0.0633940421553977
"AACTGATTTTGGAGGTTG-186","AACTGATTTTGGAGGTTG",186,71,36,0,143,107,0.336448598130841,0.0135785996048394
"AACTGATTTTGGAGGTTG-187","AACTGATTTTGGAGGTTG",187,103,4,0,143,107,0.0373831775700935,0.00126918877220317
"AACTGATTTTGGAGGTTG-188","AACTGATTTTGGAGGTTG",188,104,3,0,143,107,0.0280373831775701,0.000947482032523261
"AACTGATTTTGGAGGTTG-189","AACTGATTTTGGAGGTTG",189,66,40,1,143,106,0.377358490566038,0.0156687591896386
"AACTGATTTTGGAGGTTG-190","AACTGATTTTGGAGGTTG",190,15,91,1,143,106,0.858490566037736,0.0631008467154979
"AACTGATTTTGGAGGTTG-191","AACTGATTTTGGAGGTTG",191,95,11,1,143,106,0.10377358490566,0.00364541270786256
"AACTGATTTTGGAGGTTG-192","AACTGATTTTGGAGGTTG",192,107,0,0,143,107,0,0
"AACTGATTTTGGAGGTTG-193","AACTGATTTTGGAGGTTG",193,1,105,1,143,106,0.990566037735849,0.143968384736799
"AACTGATTTTGGAGGTTG-194","AACTGATTTTGGAGGTTG",194,35,72,0,143,107,0.672897196261682,0.0365641361056833
"AACTGATTTTGGAGGTTG-195","AACTGATTTTGGAGGTTG",195,100,7,0,143,107,0.0654205607476635,0.00225274703061951
"AACTGATTTTGGAGGTTG-196","AACTGATTTTGGAGGTTG",196,107,0,0,143,107,0,0
"AACTGATTTTGGAGGTTG-197","AACTGATTTTGGAGGTTG",197,107,0,0,143,107,0,0
"AACTGATTTTGGAGGTTG-198","AACTGATTTTGGAGGTTG",198,107,0,0,143,107,0,0
"AACTGATTTTGGAGGTTG-199","AACTGATTTTGGAGGTTG",199,69,38,0,143,107,0.355140186915888,0.01451766519801
"AACTGATTTTGGAGGTTG-200","AACTGATTTTGGAGGTTG",200,0,107,0,143,107,1,1
"AACTGATTTTGGAGGTTG-201","AACTGATTTTGGAGGTTG",201,107,0,0,143,107,0,0
"AACTGATTTTGGAGGTTG-202","AACTGATTTTGGAGGTTG",202,107,0,0,143,107,0,0
"AACTGATTTTGGAGGTTG-203","AACTGATTTTGGAGGTTG",203,103,4,0,143,107,0.0373831775700935,0.00126918877220317
"AACTGATTTTGGAGGTTG-204","AACTGATTTTGGAGGTTG",204,107,0,0,143,107,0,0
"AACTGATTTTGGAGGTTG-205","AACTGATTTTGGAGGTTG",205,102,5,0,143,107,0.0467289719626168,0.00159392904954736
"AACTGATTTTGGAGGTTG-206","AACTGATTTTGGAGGTTG",206,107,0,0,143,107,0,0
"AACTGATTTTGGAGGTTG-207","AACTGATTTTGGAGGTTG",207,104,3,0,143,107,0.0280373831775701,0.000947482032523261
"AACTGATTTTGGAGGTTG-208","AACTGATTTTGGAGGTTG",208,105,2,0,143,107,0.0186915887850467,0.000628751729550459
"AACTGATTTTGGAGGTTG-209","AACTGATTTTGGAGGTTG",209,107,0,0,143,107,0,0
"AACTGATTTTGGAGGTTG-210","AACTGATTTTGGAGGTTG",210,107,0,0,143,107,0,0
"AACTGATTTTGGAGGTTG-211","AACTGATTTTGGAGGTTG",211,107,0,0,143,107,0,0
"AACTGATTTTGGAGGTTG-212","AACTGATTTTGGAGGTTG",212,103,4,0,143,107,0.0373831775700935,0.00126918877220317
"AACTGATTTTGGAGGTTG-213","AACTGATTTTGGAGGTTG",213,1,106,0,143,107,0.990654205607477,0.144236273297831
"AACTGATTTTGGAGGTTG-214","AACTGATTTTGGAGGTTG",214,83,24,0,143,107,0.224299065420561,0.00843053624951584
"AACTGATTTTGGAGGTTG-215","AACTGATTTTGGAGGTTG",215,107,0,0,143,107,0,0
"AACTGATTTTGGAGGTTG-216","AACTGATTTTGGAGGTTG",216,107,0,0,143,107,0,0
"AACTGATTTTGGAGGTTG-217","AACTGATTTTGGAGGTTG",217,0,107,0,143,107,1,1
"AACTGATTTTGGAGGTTG-218","AACTGATTTTGGAGGTTG",218,81,25,1,143,106,0.235849056603774,0.00892625363872024
"AACTGATTTTGGAGGTTG-219","AACTGATTTTGGAGGTTG",219,101,6,0,143,107,0.0560747663551402,0.00192176163425428
"AACTGATTTTGGAGGTTG-220","AACTGATTTTGGAGGTTG",220,107,0,0,143,107,0,0
"AACTGATTTTGGAGGTTG-221","AACTGATTTTGGAGGTTG",221,107,0,0,143,107,0,0
"AACTGATTTTGGAGGTTG-222","AACTGATTTTGGAGGTTG",222,33,74,0,143,107,0.691588785046729,0.0384519191312745
"AACTGATTTTGGAGGTTG-223","AACTGATTTTGGAGGTTG",223,87,20,0,143,107,0.186915887850467,0.00687362501988986
"AACTGATTTTGGAGGTTG-224","AACTGATTTTGGAGGTTG",224,100,7,0,143,107,0.0654205607476635,0.00225274703061951
"AACTGATTTTGGAGGTTG-225","AACTGATTTTGGAGGTTG",225,105,2,0,143,107,0.0186915887850467,0.000628751729550459
"AACTGATTTTGGAGGTTG-226","AACTGATTTTGGAGGTTG",226,107,0,0,143,107,0,0
"AACTGATTTTGGAGGTTG-227","AACTGATTTTGGAGGTTG",227,107,0,0,143,107,0,0
"AACTGATTTTGGAGGTTG-228","AACTGATTTTGGAGGTTG",228,105,2,0,143,107,0.0186915887850467,0.000628751729550459
"AACTGATTTTGGAGGTTG-229","AACTGATTTTGGAGGTTG",229,79,28,0,143,107,0.261682242990654,0.0100617379857449
"AACTGATTTTGGAGGTTG-230","AACTGATTTTGGAGGTTG",230,25,82,0,143,107,0.766355140186916,0.0473094126775045
"AACTGATTTTGGAGGTTG-231","AACTGATTTTGGAGGTTG",231,104,3,0,143,107,0.0280373831775701,0.000947482032523261
"AACTGATTTTGGAGGTTG-232","AACTGATTTTGGAGGTTG",232,106,1,0,143,107,0.00934579439252336,0.000312942368313474
"AACTGATTTTGGAGGTTG-233","AACTGATTTTGGAGGTTG",233,30,77,0,143,107,0.719626168224299,0.041501915653202
"AACTGATTTTGGAGGTTG-234","AACTGATTTTGGAGGTTG",234,16,91,0,143,107,0.850467289719626,0.061376967836496
"AACTGATTTTGGAGGTTG-235","AACTGATTTTGGAGGTTG",235,84,23,0,143,107,0.214953271028037,0.00803461638344238
"AACTGATTTTGGAGGTTG-236","AACTGATTTTGGAGGTTG",236,107,0,0,143,107,0,0
"AACTGATTTTGGAGGTTG-237","AACTGATTTTGGAGGTTG",237,107,0,0,143,107,0,0
"AACTGATTTTGGAGGTTG-238","AACTGATTTTGGAGGTTG",238,47,60,0,143,107,0.560747663551402,0.027050118875435
"AACTGATTTTGGAGGTTG-239","AACTGATTTTGGAGGTTG",239,94,13,0,143,107,0.121495327102804,0.00430849343575446
"AACTGATTTTGGAGGTTG-240","AACTGATTTTGGAGGTTG",240,107,0,0,143,107,0,0
"AACTGATTTTGGAGGTTG-241","AACTGATTTTGGAGGTTG",241,107,0,0,143,107,0,0
"AACTGATTTTGGAGGTTG-242","AACTGATTTTGGAGGTTG",242,46,59,2,143,105,0.561904761904762,0.0271356607898592
"AACTGATTTTGGAGGTTG-243","AACTGATTTTGGAGGTTG",243,67,40,0,143,107,0.373831775700935,0.0154834204860146
"AACTGATTTTGGAGGTTG-244","AACTGATTTTGGAGGTTG",244,107,0,0,143,107,0,0
"AACTGATTTTGGAGGTTG-245","AACTGATTTTGGAGGTTG",245,42,65,0,143,107,0.607476635514019,0.0306911370573799
"AACTGATTTTGGAGGTTG-246","AACTGATTTTGGAGGTTG",246,8,99,0,143,107,0.925233644859813,0.0828151475194543
"AACTGATTTTGGAGGTTG-247","AACTGATTTTGGAGGTTG",247,107,0,0,143,107,0,0
"AACTGATTTTGGAGGTTG-248","AACTGATTTTGGAGGTTG",248,107,0,0,143,107,0,0
"AACTGATTTTGGAGGTTG-249","AACTGATTTTGGAGGTTG",249,107,0,0,143,107,0,0
"AACTGATTTTGGAGGTTG-250","AACTGATTTTGGAGGTTG",250,106,1,0,143,107,0.00934579439252336,0.000312942368313474
"AACTGATTTTGGAGGTTG-251","AACTGATTTTGGAGGTTG",251,0,107,0,143,107,1,1
"AACTGATTTTGGAGGTTG-252","AACTGATTTTGGAGGTTG",252,0,107,0,143,107,1,1
"AACTGATTTTGGAGGTTG-253","AACTGATTTTGGAGGTTG",253,0,107,0,143,107,1,1
"AACTGATTTTGGAGGTTG-254","AACTGATTTTGGAGGTTG",254,107,0,0,143,107,0,0
"AACTGATTTTGGAGGTTG-255","AACTGATTTTGGAGGTTG",255,107,0,0,143,107,0,0
"AACTGATTTTGGAGGTTG-256","AACTGATTTTGGAGGTTG",256,107,0,0,143,107,0,0
"AACTGATTTTGGAGGTTG-257","AACTGATTTTGGAGGTTG",257,14,92,1,143,106,0.867924528301887,0.0652530164567326
"AACTGATTTTGGAGGTTG-258","AACTGATTTTGGAGGTTG",258,0,107,0,143,107,1,1
"AACTGATTTTGGAGGTTG-259","AACTGATTTTGGAGGTTG",259,107,0,0,143,107,0,0
"AACTGATTTTGGAGGTTG-260","AACTGATTTTGGAGGTTG",260,107,0,0,143,107,0,0
"AACTGATTTTGGAGGTTG-261","AACTGATTTTGGAGGTTG",261,107,0,0,143,107,0,0
"AACTGATTTTGGAGGTTG-262","AACTGATTTTGGAGGTTG",262,0,107,0,143,107,1,1
"AACTGATTTTGGAGGTTG-263","AACTGATTTTGGAGGTTG",263,54,53,0,143,107,0.495327102803738,0.0225369870601901
"AACTGATTTTGGAGGTTG-264","AACTGATTTTGGAGGTTG",264,107,0,0,143,107,0,0
"AACTGATTTTGGAGGTTG-265","AACTGATTTTGGAGGTTG",265,106,1,0,143,107,0.00934579439252336,0.000312942368313474
"AACTGATTTTGGAGGTTG-266","AACTGATTTTGGAGGTTG",266,107,0,0,143,107,0,0
"AACTGATTTTGGAGGTTG-267","AACTGATTTTGGAGGTTG",267,107,0,0,143,107,0,0
"AACTGATTTTGGAGGTTG-268","AACTGATTTTGGAGGTTG",268,2,105,0,143,107,0.981308411214953,0.124233744375137
"AACTGATTTTGGAGGTTG-269","AACTGATTTTGGAGGTTG",269,17,89,1,143,106,0.839622641509434,0.0591838398939838
"AACTGATTTTGGAGGTTG-270","AACTGATTTTGGAGGTTG",270,107,0,0,143,107,0,0
"AACTGATTTTGGAGGTTG-271","AACTGATTTTGGAGGTTG",271,107,0,0,143,107,0,0
