"dataset","site_rate"
"real",0.0416666666666667
"real",1
"real",0.199074074074074
"real",0.0934579439252336
"real",0.99537037037037
"real",0.621495327102804
"real",0.102325581395349
"real",0.00925925925925926
"real",0
"real",0.99537037037037
"real",0.851851851851852
"real",0
"real",0.00462962962962963
"real",0.00925925925925926
"real",0.833333333333333
"real",0.206572769953052
"real",0.0185185185185185
"real",0.013953488372093
"real",0
"real",0.0277777777777778
"real",1
"real",0.953703703703704
"real",0.407407407407407
"real",0.00925925925925926
"real",0
"real",0
"real",0.00462962962962963
"real",0.962962962962963
"real",0.976851851851852
"real",0.0324074074074074
"real",0
"real",0.00462962962962963
"real",0.00925925925925926
"real",0.0185185185185185
"real",0.944444444444444
"real",0.493023255813954
"real",0.0462962962962963
"real",0.00462962962962963
"real",0.99537037037037
"real",0.134259259259259
"real",0.50462962962963
"real",0.0601851851851852
"real",0.00462962962962963
"real",0
"real",0.0138888888888889
"real",0.799065420560748
"real",0.189814814814815
"real",0
"real",0.0416666666666667
"real",0.0138888888888889
"real",0
"real",1
"real",0.316279069767442
"real",0.0277777777777778
"real",0.0324074074074074
"real",0.00925925925925926
"real",0
"real",0.98936170212766
"real",0.563829787234043
"real",0.0319148936170213
"real",0.074468085106383
"real",0.0106382978723404
"real",0.0106382978723404
"real",0.0638297872340425
"real",0.329787234042553
"real",0.904255319148936
"real",0.138297872340426
"real",0.10752688172043
"real",0
"real",1
"real",0.0106382978723404
"real",1
"real",0
"real",0
"real",0.0319148936170213
"real",1
"real",0
"real",0.180851063829787
"real",0.172043010752688
"real",0
"real",0
"real",0
"real",0.0106382978723404
"real",0.00462962962962963
"real",0.585106382978723
"real",0.407407407407407
"real",0.157407407407407
"real",0.111111111111111
"real",0.181395348837209
"real",0.548837209302326
"real",0.106481481481481
"real",0.0231481481481481
"real",0.00925925925925926
"real",0.0231481481481481
"real",0
"real",0.0138888888888889
"real",0.0138888888888889
"real",1
"real",1
"real",0.00462962962962963
"real",0.00462962962962963
"real",0.893518518518518
"real",1
"real",0
"real",1
"real",0.297674418604651
"real",0
"real",0.00462962962962963
"real",0
"real",0.662037037037037
"real",0.241860465116279
"real",0
"real",0.0138888888888889
"real",0
"real",0.0972222222222222
"real",0.99537037037037
"real",0.546728971962617
"real",0.0462962962962963
"real",0.00925925925925926
"real",1
"real",0.99537037037037
"real",0.00925925925925926
"real",0.0601851851851852
"real",0
"real",0
"real",0.0558139534883721
"real",0.00462962962962963
"real",0.716981132075472
"real",0.0747663551401869
"real",0.0883720930232558
"real",0.0324074074074074
"real",0.0558139534883721
"real",0
"real",0.375
"real",0.92093023255814
"real",0
"real",0.00465116279069767
"real",0
"real",0
"real",0.00465116279069767
"real",1
"real",0.995348837209302
"real",0.0324074074074074
"real",0
"real",0.288372093023256
"real",0.0558139534883721
"real",0.189814814814815
"real",0.00925925925925926
"real",0
"real",0.99537037037037
"real",0.99537037037037
"real",0.99537037037037
"real",0
"real",0
"real",0.00462962962962963
"real",0
"real",0
"real",0.990740740740741
"real",0.185185185185185
"real",0.699074074074074
"real",0.00462962962962963
"real",0.00462962962962963
"real",0.856481481481482
"real",0.564814814814815
"real",0
"real",0.00462962962962963
"real",0.777777777777778
"real",0.472222222222222
"real",0.537037037037037
"real",0
"real",0
"real",0.00925925925925926
"real",0.845794392523365
"real",0.99537037037037
"real",0.102325581395349
"real",0.00462962962962963
"real",0.995348837209302
"real",0.734883720930233
"real",0.990697674418605
"real",0.00930232558139535
"real",0.00930232558139535
"real",0
"real",1
"real",0.0511627906976744
"real",0.00930232558139535
"real",0.274418604651163
"real",0.836448598130841
"real",0.106976744186047
"real",0.0560747663551402
"real",0.655813953488372
"real",0.804651162790698
"real",0.115740740740741
"real",0.00462962962962963
"real",0.99537037037037
"real",0.75
"real",0.0325581395348837
"real",0
"real",0
"real",0.00462962962962963
"real",0.967592592592593
"real",0.976851851851852
"real",0.0138888888888889
"real",0.00925925925925926
"real",0
"real",0.0324074074074074
"real",0.00462962962962963
"real",0.883720930232558
"real",0.0416666666666667
"real",0.0138888888888889
"real",0
"real",0.00925925925925926
"real",0
"real",0.268518518518519
"real",0.990740740740741
"real",0.579439252336449
"real",0.00462962962962963
"real",0
"real",1
"real",0.49537037037037
"real",0.0740740740740741
"real",0
"real",0
"real",0.962962962962963
"real",0.111627906976744
"real",0.0186046511627907
"real",0.0277777777777778
"real",0
"real",0
"real",0
"real",0.288372093023256
"real",0.534883720930233
"real",0.564814814814815
"real",0
"real",1
"real",0.99537037037037
"real",0.990740740740741
"real",0
"real",0.00462962962962963
"real",0.791666666666667
"real",0.310185185185185
"real",0
"real",0.0465116279069767
"real",0.99537037037037
"real",0.99537037037037
"real",0.00462962962962963
"real",0.013953488372093
"real",0.99537037037037
"real",0.00462962962962963
"real",0
"real",0
"real",0.0186046511627907
"real",0.675925925925926
"real",0.143518518518519
"real",0.967592592592593
"real",0.0277777777777778
"real",0
"real",0.00462962962962963
"real",0.884259259259259
"real",0.976851851851852
"real",0
"real",0.00462962962962963
"real",0.00462962962962963
"real",1
"real",0.99537037037037
"real",0
"real",0
"real",0.00462962962962963
"real",0.00462962962962963
"real",0.990740740740741
"real",0.981481481481482
"real",0.0324074074074074
"real",0.00925925925925926
"real",0.0545454545454545
"real",1
"real",0.321100917431193
"real",0.0727272727272727
"real",0.986363636363636
"real",0.776255707762557
"real",0.045662100456621
"real",0.0136986301369863
"real",0
"real",0.986363636363636
"real",0.9
"real",0.00454545454545455
"real",0.0181818181818182
"real",0
"real",0.986363636363636
"real",0.0954545454545455
"real",0.00909090909090909
"real",0.0227272727272727
"real",0
"real",0.0545454545454545
"real",1
"real",0.986363636363636
"real",0.0636363636363636
"real",0.0181818181818182
"real",0.00454545454545455
"real",0
"real",0.0136363636363636
"real",0.986363636363636
"real",0.986301369863014
"real",0.0409090909090909
"real",0
"real",0.0227272727272727
"real",0.0228310502283105
"real",0.00909090909090909
"real",0.990909090909091
"real",0.383561643835616
"real",0.309090909090909
"real",0.0136363636363636
"real",1
"real",1
"real",0.986363636363636
"real",0.0363636363636364
"real",0.0136363636363636
"real",0.00454545454545455
"real",0.0136363636363636
"real",0.986363636363636
"real",0.431818181818182
"real",0
"real",0.309090909090909
"real",0.00909090909090909
"real",0.00909090909090909
"real",1
"real",0.155251141552511
"real",0.10958904109589
"real",0.0454545454545455
"real",0.0227272727272727
"real",0
"real",1
"real",0.986363636363636
"real",0
"real",0.986363636363636
"real",0.0136363636363636
"real",0.0136363636363636
"real",0.0363636363636364
"real",0.154545454545455
"real",0.963636363636364
"real",0.136363636363636
"real",0.142857142857143
"real",0
"real",1
"real",1
"real",1
"real",0
"real",0
"real",0.0136363636363636
"real",1
"real",0.986363636363636
"real",0.0136363636363636
"real",1
"real",0
"real",0
"real",0
"real",0.0136363636363636
"real",0
"real",0.0319634703196347
"real",0.995454545454545
"real",0.0136986301369863
"real",0.0136986301369863
"real",0.188940092165899
"real",0.341013824884793
"real",0.110599078341014
"real",0.0639269406392694
"real",0.0091324200913242
"real",0.0136986301369863
"real",0
"real",0
"real",0.0182648401826484
"real",0.986301369863014
"real",0.0410958904109589
"real",0.0136986301369863
"real",0.0136986301369863
"real",1
"real",1
"real",0
"real",1
"real",0.986301369863014
"real",0
"real",0.0136986301369863
"real",0
"real",0.5662100456621
"real",0.474885844748858
"real",0.0045662100456621
"real",0.0181818181818182
"real",0
"real",0.195454545454545
"real",0.995454545454545
"real",0.4337899543379
"real",0.0867579908675799
"real",0.0681818181818182
"real",1
"real",0.986363636363636
"real",0.0227272727272727
"real",0.0545454545454545
"real",0
"real",0
"real",0.0545454545454545
"real",0.0136363636363636
"real",0.986363636363636
"real",1
"real",0.986363636363636
"real",0
"real",0.0227272727272727
"real",0.00454545454545455
"real",0.986363636363636
"real",0.986363636363636
"real",0
"real",0.0136363636363636
"real",0.00454545454545455
"real",0
"real",0.0136363636363636
"real",1
"real",0.986363636363636
"real",0.0454545454545455
"real",0
"real",0.472727272727273
"real",0.0590909090909091
"real",0.119266055045872
"real",0
"real",0
"real",0.545454545454545
"real",0.154545454545455
"real",0.986363636363636
"real",0.0772727272727273
"real",0.00909090909090909
"real",0
"real",0
"real",0
"real",0.990909090909091
"real",0.604545454545454
"real",0.0454545454545455
"real",0
"real",0.0181818181818182
"real",0.986363636363636
"real",0.0502283105022831
"real",0
"real",0.0136363636363636
"real",0.968181818181818
"real",0.767123287671233
"real",0.186363636363636
"real",0
"real",0.00909090909090909
"real",0.0091324200913242
"real",1
"real",0.986363636363636
"real",0.0272727272727273
"real",0
"real",1
"real",0.990909090909091
"real",0.363636363636364
"real",0.0227272727272727
"real",0.0136363636363636
"real",0
"real",1
"real",0.0639269406392694
"real",0.0181818181818182
"real",0.426605504587156
"real",0.62037037037037
"real",0.161290322580645
"real",0.114155251141553
"real",0.759090909090909
"real",0.822727272727273
"real",0.45
"real",0.0181818181818182
"real",0.872727272727273
"real",0.4337899543379
"real",0.0909090909090909
"real",0
"real",0
"real",0.0136363636363636
"real",0.922727272727273
"real",1
"real",0
"real",0.00454545454545455
"real",0.00454545454545455
"real",0.0181818181818182
"real",0.0136363636363636
"real",0.995454545454545
"real",0.222727272727273
"real",0.0954545454545455
"real",0
"real",0
"real",0
"real",0.0136363636363636
"real",0.986363636363636
"real",0.986363636363636
"real",0.0136363636363636
"real",0
"real",1
"real",0.401826484018265
"real",0.104545454545455
"real",0
"real",0
"real",0.959090909090909
"real",0.187214611872146
"real",0.0545454545454545
"real",0.0136363636363636
"real",0
"real",0
"real",0.00909090909090909
"real",0.0958904109589041
"real",0.981818181818182
"real",0.0136363636363636
"real",0
"real",0.205479452054795
"real",0.986363636363636
"real",0.155251141552511
"real",0
"real",0.0136363636363636
"real",0.972727272727273
"real",0.759090909090909
"real",0
"real",0.0730593607305936
"real",0.986363636363636
"real",0.611872146118721
"real",0.0136363636363636
"real",0.0681818181818182
"real",0.986363636363636
"real",0.0136363636363636
"real",0
"real",0
"real",0.0454545454545455
"real",0.595454545454545
"real",0.0181818181818182
"real",0.981735159817352
"real",0
"real",0
"real",0.0136363636363636
"real",0.981818181818182
"real",0.981818181818182
"real",0
"real",0
"real",0.0227272727272727
"real",0.990909090909091
"real",0.724770642201835
"real",0.00454545454545455
"real",0.00454545454545455
"real",0
"real",0.0136363636363636
"real",0.995454545454545
"real",0.986301369863014
"real",0.0136363636363636
"real",0.0136363636363636
"real",0.0192307692307692
"real",1
"real",0.216346153846154
"real",0.0666666666666667
"real",1
"real",0.598086124401914
"real",0.0574162679425837
"real",0.00476190476190476
"real",0
"real",1
"real",0.933333333333333
"real",0
"real",0
"real",0
"real",1
"real",0.119617224880383
"real",0.00952380952380952
"real",0.00476190476190476
"real",0
"real",0.00476190476190476
"real",1
"real",1
"real",0.00952380952380952
"real",0.0333333333333333
"real",0.00476190476190476
"real",0
"real",0
"real",1
"real",0.903381642512077
"real",0.0142857142857143
"real",0.00476190476190476
"real",0
"real",0.00476190476190476
"real",0.0380952380952381
"real",0.914285714285714
"real",0.564593301435407
"real",0.019047619047619
"real",0
"real",0.635922330097087
"real",0.214285714285714
"real",1
"real",0.0861244019138756
"real",0
"real",0.00476190476190476
"real",0
"real",1
"real",0.129807692307692
"real",0
"real",0.019047619047619
"real",0
"real",0
"real",1
"real",0.0966183574879227
"real",0.0669856459330144
"real",0.0238095238095238
"real",0
"real",0
"real",0.473684210526316
"real",1
"real",0.0476190476190476
"real",0.019047619047619
"real",0
"real",0
"real",0.0380952380952381
"real",0.285714285714286
"real",0.741626794258373
"real",0.5
"real",0.106280193236715
"real",0
"real",0.3
"real",0.176190476190476
"real",0.79047619047619
"real",0
"real",0
"real",0
"real",0.933333333333333
"real",0.00476190476190476
"real",0.483253588516746
"real",0.526315789473684
"real",0
"real",0
"real",0.00476190476190476
"real",0.00476190476190476
"real",0
"real",0.39047619047619
"real",0.938095238095238
"real",0.391304347826087
"real",0.080952380952381
"real",0.227053140096618
"real",0.376811594202899
"real",0.123809523809524
"real",0.00480769230769231
"real",0.0238095238095238
"real",0.0239234449760766
"real",0
"real",0.00476190476190476
"real",0
"real",0.966666666666667
"real",0.314285714285714
"real",0
"real",0
"real",0.712918660287081
"real",1
"real",0
"real",1
"real",0.124401913875598
"real",0
"real",0
"real",0
"real",0.685714285714286
"real",0.370192307692308
"real",0
"real",0.0104166666666667
"real",0
"real",0.198952879581152
"real",1
"real",0.333333333333333
"real",0.1
"real",0.0208333333333333
"real",1
"real",0.0833333333333333
"real",1
"real",0.0364583333333333
"real",0
"real",0
"real",0.0208333333333333
"real",0
"real",0.994791666666667
"real",0.0833333333333333
"real",1
"real",0.0572916666666667
"real",0.141361256544503
"real",0
"real",1
"real",0.442857142857143
"real",0.00476190476190476
"real",0
"real",0.00476190476190476
"real",0.00956937799043062
"real",0
"real",1
"real",1
"real",0.00952380952380952
"real",0
"real",0.947368421052632
"real",0.0909090909090909
"real",0.0857142857142857
"real",0
"real",0
"real",1
"real",0.00476190476190476
"real",1
"real",0.00476190476190476
"real",0.0142857142857143
"real",0
"real",0
"real",0.00476190476190476
"real",0.995238095238095
"real",0.123809523809524
"real",0.00952380952380952
"real",0
"real",0
"real",1
"real",0.0238095238095238
"real",0
"real",0
"real",0.631578947368421
"real",0.933333333333333
"real",0.162679425837321
"real",0.00476190476190476
"real",0
"real",0.0142857142857143
"real",0.79047619047619
"real",1
"real",0.0333333333333333
"real",0
"real",1
"real",1
"real",1
"real",0.00952380952380952
"real",0
"real",0
"real",1
"real",0.0956937799043062
"real",0.00476190476190476
"real",0.904761904761905
"real",0.139423076923077
"real",0.0333333333333333
"real",0.0380952380952381
"real",0.392344497607655
"real",0.89047619047619
"real",0.10952380952381
"real",0.00476190476190476
"real",0.971428571428571
"real",0.347619047619048
"real",0.162679425837321
"real",0
"real",0
"real",0
"real",1
"real",0.966507177033493
"real",0.00476190476190476
"real",0.019047619047619
"real",0
"real",0.00952380952380952
"real",0.00952380952380952
"real",1
"real",0.40952380952381
"real",0.355769230769231
"real",0.00476190476190476
"real",0
"real",0.00476190476190476
"real",0.0238095238095238
"real",1
"real",0.536231884057971
"real",0.0285714285714286
"real",0
"real",1
"real",0.413461538461538
"real",0.0625
"real",0
"real",0
"real",0.557142857142857
"real",0.533333333333333
"real",0.342857142857143
"real",0.0142857142857143
"real",0
"real",0
"real",0.00952380952380952
"real",0.504761904761905
"real",0.995238095238095
"real",0.319047619047619
"real",0
"real",0.368421052631579
"real",1
"real",0.185714285714286
"real",0.00476190476190476
"real",0
"real",1
"real",0.147619047619048
"real",0.00952380952380952
"real",0.0523809523809524
"real",1
"real",1
"real",0
"real",0.871428571428571
"real",1
"real",0
"real",0
"real",0
"real",0.00476190476190476
"real",0.688995215311005
"real",0.00952380952380952
"real",1
"real",0.00476190476190476
"real",0
"real",0
"real",1
"real",0.389423076923077
"real",0
"real",0
"real",0
"real",1
"real",1
"real",0
"real",0
"real",0
"real",0
"real",0.504761904761905
"real",1
"real",0.0904761904761905
"real",0.00476190476190476
"real",0.042654028436019
"real",1
"real",0.18957345971564
"real",0.0758293838862559
"real",0.995260663507109
"real",0.541062801932367
"real",0.0758293838862559
"real",0.004739336492891
"real",0
"real",0.995260663507109
"real",0.995260663507109
"real",0
"real",0.004739336492891
"real",0.00947867298578199
"real",0.235576923076923
"real",0.995260663507109
"real",0.004739336492891
"real",0
"real",0
"real",0.00947867298578199
"real",0.995260663507109
"real",0.393203883495146
"real",0.028436018957346
"real",0.014218009478673
"real",0.014218009478673
"real",0
"real",0.004739336492891
"real",0.928571428571429
"real",0.995260663507109
"real",0.018957345971564
"real",0
"real",0.004739336492891
"real",0.004739336492891
"real",0.028436018957346
"real",0.957345971563981
"real",0.301435406698565
"real",0.04739336492891
"real",0.004739336492891
"real",0.995260663507109
"real",0
"real",0.0478468899521531
"real",0.004739336492891
"real",0.004739336492891
"real",0.004739336492891
"real",0.00947867298578199
"real",0.995260663507109
"real",0.192307692307692
"real",0.004739336492891
"real",0.037914691943128
"real",0
"real",0
"real",0.990521327014218
"real",0.105263157894737
"real",0.0857142857142857
"real",0.00947867298578199
"real",0.004739336492891
"real",0
"real",1
"real",0.995260663507109
"real",0.105263157894737
"real",0.04739336492891
"real",0.014218009478673
"real",0.004739336492891
"real",0
"real",1
"real",0.995260663507109
"real",0.004739336492891
"real",0.995260663507109
"real",0
"real",1
"real",0.018957345971564
"real",1
"real",0
"real",0
"real",0.014218009478673
"real",0.938388625592417
"real",0.028436018957346
"real",0.177033492822967
"real",0.728571428571429
"real",0
"real",0
"real",0
"real",0.014218009478673
"real",0
"real",0.419047619047619
"real",1
"real",0.255924170616114
"real",0.080952380952381
"real",0.152380952380952
"real",0.280193236714976
"real",0.233333333333333
"real",0.018957345971564
"real",0.004739336492891
"real",0.004739336492891
"real",0
"real",0.037914691943128
"real",0.0758293838862559
"real",1
"real",1
"real",0.004739336492891
"real",0.004739336492891
"real",0.79047619047619
"real",1
"real",0
"real",1
"real",0.142857142857143
"real",0
"real",0.018957345971564
"real",0
"real",0.62085308056872
"real",0.317307692307692
"real",0
"real",0.033175355450237
"real",0
"real",0.00952380952380952
"real",1
"real",1
"real",0.00947867298578199
"real",0.023696682464455
"real",1
"real",0.843601895734597
"real",0.208530805687204
"real",0.104265402843602
"real",0.00947867298578199
"real",0
"real",0.04739336492891
"real",0.004739336492891
"real",0.995260663507109
"real",0.266666666666667
"real",0.213270142180095
"real",0.037914691943128
"real",0.263157894736842
"real",0
"real",0.580952380952381
"real",0.995260663507109
"real",0
"real",0.00947867298578199
"real",0
"real",0.033175355450237
"real",0.0145631067961165
"real",1
"real",0.995145631067961
"real",0.023696682464455
"real",0
"real",0.42512077294686
"real",0.0805687203791469
"real",0.114285714285714
"real",0.004739336492891
"real",0
"real",0.995260663507109
"real",0.023696682464455
"real",0.995260663507109
"real",0.014218009478673
"real",0
"real",0
"real",0
"real",0
"real",0.995260663507109
"real",0.0521327014218009
"real",0.028436018957346
"real",0
"real",0.004739336492891
"real",0.995260663507109
"real",0.042654028436019
"real",0
"real",0.004739336492891
"real",1
"real",1
"real",1
"real",0
"real",0
"real",0
"real",1
"real",0.995260663507109
"real",0.0285714285714286
"real",0
"real",1
"real",0.995260663507109
"real",0.857142857142857
"real",0.452380952380952
"real",0.425837320574163
"real",0
"real",1
"real",0.0710900473933649
"real",0.014218009478673
"real",0.403846153846154
"real",0.760765550239234
"real",0.0761904761904762
"real",0.123222748815166
"real",0.862559241706161
"real",0.923444976076555
"real",0.233333333333333
"real",0.004739336492891
"real",1
"real",0.995260663507109
"real",0.037914691943128
"real",0
"real",0
"real",0.004739336492891
"real",0.995260663507109
"real",0.823809523809524
"real",0.004739336492891
"real",0.014218009478673
"real",0.00947867298578199
"real",0.033175355450237
"real",0.00947867298578199
"real",0.995260663507109
"real",0.170616113744076
"real",0.0853080568720379
"real",0.004739336492891
"real",0
"real",0
"real",0.00947867298578199
"real",0.995260663507109
"real",0.375
"real",0.014218009478673
"real",0
"real",0.995260663507109
"real",0.757142857142857
"real",0.0568720379146919
"real",0
"real",0.004739336492891
"real",0.995260663507109
"real",0.995260663507109
"real",0
"real",0.014218009478673
"real",0
"real",0
"real",0.014218009478673
"real",0.0857142857142857
"real",0.995260663507109
"real",0.00476190476190476
"real",0
"real",1
"real",0.995260663507109
"real",0.004739336492891
"real",0
"real",0.004739336492891
"real",0.604761904761905
"real",0.654028436018957
"real",0.004739336492891
"real",0.0428571428571429
"real",0.653846153846154
"real",0.995260663507109
"real",0.004739336492891
"real",0.161137440758294
"real",0.980952380952381
"real",0.004739336492891
"real",0
"real",0
"real",0.014218009478673
"real",0.995260663507109
"real",0.995260663507109
"real",0.014218009478673
"real",0.004739336492891
"real",0
"real",0.004739336492891
"real",0.995260663507109
"real",0.995260663507109
"real",0
"real",0
"real",0.004739336492891
"real",1
"real",0.985781990521327
"real",0
"real",0
"real",0
"real",0.004739336492891
"real",0.76303317535545
"real",0.990521327014218
"real",0.170616113744076
"real",0.004739336492891
"real",0.0289855072463768
"real",1
"real",0.183574879227053
"real",0.072463768115942
"real",0.995169082125604
"real",0.690821256038647
"real",0.144927536231884
"real",0.00966183574879227
"real",0
"real",0.990338164251208
"real",0.878640776699029
"real",0
"real",0.00483091787439614
"real",0.0144927536231884
"real",0.995169082125604
"real",0.0676328502415459
"real",0.00483091787439614
"real",0
"real",0
"real",0.173913043478261
"real",1
"real",0.995169082125604
"real",0.0193236714975845
"real",0.0193236714975845
"real",0.00483091787439614
"real",0
"real",0.00483091787439614
"real",0.995169082125604
"real",0.995169082125604
"real",0.00966183574879227
"real",0
"real",0.0144927536231884
"real",0.0242718446601942
"real",0.0193236714975845
"real",1
"real",0.227053140096618
"real",0.0434782608695652
"real",0.00483091787439614
"real",0.995145631067961
"real",0.184466019417476
"real",0.251207729468599
"real",0.111111111111111
"real",0.00483091787439614
"real",0
"real",0.00483091787439614
"real",0.995169082125604
"real",0.198067632850242
"real",0.00483091787439614
"real",0.00966183574879227
"real",0.0289855072463768
"real",0
"real",1
"real",0.072463768115942
"real",0.101449275362319
"real",0.0193236714975845
"real",0.0144927536231884
"real",0
"real",1
"real",0.995169082125604
"real",0.0434782608695652
"real",0.0193236714975845
"real",0.00483091787439614
"real",0.00483091787439614
"real",0.990338164251208
"real",1
"real",0.995169082125604
"real",0
"real",0.00966183574879227
"real",0
"real",0.859903381642512
"real",0.439613526570048
"real",0.695652173913043
"real",0
"real",0.00483091787439614
"real",0.0483091787439614
"real",0.758454106280193
"real",0.130434782608696
"real",0.29951690821256
"real",0.509708737864078
"real",0.00483091787439614
"real",0
"real",0.0241545893719807
"real",0.00483091787439614
"real",0
"real",0.310679611650485
"real",1
"real",0.193236714975845
"real",0.0485436893203883
"real",0.174757281553398
"real",0.262135922330097
"real",0.140096618357488
"real",0.0338164251207729
"real",0.00966183574879227
"real",0.00966183574879227
"real",0.00966183574879227
"real",0.0289855072463768
"real",0.0289855072463768
"real",0.695652173913043
"real",0.315533980582524
"real",0.00966183574879227
"real",0.00483091787439614
"real",0.8743961352657
"real",0.985507246376812
"real",0.00483091787439614
"real",0.980676328502415
"real",0.36231884057971
"real",0
"real",0.00483091787439614
"real",0
"real",0.674757281553398
"real",0.31219512195122
"real",0
"real",0.0434782608695652
"real",0.00483091787439614
"real",0.140096618357488
"real",0.995169082125604
"real",0.280193236714976
"real",0.120772946859903
"real",0.0289855072463768
"real",1
"real",0.966019417475728
"real",0.140096618357488
"real",0.0338164251207729
"real",0.00483091787439614
"real",0
"real",0.0241545893719807
"real",0.00483091787439614
"real",0.995169082125604
"real",0.251207729468599
"real",0.188405797101449
"real",0.0772946859903382
"real",0.318840579710145
"real",0.00966183574879227
"real",0.995169082125604
"real",0.995169082125604
"real",0
"real",0.00966183574879227
"real",0
"real",0
"real",0.00483091787439614
"real",0.753623188405797
"real",0.990338164251208
"real",0.198067632850242
"real",0
"real",0.446601941747573
"real",0.0869565217391304
"real",0.0917874396135266
"real",0
"real",0
"real",0.995169082125604
"real",0.995169082125604
"real",0.990338164251208
"real",0.00966183574879227
"real",0
"real",0
"real",0
"real",0
"real",0.975845410628019
"real",0.0728155339805825
"real",0.0628019323671498
"real",0.0144927536231884
"real",0.00966183574879227
"real",0.917874396135266
"real",0.120772946859903
"real",0.00966183574879227
"real",0.00483091787439614
"real",0.748792270531401
"real",0.810679611650485
"real",0.0966183574879227
"real",0.00483091787439614
"real",0.00966183574879227
"real",0.00483091787439614
"real",0.830917874396135
"real",0.995169082125604
"real",0.115942028985507
"real",0
"real",0.995169082125604
"real",0.541062801932367
"real",0.995169082125604
"real",0.0289855072463768
"real",0.00966183574879227
"real",0
"real",1
"real",0.0776699029126214
"real",0.00483091787439614
"real",0.995169082125604
"real",0.995169082125604
"real",0.990338164251208
"real",0
"real",0.990338164251208
"real",0.995169082125604
"real",0.00966183574879227
"real",0.00966183574879227
"real",1
"real",0.815533980582524
"real",0.0386473429951691
"real",0
"real",0
"real",0.00483091787439614
"real",1
"real",1
"real",0
"real",0.00483091787439614
"real",0
"real",0.0241545893719807
"real",0.00483091787439614
"real",0.995145631067961
"real",0.00483091787439614
"real",0.990338164251208
"real",0
"real",0
"real",0.00483091787439614
"real",0.00966183574879227
"real",0.995145631067961
"real",0.995145631067961
"real",0.00966183574879227
"real",0
"real",1
"real",0.642512077294686
"real",0.0388349514563107
"real",0
"real",0
"real",0.995169082125604
"real",0.0869565217391304
"real",0.0338164251207729
"real",0.0144927536231884
"real",0
"real",0.00483091787439614
"real",0.0386473429951691
"real",0.145631067961165
"real",0.995169082125604
"real",0.0772946859903382
"real",0
"real",0.995169082125604
"real",0.91304347826087
"real",0.0966183574879227
"real",0.00483091787439614
"real",0
"real",0.315533980582524
"real",1
"real",0
"real",0.0386473429951691
"real",0.811594202898551
"real",0.995169082125604
"real",0.00483091787439614
"real",0.0144927536231884
"real",0.995169082125604
"real",0.00483091787439614
"real",0
"real",0
"real",0.0386473429951691
"real",0.985507246376812
"real",0.0434782608695652
"real",0.178743961352657
"real",0.0242718446601942
"real",0
"real",0.00483091787439614
"real",0.990338164251208
"real",0.990338164251208
"real",0
"real",0
"real",0.00966183574879227
"real",0.995169082125604
"real",0.990338164251208
"real",0.00966183574879227
"real",0
"real",0
"real",0.00483091787439614
"real",0.995169082125604
"real",0.990338164251208
"real",0.0193236714975845
"real",0.00483091787439614
"real",0.00956937799043062
"real",1
"real",1
"real",0
"real",1
"real",0.681159420289855
"real",0.114832535885167
"real",0.0143540669856459
"real",0
"real",1
"real",0.923444976076555
"real",0
"real",0
"real",0
"real",1
"real",0.0772946859903382
"real",0.0143540669856459
"real",0.00956937799043062
"real",0.00478468899521531
"real",0.00478468899521531
"real",1
"real",0.995215311004785
"real",0.0625
"real",0.0287081339712919
"real",0.00478468899521531
"real",0
"real",0.00478468899521531
"real",1
"real",0.00961538461538462
"real",1
"real",0
"real",0.00478468899521531
"real",0
"real",0.00956937799043062
"real",0.976076555023923
"real",0.360576923076923
"real",0.0288461538461538
"real",0
"real",1
"real",0.206730769230769
"real",0.376811594202899
"real",0.0480769230769231
"real",0
"real",0.00483091787439614
"real",0
"real",0.857843137254902
"real",1
"real",0
"real",0.00970873786407767
"real",0.00485436893203883
"real",0
"real",1
"real",0.0731707317073171
"real",0.0634146341463415
"real",0.0390243902439024
"real",0.00485436893203883
"real",0
"real",1
"real",1
"real",0.0338164251207729
"real",0.0144927536231884
"real",0
"real",0
"real",0.0821256038647343
"real",0.236714975845411
"real",0.8743961352657
"real",0.256038647342995
"real",0.130434782608696
"real",0
"real",0.0192307692307692
"real",0.0144230769230769
"real",1
"real",0
"real",0
"real",0.00478468899521531
"real",1
"real",0.0191387559808612
"real",0.130434782608696
"real",0.177033492822967
"real",0
"real",0.00478468899521531
"real",0
"real",0.00478468899521531
"real",0
"real",0.423076923076923
"real",0.625
"real",0.669856459330144
"real",0.0336538461538462
"real",0.285024154589372
"real",0.285024154589372
"real",0.196172248803828
"real",0.0526315789473684
"real",0
"real",0.00478468899521531
"real",0
"real",0.00956937799043062
"real",0.0143540669856459
"real",1
"real",0.0478468899521531
"real",0
"real",0
"real",0.875598086124402
"real",1
"real",0.00478468899521531
"real",1
"real",1
"real",0
"real",0
"real",0
"real",1
"real",0.0287081339712919
"real",0
"real",0.00478468899521531
"real",0
"real",0.0191387559808612
"real",1
"real",1
"real",0
"real",0.00478468899521531
"real",1
"real",1
"real",1
"real",0.00956937799043062
"real",0
"real",0
"real",0.00478468899521531
"real",0
"real",1
"real",0.0813397129186603
"real",1
"real",0.0191387559808612
"real",0.129807692307692
"real",0
"real",1
"real",1
"real",0.00478468899521531
"real",0
"real",0
"real",0.00478468899521531
"real",0
"real",1
"real",1
"real",1
"real",0
"real",0.602870813397129
"real",0.110576923076923
"real",0.0961538461538462
"real",0
"real",0
"real",1
"real",0.0239234449760766
"real",0.995215311004785
"real",0.00956937799043062
"real",0
"real",0
"real",0
"real",0
"real",1
"real",0.995215311004785
"real",0
"real",0
"real",0
"real",1
"real",0.0192307692307692
"real",0.00478468899521531
"real",0
"real",0.0191387559808612
"real",1
"real",0.995215311004785
"real",0
"real",0.00478468899521531
"real",0.00478468899521531
"real",1
"real",1
"real",0.0143540669856459
"real",0
"real",1
"real",0.995215311004785
"real",1
"real",0.00478468899521531
"real",0
"real",0
"real",1
"real",0.0717703349282297
"real",0.0287081339712919
"real",0.0432692307692308
"real",1
"real",0.0143540669856459
"real",0.00480769230769231
"real",0.995215311004785
"real",1
"real",0.995215311004785
"real",0
"real",1
"real",1
"real",0.0478468899521531
"real",0
"real",0.00478468899521531
"real",0
"real",1
"real",1
"real",0.00478468899521531
"real",0.00478468899521531
"real",0
"real",0.00478468899521531
"real",0
"real",1
"real",0.134615384615385
"real",0.105263157894737
"real",0
"real",0.00956937799043062
"real",0
"real",0.0287081339712919
"real",1
"real",0.288461538461538
"real",0.0334928229665072
"real",0.00478468899521531
"real",1
"real",0.386473429951691
"real",0.0526315789473684
"real",0.00478468899521531
"real",0.00478468899521531
"real",0.550724637681159
"real",0.495145631067961
"real",0.0430622009569378
"real",0.0382775119617225
"real",0
"real",0
"real",0.00956937799043062
"real",0.0430622009569378
"real",1
"real",0.00478468899521531
"real",0
"real",0.274038461538462
"real",1
"real",0.0861244019138756
"real",0
"real",0
"real",0.966507177033493
"real",0.442307692307692
"real",0
"real",0.0287081339712919
"real",1
"real",0.421052631578947
"real",0
"real",0.00956937799043062
"real",1
"real",0.00478468899521531
"real",0
"real",0
"real",0.0143540669856459
"real",0.995215311004785
"real",0.0191387559808612
"real",0.267942583732057
"real",0.0334928229665072
"real",0.00478468899521531
"real",0
"real",1
"real",1
"real",0
"real",0
"real",0.00956937799043062
"real",1
"real",0.674641148325359
"real",0
"real",0
"real",0
"real",0
"real",0.933014354066986
"real",0.980861244019139
"real",0.00961538461538462
"real",0
"real",0.037914691943128
"real",1
"real",0.251184834123223
"real",0.0663507109004739
"real",1
"real",0.734597156398104
"real",0.04739336492891
"real",0
"real",0
"real",1
"real",0.956937799043062
"real",0
"real",0
"real",0
"real",0.981042654028436
"real",0.124401913875598
"real",0.018957345971564
"real",0.0287081339712919
"real",0.004739336492891
"real",0.0285714285714286
"real",1
"real",1
"real",0.04739336492891
"real",0.00947867298578199
"real",0.028436018957346
"real",0.00947867298578199
"real",0
"real",1
"real",1
"real",0.004739336492891
"real",0.033175355450237
"real",0
"real",0
"real",0.0380952380952381
"real",1
"real",0.338095238095238
"real",0.0476190476190476
"real",0
"real",0.0616113744075829
"real",1
"real",0.018957345971564
"real",1
"real",0
"real",0
"real",0
"real",1
"real",1
"real",0
"real",0.00947867298578199
"real",0.004739336492891
"real",0.00947867298578199
"real",1
"real",0.219047619047619
"real",0.0805687203791469
"real",0.0333333333333333
"real",0
"real",0
"real",1
"real",1
"real",0.0476190476190476
"real",0.028436018957346
"real",0
"real",0
"real",0.00947867298578199
"real",0.123809523809524
"real",0.293838862559242
"real",0.360189573459716
"real",0.657142857142857
"real",0
"real",0.985781990521327
"real",0.119047619047619
"real",0.301435406698565
"real",0
"real",0
"real",0.004739336492891
"real",0.295238095238095
"real",0
"real",0.109004739336493
"real",1
"real",0.004739336492891
"real",0
"real",0
"real",0.00947867298578199
"real",0
"real",0.497630331753554
"real",0.981042654028436
"real",0.257142857142857
"real",0.04739336492891
"real",0.285714285714286
"real",0.355450236966825
"real",0.146919431279621
"real",0.037914691943128
"real",0.014218009478673
"real",0.165876777251185
"real",0
"real",0.018957345971564
"real",0.004739336492891
"real",0.943127962085308
"real",0.578199052132701
"real",0.004739336492891
"real",0
"real",0.784688995215311
"real",1
"real",0
"real",1
"real",0.208530805687204
"real",0
"real",0.004739336492891
"real",0.004739336492891
"real",1
"real",0.04739336492891
"real",0
"real",0.023696682464455
"real",0.004739336492891
"real",0.261904761904762
"real",1
"real",0.561904761904762
"real",0.0900473933649289
"real",0.023696682464455
"real",1
"real",1
"real",0.004739336492891
"real",0.0568720379146919
"real",0.004739336492891
"real",1
"real",0.004739336492891
"real",0
"real",0.571428571428571
"real",0.152380952380952
"real",0.492890995260663
"real",0.033175355450237
"real",0.274881516587678
"real",0.004739336492891
"real",1
"real",1
"real",0
"real",0
"real",0.00947867298578199
"real",0.014218009478673
"real",0
"real",1
"real",1
"real",1
"real",0
"real",0.416267942583732
"real",0.0805687203791469
"real",0.137440758293839
"real",0
"real",0
"real",0.0382775119617225
"real",1
"real",1
"real",0.004739336492891
"real",0.004739336492891
"real",0
"real",0.004739336492891
"real",0
"real",1
"real",1
"real",0.004739336492891
"real",0
"real",0
"real",1
"real",0.00947867298578199
"real",0.0238095238095238
"real",0
"real",1
"real",0.633333333333333
"real",0.0995260663507109
"real",0
"real",0
"real",0.014218009478673
"real",0.866666666666667
"real",1
"real",0.118483412322275
"real",0
"real",1
"real",1
"real",1
"real",0
"real",1
"real",0
"real",1
"real",0.0995260663507109
"real",0.014218009478673
"real",1
"real",1
"real",0.004739336492891
"real",0.004739336492891
"real",1
"real",0.199052132701422
"real",0.033175355450237
"real",0
"real",1
"real",0.369668246445498
"real",0.0904761904761905
"real",0
"real",0
"real",0
"real",0.660287081339713
"real",1
"real",0.00476190476190476
"real",0.00952380952380952
"real",0
"real",0.0666666666666667
"real",0
"real",1
"real",0.15311004784689
"real",0.0619047619047619
"real",0.00476190476190476
"real",0.00476190476190476
"real",0
"real",0.0142857142857143
"real",1
"real",0.543269230769231
"real",0.00956937799043062
"real",0
"real",1
"real",1
"real",0.019047619047619
"real",0
"real",0.00476190476190476
"real",1
"real",0.0956937799043062
"real",0.0238095238095238
"real",0.019047619047619
"real",0
"real",0
"real",0
"real",1
"real",1
"real",0
"real",0
"real",1
"real",1
"real",0.014218009478673
"real",0
"real",0
"real",0.285714285714286
"real",1
"real",0.004739336492891
"real",0.033175355450237
"real",1
"real",0.265402843601896
"real",0
"real",0.037914691943128
"real",1
"real",0
"real",0
"real",0
"real",0.004739336492891
"real",1
"real",0.023696682464455
"real",0.308056872037915
"real",0.00947867298578199
"real",0
"real",0
"real",0.990521327014218
"real",0.995260663507109
"real",0
"real",0
"real",0.00947867298578199
"real",0.334928229665072
"real",0.995260663507109
"real",0
"real",0
"real",0
"real",0
"real",0.995260663507109
"real",0.995260663507109
"real",0.00947867298578199
"real",0
"real",0.0384615384615385
"real",1
"real",0.164251207729469
"real",0.0673076923076923
"real",0.995192307692308
"real",0.521739130434783
"real",0.106796116504854
"real",0.0144230769230769
"real",0.00480769230769231
"real",0.995192307692308
"real",0.841346153846154
"real",0
"real",0.00480769230769231
"real",0.0144230769230769
"real",0.553398058252427
"real",0.576923076923077
"real",0.0193236714975845
"real",0.0144230769230769
"real",0.00480769230769231
"real",0.0240384615384615
"real",1
"real",1
"real",1
"real",0.00480769230769231
"real",0.00961538461538462
"real",0
"real",0.00480769230769231
"real",0.995192307692308
"real",0.995192307692308
"real",0.00480769230769231
"real",0
"real",0.0192307692307692
"real",0.00480769230769231
"real",0.0240384615384615
"real",0.942307692307692
"real",0.37378640776699
"real",0.0673076923076923
"real",0.00480769230769231
"real",0.980769230769231
"real",0.173076923076923
"real",0.399038461538462
"real",0.0869565217391304
"real",0.00480769230769231
"real",0
"real",0.0192307692307692
"real",0.995192307692308
"real",0.193236714975845
"real",0
"real",0.0240384615384615
"real",0.00480769230769231
"real",0
"real",1
"real",0.101941747572816
"real",0.0432692307692308
"real",0.0192307692307692
"real",0.00961538461538462
"real",0
"real",0.686274509803922
"real",0.229268292682927
"real",0.995192307692308
"real",0.0338164251207729
"real",0.00961538461538462
"real",0.00480769230769231
"real",0.0288461538461538
"real",0.0676328502415459
"real",0.995192307692308
"real",0.0576923076923077
"real",0.0531400966183575
"real",0
"real",0.0434782608695652
"real",0.0144927536231884
"real",1
"real",0
"real",0
"real",0.00961538461538462
"real",1
"real",0
"real",0.00480769230769231
"real",1
"real",0
"real",0
"real",0
"real",0.00961538461538462
"real",0.00480769230769231
"real",0.429951690821256
"real",0.763285024154589
"real",0.48792270531401
"real",0.0528846153846154
"real",0.139423076923077
"real",0.288461538461538
"real",0.163461538461538
"real",0.0625
"real",0.00480769230769231
"real",0.0192307692307692
"real",0
"real",0.0192307692307692
"real",0.0240384615384615
"real",0.980769230769231
"real",0.899038461538462
"real",0.00961538461538462
"real",0.00480769230769231
"real",1
"real",1
"real",0
"real",1
"real",0.184466019417476
"real",0
"real",0.00480769230769231
"real",0
"real",0.723300970873786
"real",0.202898550724638
"real",0
"real",0.00961538461538462
"real",0
"real",0.193236714975845
"real",0.995192307692308
"real",0.247572815533981
"real",0.111111111111111
"real",0.0288461538461538
"real",1
"real",0.995192307692308
"real",0.0144927536231884
"real",0.0336538461538462
"real",0.00480769230769231
"real",0
"real",0.00483091787439614
"real",0.00480769230769231
"real",0.995192307692308
"real",0.207729468599034
"real",0.396135265700483
"real",0.0338164251207729
"real",0.263414634146341
"real",0
"real",0.757281553398058
"real",0.802884615384615
"real",0
"real",0.00480769230769231
"real",0
"real",0
"real",0.00480769230769231
"real",1
"real",0.995192307692308
"real",0.0528846153846154
"real",0
"real",0.51980198019802
"real",0.197115384615385
"real",0.110576923076923
"real",0
"real",0
"real",0.995192307692308
"real",0.00961538461538462
"real",1
"real",0.995192307692308
"real",0
"real",0.00480769230769231
"real",0
"real",0
"real",1
"real",0.995192307692308
"real",0.00961538461538462
"real",0
"real",0.00961538461538462
"real",0.995192307692308
"real",0.0192307692307692
"real",0
"real",0.00480769230769231
"real",1
"real",0.671497584541063
"real",0.168269230769231
"real",0.00961538461538462
"real",0
"real",0.0144230769230769
"real",1
"real",0.995192307692308
"real",0.00483091787439614
"real",0.00483091787439614
"real",1
"real",1
"real",0.995192307692308
"real",0
"real",0.00961538461538462
"real",0
"real",1
"real",0.178743961352657
"real",0.0144230769230769
"real",0.444444444444444
"real",0.702439024390244
"real",0.21256038647343
"real",0.0384615384615385
"real",0.995192307692308
"real",0.995192307692308
"real",0.00480769230769231
"real",0.00961538461538462
"real",1
"real",0.995192307692308
"real",0.00480769230769231
"real",0
"real",0
"real",0.00480769230769231
"real",0.689320388349515
"real",1
"real",0.00480769230769231
"real",0.0288461538461538
"real",0.00483091787439614
"real",0.0384615384615385
"real",0.00961538461538462
"real",0.995192307692308
"real",0.0913461538461538
"real",0.0769230769230769
"real",0.00961538461538462
"real",0
"real",0.00480769230769231
"real",0.00483091787439614
"real",0.995192307692308
"real",0.280193236714976
"real",0.0144230769230769
"real",0
"real",0.995192307692308
"real",0.342995169082126
"real",0.0338164251207729
"real",0.00961538461538462
"real",0
"real",0.507246376811594
"real",0.514423076923077
"real",0.211538461538462
"real",0.0288461538461538
"real",0
"real",0
"real",0
"real",0.0144230769230769
"real",0.995192307692308
"real",0.995192307692308
"real",0
"real",1
"real",0.995192307692308
"real",0.00961538461538462
"real",0
"real",0.00480769230769231
"real",0.956730769230769
"real",0.528846153846154
"real",0
"real",0.192307692307692
"real",0.995192307692308
"real",0.341346153846154
"real",0.00480769230769231
"real",0.0240384615384615
"real",0.995192307692308
"real",0.00480769230769231
"real",0
"real",0
"real",0.00966183574879227
"real",0.995192307692308
"real",0.0144230769230769
"real",0.995192307692308
"real",0
"real",0
"real",0.00480769230769231
"real",0.995192307692308
"real",0.995192307692308
"real",0
"real",0
"real",0.00961538461538462
"real",1
"real",0.825242718446602
"real",0.0384615384615385
"real",0.00480769230769231
"real",0
"real",0.00480769230769231
"real",0.759615384615385
"real",0.971153846153846
"real",0.00961538461538462
"real",0.00480769230769231
"real",0.0261780104712042
"real",0.984293193717278
"real",0.157894736842105
"real",0.06282722513089
"real",0.989528795811518
"real",0.523560209424084
"real",0.0523560209424084
"real",0.0157068062827225
"real",0.0157068062827225
"real",0.984293193717278
"real",0.759162303664921
"real",0.00523560209424084
"real",0.00523560209424084
"real",0.0209424083769634
"real",0.198952879581152
"real",0.989528795811518
"real",0.00523560209424084
"real",0
"real",0.00523560209424084
"real",0.00523560209424084
"real",0.836842105263158
"real",0.678947368421053
"real",0.594736842105263
"real",0.0104712041884817
"real",0.00526315789473684
"real",0.00523560209424084
"real",0.0104712041884817
"real",0.994764397905759
"real",0.984293193717278
"real",0.00523560209424084
"real",0.00523560209424084
"real",0.0157068062827225
"real",0.0104712041884817
"real",0.0209424083769634
"real",0.989528795811518
"real",0.252631578947368
"real",0.0104712041884817
"real",0.00523560209424084
"real",1
"real",0
"real",0.989528795811518
"real",0.984293193717278
"real",0
"real",0
"real",0
"real",0.989528795811518
"real",0.109947643979058
"real",0
"real",0.0209424083769634
"real",0.00523560209424084
"real",0.0104712041884817
"real",0.994764397905759
"real",0.0894736842105263
"real",0.0890052356020942
"real",0.0157068062827225
"real",0.0104712041884817
"real",0.0157068062827225
"real",0.486910994764398
"real",0.984293193717278
"real",0.0837696335078534
"real",0.0261780104712042
"real",0.0104712041884817
"real",0.0157068062827225
"real",0.0418848167539267
"real",0.403141361256544
"real",0.424083769633508
"real",0.310526315789474
"real",0.347368421052632
"real",0.00523560209424084
"real",0.984293193717278
"real",0.0842105263157895
"real",0.204188481675393
"real",0.0104712041884817
"real",0
"real",0.0261780104712042
"real",0.785340314136126
"real",0.151832460732984
"real",0.225130890052356
"real",0.534031413612565
"real",0.0104712041884817
"real",0.00523560209424084
"real",0
"real",0.00523560209424084
"real",0.0104712041884817
"real",0.489473684210526
"real",0.837696335078534
"real",0.638743455497382
"real",0.0523560209424084
"real",0.204188481675393
"real",0.287958115183246
"real",0.198952879581152
"real",0.0157068062827225
"real",0
"real",0.0157068062827225
"real",0.00523560209424084
"real",0.0368421052631579
"real",0.0210526315789474
"real",0.989473684210526
"real",0.989473684210526
"real",0
"real",0.0105263157894737
"real",0.702127659574468
"real",0.994736842105263
"real",0.00526315789473684
"real",0.989473684210526
"real",0.0947368421052632
"real",0
"real",0.00526315789473684
"real",0
"real",0.873684210526316
"real",0.189473684210526
"real",0
"real",0.0157894736842105
"real",0.0105263157894737
"real",0.211640211640212
"real",0.994736842105263
"real",0.243386243386243
"real",0.115789473684211
"real",0.0473684210526316
"real",0.984210526315789
"real",0.920634920634921
"real",0.105263157894737
"real",0.0317460317460317
"real",0.00526315789473684
"real",0.00526315789473684
"real",0.00526315789473684
"real",0
"real",0.068421052631579
"real",0.0105263157894737
"real",0.984210526315789
"real",0.00526315789473684
"real",0.0473684210526316
"real",0.00526315789473684
"real",0.242105263157895
"real",0.984293193717278
"real",0.0104712041884817
"real",0.00523560209424084
"real",0.00523560209424084
"real",0.0261780104712042
"real",0.00523560209424084
"real",0.984293193717278
"real",0.994764397905759
"real",0.0261780104712042
"real",0.0104712041884817
"real",0.989528795811518
"real",0.00523560209424084
"real",0.989528795811518
"real",0.00523560209424084
"real",0.0104712041884817
"real",1
"real",0.0104712041884817
"real",0.984293193717278
"real",0.0104712041884817
"real",0.0523560209424084
"real",0.00523560209424084
"real",0.0104712041884817
"real",0.00523560209424084
"real",0.989528795811518
"real",0.0209424083769634
"real",0.0261780104712042
"real",0.00523560209424084
"real",0
"real",0.989528795811518
"real",0.0261780104712042
"real",0.00526315789473684
"real",0
"real",0.868421052631579
"real",0.675392670157068
"real",0.18848167539267
"real",0.00523560209424084
"real",0.0104712041884817
"real",0.0732984293193717
"real",0.689473684210526
"real",0.984293193717278
"real",0.031413612565445
"real",0.00523560209424084
"real",0.989528795811518
"real",0.984293193717278
"real",0.0890052356020942
"real",0.0209424083769634
"real",0.0104712041884817
"real",0.00523560209424084
"real",0.984293193717278
"real",0.0837696335078534
"real",0.0104712041884817
"real",0.0785340314136126
"real",0.984293193717278
"real",0.0157068062827225
"real",0
"real",0.2
"real",0.989528795811518
"real",0.031413612565445
"real",0
"real",0.984293193717278
"real",0.18848167539267
"real",0.0680628272251309
"real",0.0157068062827225
"real",0.00523560209424084
"real",0.0157068062827225
"real",0.810526315789474
"real",0.900523560209424
"real",0.0471204188481675
"real",0.031413612565445
"real",0
"real",0.0104712041884817
"real",0.00523560209424084
"real",0.989528795811518
"real",0.0785340314136126
"real",0.0366492146596859
"real",0.00523560209424084
"real",0.00523560209424084
"real",0.00523560209424084
"real",0.0209424083769634
"real",0.984293193717278
"real",0.256544502617801
"real",0
"real",0.0104712041884817
"real",0.984293193717278
"real",0.278947368421053
"real",0.0785340314136126
"real",0.00523560209424084
"real",0
"real",0.764397905759162
"real",0.298429319371728
"real",0.0209424083769634
"real",0.0104712041884817
"real",0.00523560209424084
"real",0.0104712041884817
"real",0.0209424083769634
"real",0.476439790575916
"real",0.895287958115183
"real",0.0209424083769634
"real",0.00523560209424084
"real",0.984293193717278
"real",0.696335078534031
"real",0.204188481675393
"real",0.00523560209424084
"real",0
"real",0.87434554973822
"real",0.397905759162304
"real",0.00523560209424084
"real",0.031413612565445
"real",0.675392670157068
"real",0.62303664921466
"real",0
"real",0.0680628272251309
"real",0.968586387434555
"real",0.00523560209424084
"real",0
"real",0.00523560209424084
"real",0.120418848167539
"real",0.654450261780105
"real",0.104712041884817
"real",0.743455497382199
"real",0.0890052356020942
"real",0
"real",0.00523560209424084
"real",0.738219895287958
"real",0.769633507853403
"real",0.00523560209424084
"real",0.00523560209424084
"real",0.151832460732984
"real",0.942408376963351
"real",0.832460732984293
"real",0.0261780104712042
"real",0
"real",0.00523560209424084
"real",0.00523560209424084
"real",0.984293193717278
"real",0.368421052631579
"real",0.0418848167539267
"real",0
"real",0.116161616161616
"real",1
"real",0.192893401015228
"real",0.0757575757575758
"real",0.989949748743719
"real",0.67005076142132
"real",0.0808080808080808
"real",0.0150753768844221
"real",0
"real",0.989949748743719
"real",0.974874371859296
"real",0
"real",0.0100502512562814
"real",0.0050251256281407
"real",0.989949748743719
"real",0.095959595959596
"real",0.0251256281407035
"real",0.0301507537688442
"real",0.0050251256281407
"real",0.0201005025125628
"real",1
"real",0.994974874371859
"real",0.130653266331658
"real",0.0150753768844221
"real",0.0050251256281407
"real",0.0150753768844221
"real",0.0100502512562814
"real",0.989949748743719
"real",0.989949748743719
"real",0.0100502512562814
"real",0
"real",0
"real",0.0100502512562814
"real",0.0351758793969849
"real",0.994974874371859
"real",0.272727272727273
"real",0.0656565656565657
"real",0.0100502512562814
"real",0.994974874371859
"real",0.492462311557789
"real",0.381909547738693
"real",0.0402010050251256
"real",0.0100502512562814
"real",0
"real",0.0100502512562814
"real",0.989949748743719
"real",0.368686868686869
"real",0
"real",0.0100502512562814
"real",0
"real",0
"real",1
"real",0.0201005025125628
"real",0.989949748743719
"real",0.0050251256281407
"real",0.0100502512562814
"real",0
"real",0.994974874371859
"real",0.32994923857868
"real",0.0753768844221105
"real",0.0452261306532663
"real",0.0100502512562814
"real",0.0100502512562814
"real",0.0201005025125628
"real",0.0904522613065327
"real",0.989949748743719
"real",0.0505050505050505
"real",0.289340101522843
"real",0
"real",0.0402010050251256
"real",1
"real",1
"real",0
"real",0
"real",0.0301507537688442
"real",1
"real",0.0251256281407035
"real",0.116161616161616
"real",0.185929648241206
"real",0.0050251256281407
"real",0
"real",0
"real",0.0100502512562814
"real",0.0050251256281407
"real",0.226130653266332
"real",0.371859296482412
"real",0.100502512562814
"real",1
"real",0.0251256281407035
"real",0.050251256281407
"real",0.989949748743719
"real",0.0100502512562814
"real",0
"real",0
"real",0.0050251256281407
"real",0
"real",0.0301507537688442
"real",1
"real",1
"real",0.0100502512562814
"real",0.0100502512562814
"real",0.893939393939394
"real",1
"real",0
"real",1
"real",0.191919191919192
"real",0
"real",0.0100502512562814
"real",0
"real",0.532663316582915
"real",0.336683417085427
"real",0.0050251256281407
"real",0.0402010050251256
"real",0
"real",0.221105527638191
"real",0.994974874371859
"real",0.263959390862944
"real",0.0904522613065327
"real",0.0150753768844221
"real",0.994974874371859
"real",0.844221105527638
"real",0.306532663316583
"real",0.0555555555555556
"real",0.0100502512562814
"real",0.0050251256281407
"real",0.0404040404040404
"real",0.0100502512562814
"real",0.989949748743719
"real",1
"real",0.989949748743719
"real",0.989949748743719
"real",0.0301507537688442
"real",0.0100502512562814
"real",0.989949748743719
"real",0.648241206030151
"real",0
"real",0.0100502512562814
"real",0.0050251256281407
"real",0.0100502512562814
"real",0.0100502512562814
"real",1
"real",0.989949748743719
"real",0.0301507537688442
"real",0
"real",0.431472081218274
"real",0.0707070707070707
"real",0.0707070707070707
"real",0.0100502512562814
"real",0
"real",0.989949748743719
"real",0.0201005025125628
"real",0.989949748743719
"real",0.0100502512562814
"real",0
"real",0
"real",0
"real",0
"real",1
"real",0.989949748743719
"real",0.0150753768844221
"real",0
"real",0.0100502512562814
"real",0.989949748743719
"real",0.0351758793969849
"real",0.0100502512562814
"real",0.0100502512562814
"real",1
"real",0.864321608040201
"real",0.0301507537688442
"real",0
"real",0
"real",0
"real",0.934343434343434
"real",0.989949748743719
"real",0.0251256281407035
"real",0
"real",1
"real",1
"real",0.989949748743719
"real",0.0050251256281407
"real",0.0100502512562814
"real",0
"real",1
"real",0.0555555555555556
"real",0.0150753768844221
"real",0.727272727272727
"real",0.353535353535354
"real",0.49748743718593
"real",0.0402010050251256
"real",0.601010101010101
"real",0.98989898989899
"real",0.0406091370558376
"real",0.0101522842639594
"real",0.98989898989899
"real",0.247474747474747
"real",0.111111111111111
"real",0
"real",0
"real",0.0101010101010101
"real",0.67005076142132
"real",1
"real",0.126262626262626
"real",0.0151515151515152
"real",0
"real",0.0454545454545455
"real",0.0151515151515152
"real",0.98989898989899
"real",0.147208121827411
"real",0.0656565656565657
"real",0
"real",0
"real",0.00505050505050505
"real",0.0101010101010101
"real",0.98989898989899
"real",0.446700507614213
"real",0.0151515151515152
"real",0
"real",0.98989898989899
"real",0.421319796954315
"real",0.0454545454545455
"real",0.00505050505050505
"real",0.00505050505050505
"real",0.181818181818182
"real",0.914141414141414
"real",0.0454545454545455
"real",0.0050761421319797
"real",0
"real",0.00505050505050505
"real",0
"real",0.883838383838384
"real",0.98989898989899
"real",0
"real",0
"real",1
"real",0.989949748743719
"real",0.0552763819095477
"real",0
"real",0.0100502512562814
"real",0.698492462311558
"real",0.884422110552764
"real",0
"real",0.0402010050251256
"real",1
"real",0.989949748743719
"real",0.0100502512562814
"real",0.0251256281407035
"real",0.989949748743719
"real",0.0100502512562814
"real",0
"real",0
"real",0.0100502512562814
"real",0.252525252525253
"real",0.0201005025125628
"real",0.989949748743719
"real",0.0050251256281407
"real",0
"real",0.0100502512562814
"real",0.647959183673469
"real",0.989949748743719
"real",0.0050251256281407
"real",0
"real",0.0151515151515152
"real",1
"real",0.989949748743719
"real",0
"real",0
"real",0
"real",0.0100502512562814
"real",1
"real",0.904522613065327
"real",0.0251256281407035
"real",0.0100502512562814
"real",0.0100502512562814
"real",1
"real",0.994974874371859
"real",0.0201005025125628
"real",0.994974874371859
"real",0.994974874371859
"real",0.0603015075376884
"real",0.0100502512562814
"real",0
"real",0.994974874371859
"real",0.994974874371859
"real",0
"real",0.0050251256281407
"real",0.0301507537688442
"real",0.994974874371859
"real",0.161616161616162
"real",0.0201005025125628
"real",0.0150753768844221
"real",0
"real",0.0201005025125628
"real",1
"real",0.994974874371859
"real",0.0251256281407035
"real",0.0301507537688442
"real",0.0050251256281407
"real",0
"real",0.0050251256281407
"real",0.994974874371859
"real",0.994974874371859
"real",0.0050251256281407
"real",0
"real",0.0050251256281407
"real",0.0050251256281407
"real",0.0201005025125628
"real",0
"real",0.0703517587939698
"real",0.0603015075376884
"real",0.0150753768844221
"real",0.994974874371859
"real",0.0150753768844221
"real",0.994974874371859
"real",0.050251256281407
"real",0.0050251256281407
"real",0
"real",0.0050251256281407
"real",0.994974874371859
"real",0.366834170854271
"real",0.0100502512562814
"real",0.0201005025125628
"real",0
"real",0.0050251256281407
"real",1
"real",0.050251256281407
"real",0.437185929648241
"real",0.0351758793969849
"real",0.0050251256281407
"real",0
"real",1
"real",0.54040404040404
"real",0.106060606060606
"real",0.0909090909090909
"real",0.0101010101010101
"real",0.00505050505050505
"real",0.0252525252525253
"real",0.0707070707070707
"real",0.994949494949495
"real",0.333333333333333
"real",0.0404040404040404
"real",0
"real",0.0404040404040404
"real",0.0406091370558376
"real",1
"real",0
"real",0
"real",0.0101010101010101
"real",1
"real",0.0303030303030303
"real",0.444444444444444
"real",0.52020202020202
"real",0
"real",0
"real",0
"real",0.00505050505050505
"real",0.00505050505050505
"real",1
"real",1
"real",0.994949494949495
"real",0.0909090909090909
"real",0.00505050505050505
"real",0.0304568527918782
"real",0.994949494949495
"real",0.00505050505050505
"real",0.00505050505050505
"real",0.0101010101010101
"real",0
"real",0
"real",0.0101010101010101
"real",0.994949494949495
"real",0.202020202020202
"real",0.0353535353535354
"real",0.00505050505050505
"real",1
"real",1
"real",0.0050251256281407
"real",1
"real",0.64321608040201
"real",0
"real",0.0050251256281407
"real",0
"real",0.994974874371859
"real",0.0303030303030303
"real",0
"real",0.0150753768844221
"real",0
"real",0.246231155778894
"real",1
"real",0.404040404040404
"real",0.110552763819095
"real",0.0151515151515152
"real",1
"real",0.994974874371859
"real",0.0050251256281407
"real",0.0402010050251256
"real",0
"real",0
"real",0.050251256281407
"real",0
"real",0.557788944723618
"real",0.14572864321608
"real",0.442211055276382
"real",0.0050251256281407
"real",0.0552763819095477
"real",0.0050251256281407
"real",0.994974874371859
"real",0.294416243654822
"real",0.0050251256281407
"real",0.0050251256281407
"real",0
"real",0.0100502512562814
"real",0.0050251256281407
"real",1
"real",0.994974874371859
"real",0.050251256281407
"real",0
"real",0.407035175879397
"real",0.0201005025125628
"real",0.105527638190955
"real",0
"real",0
"real",0.994974874371859
"real",0.0100502512562814
"real",0.994974874371859
"real",0.0050251256281407
"real",0
"real",0
"real",0
"real",0
"real",0.994949494949495
"real",0.0355329949238579
"real",0.0353535353535354
"real",0
"real",0.00505050505050505
"real",0.994949494949495
"real",0.095959595959596
"real",0.0101010101010101
"real",0.00505050505050505
"real",1
"real",0.994949494949495
"real",0.0202020202020202
"real",0
"real",0
"real",0.0101010101010101
"real",0.822335025380711
"real",0.994949494949495
"real",0.131313131313131
"real",0
"real",1
"real",1
"real",0.994974874371859
"real",0.0100502512562814
"real",0.0100502512562814
"real",0
"real",1
"real",0.0404040404040404
"real",0.0150753768844221
"real",0.381909547738693
"real",0.753768844221106
"real",0.160804020100503
"real",0.0351758793969849
"real",0.0606060606060606
"real",0
"real",0.0101010101010101
"real",0
"real",1
"real",0.222222222222222
"real",0.0909090909090909
"real",0
"real",0
"real",0
"real",0.535714285714286
"real",1
"real",0.0101010101010101
"real",0.0454545454545455
"real",0.0101010101010101
"real",0.0353535353535354
"real",0
"real",1
"real",0.095959595959596
"real",0.0710659898477157
"real",0
"real",0.00505050505050505
"real",0
"real",0.0101010101010101
"real",1
"real",0.309644670050761
"real",0.0100502512562814
"real",0
"real",1
"real",0.316582914572864
"real",0.0753768844221105
"real",0.0100502512562814
"real",0
"real",0.0050251256281407
"real",0.994974874371859
"real",0.994974874371859
"real",0.0050251256281407
"real",0
"real",0.00505050505050505
"real",0.0151515151515152
"real",0.994949494949495
"real",0.151515151515152
"real",0.00505050505050505
"real",0
"real",0.301507537688442
"real",0.994974874371859
"real",0.14070351758794
"real",0.0050251256281407
"real",0.00505050505050505
"real",0.994974874371859
"real",0.0150753768844221
"real",0.0050251256281407
"real",0.0150753768844221
"real",0.994974874371859
"real",0.778894472361809
"real",0.0050251256281407
"real",0.989949748743719
"real",0.989949748743719
"real",0.0050251256281407
"real",0.989949748743719
"real",0.0050251256281407
"real",0.0150753768844221
"real",0.874371859296482
"real",0.165829145728643
"real",0.909547738693467
"real",0.0201005025125628
"real",0
"real",0.0050251256281407
"real",0.989949748743719
"real",0.989949748743719
"real",0
"real",0
"real",0.0050251256281407
"real",0.994974874371859
"real",0.989949748743719
"real",0
"real",0
"real",0
"real",0.0050251256281407
"real",0.994974874371859
"real",0.989949748743719
"real",0.0201005025125628
"real",0.0050251256281407
"real",0.0157068062827225
"real",0.994764397905759
"real",0.151832460732984
"real",0.0578947368421053
"real",0.994764397905759
"real",0.603174603174603
"real",0.0366492146596859
"real",0
"real",0
"real",0.994764397905759
"real",0.942408376963351
"real",0.00523560209424084
"real",0
"real",0.00523560209424084
"real",0
"real",0.0994764397905759
"real",0
"real",0.00523560209424084
"real",0
"real",0.0157894736842105
"real",0.994764397905759
"real",0.994764397905759
"real",0.0157068062827225
"real",0.0104712041884817
"real",0
"real",0
"real",0
"real",0.994764397905759
"real",0.994764397905759
"real",0.0209424083769634
"real",0
"real",0.0473684210526316
"real",0
"real",0.0157068062827225
"real",0.926701570680628
"real",0.363157894736842
"real",0.0471204188481675
"real",0
"real",0.657894736842105
"real",0.215789473684211
"real",0.994764397905759
"real",0.0631578947368421
"real",0
"real",0
"real",0
"real",0.994764397905759
"real",0.19047619047619
"real",0.00523560209424084
"real",0.0680628272251309
"real",0
"real",0
"real",0.994764397905759
"real",0.331578947368421
"real",0.0523560209424084
"real",0.0209424083769634
"real",0.0104712041884817
"real",0
"real",1
"real",0.994764397905759
"real",0.0261780104712042
"real",0.100529100529101
"real",0.0104712041884817
"real",0.00523560209424084
"real",0.0523560209424084
"real",0.0890052356020942
"real",0.952879581151832
"real",0.253968253968254
"real",0.18848167539267
"real",0
"real",0.701570680628272
"real",0.607329842931937
"real",0.827225130890052
"real",0
"real",0
"real",0.0105263157894737
"real",0.994764397905759
"real",0.0104712041884817
"real",0.121052631578947
"real",0.152631578947368
"real",0.00523560209424084
"real",0.00523560209424084
"real",0.00523560209424084
"real",0.00523560209424084
"real",0
"real",0.130890052356021
"real",0.848167539267016
"real",0.759162303664921
"real",0.142105263157895
"real",0.277486910994764
"real",0.272251308900524
"real",0.152631578947368
"real",0.0418848167539267
"real",0
"real",0.06282722513089
"real",0.00523560209424084
"real",0.00523560209424084
"real",0.0104712041884817
"real",0.746031746031746
"real",0.206349206349206
"real",0.00523560209424084
"real",0
"real",0.994764397905759
"real",0.994764397905759
"real",0
"real",0.873684210526316
"real",0.93717277486911
"real",0
"real",0.00523560209424084
"real",0
"real",0.921052631578947
"real",0.0423280423280423
"real",0
"real",0.00523560209424084
"real",0
"real",0.151832460732984
"real",1
"real",0.675392670157068
"real",0.0418848167539267
"real",0.0157068062827225
"real",0.994764397905759
"real",1
"real",0.0209424083769634
"real",0.0575916230366492
"real",0.00523560209424084
"real",0
"real",0.0418848167539267
"real",0
"real",1
"real",0.994764397905759
"real",0.994764397905759
"real",0
"real",0.994764397905759
"real",0.00523560209424084
"real",1
"real",0.763157894736842
"real",0
"real",0.00523560209424084
"real",0
"real",0.0105263157894737
"real",0.00523560209424084
"real",1
"real",1
"real",0.031413612565445
"real",0
"real",0.43455497382199
"real",0.121052631578947
"real",0.1
"real",0.00523560209424084
"real",0
"real",0.563157894736842
"real",0.0994764397905759
"real",1
"real",0.0837696335078534
"real",0.0418848167539267
"real",0
"real",0
"real",0
"real",0.994764397905759
"real",0.0418848167539267
"real",0.0157894736842105
"real",0
"real",0
"real",0.994764397905759
"real",0.0418848167539267
"real",0.00523560209424084
"real",0
"real",0.994764397905759
"real",0.994764397905759
"real",0
"real",0.00523560209424084
"real",0
"real",0
"real",1
"real",1
"real",0.00523560209424084
"real",0
"real",0.455497382198953
"real",0.994764397905759
"real",0.994764397905759
"real",0.0471204188481675
"real",0.031413612565445
"real",0
"real",0.994764397905759
"real",0.0473684210526316
"real",0.0104712041884817
"real",0.450261780104712
"real",0.74869109947644
"real",0.031413612565445
"real",0.0104712041884817
"real",0.994764397905759
"real",0.994764397905759
"real",0.00523560209424084
"real",0.00526315789473684
"real",0.994764397905759
"real",0.994764397905759
"real",0.00523560209424084
"real",0.00523560209424084
"real",0
"real",0
"real",0.638297872340426
"real",1
"real",0
"real",0.0418848167539267
"real",0
"real",0.0210526315789474
"real",0.0104712041884817
"real",0.994764397905759
"real",0.157894736842105
"real",0.0471204188481675
"real",0
"real",0
"real",0
"real",0.0209424083769634
"real",1
"real",0.363157894736842
"real",0.0157068062827225
"real",0.00523560209424084
"real",0.994764397905759
"real",0.994764397905759
"real",0.0209424083769634
"real",0.00523560209424084
"real",0
"real",0.916230366492147
"real",0.247368421052632
"real",0.0157068062827225
"real",0.0157068062827225
"real",0
"real",0
"real",0.0209424083769634
"real",0.115789473684211
"real",0.994764397905759
"real",0.0994764397905759
"real",0
"real",1
"real",1
"real",0.0157068062827225
"real",0
"real",0
"real",1
"real",0.031413612565445
"real",0
"real",0.0104712041884817
"real",0.994764397905759
"real",0.994764397905759
"real",0
"real",0.994764397905759
"real",0.994764397905759
"real",0
"real",0
"real",0
"real",0.0209424083769634
"real",0.994764397905759
"real",0.0104712041884817
"real",0.505263157894737
"real",0.0157068062827225
"real",0
"real",0
"real",0.994764397905759
"real",0.994764397905759
"real",0
"real",0
"real",0
"real",0.994764397905759
"real",0.994764397905759
"real",0
"real",0.00523560209424084
"real",0
"real",0
"real",0.994764397905759
"real",0.582010582010582
"real",0.0837696335078534
"real",0
"real",0.0263157894736842
"real",1
"real",0.213541666666667
"real",0.0625
"real",0.984375
"real",0.666666666666667
"real",0.0523560209424084
"real",0.015625
"real",0
"real",0.984375
"real",0.384210526315789
"real",0
"real",0.015625
"real",0
"real",0.979166666666667
"real",0.947916666666667
"real",0.00520833333333333
"real",0
"real",0
"real",0.015625
"real",0.979057591623037
"real",0.807291666666667
"real",0.03125
"real",0
"real",0
"real",0
"real",0.015625
"real",0.984375
"real",0.984375
"real",0.015625
"real",0
"real",0.00520833333333333
"real",0
"real",0.015625
"real",0.994791666666667
"real",0.151832460732984
"real",0.0208333333333333
"real",0.015625
"real",0.984375
"real",0.110526315789474
"real",0.494736842105263
"real",0.0575916230366492
"real",0.015625
"real",0
"real",0.015625
"real",0.984375
"real",0.182291666666667
"real",0
"real",0.0260416666666667
"real",0
"real",0
"real",1
"real",0.125
"real",0.104166666666667
"real",0.03125
"real",0.0208333333333333
"real",0
"real",1
"real",0.329842931937173
"real",0.06282722513089
"real",0.145833333333333
"real",0.0208333333333333
"real",0.015625
"real",0.0520833333333333
"real",0.354166666666667
"real",0.743455497382199
"real",0.215789473684211
"real",0.0680628272251309
"real",0
"real",0.963350785340314
"real",0.172774869109948
"real",0.372340425531915
"real",0
"real",0
"real",0.015625
"real",1
"real",0.015625
"real",0.984375
"real",0.0208333333333333
"real",0
"real",0
"real",0
"real",0.0208333333333333
"real",0.015625
"real",0.546875
"real",0.633507853403141
"real",0.795811518324607
"real",0.696335078534031
"real",0.515789473684211
"real",0.209424083769634
"real",0.0572916666666667
"real",0.0260416666666667
"real",0.00520833333333333
"real",0.00520833333333333
"real",0
"real",0
"real",0.0208333333333333
"real",0.336842105263158
"real",0.140625
"real",0.03125
"real",0.015625
"real",1
"real",1
"real",0
"real",1
"real",0.194736842105263
"real",0
"real",0.015625
"real",0
"real",0.694736842105263
"real",0.272251308900524
"real",0.00520833333333333
"real",0.0208333333333333
"real",0.00520833333333333
"real",0.125
"real",1
"real",0.357894736842105
"real",0.109375
"real",0.0208333333333333
"real",1
"real",0.885416666666667
"real",0.183246073298429
"real",0.0989583333333333
"real",0
"real",0
"real",0.015625
"real",0.00520833333333333
"real",0.379679144385027
"real",0.0425531914893617
"real",0.948051948051948
"real",0.012987012987013
"real",0.961038961038961
"real",0
"real",0.984375
"real",0.984375
"real",0
"real",0.015625
"real",0.00520833333333333
"real",0.00520833333333333
"real",0.015625
"real",0.994791666666667
"real",0.984375
"real",0.0677083333333333
"real",0
"real",0.282722513089005
"real",0.0364583333333333
"real",0.0366492146596859
"real",0
"real",0
"real",0.984375
"real",0.411458333333333
"real",0.96875
"real",0.364583333333333
"real",0
"real",0
"real",0
"real",0
"real",0.984375
"real",0.015625
"real",0.0364583333333333
"real",0.00520833333333333
"real",0.015625
"real",0.984375
"real",0.046875
"real",0
"real",0.015625
"real",0.204188481675393
"real",0.984375
"real",0.0677083333333333
"real",0.015625
"real",0
"real",0.015625
"real",0.791666666666667
"real",0.984375
"real",0.140625
"real",0
"real",0.989583333333333
"real",0.447368421052632
"real",0.984375
"real",0.0104166666666667
"real",0.015625
"real",0
"real",1
"real",0.119791666666667
"real",0.015625
"real",0.984375
"real",0.151832460732984
"real",0.0209424083769634
"real",0.015625
"real",0.247368421052632
"real",0.755208333333333
"real",0.0104166666666667
"real",0.015625
"real",0.989583333333333
"real",0.178947368421053
"real",0.0894736842105263
"real",0
"real",0
"real",0.0104166666666667
"real",0.790575916230366
"real",0.979057591623037
"real",0.0729166666666667
"real",0.342105263157895
"real",0
"real",0.03125
"real",0.015625
"real",0.96875
"real",0.507853403141361
"real",0.0364583333333333
"real",0
"real",0
"real",0
"real",0.0416666666666667
"real",0.984375
"real",0.293193717277487
"real",0.00523560209424084
"real",0
"real",0.994791666666667
"real",0.473684210526316
"real",0.0885416666666667
"real",0
"real",0
"real",0.984293193717278
"real",0.0732984293193717
"real",0.03125
"real",0.015625
"real",0
"real",0.0104166666666667
"real",0.00520833333333333
"real",0.6282722513089
"real",0.984375
"real",0.015625
"real",0
"real",0.215789473684211
"real",0.984375
"real",0.157894736842105
"real",0
"real",0.015625
"real",0.9375
"real",0.178010471204188
"real",0.00520833333333333
"real",0.0575916230366492
"real",0.726315789473684
"real",0.963541666666667
"real",0.015625
"real",0.0260416666666667
"real",0.96875
"real",0.015625
"real",0
"real",0
"real",0.015625
"real",0.984375
"real",0.015625
"real",0.984375
"real",0
"real",0
"real",0.015625
"real",0.984375
"real",0.984375
"real",0
"real",0
"real",0.015625
"real",1
"real",0.984375
"real",0
"real",0
"real",0
"real",0.015625
"real",0.239583333333333
"real",0.984375
"real",0.00520833333333333
"real",0.015625
"real",0
"real",1
"real",1
"real",0.00515463917525773
"real",1
"real",0.984536082474227
"real",0.00515463917525773
"real",0.00515463917525773
"real",0
"real",1
"real",1
"real",0
"real",0
"real",0.00515463917525773
"real",1
"real",0.149484536082474
"real",0.00515463917525773
"real",0.0206185567010309
"real",0
"real",0.0103092783505155
"real",1
"real",1
"real",0.0412371134020619
"real",0.0154639175257732
"real",0.0154639175257732
"real",0
"real",0
"real",1
"real",1
"real",0
"real",0
"real",0.0207253886010363
"real",0.0154639175257732
"real",0.00515463917525773
"real",1
"real",0.314432989690722
"real",0.0463917525773196
"real",0
"real",1
"real",0.355670103092784
"real",0.644329896907217
"real",0.0309278350515464
"real",0
"real",0
"real",0.00515463917525773
"real",1
"real",0.27319587628866
"real",0.00515463917525773
"real",0.0257731958762887
"real",0.00515463917525773
"real",0.00515463917525773
"real",1
"real",0.134020618556701
"real",0.077319587628866
"real",0.0257731958762887
"real",0.0824742268041237
"real",0
"real",0.860824742268041
"real",1
"real",0.0360824742268041
"real",0.0103092783505155
"real",0
"real",0
"real",0.0154639175257732
"real",0.00515463917525773
"real",1
"real",1
"real",0.0206185567010309
"real",0
"real",1
"real",1
"real",1
"real",0
"real",0.00515463917525773
"real",0.0154639175257732
"real",1
"real",0.0309278350515464
"real",0.139175257731959
"real",0.185567010309278
"real",0
"real",0
"real",0
"real",0.0103092783505155
"real",0
"real",1
"real",1
"real",0.994845360824742
"real",0
"real",0.118556701030928
"real",0.494845360824742
"real",0.11340206185567
"real",0.0154639175257732
"real",0.00515463917525773
"real",0.0103092783505155
"real",0
"real",0.0103092783505155
"real",0
"real",1
"real",0.0360824742268041
"real",0
"real",0
"real",1
"real",1
"real",0.00518134715025907
"real",1
"real",0.680412371134021
"real",0
"real",0
"real",0
"real",1
"real",0.0154639175257732
"real",0
"real",0.0154639175257732
"real",0
"real",0.0618556701030928
"real",1
"real",1
"real",0
"real",0
"real",1
"real",0.902061855670103
"real",0.190721649484536
"real",0.0927835051546392
"real",0
"real",0.0103092783505155
"real",0.0412371134020619
"real",0
"real",1
"real",0.231958762886598
"real",0.257731958762887
"real",0.0103092783505155
"real",0.27319587628866
"real",0.00515463917525773
"real",1
"real",0.448453608247423
"real",0.00515463917525773
"real",0
"real",0
"real",0.0206185567010309
"real",0.0103092783505155
"real",1
"real",1
"real",0.0309278350515464
"real",0
"real",0.489690721649485
"real",0.0309278350515464
"real",0.0515463917525773
"real",0.00515463917525773
"real",0
"real",1
"real",0
"real",1
"real",1
"real",0
"real",0
"real",0
"real",0
"real",1
"real",0.00515463917525773
"real",0.0360824742268041
"real",0
"real",0
"real",1
"real",0.0154639175257732
"real",0
"real",0
"real",0.632124352331606
"real",0.974226804123711
"real",0.0618556701030928
"real",0
"real",0
"real",0.0154639175257732
"real",0.948453608247423
"real",1
"real",0.0309278350515464
"real",0
"real",1
"real",1
"real",0.324742268041237
"real",0.00515463917525773
"real",0.0154639175257732
"real",0
"real",1
"real",0.123711340206186
"real",0.00515463917525773
"real",0.515463917525773
"real",0.154639175257732
"real",0.11340206185567
"real",1
"real",1
"real",1
"real",0.00515463917525773
"real",0
"real",1
"real",1
"real",0.0206185567010309
"real",0
"real",0
"real",0
"real",1
"real",1
"real",0
"real",0
"real",0
"real",0.0207253886010363
"real",0.582474226804124
"real",0.84020618556701
"real",0.896907216494845
"real",0.0154639175257732
"real",0
"real",0
"real",0
"real",0.0360824742268041
"real",1
"real",0.355670103092784
"real",0
"real",0
"real",1
"real",0.329896907216495
"real",0.108247422680412
"real",0
"real",0
"real",1
"real",0.0463917525773196
"real",0.0103092783505155
"real",0.00515463917525773
"real",0
"real",0
"real",0.0103092783505155
"real",0.227979274611399
"real",0.22279792746114
"real",0
"real",0.00515463917525773
"real",1
"real",1
"real",1
"real",0
"real",0
"real",1
"real",0.134020618556701
"real",0
"real",0.056701030927835
"real",1
"real",0.365979381443299
"real",0
"real",0.0360824742268041
"real",1
"real",0
"real",0
"real",0
"real",0.128865979381443
"real",0.664948453608247
"real",0.0876288659793814
"real",0.88659793814433
"real",0.0463917525773196
"real",0
"real",0
"real",1
"real",1
"real",0
"real",0
"real",0
"real",1
"real",0.835051546391753
"real",0.00515463917525773
"real",0
"real",0
"real",0
"real",1
"real",0.876288659793814
"real",0.0206185567010309
"real",0
"real",0.0459183673469388
"real",0.994897959183674
"real",0.23469387755102
"real",0.086734693877551
"real",0.994897959183674
"real",0.605128205128205
"real",0.0663265306122449
"real",0.0153061224489796
"real",0.00510204081632653
"real",0.989795918367347
"real",0.989795918367347
"real",0.0102040816326531
"real",0.0102040816326531
"real",0
"real",0.989795918367347
"real",0.0974358974358974
"real",0.0102040816326531
"real",0.0153061224489796
"real",0.0153061224489796
"real",0
"real",0.492307692307692
"real",0.533333333333333
"real",0.163265306122449
"real",0.0459183673469388
"real",0
"real",0
"real",0.0102040816326531
"real",0.88265306122449
"real",0.989795918367347
"real",0.0204081632653061
"real",0.00510204081632653
"real",0
"real",0.0357142857142857
"real",0.0153061224489796
"real",0.958974358974359
"real",0.362244897959184
"real",0.0204081632653061
"real",0.00510204081632653
"real",0.989795918367347
"real",0.143589743589744
"real",0.331632653061224
"real",0.076530612244898
"real",0.00512820512820513
"real",0
"real",0.00510204081632653
"real",0.738461538461539
"real",0.989795918367347
"real",0
"real",0
"real",0
"real",0
"real",0.994897959183674
"real",0.173469387755102
"real",0.0561224489795918
"real",0.0306122448979592
"real",0.0204081632653061
"real",0.00510204081632653
"real",0.994897959183674
"real",0.994897959183674
"real",0.00510204081632653
"real",0.994897959183674
"real",0.00510204081632653
"real",0.0102040816326531
"real",0.0969387755102041
"real",0.282051282051282
"real",0.637755102040816
"real",0.596938775510204
"real",0.086734693877551
"real",0
"real",0.0564102564102564
"real",0.0357142857142857
"real",1
"real",0
"real",0.00510204081632653
"real",0.0204081632653061
"real",0.954081632653061
"real",0.0459183673469388
"real",0.163265306122449
"real",0.497435897435897
"real",0
"real",0
"real",0
"real",0.0204081632653061
"real",0.00510204081632653
"real",0.301020408163265
"real",0.88265306122449
"real",0.497435897435897
"real",0.0357142857142857
"real",0.147959183673469
"real",0.219387755102041
"real",0.193877551020408
"real",0.0357142857142857
"real",0.0204081632653061
"real",0.0204081632653061
"real",0.0306122448979592
"real",0.0256410256410256
"real",0.0459183673469388
"real",0.969387755102041
"real",0.739795918367347
"real",0.0153061224489796
"real",0.0102040816326531
"real",0.770408163265306
"real",1
"real",0.00510204081632653
"real",0.994897959183674
"real",0.13265306122449
"real",0
"real",0.00510204081632653
"real",0
"real",0.561224489795918
"real",0.423469387755102
"real",0
"real",0.0255102040816327
"real",0.00510204081632653
"real",0.142857142857143
"real",0.994897959183674
"real",0.323076923076923
"real",0.11734693877551
"real",0.0102040816326531
"real",1
"real",0.994871794871795
"real",0.00512820512820513
"real",0.0256410256410256
"real",0
"real",0
"real",0.0307692307692308
"real",0.00512820512820513
"real",0.938461538461538
"real",0.733333333333333
"real",0.17948717948718
"real",0.0153846153846154
"real",0.18974358974359
"real",0.00512820512820513
"real",0.815384615384615
"real",0.711340206185567
"real",0.00512820512820513
"real",0.00512820512820513
"real",0
"real",0
"real",0.00512820512820513
"real",1
"real",1
"real",1
"real",0
"real",0.666666666666667
"real",0.0615384615384615
"real",0.0876288659793814
"real",0
"real",0
"real",0.994871794871795
"real",0.0256410256410256
"real",0.0666666666666667
"real",0.994845360824742
"real",0.00512820512820513
"real",0
"real",0
"real",0
"real",0.927835051546392
"real",0.456410256410256
"real",0.271794871794872
"real",0
"real",0.0102564102564103
"real",0.943298969072165
"real",0.175257731958763
"real",0.0102564102564103
"real",0.00515463917525773
"real",0.711340206185567
"real",0.489690721649485
"real",0.43298969072165
"real",0
"real",0
"real",0.00512820512820513
"real",0.775510204081633
"real",0.989795918367347
"real",0.0561224489795918
"real",0
"real",0.994897959183674
"real",0.391752577319588
"real",0.994897959183674
"real",0.0459183673469388
"real",0.0153846153846154
"real",0
"real",0.994897959183674
"real",0.0612244897959184
"real",0.00510204081632653
"real",0.719387755102041
"real",0.785714285714286
"real",0.0561224489795918
"real",0.0255102040816327
"real",0.602040816326531
"real",0.739795918367347
"real",0.479591836734694
"real",0.00510204081632653
"real",0.994897959183674
"real",0.989795918367347
"real",0.0204081632653061
"real",0
"real",0.00510204081632653
"real",0.0102040816326531
"real",0.748717948717949
"real",0.994897959183674
"real",0.0102040816326531
"real",0.0204081632653061
"real",0
"real",0.280612244897959
"real",0.0153061224489796
"real",0.989795918367347
"real",0.133333333333333
"real",0.0255102040816327
"real",0
"real",0.00510204081632653
"real",0.00510204081632653
"real",0.0153061224489796
"real",0.989795918367347
"real",0.341836734693878
"real",0.0153061224489796
"real",0.00510204081632653
"real",0.989795918367347
"real",0.358974358974359
"real",0.076530612244898
"real",0
"real",0
"real",0.964285714285714
"real",0.438144329896907
"real",0.0255102040816327
"real",0.0204081632653061
"real",0
"real",0.00510204081632653
"real",0.0255102040816327
"real",0.117948717948718
"real",0.98469387755102
"real",0.0204081632653061
"real",0
"real",0.994897959183674
"real",0.933673469387755
"real",0.392857142857143
"real",0
"real",0.00510204081632653
"real",0.979591836734694
"real",0.112244897959184
"real",0.00510204081632653
"real",0.0612244897959184
"real",0.994897959183674
"real",0.770408163265306
"real",0.00510204081632653
"real",0.0153061224489796
"real",0.989795918367347
"real",0.00510204081632653
"real",0
"real",0
"real",0
"real",0.0357142857142857
"real",0.887755102040816
"real",0.98974358974359
"real",0
"real",0
"real",0.0102040816326531
"real",0.994897959183674
"real",0.994897959183674
"real",0.0102040816326531
"real",0
"real",0.0153061224489796
"real",0.994845360824742
"real",0.806122448979592
"real",0
"real",0
"real",0.00510204081632653
"real",0.0102040816326531
"real",0.994897959183674
"real",0.989795918367347
"real",0.0153061224489796
"real",0.00510204081632653
"real",0.0160427807486631
"real",0.994652406417112
"real",0.144385026737968
"real",0.0918918918918919
"real",0.994652406417112
"real",0.582887700534759
"real",0.0320855614973262
"real",0
"real",0
"real",0.403225806451613
"real",0.877005347593583
"real",0
"real",0.0053475935828877
"real",0
"real",0.96236559139785
"real",0.113513513513514
"real",0.0053475935828877
"real",0.00537634408602151
"real",0
"real",0.0053475935828877
"real",0.994652406417112
"real",1
"real",0.0374331550802139
"real",0.0106951871657754
"real",0
"real",0.0160427807486631
"real",0.0053475935828877
"real",0.956989247311828
"real",1
"real",0.0106951871657754
"real",0
"real",0.0053475935828877
"real",0.0106951871657754
"real",0.021505376344086
"real",0.897849462365591
"real",0.333333333333333
"real",0.0588235294117647
"real",0
"real",0.946524064171123
"real",0.262032085561497
"real",0.454054054054054
"real",0.0752688172043011
"real",0
"real",0
"real",0
"real",1
"real",0.202185792349727
"real",0.0053475935828877
"real",0.0641711229946524
"real",0.0106951871657754
"real",0
"real",0.994652406417112
"real",0.0860215053763441
"real",0.0962566844919786
"real",0.0162162162162162
"real",0.0053475935828877
"real",0
"real",0.88235294117647
"real",0.758064516129032
"real",0.145161290322581
"real",0.272727272727273
"real",0
"real",0
"real",0.0053475935828877
"real",0.0641711229946524
"real",0.155913978494624
"real",0.994652406417112
"real",0.128342245989305
"real",0
"real",0.994652406417112
"real",0.0967741935483871
"real",0.28494623655914
"real",0
"real",0
"real",0.0320855614973262
"real",0.919786096256685
"real",0.10752688172043
"real",0.299465240641711
"real",0.376344086021505
"real",0.0909090909090909
"real",0.0053475935828877
"real",0
"real",0
"real",0
"real",0.655913978494624
"real",0.941176470588235
"real",0.236559139784946
"real",0.101604278074866
"real",0.0645161290322581
"real",0.741935483870968
"real",0.0860215053763441
"real",0.0053475935828877
"real",0.0053475935828877
"real",0.0268817204301075
"real",0
"real",0.0160427807486631
"real",0.0106951871657754
"real",0.978609625668449
"real",0.709677419354839
"real",0
"real",0
"real",0.697297297297297
"real",0.994652406417112
"real",0
"real",0.581521739130435
"real",0.759358288770054
"real",0
"real",0
"real",0
"real",0.625
"real",0.342391304347826
"real",0
"real",0.00540540540540541
"real",0
"real",0.109289617486339
"real",1
"real",0.0652173913043478
"real",NA
"real",NA
"real",NA
"real",NA
"real",NA
"real",NA
"real",NA
"real",NA
"real",NA
"real",NA
"real",NA
"real",NA
"real",NA
"real",NA
"real",NA
"real",NA
"real",NA
"real",NA
"real",NA
"real",NA
"real",NA
"real",NA
"real",NA
"real",NA
"real",NA
"real",NA
"real",0
"real",1
"real",0
"real",0
"real",0
"real",1
"real",0
"real",0
"real",0
"real",0
"real",0
"real",0.5
"real",0
"real",0
"real",0.0053475935828877
"real",0
"real",0
"real",0
"real",0
"real",0.967741935483871
"real",0.220430107526882
"real",0.0537634408602151
"real",0
"real",0.946524064171123
"real",0.732620320855615
"real",0.101604278074866
"real",0.0213903743315508
"real",0.0053475935828877
"real",0.0053475935828877
"real",0.994623655913978
"real",1
"real",0.0161290322580645
"real",0
"real",1
"real",0.951871657754011
"real",0.967914438502674
"real",0.0748663101604278
"real",0.672043010752688
"real",0.0053475935828877
"real",0.994652406417112
"real",0.10752688172043
"real",0
"real",0.0748663101604278
"real",0.183783783783784
"real",0.0641711229946524
"real",0.0376344086021505
"real",0.79144385026738
"real",0.951871657754011
"real",0.17741935483871
"real",0
"real",1
"real",0.241935483870968
"real",0.158469945355191
"real",0.0106951871657754
"real",0.0106951871657754
"real",0.0053475935828877
"real",0.951612903225806
"real",0.957219251336898
"real",0.60752688172043
"real",0.0160427807486631
"real",0.0053475935828877
"real",0.0053475935828877
"real",0.0053475935828877
"real",0.994652406417112
"real",0.179347826086957
"real",0.0486486486486487
"real",0
"real",0.00546448087431694
"real",0
"real",0.296703296703297
"real",0.851648351648352
"real",0.737704918032787
"real",0
"real",0.00546448087431694
"real",0.994535519125683
"real",0.412087912087912
"real",0.0934065934065934
"real",0.0437158469945355
"real",0
"real",0.917582417582418
"real",0.115384615384615
"real",0.0382513661202186
"real",0.0273224043715847
"real",0
"real",0
"real",0.0053475935828877
"real",0.526881720430108
"real",0.951871657754011
"real",0.0588235294117647
"real",0.0053475935828877
"real",0.567567567567568
"real",0.994652406417112
"real",0.112299465240642
"real",0
"real",0
"real",0.994652406417112
"real",0.72192513368984
"real",0
"real",0.0213903743315508
"real",1
"real",0.259459459459459
"real",0
"real",0.203208556149733
"real",0.989189189189189
"real",0.0427807486631016
"real",0.0053475935828877
"real",0.0053475935828877
"real",0.0810810810810811
"real",0.702702702702703
"real",0.171122994652406
"real",0.741935483870968
"real",0.0860215053763441
"real",0.0053475935828877
"real",0
"real",1
"real",0.994652406417112
"real",0
"real",0
"real",0.0053475935828877
"real",1
"real",0.994652406417112
"real",0
"real",0
"real",0
"real",0
"real",1
"real",0.978609625668449
"real",0.0909090909090909
"real",0
"real",0.0674157303370786
"real",1
"real",0.214689265536723
"real",0.123595505617978
"real",1
"real",0.702247191011236
"real",0.134831460674157
"real",0.0168539325842697
"real",0
"real",1
"real",0.960674157303371
"real",0
"real",0
"real",0.0224719101123595
"real",1
"real",0.168539325842697
"real",0.0280898876404494
"real",0
"real",0
"real",0.00561797752808989
"real",1
"real",1
"real",0.0280898876404494
"real",0
"real",0.00561797752808989
"real",0.00561797752808989
"real",0
"real",1
"real",1
"real",0.00561797752808989
"real",0.0112359550561798
"real",0
"real",0.0224719101123595
"real",0.0393258426966292
"real",1
"real",0.31638418079096
"real",0.0393258426966292
"real",0.00564971751412429
"real",1
"real",0.124293785310734
"real",0.426136363636364
"real",0.0734463276836158
"real",0
"real",0
"real",0
"real",1
"real",0.225988700564972
"real",0.0112359550561798
"real",0.0224719101123595
"real",0
"real",0
"real",1
"real",0.286516853932584
"real",0.0280898876404494
"real",0.0168539325842697
"real",0.0168539325842697
"real",0
"real",1
"real",0.325842696629214
"real",0.0561797752808989
"real",0.134831460674157
"real",0.00561797752808989
"real",0
"real",0.0280898876404494
"real",0.340909090909091
"real",0.595505617977528
"real",0.393258426966292
"real",0.202247191011236
"real",0
"real",0.814606741573034
"real",0.629213483146067
"real",0.966292134831461
"real",0
"real",0
"real",0
"real",1
"real",0
"real",1
"real",0.0112359550561798
"real",0
"real",0
"real",0.00561797752808989
"real",0
"real",0
"real",1
"real",1
"real",1
"real",1
"real",0.185393258426966
"real",0.23728813559322
"real",0.140449438202247
"real",0.0449438202247191
"real",0
"real",0.0168539325842697
"real",0
"real",0.0168539325842697
"real",0.0112359550561798
"real",1
"real",1
"real",1
"real",0
"real",0.706214689265537
"real",1
"real",0
"real",1
"real",0.107344632768362
"real",0
"real",0.0112359550561798
"real",0
"real",0.779661016949153
"real",0.252808988764045
"real",0
"real",0.0112359550561798
"real",0
"real",0.0561797752808989
"real",1
"real",1
"real",0.99438202247191
"real",0.00561797752808989
"real",1
"real",0.848314606741573
"real",0.389830508474576
"real",0.0337078651685393
"real",0.00561797752808989
"real",0
"real",0.0337078651685393
"real",0
"real",1
"real",0.192090395480226
"real",0.209039548022599
"real",0.0224719101123595
"real",0.242937853107345
"real",0.00564971751412429
"real",0.528089887640449
"real",0.764044943820225
"real",0.00561797752808989
"real",0
"real",0.00561797752808989
"real",0.0112359550561798
"real",0
"real",0.97752808988764
"real",1
"real",0.0786516853932584
"real",0
"real",0.730337078651685
"real",0.0224719101123595
"real",0.101123595505618
"real",0
"real",0
"real",0
"real",0
"real",1
"real",1
"real",1
"real",0
"real",0
"real",0
"real",0.943820224719101
"real",0.157303370786517
"real",0.151685393258427
"real",0.00561797752808989
"real",0
"real",1
"real",1
"real",0.00561797752808989
"real",0
"real",1
"real",0.707865168539326
"real",0.107344632768362
"real",0
"real",0
"real",0.0168539325842697
"real",1
"real",1
"real",0.0112359550561798
"real",0
"real",1
"real",1
"real",1
"real",0
"real",0
"real",0
"real",1
"real",0.0168539325842697
"real",0.0224719101123595
"real",0.410112359550562
"real",0.531073446327684
"real",0.241573033707865
"real",0.0225988700564972
"real",0.359550561797753
"real",0.910112359550562
"real",0.134831460674157
"real",0.0112994350282486
"real",1
"real",0.179775280898876
"real",0.0449438202247191
"real",0.00561797752808989
"real",0
"real",0
"real",0.589887640449438
"real",0.892655367231638
"real",0.0112359550561798
"real",0.0282485875706215
"real",0.0112359550561798
"real",0.0112359550561798
"real",0.00561797752808989
"real",1
"real",0.0734463276836158
"real",0.0564971751412429
"real",0
"real",0
"real",0
"real",0.00561797752808989
"real",1
"real",0.264044943820225
"real",0.0112359550561798
"real",0.00561797752808989
"real",1
"real",0.303370786516854
"real",0.0168539325842697
"real",0
"real",0
"real",0.971910112359551
"real",0.0617977528089888
"real",0.112359550561798
"real",0.0112359550561798
"real",0
"real",0
"real",0.0224719101123595
"real",0.050561797752809
"real",1
"real",0.00568181818181818
"real",0.00561797752808989
"real",1
"real",1
"real",1
"real",0
"real",0
"real",0.724719101123595
"real",0.50561797752809
"real",0
"real",0.0337078651685393
"real",1
"real",1
"real",0
"real",0.0168539325842697
"real",1
"real",0
"real",0
"real",0
"real",0.050561797752809
"real",0.550561797752809
"real",0.050561797752809
"real",0.99438202247191
"real",0.0168539325842697
"real",0
"real",0
"real",1
"real",0.333333333333333
"real",0
"real",0
"real",0
"real",1
"real",1
"real",0
"real",0
"real",0
"real",0
"real",1
"real",0.52247191011236
"real",0.0337078651685393
"real",0
"real",0
"real",1
"real",0.172972972972973
"real",0.0702702702702703
"real",1
"real",0.584699453551913
"real",0.0648648648648649
"real",0.0162162162162162
"real",0
"real",1
"real",0.891304347826087
"real",0
"real",0
"real",0.00540540540540541
"real",1
"real",0.0706521739130435
"real",0
"real",0.0108108108108108
"real",0
"real",0
"real",1
"real",0.760869565217391
"real",0.0810810810810811
"real",0.0162162162162162
"real",0
"real",0
"real",0
"real",0.924324324324324
"real",1
"real",0.00540540540540541
"real",0
"real",0
"real",0.00540540540540541
"real",0.16304347826087
"real",0.885869565217391
"real",0.208791208791209
"real",0.00540540540540541
"real",0
"real",0.989189189189189
"real",0.21195652173913
"real",0.535135135135135
"real",0.0594594594594595
"real",0
"real",0.00540540540540541
"real",0
"real",1
"real",0.169398907103825
"real",0
"real",0.027027027027027
"real",0
"real",0.00540540540540541
"real",1
"real",0.145945945945946
"real",0.102702702702703
"real",0.0702702702702703
"real",0
"real",0.00540540540540541
"real",0.565217391304348
"real",1
"real",0.0540540540540541
"real",0.027027027027027
"real",0
"real",0
"real",0.0702702702702703
"real",0.603260869565217
"real",0.489130434782609
"real",0.254054054054054
"real",0.217391304347826
"real",0
"real",1
"real",0.0710382513661202
"real",0.472826086956522
"real",0
"real",0
"real",0.00540540540540541
"real",0.994594594594595
"real",0.0378378378378378
"real",0.140540540540541
"real",0.221621621621622
"real",0
"real",0
"real",0.00540540540540541
"real",0
"real",0
"real",0.255434782608696
"real",1
"real",0.237837837837838
"real",0.0432432432432432
"real",0.306010928961749
"real",0.296703296703297
"real",0.108108108108108
"real",0.00540540540540541
"real",0
"real",0
"real",0
"real",0.027027027027027
"real",0.00543478260869565
"real",0.983783783783784
"real",0.46195652173913
"real",0
"real",0
"real",0.755434782608696
"real",1
"real",0.00540540540540541
"real",0.983783783783784
"real",0.491891891891892
"real",0
"real",0
"real",0
"real",0.53551912568306
"real",0.372972972972973
"real",0
"real",0
"real",0.00540540540540541
"real",0.0918918918918919
"real",1
"real",0.266304347826087
"real",0.0324324324324324
"real",0.0432432432432432
"real",1
"real",0.695652173913043
"real",0.0972972972972973
"real",0.0648648648648649
"real",0
"real",0.00540540540540541
"real",0.0378378378378378
"real",0
"real",1
"real",0.102702702702703
"real",0.103260869565217
"real",0
"real",0.472527472527473
"real",0
"real",1
"real",0.53551912568306
"real",0
"real",0
"real",0
"real",0.0162162162162162
"real",0
"real",0.983783783783784
"real",1
"real",0.315217391304348
"real",0
"real",0.475675675675676
"real",0.135135135135135
"real",0.114130434782609
"real",0
"real",0
"real",1
"real",0.213114754098361
"real",0.326086956521739
"real",0.0540540540540541
"real",0.0162162162162162
"real",0
"real",0
"real",0
"real",0.570652173913043
"real",0.592391304347826
"real",0.0324324324324324
"real",0
"real",0
"real",1
"real",0.546448087431694
"real",0
"real",0
"real",0.864130434782609
"real",0.486338797814208
"real",0.0978260869565217
"real",0
"real",0
"real",0.00543478260869565
"real",0.519125683060109
"real",1
"real",0.0652173913043478
"real",0.0108695652173913
"real",0
"real",0.842391304347826
"real",0.864130434782609
"real",0.244565217391304
"real",0.0543478260869565
"real",0
"real",1
"real",0.0380434782608696
"real",0
"real",0.417142857142857
"real",0.798850574712644
"real",0.12
"real",0.0171428571428571
"real",0.622857142857143
"real",0.758620689655172
"real",0.28
"real",0
"real",1
"real",0.207650273224044
"real",0.0540540540540541
"real",0.00540540540540541
"real",0
"real",0
"real",0.821621621621622
"real",0.691011235955056
"real",0.0614525139664804
"real",0.0111731843575419
"real",0
"real",0.0279329608938547
"real",0.00558659217877095
"real",1
"real",0.0726256983240224
"real",0.0167597765363128
"real",0
"real",0
"real",0
"real",0.0111731843575419
"real",1
"real",0.229050279329609
"real",0.0111731843575419
"real",0
"real",1
"real",0.214689265536723
"real",0.0279329608938547
"real",0
"real",0
"real",0.52247191011236
"real",0.589887640449438
"real",0.0446927374301676
"real",0.0167597765363128
"real",0
"real",0
"real",0.0670391061452514
"real",0.51123595505618
"real",0.994413407821229
"real",0.0111731843575419
"real",0
"real",1
"real",1
"real",1
"real",0
"real",0
"real",0.843575418994413
"real",0.466292134831461
"real",0
"real",0.0279329608938547
"real",1
"real",1
"real",0
"real",0.0949720670391061
"real",0.977653631284916
"real",0
"real",0
"real",0
"real",0.0893854748603352
"real",0.679775280898876
"real",0.100558659217877
"real",0.646067415730337
"real",0.108108108108108
"real",0
"real",0
"real",0.853260869565217
"real",1
"real",0.00540540540540541
"real",0
"real",0
"real",0.207650273224044
"real",1
"real",0
"real",0
"real",0
"real",0
"real",1
"real",0.513661202185792
"real",0.0162162162162162
"real",0
"real",0.0280898876404494
"real",1
"real",0.146892655367232
"real",0.0451977401129944
"real",0.99438202247191
"real",0.578651685393258
"real",0.0730337078651685
"real",0.0224719101123595
"real",0
"real",0.97752808988764
"real",0.846590909090909
"real",0
"real",0.00561797752808989
"real",0.00561797752808989
"real",0.858757062146893
"real",0.617977528089888
"real",0.282485875706215
"real",0.0674157303370786
"real",0
"real",0.00561797752808989
"real",1
"real",0.99438202247191
"real",0.0280898876404494
"real",0.0112359550561798
"real",0
"real",0
"real",0.00561797752808989
"real",0.99438202247191
"real",0.960674157303371
"real",0.0168539325842697
"real",0.00561797752808989
"real",0.00561797752808989
"real",0.0112359550561798
"real",0.0224719101123595
"real",0.943820224719101
"real",0.661016949152542
"real",0.0112359550561798
"real",0.00561797752808989
"real",0.752808988764045
"real",0.99438202247191
"real",0.730337078651685
"real",0.0337078651685393
"real",0.00564971751412429
"real",0
"real",0.00561797752808989
"real",0.99438202247191
"real",0.98876404494382
"real",0
"real",0
"real",0
"real",0
"real",1
"real",0.0847457627118644
"real",0.0786516853932584
"real",0.0112359550561798
"real",0.0112359550561798
"real",0
"real",0.99438202247191
"real",0.297752808988764
"real",0.0280898876404494
"real",0.11864406779661
"real",0.0224719101123595
"real",0.0112359550561798
"real",0.0282485875706215
"real",0.102272727272727
"real",0.162921348314607
"real",1
"real",0.112359550561798
"real",0
"real",0.932584269662921
"real",0.621468926553672
"real",0.757062146892655
"real",0
"real",0
"real",0.0561797752808989
"real",0.97752808988764
"real",0.0451977401129944
"real",0.5625
"real",0.731428571428571
"real",0
"real",0.00561797752808989
"real",0.361581920903955
"real",0.00561797752808989
"real",0.00561797752808989
"real",0.271186440677966
"real",1
"real",0.209039548022599
"real",0.101123595505618
"real",0.101123595505618
"real",0.224719101123595
"real",0.429378531073446
"real",0.00561797752808989
"real",0
"real",0.0168539325842697
"real",0
"real",0
"real",0.0168539325842697
"real",0.955056179775281
"real",0.106741573033708
"real",0.00561797752808989
"real",0.00561797752808989
"real",1
"real",1
"real",0
"real",1
"real",0.882022471910112
"real",0
"real",0.00561797752808989
"real",0
"real",0.99438202247191
"real",0.0730337078651685
"real",0
"real",0.0280898876404494
"real",0
"real",0.140449438202247
"real",1
"real",1
"real",0
"real",0.00561797752808989
"real",0.314606741573034
"real",0.99438202247191
"real",0.0561797752808989
"real",0.106741573033708
"real",0
"real",0.0224719101123595
"real",0.0790960451977401
"real",0.0112359550561798
"real",0.99438202247191
"real",0.0224719101123595
"real",0.99438202247191
"real",0.0112359550561798
"real",0.0786516853932584
"real",0
"real",0.99438202247191
"real",0.389830508474576
"real",0.0168539325842697
"real",0.00561797752808989
"real",0
"real",0.0112359550561798
"real",0.00561797752808989
"real",1
"real",1
"real",0.99438202247191
"real",0
"real",0.384180790960452
"real",0.0786516853932584
"real",0.135593220338983
"real",0
"real",0
"real",0.99438202247191
"real",0.0561797752808989
"real",0.0621468926553672
"real",0.983050847457627
"real",0.00561797752808989
"real",0
"real",0
"real",0
"real",1
"real",0.988700564971751
"real",0.99438202247191
"real",0
"real",0.00561797752808989
"real",0.99438202247191
"real",0.988700564971751
"real",0
"real",0.00561797752808989
"real",1
"real",0.747191011235955
"real",0.23728813559322
"real",0
"real",0.00561797752808989
"real",0.0112359550561798
"real",1
"real",0.99438202247191
"real",0.994350282485876
"real",0
"real",1
"real",1
"real",0.99438202247191
"real",0
"real",0.0112359550561798
"real",0
"real",0.99438202247191
"real",0.550561797752809
"real",0.0282485875706215
"real",0.864406779661017
"real",0.994350282485876
"real",0.0280898876404494
"real",0
"real",0.99438202247191
"real",0.988700564971751
"real",0
"real",0.0168539325842697
"real",1
"real",0.870786516853933
"real",0.0674157303370786
"real",0
"real",0
"real",0.00561797752808989
"real",1
"real",0.99438202247191
"real",0
"real",0.0112359550561798
"real",0
"real",0.0168539325842697
"real",0.00561797752808989
"real",0.99438202247191
"real",0.15819209039548
"real",0.0561797752808989
"real",0.00561797752808989
"real",0
"real",0
"real",0.0337078651685393
"real",0.99438202247191
"real",0.235955056179775
"real",0.0168539325842697
"real",0
"real",1
"real",0.331428571428571
"real",0.0790960451977401
"real",0
"real",0.00561797752808989
"real",0.99438202247191
"real",0.124293785310734
"real",0.0168539325842697
"real",0.0168539325842697
"real",0
"real",0.00561797752808989
"real",0
"real",0.99438202247191
"real",0.994350282485876
"real",0
"real",0
"real",0.519774011299435
"real",0.99438202247191
"real",0.169491525423729
"real",0
"real",0.00561797752808989
"real",0.99438202247191
"real",1
"real",0
"real",0.0282485875706215
"real",1
"real",0.99438202247191
"real",0.00561797752808989
"real",0.050561797752809
"real",0.99438202247191
"real",0.00561797752808989
"real",0
"real",0
"real",0.00561797752808989
"real",0.98876404494382
"real",0.00561797752808989
"real",0.98314606741573
"real",0
"real",0
"real",0.00561797752808989
"real",0.98876404494382
"real",0.98876404494382
"real",0
"real",0
"real",0.0112359550561798
"real",0.893258426966292
"real",0.98876404494382
"real",0
"real",0
"real",0
"real",0.00561797752808989
"real",0.99438202247191
"real",0.98314606741573
"real",0.00561797752808989
"real",0.00561797752808989
"real",0.108974358974359
"real",1
"real",0.367741935483871
"real",0.0769230769230769
"real",0.993630573248408
"real",0.86624203821656
"real",0.0254777070063694
"real",0.0127388535031847
"real",0
"real",0.993630573248408
"real",0.949044585987261
"real",0.00636942675159236
"real",0.00636942675159236
"real",0.00636942675159236
"real",0.993630573248408
"real",0.192307692307692
"real",0.0192307692307692
"real",0.00636942675159236
"real",0
"real",0.0127388535031847
"real",1
"real",0.993630573248408
"real",0.0573248407643312
"real",0.0192307692307692
"real",0.00636942675159236
"real",0
"real",0.00636942675159236
"real",0.993630573248408
"real",0.993630573248408
"real",0.0127388535031847
"real",0
"real",0.00636942675159236
"real",0.00636942675159236
"real",0.0127388535031847
"real",0.993630573248408
"real",0.224358974358974
"real",0.0512820512820513
"real",0
"real",0.815286624203822
"real",0.993630573248408
"real",0.335483870967742
"real",0.0191082802547771
"real",0.00636942675159236
"real",0
"real",0.00636942675159236
"real",0.993630573248408
"real",0.0191082802547771
"real",0
"real",0
"real",0
"real",0.00636942675159236
"real",0.993630573248408
"real",0.121794871794872
"real",0.0580645161290323
"real",0.0382165605095541
"real",0.00636942675159236
"real",0
"real",0.974522292993631
"real",0.58974358974359
"real",0.089171974522293
"real",0.171974522292994
"real",0.00636942675159236
"real",0.00636942675159236
"real",0
"real",0.993630573248408
"real",0.993630573248408
"real",0.0128205128205128
"real",0.235668789808917
"real",0
"real",1
"real",0.140127388535032
"real",0.387096774193548
"real",0
"real",0
"real",0.00636942675159236
"real",1
"real",0.00636942675159236
"real",0.993630573248408
"real",1
"real",0
"real",0
"real",0
"real",0.00636942675159236
"real",0.00636942675159236
"real",1
"real",1
"real",0.0318471337579618
"real",0.0318471337579618
"real",0.0127388535031847
"real",0.10828025477707
"real",0.828025477707006
"real",0.00636942675159236
"real",0
"real",0.00636942675159236
"real",0
"real",0.0191082802547771
"real",0.0127388535031847
"real",0.993630573248408
"real",0.0254777070063694
"real",0.00636942675159236
"real",0.00636942675159236
"real",0.698717948717949
"real",1
"real",0
"real",1
"real",0.987261146496815
"real",0
"real",0.00636942675159236
"real",0
"real",0.993630573248408
"real",0.0700636942675159
"real",0
"real",0.00636942675159236
"real",0
"real",0.0509554140127389
"real",1
"real",1
"real",0.00636942675159236
"real",0.00636942675159236
"real",1
"real",0.681528662420382
"real",0.0700636942675159
"real",0.394904458598726
"real",0.0127388535031847
"real",0.00636942675159236
"real",0.0448717948717949
"real",0.00636942675159236
"real",0.993630573248408
"real",0.129032258064516
"real",0.403846153846154
"real",0.00641025641025641
"real",0.464516129032258
"real",0.00636942675159236
"real",0.993630573248408
"real",0.987261146496815
"real",0
"real",0.00636942675159236
"real",0
"real",0.00636942675159236
"real",0.00636942675159236
"real",0.993630573248408
"real",0.717948717948718
"real",0.993630573248408
"real",0
"real",0.261146496815287
"real",0.0384615384615385
"real",0.0509554140127389
"real",0
"real",0
"real",0.993630573248408
"real",0.185897435897436
"real",0.435897435897436
"real",0.222929936305732
"real",0.0254777070063694
"real",0
"real",0
"real",0.00636942675159236
"real",0.993630573248408
"real",0.0254777070063694
"real",0.0764331210191083
"real",0.00636942675159236
"real",0.00636942675159236
"real",0.993630573248408
"real",0.00636942675159236
"real",0
"real",0.00636942675159236
"real",0.525641025641026
"real",0.878980891719745
"real",0.235668789808917
"real",0
"real",0.00636942675159236
"real",0.00636942675159236
"real",0.897435897435897
"real",0.993630573248408
"real",0.0254777070063694
"real",0
"real",1
"real",1
"real",0.993630573248408
"real",0.00636942675159236
"real",0.00636942675159236
"real",0
"real",1
"real",0.0764331210191083
"real",0.0127388535031847
"real",0.993630573248408
"real",0.987261146496815
"real",0
"real",0.00636942675159236
"real",0.583333333333333
"real",0.75796178343949
"real",0.320512820512821
"real",0.00636942675159236
"real",1
"real",0.133757961783439
"real",0.198717948717949
"real",0
"real",0
"real",0.00636942675159236
"real",1
"real",0.993630573248408
"real",0
"real",0.0127388535031847
"real",0
"real",0.0256410256410256
"real",0.0191082802547771
"real",0.993630573248408
"real",0.161290322580645
"real",0.0318471337579618
"real",0.00636942675159236
"real",0.00636942675159236
"real",0
"real",0.993630573248408
"real",0.993630573248408
"real",0.987261146496815
"real",0
"real",0
"real",0.993630573248408
"real",0.592356687898089
"real",0.0509554140127389
"real",0.00636942675159236
"real",0
"real",0.993630573248408
"real",0.0445859872611465
"real",0.00636942675159236
"real",0.0191082802547771
"real",0
"real",0
"real",0.0127388535031847
"real",0.0833333333333333
"real",0.993630573248408
"real",0.0128205128205128
"real",0
"real",0.203821656050955
"real",0.993630573248408
"real",0.301282051282051
"real",0.0318471337579618
"real",0.00636942675159236
"real",0.936305732484076
"real",0.859872611464968
"real",0
"real",0.0254777070063694
"real",1
"real",0.993630573248408
"real",0.00636942675159236
"real",0.0318471337579618
"real",0.993630573248408
"real",0.00636942675159236
"real",0
"real",0.00636942675159236
"real",0.987261146496815
"real",0.00636942675159236
"real",0.00636942675159236
"real",0.980891719745223
"real",0.980891719745223
"real",0
"real",0.00636942675159236
"real",0.987261146496815
"real",0.987261146496815
"real",0
"real",0
"real",0.00636942675159236
"real",0.993630573248408
"real",0.987261146496815
"real",0
"real",0
"real",0
"real",0.00636942675159236
"real",0.987261146496815
"real",0.705128205128205
"real",0.032051282051282
"real",0.00636942675159236
"real",0.0466666666666667
"real",1
"real",0.186666666666667
"real",0.0666666666666667
"real",0.986666666666667
"real",0.657718120805369
"real",0.1
"real",0.0133333333333333
"real",0
"real",0.986666666666667
"real",0.850340136054422
"real",0
"real",0.0133333333333333
"real",0
"real",0.416107382550336
"real",0.713333333333333
"real",0.00666666666666667
"real",0.0133333333333333
"real",0.0133333333333333
"real",0.02
"real",1
"real",0.986666666666667
"real",0.0533333333333333
"real",0
"real",0.00666666666666667
"real",0
"real",0.0133333333333333
"real",0.953020134228188
"real",0.986666666666667
"real",0.0133333333333333
"real",0
"real",0.00666666666666667
"real",0.0133333333333333
"real",0.0466666666666667
"real",0.986666666666667
"real",0.369127516778524
"real",0.027027027027027
"real",0.0133333333333333
"real",1
"real",1
"real",0.986666666666667
"real",0.02
"real",0.0133333333333333
"real",0
"real",0.0133333333333333
"real",0.986666666666667
"real",0.986666666666667
"real",0
"real",0.0133333333333333
"real",0
"real",0
"real",1
"real",0.08
"real",0.113333333333333
"real",0.02
"real",0.02
"real",0
"real",0.94
"real",0.295302013422819
"real",0.02
"real",0.106666666666667
"real",0.0133333333333333
"real",0.0133333333333333
"real",0.02
"real",0.439189189189189
"real",0.648648648648649
"real",0.27027027027027
"real",0.0952380952380952
"real",0
"real",0.74496644295302
"real",0.331081081081081
"real",0.591836734693878
"real",0
"real",0
"real",0.0266666666666667
"real",1
"real",0.00666666666666667
"real",0.0604026845637584
"real",0.10738255033557
"real",0
"real",0
"real",0.0133333333333333
"real",0.0133333333333333
"real",0.00666666666666667
"real",0.268456375838926
"real",0.82
"real",0.442953020134228
"real",0.14
"real",0.0866666666666667
"real",0.140939597315436
"real",0.506666666666667
"real",0.0333333333333333
"real",0
"real",0
"real",0
"real",0
"real",0.00666666666666667
"real",0.906666666666667
"real",0.523489932885906
"real",0.02
"real",0.0133333333333333
"real",0.587837837837838
"real",0.986666666666667
"real",0
"real",0.9
"real",0.275167785234899
"real",0
"real",0.0133333333333333
"real",0
"real",0.677852348993289
"real",0.335570469798658
"real",0.00666666666666667
"real",0.0333333333333333
"real",0
"real",0.1
"real",0.986666666666667
"real",0.241610738255034
"real",0.0402684563758389
"real",0.02
"real",0.993333333333333
"real",0.58
"real",0.0608108108108108
"real",0.0805369127516778
"real",0
"real",0.00666666666666667
"real",0.0536912751677852
"real",0.0133333333333333
"real",0.553333333333333
"real",0.0604026845637584
"real",0.133333333333333
"real",0.02
"real",0.04
"real",0
"real",0.986666666666667
"real",0.3
"real",0
"real",0.0133333333333333
"real",0
"real",0
"real",0.0133333333333333
"real",1
"real",0.986666666666667
"real",0.0266666666666667
"real",0
"real",0.496644295302013
"real",0.0402684563758389
"real",0.0671140939597315
"real",0
"real",0
"real",0.986666666666667
"real",0.27027027027027
"real",0.302013422818792
"real",0.0335570469798658
"real",0.02
"real",0
"real",0
"real",0
"real",0.946666666666667
"real",0.153333333333333
"real",0.10738255033557
"real",0
"real",0.0133333333333333
"real",0.966442953020134
"real",0.0878378378378378
"real",0.00666666666666667
"real",0.0133333333333333
"real",0.189189189189189
"real",0.993333333333333
"real",0.0266666666666667
"real",0
"real",0
"real",0.02
"real",0.837837837837838
"real",0.986666666666667
"real",0.1
"real",0
"real",0.92
"real",0.88
"real",0.926174496644295
"real",0.08
"real",0.0536912751677852
"real",0
"real",0.986666666666667
"real",0.0266666666666667
"real",0.0133333333333333
"real",0.533783783783784
"real",0.44
"real",0.0469798657718121
"real",0.315436241610738
"real",0.486301369863014
"real",0.86
"real",0.0939597315436242
"real",0.0133333333333333
"real",0.98
"real",0.63758389261745
"real",0.0266666666666667
"real",0
"real",0
"real",0.0133333333333333
"real",0.993333333333333
"real",0.516778523489933
"real",0.00666666666666667
"real",0.02
"real",0
"real",0.04
"real",0.02
"real",0.906666666666667
"real",0.22972972972973
"real",0.0604026845637584
"real",0.00666666666666667
"real",0
"real",0.00666666666666667
"real",0.0335570469798658
"real",0.986577181208054
"real",0.317567567567568
"real",0.0133333333333333
"real",0
"real",1
"real",0.426666666666667
"real",0.0333333333333333
"real",0
"real",0.0134228187919463
"real",0.946308724832215
"real",0.777027027027027
"real",0.00671140939597315
"real",0
"real",0
"real",0
"real",0
"real",0.16
"real",0.986666666666667
"real",0
"real",0
"real",0.778523489932886
"real",0.453333333333333
"real",0.74496644295302
"real",0
"real",0.0133333333333333
"real",0.456375838926175
"real",0.340136054421769
"real",0
"real",0.0133333333333333
"real",0.573333333333333
"real",0.506666666666667
"real",0.0133333333333333
"real",0.04
"real",0.56
"real",0.0133333333333333
"real",0
"real",0
"real",0.0333333333333333
"real",0.413333333333333
"real",0.0533333333333333
"real",0.513333333333333
"real",0
"real",0
"real",0.0133333333333333
"real",0.5
"real",0.506666666666667
"real",0
"real",0
"real",0.0133333333333333
"real",0.573333333333333
"real",0.56
"real",0
"real",0
"real",0
"real",0.0133333333333333
"real",0.406666666666667
"real",0.453333333333333
"real",0.0133333333333333
"real",0.0133333333333333
"real",0.0202702702702703
"real",1
"real",0.183673469387755
"real",0.0884353741496599
"real",1
"real",0.668965517241379
"real",0.0472972972972973
"real",0
"real",0
"real",1
"real",1
"real",0
"real",0
"real",0
"real",0.825503355704698
"real",0.277027027027027
"real",0.0134228187919463
"real",0.027027027027027
"real",0
"real",0.00671140939597315
"real",0.966442953020134
"real",1
"real",0.0402684563758389
"real",0
"real",0
"real",0
"real",0
"real",0.993288590604027
"real",0.966442953020134
"real",0
"real",0
"real",0.0134228187919463
"real",0.00671140939597315
"real",0.0202702702702703
"real",0.187919463087248
"real",1
"real",0.0268456375838926
"real",0
"real",1
"real",0.202702702702703
"real",0.340136054421769
"real",0.101351351351351
"real",0
"real",0
"real",0
"real",1
"real",0.183673469387755
"real",0
"real",0.0408163265306122
"real",0
"real",0.00671140939597315
"real",1
"real",0.0945945945945946
"real",0.0608108108108108
"real",0.0135135135135135
"real",0.0134228187919463
"real",0
"real",1
"real",0.852348993288591
"real",0.0335570469798658
"real",0.0604026845637584
"real",0.0201342281879195
"real",0
"real",0.0335570469798658
"real",0.351351351351351
"real",0.664429530201342
"real",0.644295302013423
"real",0.256756756756757
"real",0
"real",0.74496644295302
"real",0.261744966442953
"real",0.777027027027027
"real",0
"real",0
"real",0.140939597315436
"real",0.979865771812081
"real",0.0201342281879195
"real",0.22972972972973
"real",0.150684931506849
"real",0.0134228187919463
"real",0
"real",0.00671140939597315
"real",0
"real",0
"real",0.785234899328859
"real",0.879194630872483
"real",0.758389261744966
"real",0.087248322147651
"real",0.162162162162162
"real",0.294520547945205
"real",0.0939597315436242
"real",0.0335570469798658
"real",0
"real",0.0604026845637584
"real",0.00671140939597315
"real",0.0202702702702703
"real",0.0135135135135135
"real",0.871621621621622
"real",0.297297297297297
"real",0.0201342281879195
"real",0
"real",0.858108108108108
"real",1
"real",0
"real",1
"real",0.272108843537415
"real",0
"real",0
"real",0
"real",0.263513513513513
"real",0.718120805369127
"real",0
"real",0.00671140939597315
"real",0
"real",0.0738255033557047
"real",1
"real",0.567567567567568
"real",0.0671140939597315
"real",0.0402684563758389
"real",0.993288590604027
"real",0.798657718120805
"real",0.175675675675676
"real",0.0268456375838926
"real",0
"real",0.00671140939597315
"real",0.027027027027027
"real",0
"real",1
"real",0.0268456375838926
"real",1
"real",0.0268456375838926
"real",0.288590604026846
"real",0
"real",0.850340136054422
"real",0.939597315436242
"real",0.0201342281879195
"real",0
"real",0
"real",0
"real",0
"real",1
"real",1
"real",0.0335570469798658
"real",0
"real",0.691275167785235
"real",0.114864864864865
"real",0.0958904109589041
"real",0
"real",0
"real",0.751677852348993
"real",0.0337837837837838
"real",0.993288590604027
"real",0.0335570469798658
"real",0.0134228187919463
"real",0
"real",0
"real",0
"real",1
"real",0.0469798657718121
"real",0.0604026845637584
"real",0.00671140939597315
"real",0
"real",1
"real",0.027027027027027
"real",0
"real",0
"real",1
"real",0.993288590604027
"real",1
"real",0
"real",0
"real",0
"real",1
"real",1
"real",0.0472972972972973
"real",0
"real",1
"real",1
"real",1
"real",0
"real",0.993288590604027
"real",0
"real",1
"real",0.993288590604027
"real",0
"real",1
"real",1
"real",0
"real",0
"real",0.959731543624161
"real",0.852348993288591
"real",0.148648648648649
"real",0
"real",1
"real",0.22972972972973
"real",0.12751677852349
"real",0
"real",0
"real",0
"real",1
"real",1
"real",0.993288590604027
"real",0
"real",0
"real",0
"real",0.00671140939597315
"real",1
"real",0.168918918918919
"real",0.101351351351351
"real",0
"real",0
"real",0
"real",0
"real",1
"real",0.993288590604027
"real",0.00671140939597315
"real",0
"real",1
"real",0.76510067114094
"real",0.0472972972972973
"real",0.0134228187919463
"real",0.00671140939597315
"real",0.76510067114094
"real",0.26530612244898
"real",0.0469798657718121
"real",0.0675675675675676
"real",0
"real",0
"real",0
"real",0.342465753424658
"real",0.864864864864865
"real",0.0335570469798658
"real",0.0268456375838926
"real",1
"real",0.80952380952381
"real",0.143835616438356
"real",0
"real",0
"real",0.932432432432432
"real",0.288590604026846
"real",0
"real",0.0758620689655172
"real",0.97972972972973
"real",0.523809523809524
"real",0
"real",0.0335570469798658
"real",0.993288590604027
"real",0
"real",0
"real",0
"real",0
"real",1
"real",0.00671140939597315
"real",1
"real",0.993288590604027
"real",0
"real",0
"real",1
"real",0.394557823129252
"real",0
"real",0
"real",0.00671140939597315
"real",1
"real",1
"real",0
"real",0.0268456375838926
"real",0
"real",0
"real",1
"real",1
"real",0
"real",0
"real",0.0285714285714286
"real",1
"real",0.2
"real",0.0380952380952381
"real",1
"real",0.514285714285714
"real",0.586538461538462
"real",0.00952380952380952
"real",0
"real",1
"real",0.857142857142857
"real",0.00952380952380952
"real",0
"real",0.019047619047619
"real",0.857142857142857
"real",0.533333333333333
"real",0.00952380952380952
"real",0.0288461538461538
"real",0
"real",0
"real",1
"real",1
"real",0.0285714285714286
"real",0
"real",0
"real",0
"real",0
"real",1
"real",1
"real",0.00952380952380952
"real",0
"real",0
"real",0.00952380952380952
"real",0.0380952380952381
"real",0.961904761904762
"real",0.298076923076923
"real",0.0571428571428571
"real",0
"real",0.485714285714286
"real",0.0288461538461538
"real",0.0666666666666667
"real",1
"real",0
"real",0
"real",0.00952380952380952
"real",1
"real",0.0761904761904762
"real",0.00952380952380952
"real",0.019047619047619
"real",0
"real",0
"real",1
"real",0.104761904761905
"real",0.0952380952380952
"real",0.0285714285714286
"real",0
"real",0
"real",0.952380952380952
"real",0.8
"real",0.0952380952380952
"real",0.219047619047619
"real",0.00952380952380952
"real",0
"real",0.0380952380952381
"real",0.0380952380952381
"real",1
"real",0.133333333333333
"real",0.0666666666666667
"real",0
"real",0.123809523809524
"real",1
"real",0.219047619047619
"real",0
"real",0
"real",0
"real",1
"real",0
"real",1
"real",0.0285714285714286
"real",0
"real",0
"real",0
"real",0
"real",0
"real",1
"real",1
"real",0.00952380952380952
"real",0
"real",0.104761904761905
"real",0.40952380952381
"real",0.161904761904762
"real",0.0380952380952381
"real",0
"real",0.00952380952380952
"real",0
"real",0.0380952380952381
"real",0
"real",0.133333333333333
"real",1
"real",0
"real",0
"real",1
"real",1
"real",0
"real",1
"real",0.114285714285714
"real",0
"real",0
"real",0
"real",0.952380952380952
"real",0.114285714285714
"real",0
"real",0.00952380952380952
"real",0
"real",0.257142857142857
"real",1
"real",0.295238095238095
"real",0.133333333333333
"real",0.0285714285714286
"real",1
"real",1
"real",0
"real",0.00970873786407767
"real",0
"real",0
"real",0.00952380952380952
"real",0
"real",0.99047619047619
"real",0.0761904761904762
"real",0.733333333333333
"real",0.00952380952380952
"real",0.638095238095238
"real",0
"real",0.961904761904762
"real",0.552380952380952
"real",0.00952380952380952
"real",0
"real",0
"real",0.0285714285714286
"real",0
"real",1
"real",1
"real",0
"real",0
"real",0.514285714285714
"real",0.0857142857142857
"real",0.0476190476190476
"real",0
"real",0
"real",1
"real",0.138613861386139
"real",0.415841584158416
"real",0.0693069306930693
"real",0.0396039603960396
"real",0
"real",0
"real",0
"real",0.96039603960396
"real",0.676190476190476
"real",0
"real",0
"real",0
"real",0.952380952380952
"real",0.19047619047619
"real",0
"real",0
"real",1
"real",0.621359223300971
"real",0.0480769230769231
"real",0
"real",0
"real",0
"real",1
"real",1
"real",0.019047619047619
"real",0
"real",0.644230769230769
"real",1
"real",0.580952380952381
"real",0.019047619047619
"real",0.0380952380952381
"real",0
"real",1
"real",0.0761904761904762
"real",0.00952380952380952
"real",0.857142857142857
"real",0.333333333333333
"real",0.0380952380952381
"real",0.0285714285714286
"real",0.375
"real",0.865384615384615
"real",0.0961538461538462
"real",0
"real",0.990384615384615
"real",0.666666666666667
"real",0.0666666666666667
"real",0
"real",0
"real",0
"real",0.333333333333333
"real",1
"real",0
"real",0
"real",0.0380952380952381
"real",0
"real",0.0476190476190476
"real",0
"real",0.019047619047619
"real",0.019047619047619
"real",0
"real",0
"real",0
"real",0.0380952380952381
"real",0.99047619047619
"real",0.2
"real",0
"real",0
"real",1
"real",0.201923076923077
"real",0.0571428571428571
"real",0
"real",0
"real",0.676190476190476
"real",0.180952380952381
"real",0.0666666666666667
"real",0.019047619047619
"real",0
"real",0
"real",0.019047619047619
"real",0.266666666666667
"real",0.761904761904762
"real",0.019047619047619
"real",0.00952380952380952
"real",0.714285714285714
"real",0.847619047619048
"real",0.20952380952381
"real",0
"real",0
"real",0.542857142857143
"real",0.114285714285714
"real",0
"real",0
"real",0.54368932038835
"real",0.342857142857143
"real",0
"real",0.60952380952381
"real",0.923809523809524
"real",0
"real",0
"real",0
"real",0.00952380952380952
"real",1
"real",1
"real",1
"real",0
"real",0
"real",0
"real",0.855769230769231
"real",1
"real",0
"real",0
"real",0
"real",1
"real",0.495238095238095
"real",0
"real",0.00952380952380952
"real",0
"real",0
"real",0.980952380952381
"real",0.836538461538462
"real",0
"real",0
"real",0.0697674418604651
"real",1
"real",0.261904761904762
"real",0.162790697674419
"real",1
"real",1
"real",0.0465116279069767
"real",0
"real",0
"real",1
"real",1
"real",0
"real",0
"real",0.0465116279069767
"real",1
"real",0.534883720930233
"real",0
"real",0
"real",0
"real",0
"real",0.928571428571429
"real",0.930232558139535
"real",0.697674418604651
"real",0
"real",0
"real",0
"real",0
"real",1
"real",1
"real",0.0465116279069767
"real",0
"real",0
"real",0
"real",0
"real",1
"real",1
"real",0.0232558139534884
"real",0
"real",1
"real",0.785714285714286
"real",0.395348837209302
"real",0.166666666666667
"real",0
"real",0
"real",0.0232558139534884
"real",1
"real",0.261904761904762
"real",0
"real",0.119047619047619
"real",0
"real",0
"real",1
"real",0.372093023255814
"real",0.166666666666667
"real",0.0714285714285714
"real",0
"real",0
"real",1
"real",0.642857142857143
"real",0.162790697674419
"real",0.232558139534884
"real",0
"real",0
"real",1
"real",1
"real",1
"real",1
"real",1
"real",0
"real",1
"real",1
"real",1
"real",0
"real",0
"real",0
"real",1
"real",1
"real",1
"real",1
"real",0
"real",0
"real",0
"real",0
"real",0
"real",1
"real",1
"real",1
"real",0
"real",0
"real",0.0465116279069767
"real",1
"real",0
"real",0
"real",0
"real",0
"real",0
"real",0
"real",1
"real",0.906976744186046
"real",0.465116279069767
"real",0
"real",1
"real",1
"real",0
"real",1
"real",0.463414634146341
"real",0
"real",0
"real",0
"real",1
"real",0.0731707317073171
"real",0
"real",0
"real",0
"real",0.488372093023256
"real",1
"real",0.465116279069767
"real",0.0697674418604651
"real",0
"real",1
"real",0.790697674418605
"real",0.261904761904762
"real",0.30952380952381
"real",0
"real",0
"real",0.0465116279069767
"real",0
"real",1
"real",0.418604651162791
"real",0.30952380952381
"real",0.0465116279069767
"real",0.209302325581395
"real",0
"real",1
"real",1
"real",0.0232558139534884
"real",0
"real",0
"real",0.0232558139534884
"real",0
"real",1
"real",1
"real",0.697674418604651
"real",0
"real",0.69047619047619
"real",0.302325581395349
"real",0.465116279069767
"real",0
"real",0
"real",1
"real",1
"real",1
"real",0
"real",0
"real",0
"real",0
"real",0
"real",1
"real",1
"real",0
"real",0
"real",0
"real",1
"real",0.0232558139534884
"real",0.0232558139534884
"real",0
"real",1
"real",1
"real",0
"real",0
"real",0
"real",0.0476190476190476
"real",1
"real",1
"real",0.0697674418604651
"real",0
"real",1
"real",1
"real",0.465116279069767
"real",0.0232558139534884
"real",0.0465116279069767
"real",0
"real",1
"real",0.348837209302326
"real",0
"real",1
"real",1
"real",0
"real",0
"real",1
"real",1
"real",1
"real",0
"real",1
"real",1
"real",1
"real",0
"real",0
"real",0
"real",1
"real",1
"real",0
"real",0
"real",0
"real",0
"real",0
"real",1
"real",1
"real",1
"real",0
"real",0
"real",0
"real",1
"real",1
"real",0.0232558139534884
"real",0.0232558139534884
"real",0
"real",1
"real",0.674418604651163
"real",0.666666666666667
"real",0
"real",0
"real",1
"real",1
"real",0.0232558139534884
"real",0.0232558139534884
"real",0
"real",0
"real",0
"real",0.13953488372093
"real",1
"real",0.0930232558139535
"real",0
"real",1
"real",1
"real",0
"real",0.0232558139534884
"real",0
"real",1
"real",1
"real",0
"real",0
"real",1
"real",0.813953488372093
"real",0
"real",0.0232558139534884
"real",1
"real",0
"real",0
"real",0.0232558139534884
"real",0
"real",1
"real",0
"real",1
"real",0
"real",0
"real",0
"real",1
"real",1
"real",0
"real",0
"real",0
"real",1
"real",1
"real",0
"real",0
"real",0
"real",0
"real",1
"real",0.976744186046512
"real",0.0465116279069767
"real",0
"shipped_shape0.5",0.296296296296296
"shipped_shape0.5",0.00462962962962963
"shipped_shape0.5",0.416666666666667
"shipped_shape0.5",0.0747663551401869
"shipped_shape0.5",0.0416666666666667
"shipped_shape0.5",0.11214953271028
"shipped_shape0.5",0.2
"shipped_shape0.5",0.152777777777778
"shipped_shape0.5",0.652777777777778
"shipped_shape0.5",0.0972222222222222
"shipped_shape0.5",0.462962962962963
"shipped_shape0.5",0.00930232558139535
"shipped_shape0.5",0.268518518518519
"shipped_shape0.5",0.0787037037037037
"shipped_shape0.5",0.361111111111111
"shipped_shape0.5",0.117370892018779
"shipped_shape0.5",0.263888888888889
"shipped_shape0.5",0.283720930232558
"shipped_shape0.5",0.305555555555556
"shipped_shape0.5",0.75
"shipped_shape0.5",0.0601851851851852
"shipped_shape0.5",0.0694444444444444
"shipped_shape0.5",0.393518518518519
"shipped_shape0.5",0.00462962962962963
"shipped_shape0.5",0.0185185185185185
"shipped_shape0.5",0.0138888888888889
"shipped_shape0.5",0.0185185185185185
"shipped_shape0.5",0.953703703703704
"shipped_shape0.5",0.0972222222222222
"shipped_shape0.5",0
"shipped_shape0.5",0.143518518518519
"shipped_shape0.5",0.134259259259259
"shipped_shape0.5",0.865740740740741
"shipped_shape0.5",0
"shipped_shape0.5",0.0740740740740741
"shipped_shape0.5",0.590697674418605
"shipped_shape0.5",0.203703703703704
"shipped_shape0.5",0.717592592592593
"shipped_shape0.5",0.00925925925925926
"shipped_shape0.5",0.0138888888888889
"shipped_shape0.5",0.425925925925926
"shipped_shape0.5",0.0648148148148148
"shipped_shape0.5",0.0509259259259259
"shipped_shape0.5",0.37037037037037
"shipped_shape0.5",0.782407407407407
"shipped_shape0.5",0.0560747663551402
"shipped_shape0.5",0.00462962962962963
"shipped_shape0.5",0.782407407407407
"shipped_shape0.5",0
"shipped_shape0.5",0.393518518518519
"shipped_shape0.5",0.037037037037037
"shipped_shape0.5",0.0694444444444444
"shipped_shape0.5",0.604651162790698
"shipped_shape0.5",0.143518518518519
"shipped_shape0.5",0.106481481481481
"shipped_shape0.5",0.0740740740740741
"shipped_shape0.5",0.0851063829787234
"shipped_shape0.5",0.0851063829787234
"shipped_shape0.5",0.0531914893617021
"shipped_shape0.5",0.0957446808510638
"shipped_shape0.5",0
"shipped_shape0.5",0
"shipped_shape0.5",0.117021276595745
"shipped_shape0.5",0
"shipped_shape0.5",0.0638297872340425
"shipped_shape0.5",0.0319148936170213
"shipped_shape0.5",0.0425531914893617
"shipped_shape0.5",0.0967741935483871
"shipped_shape0.5",0.0319148936170213
"shipped_shape0.5",0.276595744680851
"shipped_shape0.5",0.223404255319149
"shipped_shape0.5",0.202127659574468
"shipped_shape0.5",0.180851063829787
"shipped_shape0.5",0
"shipped_shape0.5",0.670212765957447
"shipped_shape0.5",0
"shipped_shape0.5",0.361702127659574
"shipped_shape0.5",0.202127659574468
"shipped_shape0.5",0.376344086021505
"shipped_shape0.5",0.297872340425532
"shipped_shape0.5",0
"shipped_shape0.5",0
"shipped_shape0.5",0.48936170212766
"shipped_shape0.5",0.162037037037037
"shipped_shape0.5",0.0531914893617021
"shipped_shape0.5",0.856481481481482
"shipped_shape0.5",0.324074074074074
"shipped_shape0.5",0.0648148148148148
"shipped_shape0.5",0.00465116279069767
"shipped_shape0.5",0.0511627906976744
"shipped_shape0.5",0
"shipped_shape0.5",0.861111111111111
"shipped_shape0.5",0.0138888888888889
"shipped_shape0.5",0.416666666666667
"shipped_shape0.5",0.0694444444444444
"shipped_shape0.5",0.708333333333333
"shipped_shape0.5",0
"shipped_shape0.5",0.0277777777777778
"shipped_shape0.5",0.0138888888888889
"shipped_shape0.5",0.0416666666666667
"shipped_shape0.5",0.0185185185185185
"shipped_shape0.5",0.277777777777778
"shipped_shape0.5",0.00925925925925926
"shipped_shape0.5",0.171296296296296
"shipped_shape0.5",0.398148148148148
"shipped_shape0.5",0.241860465116279
"shipped_shape0.5",0.143518518518519
"shipped_shape0.5",0.0231481481481481
"shipped_shape0.5",0
"shipped_shape0.5",0.453703703703704
"shipped_shape0.5",0.0186046511627907
"shipped_shape0.5",0.597222222222222
"shipped_shape0.5",0.407407407407407
"shipped_shape0.5",0.0138888888888889
"shipped_shape0.5",0.0185185185185185
"shipped_shape0.5",0.0925925925925926
"shipped_shape0.5",0.00934579439252336
"shipped_shape0.5",0.148148148148148
"shipped_shape0.5",0.685185185185185
"shipped_shape0.5",0.625
"shipped_shape0.5",0.0138888888888889
"shipped_shape0.5",0.708333333333333
"shipped_shape0.5",0.111111111111111
"shipped_shape0.5",0.00462962962962963
"shipped_shape0.5",0.12037037037037
"shipped_shape0.5",0.106976744186047
"shipped_shape0.5",0.333333333333333
"shipped_shape0.5",0.00471698113207547
"shipped_shape0.5",0.64018691588785
"shipped_shape0.5",0.209302325581395
"shipped_shape0.5",0.546296296296296
"shipped_shape0.5",0.0418604651162791
"shipped_shape0.5",0.532407407407407
"shipped_shape0.5",0.222222222222222
"shipped_shape0.5",0.027906976744186
"shipped_shape0.5",0.67906976744186
"shipped_shape0.5",0.00930232558139535
"shipped_shape0.5",0.0325581395348837
"shipped_shape0.5",0.027906976744186
"shipped_shape0.5",0.0558139534883721
"shipped_shape0.5",0.106976744186047
"shipped_shape0.5",0.111627906976744
"shipped_shape0.5",0.291666666666667
"shipped_shape0.5",0.388888888888889
"shipped_shape0.5",0.167441860465116
"shipped_shape0.5",0
"shipped_shape0.5",0
"shipped_shape0.5",0.25462962962963
"shipped_shape0.5",0.597222222222222
"shipped_shape0.5",0.0833333333333333
"shipped_shape0.5",0.37037037037037
"shipped_shape0.5",0.0462962962962963
"shipped_shape0.5",0.444444444444444
"shipped_shape0.5",0.939814814814815
"shipped_shape0.5",0
"shipped_shape0.5",0.523148148148148
"shipped_shape0.5",0.00462962962962963
"shipped_shape0.5",0.00925925925925926
"shipped_shape0.5",0.00462962962962963
"shipped_shape0.5",0.0925925925925926
"shipped_shape0.5",0.00462962962962963
"shipped_shape0.5",0.037037037037037
"shipped_shape0.5",0.273148148148148
"shipped_shape0.5",0.597222222222222
"shipped_shape0.5",0
"shipped_shape0.5",0.208333333333333
"shipped_shape0.5",0.0833333333333333
"shipped_shape0.5",0.00462962962962963
"shipped_shape0.5",0
"shipped_shape0.5",0.0648148148148148
"shipped_shape0.5",0.171296296296296
"shipped_shape0.5",0.0231481481481481
"shipped_shape0.5",0.257009345794392
"shipped_shape0.5",0.0138888888888889
"shipped_shape0.5",0.469767441860465
"shipped_shape0.5",0.0185185185185185
"shipped_shape0.5",0.102325581395349
"shipped_shape0.5",0.613953488372093
"shipped_shape0.5",0.358139534883721
"shipped_shape0.5",0.0325581395348837
"shipped_shape0.5",0.0465116279069767
"shipped_shape0.5",0.697674418604651
"shipped_shape0.5",0.00930232558139535
"shipped_shape0.5",0.0418604651162791
"shipped_shape0.5",0.00465116279069767
"shipped_shape0.5",0.027906976744186
"shipped_shape0.5",0.088785046728972
"shipped_shape0.5",0.102325581395349
"shipped_shape0.5",0.663551401869159
"shipped_shape0.5",0.274418604651163
"shipped_shape0.5",0.823255813953488
"shipped_shape0.5",0.00462962962962963
"shipped_shape0.5",0.0324074074074074
"shipped_shape0.5",0.00462962962962963
"shipped_shape0.5",0.125
"shipped_shape0.5",0.269767441860465
"shipped_shape0.5",0.425925925925926
"shipped_shape0.5",0.444444444444444
"shipped_shape0.5",0.134259259259259
"shipped_shape0.5",0.430555555555556
"shipped_shape0.5",0.115740740740741
"shipped_shape0.5",0.402777777777778
"shipped_shape0.5",0.0416666666666667
"shipped_shape0.5",0.865740740740741
"shipped_shape0.5",0.574074074074074
"shipped_shape0.5",0.0601851851851852
"shipped_shape0.5",0.209302325581395
"shipped_shape0.5",0.490740740740741
"shipped_shape0.5",0.412037037037037
"shipped_shape0.5",0.287037037037037
"shipped_shape0.5",0.138888888888889
"shipped_shape0.5",0
"shipped_shape0.5",0.106481481481481
"shipped_shape0.5",0.217592592592593
"shipped_shape0.5",0.228971962616822
"shipped_shape0.5",0.314814814814815
"shipped_shape0.5",0.509259259259259
"shipped_shape0.5",0
"shipped_shape0.5",0.00925925925925926
"shipped_shape0.5",0.199074074074074
"shipped_shape0.5",0.106481481481481
"shipped_shape0.5",0
"shipped_shape0.5",0.259259259259259
"shipped_shape0.5",0.772093023255814
"shipped_shape0.5",0.176744186046512
"shipped_shape0.5",0.851851851851852
"shipped_shape0.5",0.277777777777778
"shipped_shape0.5",0.337962962962963
"shipped_shape0.5",0.393518518518519
"shipped_shape0.5",0.153488372093023
"shipped_shape0.5",0.293023255813953
"shipped_shape0.5",0.0231481481481481
"shipped_shape0.5",0
"shipped_shape0.5",0.0509259259259259
"shipped_shape0.5",0
"shipped_shape0.5",0.12962962962963
"shipped_shape0.5",0.0787037037037037
"shipped_shape0.5",0.194444444444444
"shipped_shape0.5",0.0231481481481481
"shipped_shape0.5",0.166666666666667
"shipped_shape0.5",0.0416666666666667
"shipped_shape0.5",0
"shipped_shape0.5",0
"shipped_shape0.5",0.106481481481481
"shipped_shape0.5",0.0555555555555556
"shipped_shape0.5",0.316279069767442
"shipped_shape0.5",0.0416666666666667
"shipped_shape0.5",0.0324074074074074
"shipped_shape0.5",0.222222222222222
"shipped_shape0.5",0.699074074074074
"shipped_shape0.5",0.209302325581395
"shipped_shape0.5",0.25462962962963
"shipped_shape0.5",0
"shipped_shape0.5",0.240740740740741
"shipped_shape0.5",0.0833333333333333
"shipped_shape0.5",0
"shipped_shape0.5",0.884259259259259
"shipped_shape0.5",0.00925925925925926
"shipped_shape0.5",0.851851851851852
"shipped_shape0.5",0.0185185185185185
"shipped_shape0.5",0.476851851851852
"shipped_shape0.5",0.509259259259259
"shipped_shape0.5",0.0324074074074074
"shipped_shape0.5",0.0833333333333333
"shipped_shape0.5",0.101851851851852
"shipped_shape0.5",0.0416666666666667
"shipped_shape0.5",0.0231481481481481
"shipped_shape0.5",0.12037037037037
"shipped_shape0.5",0.398148148148148
"shipped_shape0.5",0
"shipped_shape0.5",0.00925925925925926
"shipped_shape0.5",0.0462962962962963
"shipped_shape0.5",0.359090909090909
"shipped_shape0.5",0.00454545454545455
"shipped_shape0.5",0.518348623853211
"shipped_shape0.5",0.0227272727272727
"shipped_shape0.5",0.0545454545454545
"shipped_shape0.5",0.0867579908675799
"shipped_shape0.5",0.17351598173516
"shipped_shape0.5",0.127853881278539
"shipped_shape0.5",0.609090909090909
"shipped_shape0.5",0.0954545454545455
"shipped_shape0.5",0.459090909090909
"shipped_shape0.5",0.0454545454545455
"shipped_shape0.5",0.354545454545455
"shipped_shape0.5",0.118181818181818
"shipped_shape0.5",0.309090909090909
"shipped_shape0.5",0.0681818181818182
"shipped_shape0.5",0.231818181818182
"shipped_shape0.5",0.254545454545455
"shipped_shape0.5",0.304545454545455
"shipped_shape0.5",0.854545454545454
"shipped_shape0.5",0.0681818181818182
"shipped_shape0.5",0.0636363636363636
"shipped_shape0.5",0.236363636363636
"shipped_shape0.5",0
"shipped_shape0.5",0.0181818181818182
"shipped_shape0.5",0.0545454545454545
"shipped_shape0.5",0.0136363636363636
"shipped_shape0.5",0.940909090909091
"shipped_shape0.5",0.091324200913242
"shipped_shape0.5",0
"shipped_shape0.5",0.15
"shipped_shape0.5",0.1
"shipped_shape0.5",0.817351598173516
"shipped_shape0.5",0.0318181818181818
"shipped_shape0.5",0.15
"shipped_shape0.5",0.589041095890411
"shipped_shape0.5",0.140909090909091
"shipped_shape0.5",0.668181818181818
"shipped_shape0.5",0
"shipped_shape0.5",0.00909090909090909
"shipped_shape0.5",0.309090909090909
"shipped_shape0.5",0.0772727272727273
"shipped_shape0.5",0.00454545454545455
"shipped_shape0.5",0.268181818181818
"shipped_shape0.5",0.704545454545455
"shipped_shape0.5",0.0545454545454545
"shipped_shape0.5",0.00454545454545455
"shipped_shape0.5",0.859090909090909
"shipped_shape0.5",0.0136363636363636
"shipped_shape0.5",0.377272727272727
"shipped_shape0.5",0.00909090909090909
"shipped_shape0.5",0.05
"shipped_shape0.5",0.684931506849315
"shipped_shape0.5",0.447488584474886
"shipped_shape0.5",0.136363636363636
"shipped_shape0.5",0.0409090909090909
"shipped_shape0.5",0.0590909090909091
"shipped_shape0.5",0.0681818181818182
"shipped_shape0.5",0.0727272727272727
"shipped_shape0.5",0.0590909090909091
"shipped_shape0.5",0
"shipped_shape0.5",0.00454545454545455
"shipped_shape0.5",0.222727272727273
"shipped_shape0.5",0
"shipped_shape0.5",0.131818181818182
"shipped_shape0.5",0.0181818181818182
"shipped_shape0.5",0.0863636363636364
"shipped_shape0.5",0.032258064516129
"shipped_shape0.5",0.0681818181818182
"shipped_shape0.5",0.163636363636364
"shipped_shape0.5",0.263636363636364
"shipped_shape0.5",0.236363636363636
"shipped_shape0.5",0.213636363636364
"shipped_shape0.5",0.00909090909090909
"shipped_shape0.5",0.804545454545455
"shipped_shape0.5",0.00454545454545455
"shipped_shape0.5",0.268181818181818
"shipped_shape0.5",0.277272727272727
"shipped_shape0.5",0.472727272727273
"shipped_shape0.5",0.354545454545455
"shipped_shape0.5",0.00454545454545455
"shipped_shape0.5",0
"shipped_shape0.5",0.218181818181818
"shipped_shape0.5",0.118181818181818
"shipped_shape0.5",0.0958904109589041
"shipped_shape0.5",0.836363636363636
"shipped_shape0.5",0.0502283105022831
"shipped_shape0.5",0.091324200913242
"shipped_shape0.5",0
"shipped_shape0.5",0.19815668202765
"shipped_shape0.5",0
"shipped_shape0.5",0.767123287671233
"shipped_shape0.5",0.0045662100456621
"shipped_shape0.5",0.621004566210046
"shipped_shape0.5",0.0136986301369863
"shipped_shape0.5",0.858447488584475
"shipped_shape0.5",0
"shipped_shape0.5",0.045662100456621
"shipped_shape0.5",0
"shipped_shape0.5",0.123287671232877
"shipped_shape0.5",0
"shipped_shape0.5",0.242009132420091
"shipped_shape0.5",0.0045662100456621
"shipped_shape0.5",0.118721461187215
"shipped_shape0.5",0.136986301369863
"shipped_shape0.5",0.232876712328767
"shipped_shape0.5",0.187214611872146
"shipped_shape0.5",0.100456621004566
"shipped_shape0.5",0
"shipped_shape0.5",0.452054794520548
"shipped_shape0.5",0.0319634703196347
"shipped_shape0.5",0.534246575342466
"shipped_shape0.5",0.322727272727273
"shipped_shape0.5",0
"shipped_shape0.5",0.0136363636363636
"shipped_shape0.5",0.1
"shipped_shape0.5",0.045662100456621
"shipped_shape0.5",0.223744292237443
"shipped_shape0.5",0.718181818181818
"shipped_shape0.5",0.672727272727273
"shipped_shape0.5",0.0272727272727273
"shipped_shape0.5",0.872727272727273
"shipped_shape0.5",0.127272727272727
"shipped_shape0.5",0.00909090909090909
"shipped_shape0.5",0.259090909090909
"shipped_shape0.5",0.113636363636364
"shipped_shape0.5",0.440909090909091
"shipped_shape0.5",0
"shipped_shape0.5",0.481818181818182
"shipped_shape0.5",0.145454545454545
"shipped_shape0.5",0.645454545454546
"shipped_shape0.5",0.122727272727273
"shipped_shape0.5",0.563636363636364
"shipped_shape0.5",0.263636363636364
"shipped_shape0.5",0.0318181818181818
"shipped_shape0.5",0.736363636363636
"shipped_shape0.5",0.00909090909090909
"shipped_shape0.5",0.0272727272727273
"shipped_shape0.5",0.05
"shipped_shape0.5",0.0318181818181818
"shipped_shape0.5",0.122727272727273
"shipped_shape0.5",0.136363636363636
"shipped_shape0.5",0.163636363636364
"shipped_shape0.5",0.168181818181818
"shipped_shape0.5",0.154545454545455
"shipped_shape0.5",0
"shipped_shape0.5",0
"shipped_shape0.5",0.318181818181818
"shipped_shape0.5",0.709090909090909
"shipped_shape0.5",0.122727272727273
"shipped_shape0.5",0.454545454545455
"shipped_shape0.5",0.0181818181818182
"shipped_shape0.5",0.422727272727273
"shipped_shape0.5",0.872727272727273
"shipped_shape0.5",0
"shipped_shape0.5",0.490909090909091
"shipped_shape0.5",0.00454545454545455
"shipped_shape0.5",0.00454545454545455
"shipped_shape0.5",0
"shipped_shape0.5",0.0909090909090909
"shipped_shape0.5",0.00454545454545455
"shipped_shape0.5",0.00909090909090909
"shipped_shape0.5",0.204545454545455
"shipped_shape0.5",0.54337899543379
"shipped_shape0.5",0
"shipped_shape0.5",0.213636363636364
"shipped_shape0.5",0.0545454545454545
"shipped_shape0.5",0
"shipped_shape0.5",0.0181818181818182
"shipped_shape0.5",0
"shipped_shape0.5",0.154545454545455
"shipped_shape0.5",0.0136986301369863
"shipped_shape0.5",0.231818181818182
"shipped_shape0.5",0.0545454545454545
"shipped_shape0.5",0.490909090909091
"shipped_shape0.5",0
"shipped_shape0.5",0.0681818181818182
"shipped_shape0.5",0.531818181818182
"shipped_shape0.5",0.304545454545455
"shipped_shape0.5",0.0272727272727273
"shipped_shape0.5",0.0409090909090909
"shipped_shape0.5",0.504545454545455
"shipped_shape0.5",0.00454545454545455
"shipped_shape0.5",0.0319634703196347
"shipped_shape0.5",0.0409090909090909
"shipped_shape0.5",0.0229357798165138
"shipped_shape0.5",0.0462962962962963
"shipped_shape0.5",0.0645161290322581
"shipped_shape0.5",0.589041095890411
"shipped_shape0.5",0.327272727272727
"shipped_shape0.5",0.818181818181818
"shipped_shape0.5",0
"shipped_shape0.5",0.05
"shipped_shape0.5",0.0136363636363636
"shipped_shape0.5",0.164383561643836
"shipped_shape0.5",0.290909090909091
"shipped_shape0.5",0.168181818181818
"shipped_shape0.5",0.368181818181818
"shipped_shape0.5",0.177272727272727
"shipped_shape0.5",0.540909090909091
"shipped_shape0.5",0.163636363636364
"shipped_shape0.5",0.3
"shipped_shape0.5",0.0181818181818182
"shipped_shape0.5",0.790909090909091
"shipped_shape0.5",0.65
"shipped_shape0.5",0.1
"shipped_shape0.5",0.318181818181818
"shipped_shape0.5",0.695454545454545
"shipped_shape0.5",0.463636363636364
"shipped_shape0.5",0.227272727272727
"shipped_shape0.5",0.186363636363636
"shipped_shape0.5",0
"shipped_shape0.5",0.0727272727272727
"shipped_shape0.5",0.345454545454545
"shipped_shape0.5",0.154545454545455
"shipped_shape0.5",0.459090909090909
"shipped_shape0.5",0.545454545454545
"shipped_shape0.5",0.00454545454545455
"shipped_shape0.5",0.0091324200913242
"shipped_shape0.5",0.245454545454545
"shipped_shape0.5",0.0727272727272727
"shipped_shape0.5",0.00909090909090909
"shipped_shape0.5",0.304545454545455
"shipped_shape0.5",0.908675799086758
"shipped_shape0.5",0.236363636363636
"shipped_shape0.5",0.854545454545454
"shipped_shape0.5",0.445454545454545
"shipped_shape0.5",0.545454545454545
"shipped_shape0.5",0.545454545454545
"shipped_shape0.5",0.0684931506849315
"shipped_shape0.5",0.418181818181818
"shipped_shape0.5",0.109090909090909
"shipped_shape0.5",0
"shipped_shape0.5",0.0547945205479452
"shipped_shape0.5",0
"shipped_shape0.5",0.123287671232877
"shipped_shape0.5",0.0772727272727273
"shipped_shape0.5",0.0772727272727273
"shipped_shape0.5",0.00909090909090909
"shipped_shape0.5",0.1
"shipped_shape0.5",0
"shipped_shape0.5",0.0045662100456621
"shipped_shape0.5",0
"shipped_shape0.5",0.127853881278539
"shipped_shape0.5",0.0363636363636364
"shipped_shape0.5",0.413636363636364
"shipped_shape0.5",0.0863636363636364
"shipped_shape0.5",0.0181818181818182
"shipped_shape0.5",0.145454545454545
"shipped_shape0.5",0.695454545454545
"shipped_shape0.5",0.227272727272727
"shipped_shape0.5",0.322727272727273
"shipped_shape0.5",0
"shipped_shape0.5",0.278538812785388
"shipped_shape0.5",0.0545454545454545
"shipped_shape0.5",0
"shipped_shape0.5",0.959090909090909
"shipped_shape0.5",0.0818181818181818
"shipped_shape0.5",0.781818181818182
"shipped_shape0.5",0.0181818181818182
"shipped_shape0.5",0.390909090909091
"shipped_shape0.5",0.472727272727273
"shipped_shape0.5",0.00454545454545455
"shipped_shape0.5",0.160550458715596
"shipped_shape0.5",0.0909090909090909
"shipped_shape0.5",0.0454545454545455
"shipped_shape0.5",0.0954545454545455
"shipped_shape0.5",0.0863636363636364
"shipped_shape0.5",0.345454545454545
"shipped_shape0.5",0.0136986301369863
"shipped_shape0.5",0.0227272727272727
"shipped_shape0.5",0.0636363636363636
"shipped_shape0.5",0.240384615384615
"shipped_shape0.5",0.019047619047619
"shipped_shape0.5",0.432692307692308
"shipped_shape0.5",0.0428571428571429
"shipped_shape0.5",0.0428571428571429
"shipped_shape0.5",0.062200956937799
"shipped_shape0.5",0.31578947368421
"shipped_shape0.5",0.180952380952381
"shipped_shape0.5",0.695238095238095
"shipped_shape0.5",0.0857142857142857
"shipped_shape0.5",0.280952380952381
"shipped_shape0.5",0.00956937799043062
"shipped_shape0.5",0.357142857142857
"shipped_shape0.5",0.114285714285714
"shipped_shape0.5",0.280952380952381
"shipped_shape0.5",0.133971291866029
"shipped_shape0.5",0.204761904761905
"shipped_shape0.5",0.276190476190476
"shipped_shape0.5",0.371428571428571
"shipped_shape0.5",0.785714285714286
"shipped_shape0.5",0.104761904761905
"shipped_shape0.5",0.0380952380952381
"shipped_shape0.5",0.3
"shipped_shape0.5",0
"shipped_shape0.5",0.0333333333333333
"shipped_shape0.5",0.0142857142857143
"shipped_shape0.5",0.0285714285714286
"shipped_shape0.5",0.938095238095238
"shipped_shape0.5",0.0869565217391304
"shipped_shape0.5",0
"shipped_shape0.5",0.180952380952381
"shipped_shape0.5",0.214285714285714
"shipped_shape0.5",0.904761904761905
"shipped_shape0.5",0.00952380952380952
"shipped_shape0.5",0.114285714285714
"shipped_shape0.5",0.564593301435407
"shipped_shape0.5",0.219047619047619
"shipped_shape0.5",0.685714285714286
"shipped_shape0.5",0.0242718446601942
"shipped_shape0.5",0.00952380952380952
"shipped_shape0.5",0.358851674641148
"shipped_shape0.5",0.0813397129186603
"shipped_shape0.5",0.0952380952380952
"shipped_shape0.5",0.414285714285714
"shipped_shape0.5",0.804761904761905
"shipped_shape0.5",0.0238095238095238
"shipped_shape0.5",0
"shipped_shape0.5",0.766666666666667
"shipped_shape0.5",0.00476190476190476
"shipped_shape0.5",0.452380952380952
"shipped_shape0.5",0.019047619047619
"shipped_shape0.5",0.0428571428571429
"shipped_shape0.5",0.594202898550725
"shipped_shape0.5",0.291866028708134
"shipped_shape0.5",0.266666666666667
"shipped_shape0.5",0.0523809523809524
"shipped_shape0.5",0.133333333333333
"shipped_shape0.5",0.0526315789473684
"shipped_shape0.5",0.104761904761905
"shipped_shape0.5",0.0619047619047619
"shipped_shape0.5",0
"shipped_shape0.5",0.0142857142857143
"shipped_shape0.5",0.29047619047619
"shipped_shape0.5",0
"shipped_shape0.5",0.0714285714285714
"shipped_shape0.5",0.0478468899521531
"shipped_shape0.5",0.0913461538461538
"shipped_shape0.5",0.0483091787439614
"shipped_shape0.5",0.0476190476190476
"shipped_shape0.5",0.20952380952381
"shipped_shape0.5",0.180952380952381
"shipped_shape0.5",0.238095238095238
"shipped_shape0.5",0.285714285714286
"shipped_shape0.5",0.00952380952380952
"shipped_shape0.5",0.671428571428571
"shipped_shape0.5",0
"shipped_shape0.5",0.223809523809524
"shipped_shape0.5",0.301435406698565
"shipped_shape0.5",0.392344497607655
"shipped_shape0.5",0.542857142857143
"shipped_shape0.5",0
"shipped_shape0.5",0
"shipped_shape0.5",0.366666666666667
"shipped_shape0.5",0.233333333333333
"shipped_shape0.5",0.0476190476190476
"shipped_shape0.5",0.928571428571429
"shipped_shape0.5",0.135265700483092
"shipped_shape0.5",0.0380952380952381
"shipped_shape0.5",0
"shipped_shape0.5",0.0434782608695652
"shipped_shape0.5",0
"shipped_shape0.5",0.807692307692308
"shipped_shape0.5",0.0619047619047619
"shipped_shape0.5",0.440191387559809
"shipped_shape0.5",0.019047619047619
"shipped_shape0.5",0.766666666666667
"shipped_shape0.5",0
"shipped_shape0.5",0.0523809523809524
"shipped_shape0.5",0.00952380952380952
"shipped_shape0.5",0.0714285714285714
"shipped_shape0.5",0.0285714285714286
"shipped_shape0.5",0.143540669856459
"shipped_shape0.5",0.00952380952380952
"shipped_shape0.5",0.0952380952380952
"shipped_shape0.5",0.219047619047619
"shipped_shape0.5",0.320574162679426
"shipped_shape0.5",0.138095238095238
"shipped_shape0.5",0.0238095238095238
"shipped_shape0.5",0
"shipped_shape0.5",0.514285714285714
"shipped_shape0.5",0.0384615384615385
"shipped_shape0.5",0.495238095238095
"shipped_shape0.5",0.307291666666667
"shipped_shape0.5",0
"shipped_shape0.5",0.0104712041884817
"shipped_shape0.5",0.078125
"shipped_shape0.5",0.0687830687830688
"shipped_shape0.5",0.152631578947368
"shipped_shape0.5",0.614583333333333
"shipped_shape0.5",0.744791666666667
"shipped_shape0.5",0.0520833333333333
"shipped_shape0.5",0.759162303664921
"shipped_shape0.5",0.114583333333333
"shipped_shape0.5",0
"shipped_shape0.5",0.270833333333333
"shipped_shape0.5",0.0885416666666667
"shipped_shape0.5",0.3125
"shipped_shape0.5",0.0104166666666667
"shipped_shape0.5",0.619791666666667
"shipped_shape0.5",0.135416666666667
"shipped_shape0.5",0.46875
"shipped_shape0.5",0.0418848167539267
"shipped_shape0.5",0.6875
"shipped_shape0.5",0.380208333333333
"shipped_shape0.5",0.0142857142857143
"shipped_shape0.5",0.69047619047619
"shipped_shape0.5",0
"shipped_shape0.5",0.00476190476190476
"shipped_shape0.5",0.0287081339712919
"shipped_shape0.5",0.0380952380952381
"shipped_shape0.5",0.128571428571429
"shipped_shape0.5",0.195238095238095
"shipped_shape0.5",0.280952380952381
"shipped_shape0.5",0.228571428571429
"shipped_shape0.5",0.129186602870813
"shipped_shape0.5",0
"shipped_shape0.5",0.00952380952380952
"shipped_shape0.5",0.285714285714286
"shipped_shape0.5",0.561904761904762
"shipped_shape0.5",0.0857142857142857
"shipped_shape0.5",0.361904761904762
"shipped_shape0.5",0.0428571428571429
"shipped_shape0.5",0.538095238095238
"shipped_shape0.5",0.971428571428571
"shipped_shape0.5",0
"shipped_shape0.5",0.342857142857143
"shipped_shape0.5",0
"shipped_shape0.5",0.0238095238095238
"shipped_shape0.5",0
"shipped_shape0.5",0.0714285714285714
"shipped_shape0.5",0
"shipped_shape0.5",0.0239234449760766
"shipped_shape0.5",0.166666666666667
"shipped_shape0.5",0.471428571428571
"shipped_shape0.5",0.00478468899521531
"shipped_shape0.5",0.285714285714286
"shipped_shape0.5",0.0956937799043062
"shipped_shape0.5",0
"shipped_shape0.5",0.0430622009569378
"shipped_shape0.5",0.019047619047619
"shipped_shape0.5",0.238095238095238
"shipped_shape0.5",0.0333333333333333
"shipped_shape0.5",0.352380952380952
"shipped_shape0.5",0.0619047619047619
"shipped_shape0.5",0.461904761904762
"shipped_shape0.5",0.00476190476190476
"shipped_shape0.5",0.176190476190476
"shipped_shape0.5",0.738095238095238
"shipped_shape0.5",0.347619047619048
"shipped_shape0.5",0.0238095238095238
"shipped_shape0.5",0.0285714285714286
"shipped_shape0.5",0.652380952380952
"shipped_shape0.5",0.0333333333333333
"shipped_shape0.5",0.0143540669856459
"shipped_shape0.5",0.0238095238095238
"shipped_shape0.5",0.019047619047619
"shipped_shape0.5",0.144230769230769
"shipped_shape0.5",0.0666666666666667
"shipped_shape0.5",0.433333333333333
"shipped_shape0.5",0.263157894736842
"shipped_shape0.5",0.795238095238095
"shipped_shape0.5",0
"shipped_shape0.5",0.0523809523809524
"shipped_shape0.5",0.0285714285714286
"shipped_shape0.5",0.252380952380952
"shipped_shape0.5",0.382775119617225
"shipped_shape0.5",0.233333333333333
"shipped_shape0.5",0.419047619047619
"shipped_shape0.5",0.080952380952381
"shipped_shape0.5",0.480952380952381
"shipped_shape0.5",0.148325358851675
"shipped_shape0.5",0.228571428571429
"shipped_shape0.5",0.0285714285714286
"shipped_shape0.5",0.838095238095238
"shipped_shape0.5",0.561904761904762
"shipped_shape0.5",0.0523809523809524
"shipped_shape0.5",0.238095238095238
"shipped_shape0.5",0.585714285714286
"shipped_shape0.5",0.427884615384615
"shipped_shape0.5",0.342857142857143
"shipped_shape0.5",0.0904761904761905
"shipped_shape0.5",0
"shipped_shape0.5",0.0714285714285714
"shipped_shape0.5",0.171428571428571
"shipped_shape0.5",0.328502415458937
"shipped_shape0.5",0.376190476190476
"shipped_shape0.5",0.471428571428571
"shipped_shape0.5",0
"shipped_shape0.5",0
"shipped_shape0.5",0.173076923076923
"shipped_shape0.5",0.0285714285714286
"shipped_shape0.5",0.0142857142857143
"shipped_shape0.5",0.185714285714286
"shipped_shape0.5",0.871428571428571
"shipped_shape0.5",0.171428571428571
"shipped_shape0.5",0.823809523809524
"shipped_shape0.5",0.314285714285714
"shipped_shape0.5",0.433333333333333
"shipped_shape0.5",0.380952380952381
"shipped_shape0.5",0.0904761904761905
"shipped_shape0.5",0.419047619047619
"shipped_shape0.5",0.0142857142857143
"shipped_shape0.5",0
"shipped_shape0.5",0.0526315789473684
"shipped_shape0.5",0
"shipped_shape0.5",0.171428571428571
"shipped_shape0.5",0.0380952380952381
"shipped_shape0.5",0.147619047619048
"shipped_shape0.5",0.0238095238095238
"shipped_shape0.5",0.104761904761905
"shipped_shape0.5",0.0571428571428571
"shipped_shape0.5",0
"shipped_shape0.5",0.00476190476190476
"shipped_shape0.5",0.0904761904761905
"shipped_shape0.5",0.133333333333333
"shipped_shape0.5",0.347619047619048
"shipped_shape0.5",0.0380952380952381
"shipped_shape0.5",0.0333333333333333
"shipped_shape0.5",0.195238095238095
"shipped_shape0.5",0.657142857142857
"shipped_shape0.5",0.214285714285714
"shipped_shape0.5",0.349282296650718
"shipped_shape0.5",0.00952380952380952
"shipped_shape0.5",0.214285714285714
"shipped_shape0.5",0.133333333333333
"shipped_shape0.5",0
"shipped_shape0.5",0.885714285714286
"shipped_shape0.5",0.00476190476190476
"shipped_shape0.5",0.725961538461538
"shipped_shape0.5",0.0142857142857143
"shipped_shape0.5",0.547619047619048
"shipped_shape0.5",0.547619047619048
"shipped_shape0.5",0.00476190476190476
"shipped_shape0.5",0.147619047619048
"shipped_shape0.5",0.1
"shipped_shape0.5",0.019047619047619
"shipped_shape0.5",0.0714285714285714
"shipped_shape0.5",0.10952380952381
"shipped_shape0.5",0.414285714285714
"shipped_shape0.5",0.00476190476190476
"shipped_shape0.5",0.0285714285714286
"shipped_shape0.5",0.20952380952381
"shipped_shape0.5",0.241706161137441
"shipped_shape0.5",0.00947867298578199
"shipped_shape0.5",0.454976303317536
"shipped_shape0.5",0.0568720379146919
"shipped_shape0.5",0.0805687203791469
"shipped_shape0.5",0.0917874396135266
"shipped_shape0.5",0.175355450236967
"shipped_shape0.5",0.199052132701422
"shipped_shape0.5",0.767772511848341
"shipped_shape0.5",0.0663507109004739
"shipped_shape0.5",0.322274881516588
"shipped_shape0.5",0.037914691943128
"shipped_shape0.5",0.393364928909953
"shipped_shape0.5",0.0710900473933649
"shipped_shape0.5",0.336538461538462
"shipped_shape0.5",0.0805687203791469
"shipped_shape0.5",0.345971563981043
"shipped_shape0.5",0.327014218009479
"shipped_shape0.5",0.417061611374408
"shipped_shape0.5",0.805687203791469
"shipped_shape0.5",0.0521327014218009
"shipped_shape0.5",0.121359223300971
"shipped_shape0.5",0.454976303317536
"shipped_shape0.5",0
"shipped_shape0.5",0.0853080568720379
"shipped_shape0.5",0.004739336492891
"shipped_shape0.5",0.028436018957346
"shipped_shape0.5",0.919047619047619
"shipped_shape0.5",0.113744075829384
"shipped_shape0.5",0
"shipped_shape0.5",0.14218009478673
"shipped_shape0.5",0.151658767772512
"shipped_shape0.5",0.862559241706161
"shipped_shape0.5",0.00947867298578199
"shipped_shape0.5",0.203791469194313
"shipped_shape0.5",0.555023923444976
"shipped_shape0.5",0.180094786729858
"shipped_shape0.5",0.658767772511848
"shipped_shape0.5",0.023696682464455
"shipped_shape0.5",0.037914691943128
"shipped_shape0.5",0.444976076555024
"shipped_shape0.5",0.033175355450237
"shipped_shape0.5",0.0995260663507109
"shipped_shape0.5",0.298578199052133
"shipped_shape0.5",0.848341232227488
"shipped_shape0.5",0.0521327014218009
"shipped_shape0.5",0.00961538461538462
"shipped_shape0.5",0.739336492890995
"shipped_shape0.5",0
"shipped_shape0.5",0.33175355450237
"shipped_shape0.5",0
"shipped_shape0.5",0.0521327014218009
"shipped_shape0.5",0.631578947368421
"shipped_shape0.5",0.185714285714286
"shipped_shape0.5",0.0853080568720379
"shipped_shape0.5",0.0995260663507109
"shipped_shape0.5",0.137440758293839
"shipped_shape0.5",0.0947867298578199
"shipped_shape0.5",0.113744075829384
"shipped_shape0.5",0.0909090909090909
"shipped_shape0.5",0.004739336492891
"shipped_shape0.5",0.018957345971564
"shipped_shape0.5",0.274881516587678
"shipped_shape0.5",0.014218009478673
"shipped_shape0.5",0.04739336492891
"shipped_shape0.5",0.0663507109004739
"shipped_shape0.5",0.104265402843602
"shipped_shape0.5",0.00947867298578199
"shipped_shape0.5",0.033175355450237
"shipped_shape0.5",0.194312796208531
"shipped_shape0.5",0.170616113744076
"shipped_shape0.5",0.232227488151659
"shipped_shape0.5",0.123222748815166
"shipped_shape0.5",0.014218009478673
"shipped_shape0.5",0.672985781990521
"shipped_shape0.5",0
"shipped_shape0.5",0.203791469194313
"shipped_shape0.5",0.258373205741627
"shipped_shape0.5",0.352380952380952
"shipped_shape0.5",0.402843601895735
"shipped_shape0.5",0
"shipped_shape0.5",0
"shipped_shape0.5",0.341232227488152
"shipped_shape0.5",0.109004739336493
"shipped_shape0.5",0.0142857142857143
"shipped_shape0.5",0.76303317535545
"shipped_shape0.5",0.042654028436019
"shipped_shape0.5",0.080952380952381
"shipped_shape0.5",0
"shipped_shape0.5",0.0676328502415459
"shipped_shape0.5",0
"shipped_shape0.5",0.800947867298578
"shipped_shape0.5",0.014218009478673
"shipped_shape0.5",0.483412322274882
"shipped_shape0.5",0.0521327014218009
"shipped_shape0.5",0.658767772511848
"shipped_shape0.5",0
"shipped_shape0.5",0.023696682464455
"shipped_shape0.5",0.004739336492891
"shipped_shape0.5",0.0521327014218009
"shipped_shape0.5",0.033175355450237
"shipped_shape0.5",0.214285714285714
"shipped_shape0.5",0
"shipped_shape0.5",0.208530805687204
"shipped_shape0.5",0.156398104265403
"shipped_shape0.5",0.333333333333333
"shipped_shape0.5",0.222748815165877
"shipped_shape0.5",0.028436018957346
"shipped_shape0.5",0
"shipped_shape0.5",0.677725118483412
"shipped_shape0.5",0.0384615384615385
"shipped_shape0.5",0.388625592417062
"shipped_shape0.5",0.37914691943128
"shipped_shape0.5",0.023696682464455
"shipped_shape0.5",0.00952380952380952
"shipped_shape0.5",0.0947867298578199
"shipped_shape0.5",0.028436018957346
"shipped_shape0.5",0.274881516587678
"shipped_shape0.5",0.725118483412322
"shipped_shape0.5",0.767772511848341
"shipped_shape0.5",0.289099526066351
"shipped_shape0.5",0.786729857819905
"shipped_shape0.5",0.218009478672986
"shipped_shape0.5",0
"shipped_shape0.5",0.213270142180095
"shipped_shape0.5",0.0805687203791469
"shipped_shape0.5",0.431279620853081
"shipped_shape0.5",0.00947867298578199
"shipped_shape0.5",0.438095238095238
"shipped_shape0.5",0.232227488151659
"shipped_shape0.5",0.47867298578199
"shipped_shape0.5",0.0526315789473684
"shipped_shape0.5",0.611374407582938
"shipped_shape0.5",0.247619047619048
"shipped_shape0.5",0.023696682464455
"shipped_shape0.5",0.766990291262136
"shipped_shape0.5",0
"shipped_shape0.5",0.018957345971564
"shipped_shape0.5",0.014218009478673
"shipped_shape0.5",0.0728155339805825
"shipped_shape0.5",0.087378640776699
"shipped_shape0.5",0.179611650485437
"shipped_shape0.5",0.199052132701422
"shipped_shape0.5",0.151658767772512
"shipped_shape0.5",0.159420289855072
"shipped_shape0.5",0.00947867298578199
"shipped_shape0.5",0
"shipped_shape0.5",0.308056872037915
"shipped_shape0.5",0.687203791469194
"shipped_shape0.5",0.0710900473933649
"shipped_shape0.5",0.388625592417062
"shipped_shape0.5",0.0663507109004739
"shipped_shape0.5",0.540284360189573
"shipped_shape0.5",0.900473933649289
"shipped_shape0.5",0
"shipped_shape0.5",0.601895734597156
"shipped_shape0.5",0.004739336492891
"shipped_shape0.5",0
"shipped_shape0.5",0.00947867298578199
"shipped_shape0.5",0.14218009478673
"shipped_shape0.5",0.004739336492891
"shipped_shape0.5",0.014218009478673
"shipped_shape0.5",0.218009478672986
"shipped_shape0.5",0.545023696682464
"shipped_shape0.5",0.004739336492891
"shipped_shape0.5",0.184834123222749
"shipped_shape0.5",0.104265402843602
"shipped_shape0.5",0
"shipped_shape0.5",0
"shipped_shape0.5",0.0521327014218009
"shipped_shape0.5",0.350710900473934
"shipped_shape0.5",0.037914691943128
"shipped_shape0.5",0.208530805687204
"shipped_shape0.5",0.0568720379146919
"shipped_shape0.5",0.5
"shipped_shape0.5",0.014218009478673
"shipped_shape0.5",0.132701421800948
"shipped_shape0.5",0.691943127962085
"shipped_shape0.5",0.247619047619048
"shipped_shape0.5",0.0142857142857143
"shipped_shape0.5",0.0526315789473684
"shipped_shape0.5",0.578199052132701
"shipped_shape0.5",0.00947867298578199
"shipped_shape0.5",0.023696682464455
"shipped_shape0.5",0.014218009478673
"shipped_shape0.5",0.0528846153846154
"shipped_shape0.5",0.076555023923445
"shipped_shape0.5",0.0476190476190476
"shipped_shape0.5",0.497630331753554
"shipped_shape0.5",0.350710900473934
"shipped_shape0.5",0.703349282296651
"shipped_shape0.5",0.00476190476190476
"shipped_shape0.5",0.028436018957346
"shipped_shape0.5",0.014218009478673
"shipped_shape0.5",0.232227488151659
"shipped_shape0.5",0.327014218009479
"shipped_shape0.5",0.194312796208531
"shipped_shape0.5",0.402843601895735
"shipped_shape0.5",0.0853080568720379
"shipped_shape0.5",0.436018957345972
"shipped_shape0.5",0.119047619047619
"shipped_shape0.5",0.260663507109005
"shipped_shape0.5",0.00947867298578199
"shipped_shape0.5",0.805687203791469
"shipped_shape0.5",0.502369668246445
"shipped_shape0.5",0.0521327014218009
"shipped_shape0.5",0.23696682464455
"shipped_shape0.5",0.511848341232227
"shipped_shape0.5",0.454976303317536
"shipped_shape0.5",0.241706161137441
"shipped_shape0.5",0.146919431279621
"shipped_shape0.5",0
"shipped_shape0.5",0.0568720379146919
"shipped_shape0.5",0.165876777251185
"shipped_shape0.5",0.331730769230769
"shipped_shape0.5",0.312796208530806
"shipped_shape0.5",0.545023696682464
"shipped_shape0.5",0
"shipped_shape0.5",0.00476190476190476
"shipped_shape0.5",0.222748815165877
"shipped_shape0.5",0.04739336492891
"shipped_shape0.5",0.018957345971564
"shipped_shape0.5",0.265402843601896
"shipped_shape0.5",0.796208530805687
"shipped_shape0.5",0.165876777251185
"shipped_shape0.5",0.838862559241706
"shipped_shape0.5",0.407582938388626
"shipped_shape0.5",0.42654028436019
"shipped_shape0.5",0.407582938388626
"shipped_shape0.5",0.0571428571428571
"shipped_shape0.5",0.341232227488152
"shipped_shape0.5",0.238095238095238
"shipped_shape0.5",0
"shipped_shape0.5",0.0900473933649289
"shipped_shape0.5",0
"shipped_shape0.5",0.260663507109005
"shipped_shape0.5",0.0663507109004739
"shipped_shape0.5",0.170616113744076
"shipped_shape0.5",0.0142857142857143
"shipped_shape0.5",0.118483412322275
"shipped_shape0.5",0.004739336492891
"shipped_shape0.5",0
"shipped_shape0.5",0
"shipped_shape0.5",0.0805687203791469
"shipped_shape0.5",0.0995260663507109
"shipped_shape0.5",0.274881516587678
"shipped_shape0.5",0.0523809523809524
"shipped_shape0.5",0.00947867298578199
"shipped_shape0.5",0.14218009478673
"shipped_shape0.5",0.644549763033175
"shipped_shape0.5",0.289099526066351
"shipped_shape0.5",0.270142180094787
"shipped_shape0.5",0
"shipped_shape0.5",0.23696682464455
"shipped_shape0.5",0.0616113744075829
"shipped_shape0.5",0
"shipped_shape0.5",0.886255924170616
"shipped_shape0.5",0.004739336492891
"shipped_shape0.5",0.881516587677725
"shipped_shape0.5",0.023696682464455
"shipped_shape0.5",0.364928909952607
"shipped_shape0.5",0.450236966824645
"shipped_shape0.5",0.004739336492891
"shipped_shape0.5",0.0805687203791469
"shipped_shape0.5",0.0853080568720379
"shipped_shape0.5",0.0663507109004739
"shipped_shape0.5",0.00947867298578199
"shipped_shape0.5",0.0521327014218009
"shipped_shape0.5",0.431279620853081
"shipped_shape0.5",0.014218009478673
"shipped_shape0.5",0.0900473933649289
"shipped_shape0.5",0.028436018957346
"shipped_shape0.5",0.280193236714976
"shipped_shape0.5",0.0144927536231884
"shipped_shape0.5",0.410628019323671
"shipped_shape0.5",0.0917874396135266
"shipped_shape0.5",0.0821256038647343
"shipped_shape0.5",0.106280193236715
"shipped_shape0.5",0.169082125603865
"shipped_shape0.5",0.289855072463768
"shipped_shape0.5",0.666666666666667
"shipped_shape0.5",0.130434782608696
"shipped_shape0.5",0.412621359223301
"shipped_shape0.5",0.0144927536231884
"shipped_shape0.5",0.251207729468599
"shipped_shape0.5",0.120772946859903
"shipped_shape0.5",0.371980676328502
"shipped_shape0.5",0.0483091787439614
"shipped_shape0.5",0.251207729468599
"shipped_shape0.5",0.33816425120773
"shipped_shape0.5",0.256038647342995
"shipped_shape0.5",0.772946859903382
"shipped_shape0.5",0.0531400966183575
"shipped_shape0.5",0.0483091787439614
"shipped_shape0.5",0.260869565217391
"shipped_shape0.5",0
"shipped_shape0.5",0.0193236714975845
"shipped_shape0.5",0.0338164251207729
"shipped_shape0.5",0.0531400966183575
"shipped_shape0.5",0.975845410628019
"shipped_shape0.5",0.0676328502415459
"shipped_shape0.5",0
"shipped_shape0.5",0.227053140096618
"shipped_shape0.5",0.231884057971014
"shipped_shape0.5",0.898058252427185
"shipped_shape0.5",0
"shipped_shape0.5",0.164251207729469
"shipped_shape0.5",0.618357487922705
"shipped_shape0.5",0.188405797101449
"shipped_shape0.5",0.632850241545894
"shipped_shape0.5",0.0145631067961165
"shipped_shape0.5",0.0194174757281553
"shipped_shape0.5",0.304347826086957
"shipped_shape0.5",0.0241545893719807
"shipped_shape0.5",0.135265700483092
"shipped_shape0.5",0.463768115942029
"shipped_shape0.5",0.758454106280193
"shipped_shape0.5",0.0386473429951691
"shipped_shape0.5",0
"shipped_shape0.5",0.743961352657005
"shipped_shape0.5",0.00483091787439614
"shipped_shape0.5",0.400966183574879
"shipped_shape0.5",0.0531400966183575
"shipped_shape0.5",0.0821256038647343
"shipped_shape0.5",0.690821256038647
"shipped_shape0.5",0.256038647342995
"shipped_shape0.5",0.140096618357488
"shipped_shape0.5",0.0386473429951691
"shipped_shape0.5",0.0628019323671498
"shipped_shape0.5",0.0966183574879227
"shipped_shape0.5",0.140096618357488
"shipped_shape0.5",0.0917874396135266
"shipped_shape0.5",0
"shipped_shape0.5",0
"shipped_shape0.5",0.198067632850242
"shipped_shape0.5",0
"shipped_shape0.5",0.0772946859903382
"shipped_shape0.5",0.164251207729469
"shipped_shape0.5",0.111111111111111
"shipped_shape0.5",0.0241545893719807
"shipped_shape0.5",0.0434782608695652
"shipped_shape0.5",0.260869565217391
"shipped_shape0.5",0.294685990338164
"shipped_shape0.5",0.294685990338164
"shipped_shape0.5",0.260869565217391
"shipped_shape0.5",0.00483091787439614
"shipped_shape0.5",0.758454106280193
"shipped_shape0.5",0
"shipped_shape0.5",0.21256038647343
"shipped_shape0.5",0.502415458937198
"shipped_shape0.5",0.237864077669903
"shipped_shape0.5",0.458937198067633
"shipped_shape0.5",0.0193236714975845
"shipped_shape0.5",0
"shipped_shape0.5",0.314009661835749
"shipped_shape0.5",0.183574879227053
"shipped_shape0.5",0.0533980582524272
"shipped_shape0.5",0.859903381642512
"shipped_shape0.5",0.0869565217391304
"shipped_shape0.5",0.140776699029126
"shipped_shape0.5",0
"shipped_shape0.5",0.0728155339805825
"shipped_shape0.5",0
"shipped_shape0.5",0.782608695652174
"shipped_shape0.5",0.0434782608695652
"shipped_shape0.5",0.42512077294686
"shipped_shape0.5",0.00966183574879227
"shipped_shape0.5",0.685990338164251
"shipped_shape0.5",0
"shipped_shape0.5",0.0144927536231884
"shipped_shape0.5",0.00970873786407767
"shipped_shape0.5",0.072463768115942
"shipped_shape0.5",0.00966183574879227
"shipped_shape0.5",0.154589371980676
"shipped_shape0.5",0
"shipped_shape0.5",0.0966183574879227
"shipped_shape0.5",0.164251207729469
"shipped_shape0.5",0.256038647342995
"shipped_shape0.5",0.241545893719807
"shipped_shape0.5",0.0144927536231884
"shipped_shape0.5",0
"shipped_shape0.5",0.504854368932039
"shipped_shape0.5",0.0536585365853659
"shipped_shape0.5",0.449275362318841
"shipped_shape0.5",0.29951690821256
"shipped_shape0.5",0.00483091787439614
"shipped_shape0.5",0.00966183574879227
"shipped_shape0.5",0.0628019323671498
"shipped_shape0.5",0.00483091787439614
"shipped_shape0.5",0.400966183574879
"shipped_shape0.5",0.666666666666667
"shipped_shape0.5",0.681159420289855
"shipped_shape0.5",0.0533980582524272
"shipped_shape0.5",0.671497584541063
"shipped_shape0.5",0.0772946859903382
"shipped_shape0.5",0.00483091787439614
"shipped_shape0.5",0.193236714975845
"shipped_shape0.5",0.1256038647343
"shipped_shape0.5",0.29951690821256
"shipped_shape0.5",0
"shipped_shape0.5",0.550724637681159
"shipped_shape0.5",0.241545893719807
"shipped_shape0.5",0.541062801932367
"shipped_shape0.5",0.0338164251207729
"shipped_shape0.5",0.685990338164251
"shipped_shape0.5",0.251207729468599
"shipped_shape0.5",0.0966183574879227
"shipped_shape0.5",0.777777777777778
"shipped_shape0.5",0.00483091787439614
"shipped_shape0.5",0.0193236714975845
"shipped_shape0.5",0.00966183574879227
"shipped_shape0.5",0.0628019323671498
"shipped_shape0.5",0.0772946859903382
"shipped_shape0.5",0.217391304347826
"shipped_shape0.5",0.309178743961353
"shipped_shape0.5",0.111111111111111
"shipped_shape0.5",0.402912621359223
"shipped_shape0.5",0
"shipped_shape0.5",0.0144927536231884
"shipped_shape0.5",0.246376811594203
"shipped_shape0.5",0.545893719806763
"shipped_shape0.5",0.101449275362319
"shipped_shape0.5",0.36231884057971
"shipped_shape0.5",0.072463768115942
"shipped_shape0.5",0.367149758454106
"shipped_shape0.5",0.922705314009662
"shipped_shape0.5",0
"shipped_shape0.5",0.560386473429952
"shipped_shape0.5",0
"shipped_shape0.5",0.0193236714975845
"shipped_shape0.5",0.00970873786407767
"shipped_shape0.5",0.0772946859903382
"shipped_shape0.5",0
"shipped_shape0.5",0.0144927536231884
"shipped_shape0.5",0.135265700483092
"shipped_shape0.5",0.560386473429952
"shipped_shape0.5",0
"shipped_shape0.5",0.270531400966184
"shipped_shape0.5",0.0772946859903382
"shipped_shape0.5",0
"shipped_shape0.5",0
"shipped_shape0.5",0.00966183574879227
"shipped_shape0.5",0.188405797101449
"shipped_shape0.5",0.0289855072463768
"shipped_shape0.5",0.367149758454106
"shipped_shape0.5",0.0821256038647343
"shipped_shape0.5",0.376811594202899
"shipped_shape0.5",0.0628019323671498
"shipped_shape0.5",0.1256038647343
"shipped_shape0.5",0.681159420289855
"shipped_shape0.5",0.285024154589372
"shipped_shape0.5",0.0241545893719807
"shipped_shape0.5",0.0241545893719807
"shipped_shape0.5",0.632850241545894
"shipped_shape0.5",0.00483091787439614
"shipped_shape0.5",0.00970873786407767
"shipped_shape0.5",0.0772946859903382
"shipped_shape0.5",0.0579710144927536
"shipped_shape0.5",0.0676328502415459
"shipped_shape0.5",0.0966183574879227
"shipped_shape0.5",0.531400966183575
"shipped_shape0.5",0.260869565217391
"shipped_shape0.5",0.729468599033816
"shipped_shape0.5",0.0193236714975845
"shipped_shape0.5",0.0483091787439614
"shipped_shape0.5",0
"shipped_shape0.5",0.194174757281553
"shipped_shape0.5",0.309178743961353
"shipped_shape0.5",0.111111111111111
"shipped_shape0.5",0.36231884057971
"shipped_shape0.5",0.0531400966183575
"shipped_shape0.5",0.449275362318841
"shipped_shape0.5",0.0966183574879227
"shipped_shape0.5",0.323671497584541
"shipped_shape0.5",0.0144927536231884
"shipped_shape0.5",0.801932367149758
"shipped_shape0.5",0.526570048309179
"shipped_shape0.5",0.0483091787439614
"shipped_shape0.5",0.310679611650485
"shipped_shape0.5",0.613526570048309
"shipped_shape0.5",0.463768115942029
"shipped_shape0.5",0.333333333333333
"shipped_shape0.5",0.357487922705314
"shipped_shape0.5",0
"shipped_shape0.5",0.072463768115942
"shipped_shape0.5",0.257281553398058
"shipped_shape0.5",0.262135922330097
"shipped_shape0.5",0.309178743961353
"shipped_shape0.5",0.555555555555556
"shipped_shape0.5",0.00483091787439614
"shipped_shape0.5",0.0289855072463768
"shipped_shape0.5",0.0825242718446602
"shipped_shape0.5",0.0676328502415459
"shipped_shape0.5",0.00483091787439614
"shipped_shape0.5",0.280193236714976
"shipped_shape0.5",0.830917874396135
"shipped_shape0.5",0.207729468599034
"shipped_shape0.5",0.840579710144927
"shipped_shape0.5",0.314009661835749
"shipped_shape0.5",0.396135265700483
"shipped_shape0.5",0.396135265700483
"shipped_shape0.5",0.0533980582524272
"shipped_shape0.5",0.333333333333333
"shipped_shape0.5",0.0338164251207729
"shipped_shape0.5",0
"shipped_shape0.5",0.115942028985507
"shipped_shape0.5",0
"shipped_shape0.5",0.120772946859903
"shipped_shape0.5",0.106280193236715
"shipped_shape0.5",0.0821256038647343
"shipped_shape0.5",0
"shipped_shape0.5",0.135265700483092
"shipped_shape0.5",0.0434782608695652
"shipped_shape0.5",0.00483091787439614
"shipped_shape0.5",0
"shipped_shape0.5",0.101449275362319
"shipped_shape0.5",0.0917874396135266
"shipped_shape0.5",0.314009661835749
"shipped_shape0.5",0.0193236714975845
"shipped_shape0.5",0.0386473429951691
"shipped_shape0.5",0.169082125603865
"shipped_shape0.5",0.608695652173913
"shipped_shape0.5",0.328502415458937
"shipped_shape0.5",0.289855072463768
"shipped_shape0.5",0.0144927536231884
"shipped_shape0.5",0.265700483091787
"shipped_shape0.5",0.087378640776699
"shipped_shape0.5",0
"shipped_shape0.5",0.8743961352657
"shipped_shape0.5",0.0338164251207729
"shipped_shape0.5",0.816425120772947
"shipped_shape0.5",0
"shipped_shape0.5",0.502415458937198
"shipped_shape0.5",0.51207729468599
"shipped_shape0.5",0.0241545893719807
"shipped_shape0.5",0.0772946859903382
"shipped_shape0.5",0.0676328502415459
"shipped_shape0.5",0.00966183574879227
"shipped_shape0.5",0.0193236714975845
"shipped_shape0.5",0.140096618357488
"shipped_shape0.5",0.367149758454106
"shipped_shape0.5",0
"shipped_shape0.5",0.00483091787439614
"shipped_shape0.5",0.0483091787439614
"shipped_shape0.5",0.320574162679426
"shipped_shape0.5",0.00478468899521531
"shipped_shape0.5",0.54066985645933
"shipped_shape0.5",0.0956937799043062
"shipped_shape0.5",0.0717703349282297
"shipped_shape0.5",0.21256038647343
"shipped_shape0.5",0.23444976076555
"shipped_shape0.5",0.311004784688995
"shipped_shape0.5",0.712918660287081
"shipped_shape0.5",0.076555023923445
"shipped_shape0.5",0.411483253588517
"shipped_shape0.5",0.0239234449760766
"shipped_shape0.5",0.282296650717703
"shipped_shape0.5",0.0239234449760766
"shipped_shape0.5",0.421052631578947
"shipped_shape0.5",0.115942028985507
"shipped_shape0.5",0.287081339712919
"shipped_shape0.5",0.411483253588517
"shipped_shape0.5",0.330143540669856
"shipped_shape0.5",0.755980861244019
"shipped_shape0.5",0.0382775119617225
"shipped_shape0.5",0.124401913875598
"shipped_shape0.5",0.173076923076923
"shipped_shape0.5",0.00478468899521531
"shipped_shape0.5",0.0382775119617225
"shipped_shape0.5",0.00956937799043062
"shipped_shape0.5",0.0191387559808612
"shipped_shape0.5",0.942583732057416
"shipped_shape0.5",0.0432692307692308
"shipped_shape0.5",0
"shipped_shape0.5",0.114832535885167
"shipped_shape0.5",0.133971291866029
"shipped_shape0.5",0.866028708133971
"shipped_shape0.5",0.00956937799043062
"shipped_shape0.5",0.110047846889952
"shipped_shape0.5",0.668269230769231
"shipped_shape0.5",0.221153846153846
"shipped_shape0.5",0.711538461538462
"shipped_shape0.5",0.0240384615384615
"shipped_shape0.5",0.0288461538461538
"shipped_shape0.5",0.473429951690821
"shipped_shape0.5",0.0721153846153846
"shipped_shape0.5",0.0531400966183575
"shipped_shape0.5",0.371980676328502
"shipped_shape0.5",0.705314009661836
"shipped_shape0.5",0.0931372549019608
"shipped_shape0.5",0
"shipped_shape0.5",0.825242718446602
"shipped_shape0.5",0.00485436893203883
"shipped_shape0.5",0.310679611650485
"shipped_shape0.5",0.0145631067961165
"shipped_shape0.5",0.0728155339805825
"shipped_shape0.5",0.560975609756098
"shipped_shape0.5",0.253658536585366
"shipped_shape0.5",0.151219512195122
"shipped_shape0.5",0.0388349514563107
"shipped_shape0.5",0.0966183574879227
"shipped_shape0.5",0.0917874396135266
"shipped_shape0.5",0.115942028985507
"shipped_shape0.5",0.0966183574879227
"shipped_shape0.5",0
"shipped_shape0.5",0.0193236714975845
"shipped_shape0.5",0.391304347826087
"shipped_shape0.5",0
"shipped_shape0.5",0.1256038647343
"shipped_shape0.5",0.1256038647343
"shipped_shape0.5",0.357487922705314
"shipped_shape0.5",0.0144927536231884
"shipped_shape0.5",0.0289855072463768
"shipped_shape0.5",0.192307692307692
"shipped_shape0.5",0.177884615384615
"shipped_shape0.5",0.581730769230769
"shipped_shape0.5",0.37799043062201
"shipped_shape0.5",0.00478468899521531
"shipped_shape0.5",0.679425837320574
"shipped_shape0.5",0
"shipped_shape0.5",0.177033492822967
"shipped_shape0.5",0.33816425120773
"shipped_shape0.5",0.358851674641148
"shipped_shape0.5",0.588516746411483
"shipped_shape0.5",0
"shipped_shape0.5",0
"shipped_shape0.5",0.291866028708134
"shipped_shape0.5",0.325358851674641
"shipped_shape0.5",0.0576923076923077
"shipped_shape0.5",0.850961538461538
"shipped_shape0.5",0.15311004784689
"shipped_shape0.5",0.0769230769230769
"shipped_shape0.5",0.00483091787439614
"shipped_shape0.5",0.0869565217391304
"shipped_shape0.5",0
"shipped_shape0.5",0.77511961722488
"shipped_shape0.5",0.0478468899521531
"shipped_shape0.5",0.497607655502392
"shipped_shape0.5",0.0239234449760766
"shipped_shape0.5",0.818181818181818
"shipped_shape0.5",0
"shipped_shape0.5",0.0382775119617225
"shipped_shape0.5",0
"shipped_shape0.5",0.0382775119617225
"shipped_shape0.5",0.0143540669856459
"shipped_shape0.5",0.196172248803828
"shipped_shape0.5",0
"shipped_shape0.5",0.181818181818182
"shipped_shape0.5",0.148325358851675
"shipped_shape0.5",0.382775119617225
"shipped_shape0.5",0.100478468899522
"shipped_shape0.5",0.00956937799043062
"shipped_shape0.5",0
"shipped_shape0.5",0.5311004784689
"shipped_shape0.5",0.0334928229665072
"shipped_shape0.5",0.392344497607655
"shipped_shape0.5",0.382775119617225
"shipped_shape0.5",0
"shipped_shape0.5",0.0287081339712919
"shipped_shape0.5",0.0382775119617225
"shipped_shape0.5",0.0673076923076923
"shipped_shape0.5",0.210526315789474
"shipped_shape0.5",0.727272727272727
"shipped_shape0.5",0.770334928229665
"shipped_shape0.5",0.0717703349282297
"shipped_shape0.5",0.799043062200957
"shipped_shape0.5",0.138755980861244
"shipped_shape0.5",0.00956937799043062
"shipped_shape0.5",0.15311004784689
"shipped_shape0.5",0.277511961722488
"shipped_shape0.5",0.363636363636364
"shipped_shape0.5",0.00478468899521531
"shipped_shape0.5",0.636363636363636
"shipped_shape0.5",0.138755980861244
"shipped_shape0.5",0.483253588516746
"shipped_shape0.5",0.0288461538461538
"shipped_shape0.5",0.607655502392344
"shipped_shape0.5",0.330143540669856
"shipped_shape0.5",0.0574162679425837
"shipped_shape0.5",0.732057416267943
"shipped_shape0.5",0
"shipped_shape0.5",0.00478468899521531
"shipped_shape0.5",0
"shipped_shape0.5",0.062200956937799
"shipped_shape0.5",0.148325358851675
"shipped_shape0.5",0.200956937799043
"shipped_shape0.5",0.421052631578947
"shipped_shape0.5",0.210526315789474
"shipped_shape0.5",0.124401913875598
"shipped_shape0.5",0
"shipped_shape0.5",0.00480769230769231
"shipped_shape0.5",0.244019138755981
"shipped_shape0.5",0.559808612440191
"shipped_shape0.5",0.0669856459330144
"shipped_shape0.5",0.301435406698565
"shipped_shape0.5",0.0956937799043062
"shipped_shape0.5",0.559808612440191
"shipped_shape0.5",0.909090909090909
"shipped_shape0.5",0
"shipped_shape0.5",0.483253588516746
"shipped_shape0.5",0
"shipped_shape0.5",0.0143540669856459
"shipped_shape0.5",0
"shipped_shape0.5",0.0430622009569378
"shipped_shape0.5",0.00478468899521531
"shipped_shape0.5",0.0239234449760766
"shipped_shape0.5",0.162679425837321
"shipped_shape0.5",0.519230769230769
"shipped_shape0.5",0
"shipped_shape0.5",0.15311004784689
"shipped_shape0.5",0.0526315789473684
"shipped_shape0.5",0.00478468899521531
"shipped_shape0.5",0
"shipped_shape0.5",0.0143540669856459
"shipped_shape0.5",0.119617224880383
"shipped_shape0.5",0.0191387559808612
"shipped_shape0.5",0.267942583732057
"shipped_shape0.5",0.0909090909090909
"shipped_shape0.5",0.373205741626794
"shipped_shape0.5",0.0191387559808612
"shipped_shape0.5",0.0956937799043062
"shipped_shape0.5",0.679425837320574
"shipped_shape0.5",0.291866028708134
"shipped_shape0.5",0.0526315789473684
"shipped_shape0.5",0.0191387559808612
"shipped_shape0.5",0.650717703349282
"shipped_shape0.5",0
"shipped_shape0.5",0.0239234449760766
"shipped_shape0.5",0.0334928229665072
"shipped_shape0.5",0.0288461538461538
"shipped_shape0.5",0.181818181818182
"shipped_shape0.5",0.110047846889952
"shipped_shape0.5",0.418269230769231
"shipped_shape0.5",0.483253588516746
"shipped_shape0.5",0.688995215311005
"shipped_shape0.5",0.00956937799043062
"shipped_shape0.5",0.0813397129186603
"shipped_shape0.5",0
"shipped_shape0.5",0.244019138755981
"shipped_shape0.5",0.464114832535885
"shipped_shape0.5",0.110047846889952
"shipped_shape0.5",0.287081339712919
"shipped_shape0.5",0.0717703349282297
"shipped_shape0.5",0.492822966507177
"shipped_shape0.5",0.205741626794258
"shipped_shape0.5",0.344497607655502
"shipped_shape0.5",0.0191387559808612
"shipped_shape0.5",0.794258373205742
"shipped_shape0.5",0.703349282296651
"shipped_shape0.5",0.0239234449760766
"shipped_shape0.5",0.320574162679426
"shipped_shape0.5",0.5625
"shipped_shape0.5",0.464114832535885
"shipped_shape0.5",0.205741626794258
"shipped_shape0.5",0.133971291866029
"shipped_shape0.5",0
"shipped_shape0.5",0.0909090909090909
"shipped_shape0.5",0.215311004784689
"shipped_shape0.5",0.644230769230769
"shipped_shape0.5",0.311004784688995
"shipped_shape0.5",0.650717703349282
"shipped_shape0.5",0.0287081339712919
"shipped_shape0.5",0
"shipped_shape0.5",0.172248803827751
"shipped_shape0.5",0.0717703349282297
"shipped_shape0.5",0.00956937799043062
"shipped_shape0.5",0.289855072463768
"shipped_shape0.5",0.815533980582524
"shipped_shape0.5",0.138755980861244
"shipped_shape0.5",0.913875598086124
"shipped_shape0.5",0.555023923444976
"shipped_shape0.5",0.392344497607655
"shipped_shape0.5",0.330143540669856
"shipped_shape0.5",0.143540669856459
"shipped_shape0.5",0.354066985645933
"shipped_shape0.5",0.0478468899521531
"shipped_shape0.5",0
"shipped_shape0.5",0.0480769230769231
"shipped_shape0.5",0
"shipped_shape0.5",0.157894736842105
"shipped_shape0.5",0.0382775119617225
"shipped_shape0.5",0.100478468899522
"shipped_shape0.5",0.0143540669856459
"shipped_shape0.5",0.173076923076923
"shipped_shape0.5",0.0191387559808612
"shipped_shape0.5",0
"shipped_shape0.5",0
"shipped_shape0.5",0.0956937799043062
"shipped_shape0.5",0.167464114832536
"shipped_shape0.5",0.31578947368421
"shipped_shape0.5",0.0717703349282297
"shipped_shape0.5",0.0669856459330144
"shipped_shape0.5",0.30622009569378
"shipped_shape0.5",0.636363636363636
"shipped_shape0.5",0.320574162679426
"shipped_shape0.5",0.354066985645933
"shipped_shape0.5",0.00478468899521531
"shipped_shape0.5",0.511961722488038
"shipped_shape0.5",0.0526315789473684
"shipped_shape0.5",0
"shipped_shape0.5",0.91866028708134
"shipped_shape0.5",0.0191387559808612
"shipped_shape0.5",0.808612440191388
"shipped_shape0.5",0.0239234449760766
"shipped_shape0.5",0.535885167464115
"shipped_shape0.5",0.358851674641148
"shipped_shape0.5",0.00478468899521531
"shipped_shape0.5",0.110047846889952
"shipped_shape0.5",0.062200956937799
"shipped_shape0.5",0.00956937799043062
"shipped_shape0.5",0.0478468899521531
"shipped_shape0.5",0.0382775119617225
"shipped_shape0.5",0.291866028708134
"shipped_shape0.5",0
"shipped_shape0.5",0.0432692307692308
"shipped_shape0.5",0.119617224880383
"shipped_shape0.5",0.33175355450237
"shipped_shape0.5",0.00947867298578199
"shipped_shape0.5",0.62085308056872
"shipped_shape0.5",0.0568720379146919
"shipped_shape0.5",0.0995260663507109
"shipped_shape0.5",0.123222748815166
"shipped_shape0.5",0.251184834123223
"shipped_shape0.5",0.170616113744076
"shipped_shape0.5",0.654028436018957
"shipped_shape0.5",0.0521327014218009
"shipped_shape0.5",0.344497607655502
"shipped_shape0.5",0.042654028436019
"shipped_shape0.5",0.364928909952607
"shipped_shape0.5",0.0805687203791469
"shipped_shape0.5",0.341232227488152
"shipped_shape0.5",0.363636363636364
"shipped_shape0.5",0.393364928909953
"shipped_shape0.5",0.215311004784689
"shipped_shape0.5",0.360189573459716
"shipped_shape0.5",0.847619047619048
"shipped_shape0.5",0.0616113744075829
"shipped_shape0.5",0.023696682464455
"shipped_shape0.5",0.213270142180095
"shipped_shape0.5",0
"shipped_shape0.5",0.023696682464455
"shipped_shape0.5",0.023696682464455
"shipped_shape0.5",0.004739336492891
"shipped_shape0.5",0.881516587677725
"shipped_shape0.5",0.1
"shipped_shape0.5",0
"shipped_shape0.5",0.118483412322275
"shipped_shape0.5",0.146919431279621
"shipped_shape0.5",0.885714285714286
"shipped_shape0.5",0.00476190476190476
"shipped_shape0.5",0.0853080568720379
"shipped_shape0.5",0.619047619047619
"shipped_shape0.5",0.166666666666667
"shipped_shape0.5",0.729857819905213
"shipped_shape0.5",0.014218009478673
"shipped_shape0.5",0.028436018957346
"shipped_shape0.5",0.345971563981043
"shipped_shape0.5",0.033175355450237
"shipped_shape0.5",0.118483412322275
"shipped_shape0.5",0.393364928909953
"shipped_shape0.5",0.710900473933649
"shipped_shape0.5",0.0568720379146919
"shipped_shape0.5",0
"shipped_shape0.5",0.805687203791469
"shipped_shape0.5",0
"shipped_shape0.5",0.322274881516588
"shipped_shape0.5",0.00947867298578199
"shipped_shape0.5",0.161904761904762
"shipped_shape0.5",0.604761904761905
"shipped_shape0.5",0.255924170616114
"shipped_shape0.5",0.176190476190476
"shipped_shape0.5",0.0663507109004739
"shipped_shape0.5",0.0947867298578199
"shipped_shape0.5",0.18957345971564
"shipped_shape0.5",0.109004739336493
"shipped_shape0.5",0.0619047619047619
"shipped_shape0.5",0
"shipped_shape0.5",0.004739336492891
"shipped_shape0.5",0.203791469194313
"shipped_shape0.5",0
"shipped_shape0.5",0.157142857142857
"shipped_shape0.5",0.042654028436019
"shipped_shape0.5",0.312796208530806
"shipped_shape0.5",0.0666666666666667
"shipped_shape0.5",0.033175355450237
"shipped_shape0.5",0.222748815165877
"shipped_shape0.5",0.238095238095238
"shipped_shape0.5",0.272727272727273
"shipped_shape0.5",0.208530805687204
"shipped_shape0.5",0.00947867298578199
"shipped_shape0.5",0.625592417061611
"shipped_shape0.5",0
"shipped_shape0.5",0.184834123222749
"shipped_shape0.5",0.374407582938389
"shipped_shape0.5",0.308056872037915
"shipped_shape0.5",0.327014218009479
"shipped_shape0.5",0.004739336492891
"shipped_shape0.5",0
"shipped_shape0.5",0.345971563981043
"shipped_shape0.5",0.132701421800948
"shipped_shape0.5",0.023696682464455
"shipped_shape0.5",0.872037914691943
"shipped_shape0.5",0.0857142857142857
"shipped_shape0.5",0.118483412322275
"shipped_shape0.5",0.00952380952380952
"shipped_shape0.5",0.0521327014218009
"shipped_shape0.5",0
"shipped_shape0.5",0.800947867298578
"shipped_shape0.5",0.014218009478673
"shipped_shape0.5",0.431279620853081
"shipped_shape0.5",0.014218009478673
"shipped_shape0.5",0.649289099526066
"shipped_shape0.5",0
"shipped_shape0.5",0.109004739336493
"shipped_shape0.5",0.018957345971564
"shipped_shape0.5",0.0758293838862559
"shipped_shape0.5",0.00947867298578199
"shipped_shape0.5",0.200956937799043
"shipped_shape0.5",0.004739336492891
"shipped_shape0.5",0.146919431279621
"shipped_shape0.5",0.127962085308057
"shipped_shape0.5",0.336492890995261
"shipped_shape0.5",0.123222748815166
"shipped_shape0.5",0
"shipped_shape0.5",0
"shipped_shape0.5",0.421800947867299
"shipped_shape0.5",0.04739336492891
"shipped_shape0.5",0.507109004739337
"shipped_shape0.5",0.350710900473934
"shipped_shape0.5",0
"shipped_shape0.5",0.0142857142857143
"shipped_shape0.5",0.00947867298578199
"shipped_shape0.5",0.0714285714285714
"shipped_shape0.5",0.184834123222749
"shipped_shape0.5",0.635071090047393
"shipped_shape0.5",0.654028436018957
"shipped_shape0.5",0.023696682464455
"shipped_shape0.5",0.786729857819905
"shipped_shape0.5",0.146919431279621
"shipped_shape0.5",0
"shipped_shape0.5",0.208530805687204
"shipped_shape0.5",0.123222748815166
"shipped_shape0.5",0.402843601895735
"shipped_shape0.5",0
"shipped_shape0.5",0.49047619047619
"shipped_shape0.5",0.213270142180095
"shipped_shape0.5",0.606635071090047
"shipped_shape0.5",0.0853080568720379
"shipped_shape0.5",0.635071090047393
"shipped_shape0.5",0.222748815165877
"shipped_shape0.5",0.028436018957346
"shipped_shape0.5",0.66824644549763
"shipped_shape0.5",0
"shipped_shape0.5",0.0710900473933649
"shipped_shape0.5",0.018957345971564
"shipped_shape0.5",0.0995260663507109
"shipped_shape0.5",0.175355450236967
"shipped_shape0.5",0.123222748815166
"shipped_shape0.5",0.18957345971564
"shipped_shape0.5",0.23696682464455
"shipped_shape0.5",0.114832535885167
"shipped_shape0.5",0.004739336492891
"shipped_shape0.5",0.00947867298578199
"shipped_shape0.5",0.289099526066351
"shipped_shape0.5",0.658767772511848
"shipped_shape0.5",0.062200956937799
"shipped_shape0.5",0.476190476190476
"shipped_shape0.5",0.0521327014218009
"shipped_shape0.5",0.445497630331754
"shipped_shape0.5",0.876777251184834
"shipped_shape0.5",0
"shipped_shape0.5",0.57345971563981
"shipped_shape0.5",0
"shipped_shape0.5",0.014218009478673
"shipped_shape0.5",0.018957345971564
"shipped_shape0.5",0.037914691943128
"shipped_shape0.5",0
"shipped_shape0.5",0.014218009478673
"shipped_shape0.5",0.312796208530806
"shipped_shape0.5",0.649289099526066
"shipped_shape0.5",0
"shipped_shape0.5",0.227488151658768
"shipped_shape0.5",0.146919431279621
"shipped_shape0.5",0
"shipped_shape0.5",0.004739336492891
"shipped_shape0.5",0.004739336492891
"shipped_shape0.5",0.184834123222749
"shipped_shape0.5",0.00947867298578199
"shipped_shape0.5",0.233333333333333
"shipped_shape0.5",0.014218009478673
"shipped_shape0.5",0.507109004739337
"shipped_shape0.5",0.014218009478673
"shipped_shape0.5",0.0900473933649289
"shipped_shape0.5",0.677725118483412
"shipped_shape0.5",0.255924170616114
"shipped_shape0.5",0.0521327014218009
"shipped_shape0.5",0.023696682464455
"shipped_shape0.5",0.611374407582938
"shipped_shape0.5",0
"shipped_shape0.5",0
"shipped_shape0.5",0.004739336492891
"shipped_shape0.5",0.00947867298578199
"shipped_shape0.5",0.113744075829384
"shipped_shape0.5",0.04739336492891
"shipped_shape0.5",0.535545023696682
"shipped_shape0.5",0.251184834123223
"shipped_shape0.5",0.696682464454976
"shipped_shape0.5",0.00947867298578199
"shipped_shape0.5",0.033175355450237
"shipped_shape0.5",0.004739336492891
"shipped_shape0.5",0.118483412322275
"shipped_shape0.5",0.404761904761905
"shipped_shape0.5",0.113744075829384
"shipped_shape0.5",0.360189573459716
"shipped_shape0.5",0.0805687203791469
"shipped_shape0.5",0.4688995215311
"shipped_shape0.5",0.170616113744076
"shipped_shape0.5",0.352380952380952
"shipped_shape0.5",0.0142857142857143
"shipped_shape0.5",0.866666666666667
"shipped_shape0.5",0.523809523809524
"shipped_shape0.5",0.0571428571428571
"shipped_shape0.5",0.223809523809524
"shipped_shape0.5",0.473684210526316
"shipped_shape0.5",0.457142857142857
"shipped_shape0.5",0.242857142857143
"shipped_shape0.5",0.152380952380952
"shipped_shape0.5",0
"shipped_shape0.5",0.0904761904761905
"shipped_shape0.5",0.104761904761905
"shipped_shape0.5",0.307692307692308
"shipped_shape0.5",0.526315789473684
"shipped_shape0.5",0.495238095238095
"shipped_shape0.5",0
"shipped_shape0.5",0
"shipped_shape0.5",0.114285714285714
"shipped_shape0.5",0.019047619047619
"shipped_shape0.5",0.00476190476190476
"shipped_shape0.5",0.338095238095238
"shipped_shape0.5",0.727272727272727
"shipped_shape0.5",0.2
"shipped_shape0.5",0.942857142857143
"shipped_shape0.5",0.395238095238095
"shipped_shape0.5",0.471428571428571
"shipped_shape0.5",0.366666666666667
"shipped_shape0.5",0.0952380952380952
"shipped_shape0.5",0.385714285714286
"shipped_shape0.5",0.0333333333333333
"shipped_shape0.5",0
"shipped_shape0.5",0.0761904761904762
"shipped_shape0.5",0
"shipped_shape0.5",0.170616113744076
"shipped_shape0.5",0.014218009478673
"shipped_shape0.5",0.123222748815166
"shipped_shape0.5",0.0523809523809524
"shipped_shape0.5",0.127962085308057
"shipped_shape0.5",0.014218009478673
"shipped_shape0.5",0
"shipped_shape0.5",0.004739336492891
"shipped_shape0.5",0.104265402843602
"shipped_shape0.5",0.14218009478673
"shipped_shape0.5",0.383886255924171
"shipped_shape0.5",0.0995260663507109
"shipped_shape0.5",0.04739336492891
"shipped_shape0.5",0.180094786729858
"shipped_shape0.5",0.701421800947867
"shipped_shape0.5",0.232227488151659
"shipped_shape0.5",0.265402843601896
"shipped_shape0.5",0.004739336492891
"shipped_shape0.5",0.251184834123223
"shipped_shape0.5",0.170616113744076
"shipped_shape0.5",0
"shipped_shape0.5",0.862559241706161
"shipped_shape0.5",0.00947867298578199
"shipped_shape0.5",0.706161137440758
"shipped_shape0.5",0.033175355450237
"shipped_shape0.5",0.364928909952607
"shipped_shape0.5",0.52132701421801
"shipped_shape0.5",0.00956937799043062
"shipped_shape0.5",0.042654028436019
"shipped_shape0.5",0.127962085308057
"shipped_shape0.5",0.00947867298578199
"shipped_shape0.5",0.018957345971564
"shipped_shape0.5",0.165876777251185
"shipped_shape0.5",0.336492890995261
"shipped_shape0.5",0.00947867298578199
"shipped_shape0.5",0.014218009478673
"shipped_shape0.5",0.0663507109004739
"shipped_shape0.5",0.168269230769231
"shipped_shape0.5",0.00961538461538462
"shipped_shape0.5",0.410628019323671
"shipped_shape0.5",0.0240384615384615
"shipped_shape0.5",0.0240384615384615
"shipped_shape0.5",0.111111111111111
"shipped_shape0.5",0.266990291262136
"shipped_shape0.5",0.269230769230769
"shipped_shape0.5",0.644230769230769
"shipped_shape0.5",0.0769230769230769
"shipped_shape0.5",0.572115384615385
"shipped_shape0.5",0.00961538461538462
"shipped_shape0.5",0.259615384615385
"shipped_shape0.5",0.0865384615384615
"shipped_shape0.5",0.601941747572815
"shipped_shape0.5",0.240384615384615
"shipped_shape0.5",0.33816425120773
"shipped_shape0.5",0.245192307692308
"shipped_shape0.5",0.365384615384615
"shipped_shape0.5",0.831730769230769
"shipped_shape0.5",0.129807692307692
"shipped_shape0.5",0.120192307692308
"shipped_shape0.5",0.251207729468599
"shipped_shape0.5",0
"shipped_shape0.5",0.0528846153846154
"shipped_shape0.5",0.0384615384615385
"shipped_shape0.5",0.0528846153846154
"shipped_shape0.5",0.947115384615385
"shipped_shape0.5",0.144230769230769
"shipped_shape0.5",0
"shipped_shape0.5",0.173076923076923
"shipped_shape0.5",0.125
"shipped_shape0.5",0.865384615384615
"shipped_shape0.5",0
"shipped_shape0.5",0.0769230769230769
"shipped_shape0.5",0.577669902912621
"shipped_shape0.5",0.197115384615385
"shipped_shape0.5",0.668269230769231
"shipped_shape0.5",0.0240384615384615
"shipped_shape0.5",0.0240384615384615
"shipped_shape0.5",0.384615384615385
"shipped_shape0.5",0.0531400966183575
"shipped_shape0.5",0.0865384615384615
"shipped_shape0.5",0.375
"shipped_shape0.5",0.807692307692308
"shipped_shape0.5",0.0480769230769231
"shipped_shape0.5",0.00483091787439614
"shipped_shape0.5",0.860576923076923
"shipped_shape0.5",0
"shipped_shape0.5",0.447115384615385
"shipped_shape0.5",0.0144230769230769
"shipped_shape0.5",0.0865384615384615
"shipped_shape0.5",0.747572815533981
"shipped_shape0.5",0.235576923076923
"shipped_shape0.5",0.100961538461538
"shipped_shape0.5",0.0625
"shipped_shape0.5",0.0961538461538462
"shipped_shape0.5",0.0833333333333333
"shipped_shape0.5",0.146341463414634
"shipped_shape0.5",0.0865384615384615
"shipped_shape0.5",0
"shipped_shape0.5",0
"shipped_shape0.5",0.201923076923077
"shipped_shape0.5",0.00480769230769231
"shipped_shape0.5",0.0628019323671498
"shipped_shape0.5",0.0288461538461538
"shipped_shape0.5",0.100961538461538
"shipped_shape0.5",0.0338164251207729
"shipped_shape0.5",0.0288461538461538
"shipped_shape0.5",0.236714975845411
"shipped_shape0.5",0.251207729468599
"shipped_shape0.5",0.264423076923077
"shipped_shape0.5",0.274038461538462
"shipped_shape0.5",0.00480769230769231
"shipped_shape0.5",0.759615384615385
"shipped_shape0.5",0.00480769230769231
"shipped_shape0.5",0.1875
"shipped_shape0.5",0.302884615384615
"shipped_shape0.5",0.346153846153846
"shipped_shape0.5",0.379807692307692
"shipped_shape0.5",0
"shipped_shape0.5",0
"shipped_shape0.5",0.298076923076923
"shipped_shape0.5",0.225961538461538
"shipped_shape0.5",0.0386473429951691
"shipped_shape0.5",0.826086956521739
"shipped_shape0.5",0.0531400966183575
"shipped_shape0.5",0.129807692307692
"shipped_shape0.5",0
"shipped_shape0.5",0.0480769230769231
"shipped_shape0.5",0
"shipped_shape0.5",0.817307692307692
"shipped_shape0.5",0.0288461538461538
"shipped_shape0.5",0.586538461538462
"shipped_shape0.5",0.0192307692307692
"shipped_shape0.5",0.673076923076923
"shipped_shape0.5",0
"shipped_shape0.5",0.0625
"shipped_shape0.5",0
"shipped_shape0.5",0.0384615384615385
"shipped_shape0.5",0.0192307692307692
"shipped_shape0.5",0.129807692307692
"shipped_shape0.5",0.00480769230769231
"shipped_shape0.5",0.129807692307692
"shipped_shape0.5",0.144230769230769
"shipped_shape0.5",0.281553398058252
"shipped_shape0.5",0.139423076923077
"shipped_shape0.5",0.0576923076923077
"shipped_shape0.5",0
"shipped_shape0.5",0.572815533980582
"shipped_shape0.5",0.0241545893719807
"shipped_shape0.5",0.552884615384615
"shipped_shape0.5",0.331730769230769
"shipped_shape0.5",0.00480769230769231
"shipped_shape0.5",0.0193236714975845
"shipped_shape0.5",0.0480769230769231
"shipped_shape0.5",0.0631067961165049
"shipped_shape0.5",0.246376811594203
"shipped_shape0.5",0.653846153846154
"shipped_shape0.5",0.605769230769231
"shipped_shape0.5",0.0288461538461538
"shipped_shape0.5",0.78743961352657
"shipped_shape0.5",0.177884615384615
"shipped_shape0.5",0
"shipped_shape0.5",0.192307692307692
"shipped_shape0.5",0.106280193236715
"shipped_shape0.5",0.653846153846154
"shipped_shape0.5",0
"shipped_shape0.5",0.478260869565217
"shipped_shape0.5",0.135265700483092
"shipped_shape0.5",0.536231884057971
"shipped_shape0.5",0.0975609756097561
"shipped_shape0.5",0.649038461538462
"shipped_shape0.5",0.276699029126214
"shipped_shape0.5",0.0336538461538462
"shipped_shape0.5",0.807692307692308
"shipped_shape0.5",0.0480769230769231
"shipped_shape0.5",0.0336538461538462
"shipped_shape0.5",0.0434782608695652
"shipped_shape0.5",0.105769230769231
"shipped_shape0.5",0.173076923076923
"shipped_shape0.5",0.149038461538462
"shipped_shape0.5",0.240384615384615
"shipped_shape0.5",0.144230769230769
"shipped_shape0.5",0.118811881188119
"shipped_shape0.5",0
"shipped_shape0.5",0.00480769230769231
"shipped_shape0.5",0.269230769230769
"shipped_shape0.5",0.725961538461538
"shipped_shape0.5",0.134615384615385
"shipped_shape0.5",0.326923076923077
"shipped_shape0.5",0.0480769230769231
"shipped_shape0.5",0.346153846153846
"shipped_shape0.5",0.836538461538462
"shipped_shape0.5",0
"shipped_shape0.5",0.591346153846154
"shipped_shape0.5",0
"shipped_shape0.5",0.00480769230769231
"shipped_shape0.5",0.00480769230769231
"shipped_shape0.5",0.0625
"shipped_shape0.5",0
"shipped_shape0.5",0.0336538461538462
"shipped_shape0.5",0.235576923076923
"shipped_shape0.5",0.423076923076923
"shipped_shape0.5",0
"shipped_shape0.5",0.384615384615385
"shipped_shape0.5",0.0817307692307692
"shipped_shape0.5",0.00966183574879227
"shipped_shape0.5",0
"shipped_shape0.5",0.0144230769230769
"shipped_shape0.5",0.269230769230769
"shipped_shape0.5",0.0240384615384615
"shipped_shape0.5",0.245192307692308
"shipped_shape0.5",0.0240384615384615
"shipped_shape0.5",0.545893719806763
"shipped_shape0.5",0.00483091787439614
"shipped_shape0.5",0.125
"shipped_shape0.5",0.701923076923077
"shipped_shape0.5",0.25
"shipped_shape0.5",0.0240384615384615
"shipped_shape0.5",0.0528846153846154
"shipped_shape0.5",0.5
"shipped_shape0.5",0.00480769230769231
"shipped_shape0.5",0.0241545893719807
"shipped_shape0.5",0.00961538461538462
"shipped_shape0.5",0.0386473429951691
"shipped_shape0.5",0.0390243902439024
"shipped_shape0.5",0.072463768115942
"shipped_shape0.5",0.399038461538462
"shipped_shape0.5",0.365384615384615
"shipped_shape0.5",0.677884615384615
"shipped_shape0.5",0.00961538461538462
"shipped_shape0.5",0.0144230769230769
"shipped_shape0.5",0.0480769230769231
"shipped_shape0.5",0.149038461538462
"shipped_shape0.5",0.4375
"shipped_shape0.5",0.0961538461538462
"shipped_shape0.5",0.302884615384615
"shipped_shape0.5",0.125
"shipped_shape0.5",0.432038834951456
"shipped_shape0.5",0.129807692307692
"shipped_shape0.5",0.206730769230769
"shipped_shape0.5",0.0192307692307692
"shipped_shape0.5",0.753623188405797
"shipped_shape0.5",0.629807692307692
"shipped_shape0.5",0.0721153846153846
"shipped_shape0.5",0.264423076923077
"shipped_shape0.5",0.538461538461538
"shipped_shape0.5",0.423076923076923
"shipped_shape0.5",0.173076923076923
"shipped_shape0.5",0.0913461538461538
"shipped_shape0.5",0
"shipped_shape0.5",0.0483091787439614
"shipped_shape0.5",0.129807692307692
"shipped_shape0.5",0.236714975845411
"shipped_shape0.5",0.326923076923077
"shipped_shape0.5",0.485576923076923
"shipped_shape0.5",0
"shipped_shape0.5",0
"shipped_shape0.5",0.115942028985507
"shipped_shape0.5",0.115384615384615
"shipped_shape0.5",0.00480769230769231
"shipped_shape0.5",0.198067632850242
"shipped_shape0.5",0.75
"shipped_shape0.5",0.129807692307692
"shipped_shape0.5",0.875
"shipped_shape0.5",0.322115384615385
"shipped_shape0.5",0.456730769230769
"shipped_shape0.5",0.509615384615385
"shipped_shape0.5",0.0721153846153846
"shipped_shape0.5",0.379807692307692
"shipped_shape0.5",0.0144230769230769
"shipped_shape0.5",0
"shipped_shape0.5",0.115384615384615
"shipped_shape0.5",0
"shipped_shape0.5",0.225961538461538
"shipped_shape0.5",0.0576923076923077
"shipped_shape0.5",0.168269230769231
"shipped_shape0.5",0.0432692307692308
"shipped_shape0.5",0.384615384615385
"shipped_shape0.5",0.00961538461538462
"shipped_shape0.5",0
"shipped_shape0.5",0
"shipped_shape0.5",0.0480769230769231
"shipped_shape0.5",0.0576923076923077
"shipped_shape0.5",0.375
"shipped_shape0.5",0.0144230769230769
"shipped_shape0.5",0.0192307692307692
"shipped_shape0.5",0.149038461538462
"shipped_shape0.5",0.663461538461538
"shipped_shape0.5",0.289855072463768
"shipped_shape0.5",0.408653846153846
"shipped_shape0.5",0.0769230769230769
"shipped_shape0.5",0.302884615384615
"shipped_shape0.5",0.0865384615384615
"shipped_shape0.5",0
"shipped_shape0.5",0.932692307692308
"shipped_shape0.5",0.00961538461538462
"shipped_shape0.5",0.875
"shipped_shape0.5",0.00961538461538462
"shipped_shape0.5",0.447115384615385
"shipped_shape0.5",0.567307692307692
"shipped_shape0.5",0
"shipped_shape0.5",0.058252427184466
"shipped_shape0.5",0.168269230769231
"shipped_shape0.5",0.0192307692307692
"shipped_shape0.5",0.0817307692307692
"shipped_shape0.5",0.125
"shipped_shape0.5",0.427884615384615
"shipped_shape0.5",0.0336538461538462
"shipped_shape0.5",0.0144230769230769
"shipped_shape0.5",0.0480769230769231
"shipped_shape0.5",0.246073298429319
"shipped_shape0.5",0.0157068062827225
"shipped_shape0.5",0.457894736842105
"shipped_shape0.5",0.0523560209424084
"shipped_shape0.5",0.298429319371728
"shipped_shape0.5",0.0942408376963351
"shipped_shape0.5",0.162303664921466
"shipped_shape0.5",0.178010471204188
"shipped_shape0.5",0.633507853403141
"shipped_shape0.5",0.0732984293193717
"shipped_shape0.5",0.382198952879581
"shipped_shape0.5",0
"shipped_shape0.5",0.303664921465969
"shipped_shape0.5",0.0418848167539267
"shipped_shape0.5",0.366492146596859
"shipped_shape0.5",0.0994764397905759
"shipped_shape0.5",0.25130890052356
"shipped_shape0.5",0.198952879581152
"shipped_shape0.5",0.366492146596859
"shipped_shape0.5",0.842931937172775
"shipped_shape0.5",0.0947368421052632
"shipped_shape0.5",0.105263157894737
"shipped_shape0.5",0.226315789473684
"shipped_shape0.5",0.00523560209424084
"shipped_shape0.5",0.0105263157894737
"shipped_shape0.5",0.031413612565445
"shipped_shape0.5",0.00523560209424084
"shipped_shape0.5",0.905759162303665
"shipped_shape0.5",0.0680628272251309
"shipped_shape0.5",0
"shipped_shape0.5",0.167539267015707
"shipped_shape0.5",0.178010471204188
"shipped_shape0.5",0.900523560209424
"shipped_shape0.5",0.0104712041884817
"shipped_shape0.5",0.151832460732984
"shipped_shape0.5",0.521052631578947
"shipped_shape0.5",0.298429319371728
"shipped_shape0.5",0.717277486910995
"shipped_shape0.5",0.0104712041884817
"shipped_shape0.5",0
"shipped_shape0.5",0.43455497382199
"shipped_shape0.5",0.0523560209424084
"shipped_shape0.5",0.0785340314136126
"shipped_shape0.5",0.261780104712042
"shipped_shape0.5",0.806282722513089
"shipped_shape0.5",0.031413612565445
"shipped_shape0.5",0.00523560209424084
"shipped_shape0.5",0.738219895287958
"shipped_shape0.5",0
"shipped_shape0.5",0.424083769633508
"shipped_shape0.5",0.0209424083769634
"shipped_shape0.5",0.0890052356020942
"shipped_shape0.5",0.657894736842105
"shipped_shape0.5",0.539267015706806
"shipped_shape0.5",0.204188481675393
"shipped_shape0.5",0.0890052356020942
"shipped_shape0.5",0.178010471204188
"shipped_shape0.5",0.06282722513089
"shipped_shape0.5",0.136125654450262
"shipped_shape0.5",0.0942408376963351
"shipped_shape0.5",0
"shipped_shape0.5",0.0104712041884817
"shipped_shape0.5",0.31413612565445
"shipped_shape0.5",0
"shipped_shape0.5",0.0942408376963351
"shipped_shape0.5",0.0261780104712042
"shipped_shape0.5",0.105263157894737
"shipped_shape0.5",0.0473684210526316
"shipped_shape0.5",0.0418848167539267
"shipped_shape0.5",0.298429319371728
"shipped_shape0.5",0.126315789473684
"shipped_shape0.5",0.282722513089005
"shipped_shape0.5",0.25130890052356
"shipped_shape0.5",0.0680628272251309
"shipped_shape0.5",0.712041884816754
"shipped_shape0.5",0
"shipped_shape0.5",0.298429319371728
"shipped_shape0.5",0.319371727748691
"shipped_shape0.5",0.308900523560209
"shipped_shape0.5",0.392670157068063
"shipped_shape0.5",0.0104712041884817
"shipped_shape0.5",0
"shipped_shape0.5",0.261780104712042
"shipped_shape0.5",0.104712041884817
"shipped_shape0.5",0.121052631578947
"shipped_shape0.5",0.821989528795812
"shipped_shape0.5",0.0785340314136126
"shipped_shape0.5",0.0837696335078534
"shipped_shape0.5",0
"shipped_shape0.5",0.06282722513089
"shipped_shape0.5",0
"shipped_shape0.5",0.785340314136126
"shipped_shape0.5",0.0471204188481675
"shipped_shape0.5",0.408376963350785
"shipped_shape0.5",0.00523560209424084
"shipped_shape0.5",0.778947368421053
"shipped_shape0.5",0
"shipped_shape0.5",0.00526315789473684
"shipped_shape0.5",0.0263157894736842
"shipped_shape0.5",0.0473684210526316
"shipped_shape0.5",0.0105263157894737
"shipped_shape0.5",0.117021276595745
"shipped_shape0.5",0
"shipped_shape0.5",0.136842105263158
"shipped_shape0.5",0.126315789473684
"shipped_shape0.5",0.352631578947368
"shipped_shape0.5",0.210526315789474
"shipped_shape0.5",0.0210526315789474
"shipped_shape0.5",0
"shipped_shape0.5",0.426315789473684
"shipped_shape0.5",0.0315789473684211
"shipped_shape0.5",0.663157894736842
"shipped_shape0.5",0.347368421052632
"shipped_shape0.5",0
"shipped_shape0.5",0.0105820105820106
"shipped_shape0.5",0.0789473684210526
"shipped_shape0.5",0.0529100529100529
"shipped_shape0.5",0.142105263157895
"shipped_shape0.5",0.768421052631579
"shipped_shape0.5",0.7
"shipped_shape0.5",0.0211640211640212
"shipped_shape0.5",0.878947368421053
"shipped_shape0.5",0.116402116402116
"shipped_shape0.5",0
"shipped_shape0.5",0.194736842105263
"shipped_shape0.5",0.115789473684211
"shipped_shape0.5",0.368421052631579
"shipped_shape0.5",0
"shipped_shape0.5",0.78421052631579
"shipped_shape0.5",0.226315789473684
"shipped_shape0.5",0.6
"shipped_shape0.5",0.0421052631578947
"shipped_shape0.5",0.610526315789474
"shipped_shape0.5",0.331578947368421
"shipped_shape0.5",0.031413612565445
"shipped_shape0.5",0.732984293193717
"shipped_shape0.5",0
"shipped_shape0.5",0.031413612565445
"shipped_shape0.5",0.0209424083769634
"shipped_shape0.5",0.06282722513089
"shipped_shape0.5",0.104712041884817
"shipped_shape0.5",0.162303664921466
"shipped_shape0.5",0.230366492146597
"shipped_shape0.5",0.225130890052356
"shipped_shape0.5",0.136125654450262
"shipped_shape0.5",0.00523560209424084
"shipped_shape0.5",0
"shipped_shape0.5",0.287958115183246
"shipped_shape0.5",0.602094240837696
"shipped_shape0.5",0.0732984293193717
"shipped_shape0.5",0.277486910994764
"shipped_shape0.5",0.0418848167539267
"shipped_shape0.5",0.356020942408377
"shipped_shape0.5",0.884816753926702
"shipped_shape0.5",0
"shipped_shape0.5",0.481675392670157
"shipped_shape0.5",0.00523560209424084
"shipped_shape0.5",0.031413612565445
"shipped_shape0.5",0
"shipped_shape0.5",0.104712041884817
"shipped_shape0.5",0
"shipped_shape0.5",0.0157068062827225
"shipped_shape0.5",0.424083769633508
"shipped_shape0.5",0.591623036649215
"shipped_shape0.5",0
"shipped_shape0.5",0.219895287958115
"shipped_shape0.5",0.136842105263158
"shipped_shape0.5",0
"shipped_shape0.5",0.0104712041884817
"shipped_shape0.5",0.00523560209424084
"shipped_shape0.5",0.240837696335079
"shipped_shape0.5",0.0575916230366492
"shipped_shape0.5",0.247368421052632
"shipped_shape0.5",0.0366492146596859
"shipped_shape0.5",0.612565445026178
"shipped_shape0.5",0
"shipped_shape0.5",0.12565445026178
"shipped_shape0.5",0.664921465968586
"shipped_shape0.5",0.319371727748691
"shipped_shape0.5",0.031413612565445
"shipped_shape0.5",0.0261780104712042
"shipped_shape0.5",0.49738219895288
"shipped_shape0.5",0.0104712041884817
"shipped_shape0.5",0
"shipped_shape0.5",0.0471204188481675
"shipped_shape0.5",0.0261780104712042
"shipped_shape0.5",0.0785340314136126
"shipped_shape0.5",0.319371727748691
"shipped_shape0.5",0.534031413612565
"shipped_shape0.5",0.336842105263158
"shipped_shape0.5",0.827225130890052
"shipped_shape0.5",0.0104712041884817
"shipped_shape0.5",0.0680628272251309
"shipped_shape0.5",0.00523560209424084
"shipped_shape0.5",0.486910994764398
"shipped_shape0.5",0.303664921465969
"shipped_shape0.5",0.146596858638743
"shipped_shape0.5",0.303664921465969
"shipped_shape0.5",0.120418848167539
"shipped_shape0.5",0.536842105263158
"shipped_shape0.5",0.130890052356021
"shipped_shape0.5",0.335078534031414
"shipped_shape0.5",0.0157068062827225
"shipped_shape0.5",0.701570680628272
"shipped_shape0.5",0.612565445026178
"shipped_shape0.5",0.06282722513089
"shipped_shape0.5",0.267015706806283
"shipped_shape0.5",0.50261780104712
"shipped_shape0.5",0.455497382198953
"shipped_shape0.5",0.198952879581152
"shipped_shape0.5",0.115183246073298
"shipped_shape0.5",0
"shipped_shape0.5",0.0785340314136126
"shipped_shape0.5",0.0942408376963351
"shipped_shape0.5",0.277486910994764
"shipped_shape0.5",0.408376963350785
"shipped_shape0.5",0.759162303664921
"shipped_shape0.5",0.0104712041884817
"shipped_shape0.5",0.00526315789473684
"shipped_shape0.5",0.12565445026178
"shipped_shape0.5",0.0471204188481675
"shipped_shape0.5",0
"shipped_shape0.5",0.219895287958115
"shipped_shape0.5",0.853403141361257
"shipped_shape0.5",0.193717277486911
"shipped_shape0.5",0.853403141361257
"shipped_shape0.5",0.324607329842932
"shipped_shape0.5",0.335078534031414
"shipped_shape0.5",0.366492146596859
"shipped_shape0.5",0.0994764397905759
"shipped_shape0.5",0.361256544502618
"shipped_shape0.5",0.031413612565445
"shipped_shape0.5",0
"shipped_shape0.5",0.109947643979058
"shipped_shape0.5",0
"shipped_shape0.5",0.104712041884817
"shipped_shape0.5",0.0680628272251309
"shipped_shape0.5",0.146596858638743
"shipped_shape0.5",0.00523560209424084
"shipped_shape0.5",0.198952879581152
"shipped_shape0.5",0.0523560209424084
"shipped_shape0.5",0
"shipped_shape0.5",0
"shipped_shape0.5",0.0366492146596859
"shipped_shape0.5",0.146596858638743
"shipped_shape0.5",0.287958115183246
"shipped_shape0.5",0.0523560209424084
"shipped_shape0.5",0.0575916230366492
"shipped_shape0.5",0.12565445026178
"shipped_shape0.5",0.712041884816754
"shipped_shape0.5",0.18848167539267
"shipped_shape0.5",0.324607329842932
"shipped_shape0.5",0
"shipped_shape0.5",0.287958115183246
"shipped_shape0.5",0.0523560209424084
"shipped_shape0.5",0
"shipped_shape0.5",0.905759162303665
"shipped_shape0.5",0.0157068062827225
"shipped_shape0.5",0.753926701570681
"shipped_shape0.5",0.00523560209424084
"shipped_shape0.5",0.397905759162304
"shipped_shape0.5",0.43979057591623
"shipped_shape0.5",0.0104712041884817
"shipped_shape0.5",0.0418848167539267
"shipped_shape0.5",0.193717277486911
"shipped_shape0.5",0.0418848167539267
"shipped_shape0.5",0.0366492146596859
"shipped_shape0.5",0.157068062827225
"shipped_shape0.5",0.523560209424084
"shipped_shape0.5",0.0263157894736842
"shipped_shape0.5",0.0209424083769634
"shipped_shape0.5",0.0366492146596859
"shipped_shape0.5",0.303030303030303
"shipped_shape0.5",0.0050251256281407
"shipped_shape0.5",0.487309644670051
"shipped_shape0.5",0.0505050505050505
"shipped_shape0.5",0.0402010050251256
"shipped_shape0.5",0.116751269035533
"shipped_shape0.5",0.126262626262626
"shipped_shape0.5",0.35678391959799
"shipped_shape0.5",0.648241206030151
"shipped_shape0.5",0.0351758793969849
"shipped_shape0.5",0.281407035175879
"shipped_shape0.5",0.0150753768844221
"shipped_shape0.5",0.180904522613065
"shipped_shape0.5",0.125628140703518
"shipped_shape0.5",0.336683417085427
"shipped_shape0.5",0.0808080808080808
"shipped_shape0.5",0.246231155778894
"shipped_shape0.5",0.371859296482412
"shipped_shape0.5",0.316582914572864
"shipped_shape0.5",0.78894472361809
"shipped_shape0.5",0.0201005025125628
"shipped_shape0.5",0.0753768844221105
"shipped_shape0.5",0.35678391959799
"shipped_shape0.5",0.0050251256281407
"shipped_shape0.5",0.0050251256281407
"shipped_shape0.5",0.0100502512562814
"shipped_shape0.5",0.0201005025125628
"shipped_shape0.5",0.914572864321608
"shipped_shape0.5",0.100502512562814
"shipped_shape0.5",0
"shipped_shape0.5",0.175879396984925
"shipped_shape0.5",0.14070351758794
"shipped_shape0.5",0.884422110552764
"shipped_shape0.5",0
"shipped_shape0.5",0.120603015075377
"shipped_shape0.5",0.772727272727273
"shipped_shape0.5",0.222222222222222
"shipped_shape0.5",0.743718592964824
"shipped_shape0.5",0.0050251256281407
"shipped_shape0.5",0.0402010050251256
"shipped_shape0.5",0.336683417085427
"shipped_shape0.5",0.0452261306532663
"shipped_shape0.5",0.0653266331658292
"shipped_shape0.5",0.361809045226131
"shipped_shape0.5",0.809045226130653
"shipped_shape0.5",0.0100502512562814
"shipped_shape0.5",0
"shipped_shape0.5",0.834170854271357
"shipped_shape0.5",0
"shipped_shape0.5",0.326633165829146
"shipped_shape0.5",0.0505050505050505
"shipped_shape0.5",0.0804020100502513
"shipped_shape0.5",0.562814070351759
"shipped_shape0.5",0.226130653266332
"shipped_shape0.5",0.0904522613065327
"shipped_shape0.5",0.0251256281407035
"shipped_shape0.5",0.0402010050251256
"shipped_shape0.5",0.0753768844221105
"shipped_shape0.5",0.0964467005076142
"shipped_shape0.5",0.0452261306532663
"shipped_shape0.5",0
"shipped_shape0.5",0.0050251256281407
"shipped_shape0.5",0.175879396984925
"shipped_shape0.5",0
"shipped_shape0.5",0.130653266331658
"shipped_shape0.5",0.0904522613065327
"shipped_shape0.5",0.131313131313131
"shipped_shape0.5",0.0253807106598985
"shipped_shape0.5",0.0452261306532663
"shipped_shape0.5",0.266331658291457
"shipped_shape0.5",0.271356783919598
"shipped_shape0.5",0.246231155778894
"shipped_shape0.5",0.236180904522613
"shipped_shape0.5",0.0050251256281407
"shipped_shape0.5",0.698492462311558
"shipped_shape0.5",0
"shipped_shape0.5",0.301507537688442
"shipped_shape0.5",0.333333333333333
"shipped_shape0.5",0.21608040201005
"shipped_shape0.5",0.321608040201005
"shipped_shape0.5",0
"shipped_shape0.5",0
"shipped_shape0.5",0.396984924623116
"shipped_shape0.5",0.206030150753769
"shipped_shape0.5",0.0251256281407035
"shipped_shape0.5",0.879396984924623
"shipped_shape0.5",0.0452261306532663
"shipped_shape0.5",0.050251256281407
"shipped_shape0.5",0.0402010050251256
"shipped_shape0.5",0.0904522613065327
"shipped_shape0.5",0
"shipped_shape0.5",0.834170854271357
"shipped_shape0.5",0.0150753768844221
"shipped_shape0.5",0.50251256281407
"shipped_shape0.5",0.0100502512562814
"shipped_shape0.5",0.814070351758794
"shipped_shape0.5",0
"shipped_shape0.5",0.0351758793969849
"shipped_shape0.5",0.0100502512562814
"shipped_shape0.5",0.050251256281407
"shipped_shape0.5",0.0150753768844221
"shipped_shape0.5",0.0808080808080808
"shipped_shape0.5",0
"shipped_shape0.5",0.135678391959799
"shipped_shape0.5",0.14070351758794
"shipped_shape0.5",0.333333333333333
"shipped_shape0.5",0.14070351758794
"shipped_shape0.5",0.0100502512562814
"shipped_shape0.5",0
"shipped_shape0.5",0.462311557788945
"shipped_shape0.5",0.0452261306532663
"shipped_shape0.5",0.512562814070352
"shipped_shape0.5",0.412060301507538
"shipped_shape0.5",0
"shipped_shape0.5",0.0251256281407035
"shipped_shape0.5",0.0552763819095477
"shipped_shape0.5",0.050761421319797
"shipped_shape0.5",0.155778894472362
"shipped_shape0.5",0.613065326633166
"shipped_shape0.5",0.728643216080402
"shipped_shape0.5",0.0351758793969849
"shipped_shape0.5",0.768844221105528
"shipped_shape0.5",0.141414141414141
"shipped_shape0.5",0.0100502512562814
"shipped_shape0.5",0.206030150753769
"shipped_shape0.5",0.131313131313131
"shipped_shape0.5",0.442211055276382
"shipped_shape0.5",0
"shipped_shape0.5",0.492462311557789
"shipped_shape0.5",0.21608040201005
"shipped_shape0.5",0.487437185929648
"shipped_shape0.5",0.050251256281407
"shipped_shape0.5",0.628140703517588
"shipped_shape0.5",0.306532663316583
"shipped_shape0.5",0.050251256281407
"shipped_shape0.5",0.723618090452261
"shipped_shape0.5",0
"shipped_shape0.5",0.0301507537688442
"shipped_shape0.5",0.0050251256281407
"shipped_shape0.5",0.0753768844221105
"shipped_shape0.5",0.135678391959799
"shipped_shape0.5",0.256281407035176
"shipped_shape0.5",0.14070351758794
"shipped_shape0.5",0.160804020100503
"shipped_shape0.5",0.16751269035533
"shipped_shape0.5",0.0101010101010101
"shipped_shape0.5",0.00505050505050505
"shipped_shape0.5",0.311557788944724
"shipped_shape0.5",0.753768844221106
"shipped_shape0.5",0.110552763819095
"shipped_shape0.5",0.366834170854271
"shipped_shape0.5",0.135678391959799
"shipped_shape0.5",0.321608040201005
"shipped_shape0.5",0.939698492462312
"shipped_shape0.5",0
"shipped_shape0.5",0.507537688442211
"shipped_shape0.5",0.0100502512562814
"shipped_shape0.5",0
"shipped_shape0.5",0.0050251256281407
"shipped_shape0.5",0.0552763819095477
"shipped_shape0.5",0
"shipped_shape0.5",0.0201005025125628
"shipped_shape0.5",0.155778894472362
"shipped_shape0.5",0.537688442211055
"shipped_shape0.5",0
"shipped_shape0.5",0.185929648241206
"shipped_shape0.5",0.125628140703518
"shipped_shape0.5",0
"shipped_shape0.5",0.0100502512562814
"shipped_shape0.5",0.0100502512562814
"shipped_shape0.5",0.201005025125628
"shipped_shape0.5",0.0201005025125628
"shipped_shape0.5",0.277777777777778
"shipped_shape0.5",0.0804020100502513
"shipped_shape0.5",0.542713567839196
"shipped_shape0.5",0.0150753768844221
"shipped_shape0.5",0.100502512562814
"shipped_shape0.5",0.698492462311558
"shipped_shape0.5",0.361809045226131
"shipped_shape0.5",0.0703517587939698
"shipped_shape0.5",0.050251256281407
"shipped_shape0.5",0.542713567839196
"shipped_shape0.5",0.0050251256281407
"shipped_shape0.5",0
"shipped_shape0.5",0.0100502512562814
"shipped_shape0.5",0.0202020202020202
"shipped_shape0.5",0.0353535353535354
"shipped_shape0.5",0.0552763819095477
"shipped_shape0.5",0.472361809045226
"shipped_shape0.5",0.323232323232323
"shipped_shape0.5",0.787878787878788
"shipped_shape0.5",0.0203045685279188
"shipped_shape0.5",0.0558375634517767
"shipped_shape0.5",0.0202020202020202
"shipped_shape0.5",0.171717171717172
"shipped_shape0.5",0.368686868686869
"shipped_shape0.5",0.176767676767677
"shipped_shape0.5",0.292929292929293
"shipped_shape0.5",0.0909090909090909
"shipped_shape0.5",0.390862944162437
"shipped_shape0.5",0.161616161616162
"shipped_shape0.5",0.212121212121212
"shipped_shape0.5",0.0101010101010101
"shipped_shape0.5",0.878787878787879
"shipped_shape0.5",0.616161616161616
"shipped_shape0.5",0.136363636363636
"shipped_shape0.5",0.212121212121212
"shipped_shape0.5",0.563451776649746
"shipped_shape0.5",0.454545454545455
"shipped_shape0.5",0.227272727272727
"shipped_shape0.5",0.181818181818182
"shipped_shape0.5",0
"shipped_shape0.5",0.0707070707070707
"shipped_shape0.5",0.222222222222222
"shipped_shape0.5",0.279187817258883
"shipped_shape0.5",0.378787878787879
"shipped_shape0.5",0.606060606060606
"shipped_shape0.5",0.00505050505050505
"shipped_shape0.5",0.0050761421319797
"shipped_shape0.5",0.161616161616162
"shipped_shape0.5",0.0404040404040404
"shipped_shape0.5",0
"shipped_shape0.5",0.262626262626263
"shipped_shape0.5",0.838383838383838
"shipped_shape0.5",0.186868686868687
"shipped_shape0.5",0.847715736040609
"shipped_shape0.5",0.237373737373737
"shipped_shape0.5",0.47979797979798
"shipped_shape0.5",0.464646464646465
"shipped_shape0.5",0.146464646464646
"shipped_shape0.5",0.338383838383838
"shipped_shape0.5",0.0404040404040404
"shipped_shape0.5",0
"shipped_shape0.5",0.0653266331658292
"shipped_shape0.5",0
"shipped_shape0.5",0.160804020100503
"shipped_shape0.5",0.0150753768844221
"shipped_shape0.5",0.170854271356784
"shipped_shape0.5",0.0452261306532663
"shipped_shape0.5",0.085427135678392
"shipped_shape0.5",0.0150753768844221
"shipped_shape0.5",0
"shipped_shape0.5",0
"shipped_shape0.5",0.0904522613065327
"shipped_shape0.5",0.0552763819095477
"shipped_shape0.5",0.381909547738693
"shipped_shape0.5",0.0653266331658292
"shipped_shape0.5",0.0251256281407035
"shipped_shape0.5",0.120603015075377
"shipped_shape0.5",0.592964824120603
"shipped_shape0.5",0.402010050251256
"shipped_shape0.5",0.424242424242424
"shipped_shape0.5",0
"shipped_shape0.5",0.226130653266332
"shipped_shape0.5",0.150753768844221
"shipped_shape0.5",0
"shipped_shape0.5",0.949748743718593
"shipped_shape0.5",0.0102040816326531
"shipped_shape0.5",0.819095477386935
"shipped_shape0.5",0.0050251256281407
"shipped_shape0.5",0.376884422110553
"shipped_shape0.5",0.398989898989899
"shipped_shape0.5",0.0100502512562814
"shipped_shape0.5",0.0703517587939698
"shipped_shape0.5",0.085427135678392
"shipped_shape0.5",0.0251256281407035
"shipped_shape0.5",0.085427135678392
"shipped_shape0.5",0.155778894472362
"shipped_shape0.5",0.376884422110553
"shipped_shape0.5",0.0150753768844221
"shipped_shape0.5",0.0351758793969849
"shipped_shape0.5",0.085427135678392
"fitted_shape",1
"fitted_shape",0
"fitted_shape",1
"fitted_shape",0
"fitted_shape",0.0138888888888889
"fitted_shape",0
"fitted_shape",0
"fitted_shape",0.208333333333333
"fitted_shape",0.273148148148148
"fitted_shape",0.00462962962962963
"fitted_shape",1
"fitted_shape",0.00465116279069767
"fitted_shape",0.25
"fitted_shape",0
"fitted_shape",0.12037037037037
"fitted_shape",0
"fitted_shape",1
"fitted_shape",0.683720930232558
"fitted_shape",0
"fitted_shape",0.976851851851852
"fitted_shape",0
"fitted_shape",0
"fitted_shape",0.0925925925925926
"fitted_shape",0
"fitted_shape",0
"fitted_shape",0
"fitted_shape",0.00462962962962963
"fitted_shape",0.546296296296296
"fitted_shape",0
"fitted_shape",0
"fitted_shape",0
"fitted_shape",0
"fitted_shape",1
"fitted_shape",0
"fitted_shape",0.00462962962962963
"fitted_shape",0.33953488372093
"fitted_shape",0.0277777777777778
"fitted_shape",0.0416666666666667
"fitted_shape",0
"fitted_shape",0
"fitted_shape",0.953703703703704
"fitted_shape",0
"fitted_shape",0
"fitted_shape",1
"fitted_shape",0.277777777777778
"fitted_shape",0.00467289719626168
"fitted_shape",0
"fitted_shape",0.555555555555556
"fitted_shape",0.00925925925925926
"fitted_shape",1
"fitted_shape",0.0138888888888889
"fitted_shape",0
"fitted_shape",0.0604651162790698
"fitted_shape",0.0416666666666667
"fitted_shape",0.0416666666666667
"fitted_shape",0
"fitted_shape",0
"fitted_shape",0
"fitted_shape",0
"fitted_shape",0
"fitted_shape",0
"fitted_shape",0
"fitted_shape",0.723404255319149
"fitted_shape",0
"fitted_shape",0
"fitted_shape",0
"fitted_shape",0
"fitted_shape",0
"fitted_shape",0
"fitted_shape",0.914893617021277
"fitted_shape",0.595744680851064
"fitted_shape",0.287234042553192
"fitted_shape",0.734042553191489
"fitted_shape",0
"fitted_shape",1
"fitted_shape",0
"fitted_shape",0.25531914893617
"fitted_shape",1
"fitted_shape",0.967741935483871
"fitted_shape",0.0425531914893617
"fitted_shape",0
"fitted_shape",0
"fitted_shape",0.978723404255319
"fitted_shape",0
"fitted_shape",0
"fitted_shape",0.0787037037037037
"fitted_shape",0
"fitted_shape",0
"fitted_shape",0
"fitted_shape",0
"fitted_shape",0
"fitted_shape",0.106481481481481
"fitted_shape",0
"fitted_shape",1
"fitted_shape",0
"fitted_shape",0.0555555555555556
"fitted_shape",0
"fitted_shape",0
"fitted_shape",0
"fitted_shape",0
"fitted_shape",0
"fitted_shape",1
"fitted_shape",0
"fitted_shape",0
"fitted_shape",0
"fitted_shape",0.195348837209302
"fitted_shape",0
"fitted_shape",0
"fitted_shape",0
"fitted_shape",0.296296296296296
"fitted_shape",0.0232558139534884
"fitted_shape",0.981481481481482
"fitted_shape",0.981481481481482
"fitted_shape",0
"fitted_shape",0.152777777777778
"fitted_shape",0
"fitted_shape",0
"fitted_shape",1
"fitted_shape",0.328703703703704
"fitted_shape",0.907407407407407
"fitted_shape",0
"fitted_shape",0.277777777777778
"fitted_shape",0
"fitted_shape",0
"fitted_shape",0.12962962962963
"fitted_shape",0
"fitted_shape",1
"fitted_shape",0
"fitted_shape",0.0514018691588785
"fitted_shape",0.744186046511628
"fitted_shape",0.967592592592593
"fitted_shape",0
"fitted_shape",0.703703703703704
"fitted_shape",0.24537037037037
"fitted_shape",0
"fitted_shape",0.911627906976744
"fitted_shape",0.027906976744186
"fitted_shape",0.00930232558139535
"fitted_shape",0
"fitted_shape",0.00465116279069767
"fitted_shape",0.00465116279069767
"fitted_shape",0
"fitted_shape",1
"fitted_shape",0.782407407407407
"fitted_shape",0
"fitted_shape",0
"fitted_shape",0
"fitted_shape",0.361111111111111
"fitted_shape",0.0740740740740741
"fitted_shape",0.00462962962962963
"fitted_shape",0.305555555555556
"fitted_shape",0
"fitted_shape",0.171296296296296
"fitted_shape",1
"fitted_shape",0
"fitted_shape",0.0601851851851852
"fitted_shape",0
"fitted_shape",0
"fitted_shape",0
"fitted_shape",0
"fitted_shape",0
"fitted_shape",0
"fitted_shape",1
"fitted_shape",1
"fitted_shape",0.00462962962962963
"fitted_shape",0.305555555555556
"fitted_shape",0
"fitted_shape",0
"fitted_shape",0
"fitted_shape",0
"fitted_shape",0.231481481481481
"fitted_shape",0
"fitted_shape",0.901869158878505
"fitted_shape",0
"fitted_shape",0.162790697674419
"fitted_shape",0
"fitted_shape",0
"fitted_shape",0.934883720930233
"fitted_shape",0.837209302325581
"fitted_shape",0
"fitted_shape",0.0372093023255814
"fitted_shape",0.962790697674419
"fitted_shape",0
"fitted_shape",0.00930232558139535
"fitted_shape",0.0232558139534884
"fitted_shape",0
"fitted_shape",0
"fitted_shape",0
"fitted_shape",0.850467289719626
"fitted_shape",0.804651162790698
"fitted_shape",0.465116279069767
"fitted_shape",0.00462962962962963
"fitted_shape",0
"fitted_shape",0
"fitted_shape",0.782407407407407
"fitted_shape",0.590697674418605
"fitted_shape",0
"fitted_shape",0.282407407407407
"fitted_shape",0
"fitted_shape",0.333333333333333
"fitted_shape",0.00462962962962963
"fitted_shape",0.0972222222222222
"fitted_shape",0
"fitted_shape",1
"fitted_shape",1
"fitted_shape",0
"fitted_shape",1
"fitted_shape",0.0972222222222222
"fitted_shape",0.810185185185185
"fitted_shape",0.976851851851852
"fitted_shape",0
"fitted_shape",0
"fitted_shape",0.00462962962962963
"fitted_shape",0
"fitted_shape",0.406542056074766
"fitted_shape",1
"fitted_shape",0.962962962962963
"fitted_shape",0.0740740740740741
"fitted_shape",0
"fitted_shape",0
"fitted_shape",0
"fitted_shape",0
"fitted_shape",1
"fitted_shape",0.27906976744186
"fitted_shape",1
"fitted_shape",0.189814814814815
"fitted_shape",1
"fitted_shape",0.472222222222222
"fitted_shape",0.898148148148148
"fitted_shape",0.0325581395348837
"fitted_shape",0.186046511627907
"fitted_shape",0
"fitted_shape",0
"fitted_shape",0
"fitted_shape",0.00462962962962963
"fitted_shape",0
"fitted_shape",0
"fitted_shape",0.0231481481481481
"fitted_shape",0
"fitted_shape",0
"fitted_shape",0
"fitted_shape",0
"fitted_shape",0
"fitted_shape",0
"fitted_shape",0.00462962962962963
"fitted_shape",1
"fitted_shape",0
"fitted_shape",0
"fitted_shape",0
"fitted_shape",1
"fitted_shape",0.0697674418604651
"fitted_shape",0.990740740740741
"fitted_shape",0.0185185185185185
"fitted_shape",0.763888888888889
"fitted_shape",0
"fitted_shape",0
"fitted_shape",0.152777777777778
"fitted_shape",0
"fitted_shape",0.171296296296296
"fitted_shape",0
"fitted_shape",0.342592592592593
"fitted_shape",0.393518518518519
"fitted_shape",0.0231481481481481
"fitted_shape",0
"fitted_shape",0
"fitted_shape",0
"fitted_shape",0.0185185185185185
"fitted_shape",0
"fitted_shape",0.189814814814815
"fitted_shape",0
"fitted_shape",0
"fitted_shape",0
"fitted_shape",1
"fitted_shape",0
"fitted_shape",1
"fitted_shape",0
"fitted_shape",0
"fitted_shape",0
"fitted_shape",0
"fitted_shape",0.164383561643836
"fitted_shape",0.395454545454545
"fitted_shape",0.00454545454545455
"fitted_shape",1
"fitted_shape",0.00454545454545455
"fitted_shape",0.218181818181818
"fitted_shape",0
"fitted_shape",0.227272727272727
"fitted_shape",0.00454545454545455
"fitted_shape",1
"fitted_shape",0.681818181818182
"fitted_shape",0.0409090909090909
"fitted_shape",0.990909090909091
"fitted_shape",0
"fitted_shape",0
"fitted_shape",0.0681818181818182
"fitted_shape",0
"fitted_shape",0
"fitted_shape",0
"fitted_shape",0.0636363636363636
"fitted_shape",0.395454545454545
"fitted_shape",0
"fitted_shape",0
"fitted_shape",0
"fitted_shape",0
"fitted_shape",1
"fitted_shape",0
"fitted_shape",0.0363636363636364
"fitted_shape",0.223744292237443
"fitted_shape",0.0409090909090909
"fitted_shape",0.0363636363636364
"fitted_shape",0
"fitted_shape",0
"fitted_shape",0.945454545454545
"fitted_shape",0
"fitted_shape",0
"fitted_shape",1
"fitted_shape",0.327272727272727
"fitted_shape",0.0227272727272727
"fitted_shape",0
"fitted_shape",0.395454545454545
"fitted_shape",0.00909090909090909
"fitted_shape",1
"fitted_shape",0.00454545454545455
"fitted_shape",0
"fitted_shape",0.0228310502283105
"fitted_shape",0.105022831050228
"fitted_shape",0.0318181818181818
"fitted_shape",0
"fitted_shape",0
"fitted_shape",0
"fitted_shape",0
"fitted_shape",0
"fitted_shape",0
"fitted_shape",0
"fitted_shape",0.631818181818182
"fitted_shape",0
"fitted_shape",0
"fitted_shape",0
"fitted_shape",0
"fitted_shape",0
"fitted_shape",0
"fitted_shape",0.881818181818182
"fitted_shape",0.586363636363636
"fitted_shape",0.236363636363636
"fitted_shape",0.759090909090909
"fitted_shape",0
"fitted_shape",0.995454545454545
"fitted_shape",0
"fitted_shape",0.6
"fitted_shape",0.995454545454545
"fitted_shape",0.990909090909091
"fitted_shape",0.0545454545454545
"fitted_shape",0
"fitted_shape",0
"fitted_shape",0.990909090909091
"fitted_shape",0
"fitted_shape",0
"fitted_shape",0.0818181818181818
"fitted_shape",0
"fitted_shape",0
"fitted_shape",0
"fitted_shape",0
"fitted_shape",0
"fitted_shape",0.150684931506849
"fitted_shape",0
"fitted_shape",1
"fitted_shape",0
"fitted_shape",0.0593607305936073
"fitted_shape",0
"fitted_shape",0
"fitted_shape",0
"fitted_shape",0
"fitted_shape",0
"fitted_shape",1
"fitted_shape",0
"fitted_shape",0
"fitted_shape",0
"fitted_shape",0.205479452054795
"fitted_shape",0
"fitted_shape",0
"fitted_shape",0
"fitted_shape",0.36986301369863
"fitted_shape",0.0136986301369863
"fitted_shape",0.990867579908676
"fitted_shape",0.986363636363636
"fitted_shape",0
"fitted_shape",0.0136363636363636
"fitted_shape",0
"fitted_shape",0
"fitted_shape",1
"fitted_shape",0.331818181818182
"fitted_shape",0.863636363636364
"fitted_shape",0
"fitted_shape",0.277272727272727
"fitted_shape",0.00454545454545455
"fitted_shape",0
"fitted_shape",0.127272727272727
"fitted_shape",0
"fitted_shape",1
"fitted_shape",0
"fitted_shape",0.0136363636363636
"fitted_shape",0.713636363636364
"fitted_shape",0.972727272727273
"fitted_shape",0
"fitted_shape",0.754545454545455
"fitted_shape",0.177272727272727
"fitted_shape",0
"fitted_shape",0.931818181818182
"fitted_shape",0.0272727272727273
"fitted_shape",0.00909090909090909
"fitted_shape",0
"fitted_shape",0
"fitted_shape",0
"fitted_shape",0
"fitted_shape",1
"fitted_shape",0.731818181818182
"fitted_shape",0
"fitted_shape",0
"fitted_shape",0
"fitted_shape",0.381818181818182
"fitted_shape",0.0772727272727273
"fitted_shape",0
"fitted_shape",0.518181818181818
"fitted_shape",0
"fitted_shape",0.136363636363636
"fitted_shape",1
"fitted_shape",0
"fitted_shape",0.0818181818181818
"fitted_shape",0
"fitted_shape",0
"fitted_shape",0
"fitted_shape",0
"fitted_shape",0
"fitted_shape",0
"fitted_shape",1
"fitted_shape",0.986301369863014
"fitted_shape",0
"fitted_shape",0.395454545454545
"fitted_shape",0
"fitted_shape",0
"fitted_shape",0
"fitted_shape",0
"fitted_shape",0.3
"fitted_shape",0
"fitted_shape",0.809090909090909
"fitted_shape",0
"fitted_shape",0.109090909090909
"fitted_shape",0
"fitted_shape",0
"fitted_shape",0.868181818181818
"fitted_shape",0.681818181818182
"fitted_shape",0
"fitted_shape",0.0454545454545455
"fitted_shape",0.977272727272727
"fitted_shape",0
"fitted_shape",0.0319634703196347
"fitted_shape",0.00454545454545455
"fitted_shape",0
"fitted_shape",0
"fitted_shape",0
"fitted_shape",0.840182648401826
"fitted_shape",0.772727272727273
"fitted_shape",0.518181818181818
"fitted_shape",0
"fitted_shape",0
"fitted_shape",0
"fitted_shape",0.780821917808219
"fitted_shape",0.536363636363636
"fitted_shape",0
"fitted_shape",0.313636363636364
"fitted_shape",0
"fitted_shape",0.3
"fitted_shape",0.0181818181818182
"fitted_shape",0.15
"fitted_shape",0
"fitted_shape",1
"fitted_shape",1
"fitted_shape",0
"fitted_shape",1
"fitted_shape",0.118181818181818
"fitted_shape",0.695454545454545
"fitted_shape",0.986363636363636
"fitted_shape",0
"fitted_shape",0
"fitted_shape",0
"fitted_shape",0
"fitted_shape",0.45
"fitted_shape",1
"fitted_shape",0.931818181818182
"fitted_shape",0.0454545454545455
"fitted_shape",0
"fitted_shape",0.0318181818181818
"fitted_shape",0
"fitted_shape",0
"fitted_shape",0.995454545454545
"fitted_shape",0.63013698630137
"fitted_shape",1
"fitted_shape",0.181818181818182
"fitted_shape",1
"fitted_shape",0.304545454545455
"fitted_shape",0.859090909090909
"fitted_shape",0.0136986301369863
"fitted_shape",0.15
"fitted_shape",0
"fitted_shape",0
"fitted_shape",0
"fitted_shape",0.00909090909090909
"fitted_shape",0
"fitted_shape",0
"fitted_shape",0.1
"fitted_shape",0
"fitted_shape",0
"fitted_shape",0
"fitted_shape",0
"fitted_shape",0
"fitted_shape",0
"fitted_shape",0.0227272727272727
"fitted_shape",1
"fitted_shape",0
"fitted_shape",0
"fitted_shape",0.00909090909090909
"fitted_shape",1
"fitted_shape",0.0636363636363636
"fitted_shape",1
"fitted_shape",0.0227272727272727
"fitted_shape",0.776255707762557
"fitted_shape",0.00909090909090909
"fitted_shape",0
"fitted_shape",0.1
"fitted_shape",0
"fitted_shape",0.118181818181818
"fitted_shape",0
"fitted_shape",0.295454545454545
"fitted_shape",0.340909090909091
"fitted_shape",0.00909090909090909
"fitted_shape",0
"fitted_shape",0
"fitted_shape",0
"fitted_shape",0.0363636363636364
"fitted_shape",0
"fitted_shape",0.172727272727273
"fitted_shape",0
"fitted_shape",0
"fitted_shape",0
"fitted_shape",1
"fitted_shape",0
"fitted_shape",1
"fitted_shape",0
"fitted_shape",0.00476190476190476
"fitted_shape",0
"fitted_shape",0
"fitted_shape",0.119047619047619
"fitted_shape",0.385714285714286
"fitted_shape",0.00952380952380952
"fitted_shape",1
"fitted_shape",0.0287081339712919
"fitted_shape",0.261904761904762
"fitted_shape",0
"fitted_shape",0.138095238095238
"fitted_shape",0.00956937799043062
"fitted_shape",1
"fitted_shape",0.685714285714286
"fitted_shape",0.0523809523809524
"fitted_shape",0.985714285714286
"fitted_shape",0
"fitted_shape",0
"fitted_shape",0.0571428571428571
"fitted_shape",0
"fitted_shape",0
"fitted_shape",0
"fitted_shape",0
"fitted_shape",0.361904761904762
"fitted_shape",0
"fitted_shape",0
"fitted_shape",0
"fitted_shape",0
"fitted_shape",1
"fitted_shape",0
"fitted_shape",0.00476190476190476
"fitted_shape",0.239234449760766
"fitted_shape",0.0238095238095238
"fitted_shape",0.142857142857143
"fitted_shape",0
"fitted_shape",0
"fitted_shape",0.966507177033493
"fitted_shape",0
"fitted_shape",0
"fitted_shape",1
"fitted_shape",0.347619047619048
"fitted_shape",0
"fitted_shape",0
"fitted_shape",0.471428571428571
"fitted_shape",0.0142857142857143
"fitted_shape",1
"fitted_shape",0.019047619047619
"fitted_shape",0
"fitted_shape",0.0386473429951691
"fitted_shape",0.0478468899521531
"fitted_shape",0.019047619047619
"fitted_shape",0
"fitted_shape",0
"fitted_shape",0
"fitted_shape",0
"fitted_shape",0
"fitted_shape",0
"fitted_shape",0
"fitted_shape",0.680952380952381
"fitted_shape",0
"fitted_shape",0
"fitted_shape",0
"fitted_shape",0
"fitted_shape",0
"fitted_shape",0
"fitted_shape",0.838095238095238
"fitted_shape",0.528571428571429
"fitted_shape",0.30952380952381
"fitted_shape",0.847619047619048
"fitted_shape",0
"fitted_shape",0.995238095238095
"fitted_shape",0
"fitted_shape",0.442857142857143
"fitted_shape",1
"fitted_shape",0.976076555023923
"fitted_shape",0.0238095238095238
"fitted_shape",0
"fitted_shape",0
"fitted_shape",1
"fitted_shape",0
"fitted_shape",0
"fitted_shape",0.0333333333333333
"fitted_shape",0
"fitted_shape",0
"fitted_shape",0
"fitted_shape",0
"fitted_shape",0
"fitted_shape",0.192307692307692
"fitted_shape",0
"fitted_shape",1
"fitted_shape",0
"fitted_shape",0.0714285714285714
"fitted_shape",0
"fitted_shape",0
"fitted_shape",0
"fitted_shape",0
"fitted_shape",0
"fitted_shape",1
"fitted_shape",0
"fitted_shape",0
"fitted_shape",0
"fitted_shape",0.15311004784689
"fitted_shape",0
"fitted_shape",0
"fitted_shape",0
"fitted_shape",0.30952380952381
"fitted_shape",0.0384615384615385
"fitted_shape",0.976190476190476
"fitted_shape",0.994791666666667
"fitted_shape",0
"fitted_shape",0.0523560209424084
"fitted_shape",0
"fitted_shape",0
"fitted_shape",1
"fitted_shape",0.359375
"fitted_shape",0.942708333333333
"fitted_shape",0
"fitted_shape",0.25130890052356
"fitted_shape",0
"fitted_shape",0
"fitted_shape",0.0885416666666667
"fitted_shape",0.00520833333333333
"fitted_shape",1
"fitted_shape",0
"fitted_shape",0.046875
"fitted_shape",0.75
"fitted_shape",0.973958333333333
"fitted_shape",0
"fitted_shape",0.723958333333333
"fitted_shape",0.213541666666667
"fitted_shape",0
"fitted_shape",0.904761904761905
"fitted_shape",0.0142857142857143
"fitted_shape",0
"fitted_shape",0
"fitted_shape",0
"fitted_shape",0
"fitted_shape",0
"fitted_shape",1
"fitted_shape",0.742857142857143
"fitted_shape",0
"fitted_shape",0
"fitted_shape",0
"fitted_shape",0.423809523809524
"fitted_shape",0.0476190476190476
"fitted_shape",0.00952380952380952
"fitted_shape",0.366666666666667
"fitted_shape",0
"fitted_shape",0.123809523809524
"fitted_shape",1
"fitted_shape",0
"fitted_shape",0.0666666666666667
"fitted_shape",0
"fitted_shape",0
"fitted_shape",0.00476190476190476
"fitted_shape",0
"fitted_shape",0
"fitted_shape",0
"fitted_shape",1
"fitted_shape",0.99047619047619
"fitted_shape",0.00478468899521531
"fitted_shape",0.30952380952381
"fitted_shape",0
"fitted_shape",0
"fitted_shape",0
"fitted_shape",0
"fitted_shape",0.242857142857143
"fitted_shape",0
"fitted_shape",0.852380952380952
"fitted_shape",0
"fitted_shape",0.19047619047619
"fitted_shape",0
"fitted_shape",0
"fitted_shape",0.904761904761905
"fitted_shape",0.728571428571429
"fitted_shape",0
"fitted_shape",0.0428571428571429
"fitted_shape",0.961904761904762
"fitted_shape",0
"fitted_shape",0.0239234449760766
"fitted_shape",0.0142857142857143
"fitted_shape",0
"fitted_shape",0
"fitted_shape",0
"fitted_shape",0.757142857142857
"fitted_shape",0.832535885167464
"fitted_shape",0.428571428571429
"fitted_shape",0
"fitted_shape",0
"fitted_shape",0
"fitted_shape",0.80952380952381
"fitted_shape",0.454545454545455
"fitted_shape",0
"fitted_shape",0.404761904761905
"fitted_shape",0
"fitted_shape",0.257142857142857
"fitted_shape",0.0382775119617225
"fitted_shape",0.147619047619048
"fitted_shape",0
"fitted_shape",1
"fitted_shape",1
"fitted_shape",0
"fitted_shape",1
"fitted_shape",0.0714285714285714
"fitted_shape",0.673076923076923
"fitted_shape",0.985714285714286
"fitted_shape",0
"fitted_shape",0
"fitted_shape",0
"fitted_shape",0
"fitted_shape",0.323671497584541
"fitted_shape",1
"fitted_shape",0.914285714285714
"fitted_shape",0.228571428571429
"fitted_shape",0
"fitted_shape",0.0144230769230769
"fitted_shape",0
"fitted_shape",0
"fitted_shape",1
"fitted_shape",0.595238095238095
"fitted_shape",1
"fitted_shape",0.161904761904762
"fitted_shape",1
"fitted_shape",0.5
"fitted_shape",0.919047619047619
"fitted_shape",0.0476190476190476
"fitted_shape",0.204761904761905
"fitted_shape",0
"fitted_shape",0
"fitted_shape",0
"fitted_shape",0.00476190476190476
"fitted_shape",0
"fitted_shape",0
"fitted_shape",0.0666666666666667
"fitted_shape",0
"fitted_shape",0
"fitted_shape",0
"fitted_shape",0
"fitted_shape",0
"fitted_shape",0.00952380952380952
"fitted_shape",0.00476190476190476
"fitted_shape",1
"fitted_shape",0
"fitted_shape",0
"fitted_shape",0.00476190476190476
"fitted_shape",1
"fitted_shape",0.0238095238095238
"fitted_shape",0.990430622009569
"fitted_shape",0.0380952380952381
"fitted_shape",0.714285714285714
"fitted_shape",0
"fitted_shape",0
"fitted_shape",0.0952380952380952
"fitted_shape",0
"fitted_shape",0.216346153846154
"fitted_shape",0
"fitted_shape",0.328571428571429
"fitted_shape",0.357142857142857
"fitted_shape",0.0285714285714286
"fitted_shape",0.00476190476190476
"fitted_shape",0
"fitted_shape",0
"fitted_shape",0.019047619047619
"fitted_shape",0
"fitted_shape",0.157142857142857
"fitted_shape",0
"fitted_shape",0
"fitted_shape",0
"fitted_shape",1
"fitted_shape",0
"fitted_shape",1
"fitted_shape",0
"fitted_shape",0
"fitted_shape",0
"fitted_shape",0
"fitted_shape",0.199052132701422
"fitted_shape",0.298578199052133
"fitted_shape",0.014218009478673
"fitted_shape",1
"fitted_shape",0.23696682464455
"fitted_shape",0.203791469194313
"fitted_shape",0
"fitted_shape",0.245192307692308
"fitted_shape",0
"fitted_shape",1
"fitted_shape",0.767772511848341
"fitted_shape",0.014218009478673
"fitted_shape",0.976303317535545
"fitted_shape",0
"fitted_shape",0
"fitted_shape",0.0710900473933649
"fitted_shape",0
"fitted_shape",0
"fitted_shape",0
"fitted_shape",0
"fitted_shape",0.366666666666667
"fitted_shape",0
"fitted_shape",0
"fitted_shape",0
"fitted_shape",0
"fitted_shape",1
"fitted_shape",0
"fitted_shape",0.014218009478673
"fitted_shape",0.31578947368421
"fitted_shape",0.0805687203791469
"fitted_shape",0.028436018957346
"fitted_shape",0
"fitted_shape",0
"fitted_shape",0.961722488038278
"fitted_shape",0
"fitted_shape",0
"fitted_shape",1
"fitted_shape",0.33175355450237
"fitted_shape",0.004739336492891
"fitted_shape",0
"fitted_shape",0.497630331753554
"fitted_shape",0.014218009478673
"fitted_shape",1
"fitted_shape",0.018957345971564
"fitted_shape",0
"fitted_shape",0.0669856459330144
"fitted_shape",0.0619047619047619
"fitted_shape",0.014218009478673
"fitted_shape",0
"fitted_shape",0
"fitted_shape",0
"fitted_shape",0
"fitted_shape",0
"fitted_shape",0
"fitted_shape",0
"fitted_shape",0.744075829383886
"fitted_shape",0
"fitted_shape",0
"fitted_shape",0
"fitted_shape",0
"fitted_shape",0
"fitted_shape",0
"fitted_shape",0.872037914691943
"fitted_shape",0.545023696682464
"fitted_shape",0.184834123222749
"fitted_shape",0.777251184834123
"fitted_shape",0
"fitted_shape",0.990521327014218
"fitted_shape",0
"fitted_shape",0.445497630331754
"fitted_shape",0.995215311004785
"fitted_shape",0.980952380952381
"fitted_shape",0.0568720379146919
"fitted_shape",0
"fitted_shape",0
"fitted_shape",0.981042654028436
"fitted_shape",0.00947867298578199
"fitted_shape",0
"fitted_shape",0.104265402843602
"fitted_shape",0
"fitted_shape",0
"fitted_shape",0
"fitted_shape",0
"fitted_shape",0
"fitted_shape",0.232227488151659
"fitted_shape",0
"fitted_shape",1
"fitted_shape",0
"fitted_shape",0.0663507109004739
"fitted_shape",0
"fitted_shape",0
"fitted_shape",0
"fitted_shape",0
"fitted_shape",0
"fitted_shape",1
"fitted_shape",0
"fitted_shape",0
"fitted_shape",0
"fitted_shape",0.185714285714286
"fitted_shape",0
"fitted_shape",0
"fitted_shape",0
"fitted_shape",0.47867298578199
"fitted_shape",0.0625
"fitted_shape",0.966824644549763
"fitted_shape",0.981042654028436
"fitted_shape",0
"fitted_shape",0.0238095238095238
"fitted_shape",0
"fitted_shape",0
"fitted_shape",1
"fitted_shape",0.42654028436019
"fitted_shape",0.867298578199052
"fitted_shape",0
"fitted_shape",0.28436018957346
"fitted_shape",0.00947867298578199
"fitted_shape",0
"fitted_shape",0.14218009478673
"fitted_shape",0
"fitted_shape",1
"fitted_shape",0
"fitted_shape",0.0238095238095238
"fitted_shape",0.663507109004739
"fitted_shape",0.976303317535545
"fitted_shape",0
"fitted_shape",0.767772511848341
"fitted_shape",0.19047619047619
"fitted_shape",0
"fitted_shape",0.951456310679612
"fitted_shape",0.00947867298578199
"fitted_shape",0.00947867298578199
"fitted_shape",0
"fitted_shape",0
"fitted_shape",0
"fitted_shape",0
"fitted_shape",1
"fitted_shape",0.706161137440758
"fitted_shape",0
"fitted_shape",0
"fitted_shape",0
"fitted_shape",0.398104265402844
"fitted_shape",0.04739336492891
"fitted_shape",0.004739336492891
"fitted_shape",0.554502369668246
"fitted_shape",0
"fitted_shape",0.104265402843602
"fitted_shape",1
"fitted_shape",0
"fitted_shape",0.0995260663507109
"fitted_shape",0
"fitted_shape",0
"fitted_shape",0.004739336492891
"fitted_shape",0
"fitted_shape",0
"fitted_shape",0
"fitted_shape",1
"fitted_shape",0.985781990521327
"fitted_shape",0.004739336492891
"fitted_shape",0.492890995260663
"fitted_shape",0
"fitted_shape",0
"fitted_shape",0
"fitted_shape",0
"fitted_shape",0.298578199052133
"fitted_shape",0
"fitted_shape",0.843601895734597
"fitted_shape",0
"fitted_shape",0.0952380952380952
"fitted_shape",0
"fitted_shape",0
"fitted_shape",0.933649289099526
"fitted_shape",0.676190476190476
"fitted_shape",0
"fitted_shape",0.0909090909090909
"fitted_shape",0.966824644549763
"fitted_shape",0
"fitted_shape",0.014218009478673
"fitted_shape",0.00947867298578199
"fitted_shape",0
"fitted_shape",0
"fitted_shape",0
"fitted_shape",0.824644549763033
"fitted_shape",0.829383886255924
"fitted_shape",0.559808612440191
"fitted_shape",0.0428571428571429
"fitted_shape",0
"fitted_shape",0
"fitted_shape",0.800947867298578
"fitted_shape",0.5260663507109
"fitted_shape",0
"fitted_shape",0.293838862559242
"fitted_shape",0
"fitted_shape",0.175355450236967
"fitted_shape",0.00952380952380952
"fitted_shape",0.0995260663507109
"fitted_shape",0
"fitted_shape",1
"fitted_shape",1
"fitted_shape",0
"fitted_shape",1
"fitted_shape",0.0805687203791469
"fitted_shape",0.777251184834123
"fitted_shape",0.971563981042654
"fitted_shape",0
"fitted_shape",0
"fitted_shape",0
"fitted_shape",0
"fitted_shape",0.302884615384615
"fitted_shape",0.995260663507109
"fitted_shape",0.909952606635071
"fitted_shape",0.037914691943128
"fitted_shape",0
"fitted_shape",0.0616113744075829
"fitted_shape",0
"fitted_shape",0
"fitted_shape",0.995260663507109
"fitted_shape",0.407582938388626
"fitted_shape",1
"fitted_shape",0.132701421800948
"fitted_shape",1
"fitted_shape",0.350710900473934
"fitted_shape",0.85781990521327
"fitted_shape",0.0333333333333333
"fitted_shape",0.104265402843602
"fitted_shape",0
"fitted_shape",0
"fitted_shape",0.00947867298578199
"fitted_shape",0.00947867298578199
"fitted_shape",0
"fitted_shape",0
"fitted_shape",0.0995260663507109
"fitted_shape",0
"fitted_shape",0
"fitted_shape",0
"fitted_shape",0
"fitted_shape",0
"fitted_shape",0
"fitted_shape",0
"fitted_shape",1
"fitted_shape",0
"fitted_shape",0
"fitted_shape",0
"fitted_shape",1
"fitted_shape",0.0947867298578199
"fitted_shape",1
"fitted_shape",0.014218009478673
"fitted_shape",0.76303317535545
"fitted_shape",0.014218009478673
"fitted_shape",0
"fitted_shape",0.0568720379146919
"fitted_shape",0
"fitted_shape",0.251184834123223
"fitted_shape",0
"fitted_shape",0.246445497630332
"fitted_shape",0.308056872037915
"fitted_shape",0.014218009478673
"fitted_shape",0
"fitted_shape",0
"fitted_shape",0
"fitted_shape",0.023696682464455
"fitted_shape",0
"fitted_shape",0.180094786729858
"fitted_shape",0
"fitted_shape",0
"fitted_shape",0
"fitted_shape",1
"fitted_shape",0
"fitted_shape",1
"fitted_shape",0
"fitted_shape",0.00483091787439614
"fitted_shape",0
"fitted_shape",0
"fitted_shape",0.0966183574879227
"fitted_shape",0.270531400966184
"fitted_shape",0.00966183574879227
"fitted_shape",1
"fitted_shape",0.0289855072463768
"fitted_shape",0.304347826086957
"fitted_shape",0
"fitted_shape",0.173913043478261
"fitted_shape",0
"fitted_shape",1
"fitted_shape",0.763285024154589
"fitted_shape",0.0144927536231884
"fitted_shape",0.990338164251208
"fitted_shape",0
"fitted_shape",0
"fitted_shape",0.0869565217391304
"fitted_shape",0
"fitted_shape",0
"fitted_shape",0
"fitted_shape",0
"fitted_shape",0.516908212560386
"fitted_shape",0
"fitted_shape",0
"fitted_shape",0
"fitted_shape",0
"fitted_shape",1
"fitted_shape",0
"fitted_shape",0
"fitted_shape",0.309178743961353
"fitted_shape",0.0434782608695652
"fitted_shape",0.0628019323671498
"fitted_shape",0
"fitted_shape",0
"fitted_shape",0.975845410628019
"fitted_shape",0
"fitted_shape",0
"fitted_shape",1
"fitted_shape",0.357487922705314
"fitted_shape",0.00966183574879227
"fitted_shape",0
"fitted_shape",0.478260869565217
"fitted_shape",0.0338164251207729
"fitted_shape",1
"fitted_shape",0.00483091787439614
"fitted_shape",0
"fitted_shape",0.0434782608695652
"fitted_shape",0.101449275362319
"fitted_shape",0.00966183574879227
"fitted_shape",0
"fitted_shape",0
"fitted_shape",0
"fitted_shape",0
"fitted_shape",0
"fitted_shape",0
"fitted_shape",0
"fitted_shape",0.695652173913043
"fitted_shape",0
"fitted_shape",0
"fitted_shape",0
"fitted_shape",0
"fitted_shape",0
"fitted_shape",0
"fitted_shape",0.797101449275362
"fitted_shape",0.48792270531401
"fitted_shape",0.251207729468599
"fitted_shape",0.797101449275362
"fitted_shape",0
"fitted_shape",0.990338164251208
"fitted_shape",0
"fitted_shape",0.463768115942029
"fitted_shape",1
"fitted_shape",0.961165048543689
"fitted_shape",0.0531400966183575
"fitted_shape",0
"fitted_shape",0
"fitted_shape",0.995169082125604
"fitted_shape",0
"fitted_shape",0
"fitted_shape",0.0676328502415459
"fitted_shape",0
"fitted_shape",0
"fitted_shape",0
"fitted_shape",0
"fitted_shape",0
"fitted_shape",0.130434782608696
"fitted_shape",0
"fitted_shape",1
"fitted_shape",0
"fitted_shape",0.0917874396135266
"fitted_shape",0
"fitted_shape",0
"fitted_shape",0
"fitted_shape",0
"fitted_shape",0
"fitted_shape",1
"fitted_shape",0
"fitted_shape",0
"fitted_shape",0
"fitted_shape",0.256038647342995
"fitted_shape",0
"fitted_shape",0
"fitted_shape",0
"fitted_shape",0.441747572815534
"fitted_shape",0.0195121951219512
"fitted_shape",0.995169082125604
"fitted_shape",1
"fitted_shape",0
"fitted_shape",0.0434782608695652
"fitted_shape",0
"fitted_shape",0
"fitted_shape",1
"fitted_shape",0.357487922705314
"fitted_shape",0.942028985507246
"fitted_shape",0
"fitted_shape",0.314009661835749
"fitted_shape",0
"fitted_shape",0
"fitted_shape",0.173913043478261
"fitted_shape",0.00483091787439614
"fitted_shape",1
"fitted_shape",0.00483091787439614
"fitted_shape",0.144927536231884
"fitted_shape",0.743961352657005
"fitted_shape",0.966183574879227
"fitted_shape",0
"fitted_shape",0.748792270531401
"fitted_shape",0.21256038647343
"fitted_shape",0
"fitted_shape",0.917874396135266
"fitted_shape",0.0289855072463768
"fitted_shape",0
"fitted_shape",0
"fitted_shape",0
"fitted_shape",0.00483091787439614
"fitted_shape",0
"fitted_shape",1
"fitted_shape",0.608695652173913
"fitted_shape",0
"fitted_shape",0.0579710144927536
"fitted_shape",0
"fitted_shape",0.304347826086957
"fitted_shape",0.193236714975845
"fitted_shape",0
"fitted_shape",0.391304347826087
"fitted_shape",0
"fitted_shape",0.111111111111111
"fitted_shape",1
"fitted_shape",0
"fitted_shape",0.0869565217391304
"fitted_shape",0
"fitted_shape",0
"fitted_shape",0
"fitted_shape",0
"fitted_shape",0
"fitted_shape",0
"fitted_shape",1
"fitted_shape",0.995169082125604
"fitted_shape",0
"fitted_shape",0.314009661835749
"fitted_shape",0
"fitted_shape",0
"fitted_shape",0
"fitted_shape",0
"fitted_shape",0.36231884057971
"fitted_shape",0
"fitted_shape",0.743961352657005
"fitted_shape",0
"fitted_shape",0.0772946859903382
"fitted_shape",0
"fitted_shape",0
"fitted_shape",0.922705314009662
"fitted_shape",0.632850241545894
"fitted_shape",0
"fitted_shape",0.0386473429951691
"fitted_shape",0.985507246376812
"fitted_shape",0
"fitted_shape",0.00485436893203883
"fitted_shape",0.0386473429951691
"fitted_shape",0
"fitted_shape",0
"fitted_shape",0
"fitted_shape",0.85024154589372
"fitted_shape",0.85024154589372
"fitted_shape",0.70048309178744
"fitted_shape",0
"fitted_shape",0
"fitted_shape",0
"fitted_shape",0.810679611650485
"fitted_shape",0.603864734299517
"fitted_shape",0
"fitted_shape",0.333333333333333
"fitted_shape",0
"fitted_shape",0.21256038647343
"fitted_shape",0.0193236714975845
"fitted_shape",0.106280193236715
"fitted_shape",0
"fitted_shape",1
"fitted_shape",1
"fitted_shape",0
"fitted_shape",1
"fitted_shape",0.0917874396135266
"fitted_shape",0.801932367149758
"fitted_shape",0.971014492753623
"fitted_shape",0
"fitted_shape",0
"fitted_shape",0
"fitted_shape",0
"fitted_shape",0.524271844660194
"fitted_shape",1
"fitted_shape",0.91304347826087
"fitted_shape",0.0289855072463768
"fitted_shape",0
"fitted_shape",0.0194174757281553
"fitted_shape",0
"fitted_shape",0
"fitted_shape",1
"fitted_shape",0.405797101449275
"fitted_shape",1
"fitted_shape",0.154589371980676
"fitted_shape",1
"fitted_shape",0.376811594202899
"fitted_shape",0.908212560386473
"fitted_shape",0.00970873786407767
"fitted_shape",0.217391304347826
"fitted_shape",0
"fitted_shape",0
"fitted_shape",0
"fitted_shape",0.0241545893719807
"fitted_shape",0
"fitted_shape",0
"fitted_shape",0.0772946859903382
"fitted_shape",0
"fitted_shape",0
"fitted_shape",0
"fitted_shape",0
"fitted_shape",0
"fitted_shape",0
"fitted_shape",0
"fitted_shape",1
"fitted_shape",0
"fitted_shape",0
"fitted_shape",0.00483091787439614
"fitted_shape",1
"fitted_shape",0.0676328502415459
"fitted_shape",1
"fitted_shape",0
"fitted_shape",0.772946859903382
"fitted_shape",0.0242718446601942
"fitted_shape",0
"fitted_shape",0.0483091787439614
"fitted_shape",0
"fitted_shape",0.241545893719807
"fitted_shape",0
"fitted_shape",0.27536231884058
"fitted_shape",0.29951690821256
"fitted_shape",0.00483091787439614
"fitted_shape",0
"fitted_shape",0
"fitted_shape",0
"fitted_shape",0.0338164251207729
"fitted_shape",0
"fitted_shape",0.14975845410628
"fitted_shape",0
"fitted_shape",0
"fitted_shape",0
"fitted_shape",1
"fitted_shape",0
"fitted_shape",1
"fitted_shape",0
"fitted_shape",0.00478468899521531
"fitted_shape",0
"fitted_shape",0
"fitted_shape",0.210526315789474
"fitted_shape",0.325358851674641
"fitted_shape",0.00956937799043062
"fitted_shape",1
"fitted_shape",0.0334928229665072
"fitted_shape",0.330143540669856
"fitted_shape",0
"fitted_shape",0.157894736842105
"fitted_shape",0
"fitted_shape",1
"fitted_shape",0.751196172248804
"fitted_shape",0.0574162679425837
"fitted_shape",0.985645933014354
"fitted_shape",0
"fitted_shape",0
"fitted_shape",0.149038461538462
"fitted_shape",0
"fitted_shape",0
"fitted_shape",0
"fitted_shape",0.00478468899521531
"fitted_shape",0.382775119617225
"fitted_shape",0
"fitted_shape",0
"fitted_shape",0
"fitted_shape",0
"fitted_shape",1
"fitted_shape",0
"fitted_shape",0.0191387559808612
"fitted_shape",0.192307692307692
"fitted_shape",0.0528846153846154
"fitted_shape",0.0528846153846154
"fitted_shape",0
"fitted_shape",0
"fitted_shape",0.980676328502415
"fitted_shape",0
"fitted_shape",0
"fitted_shape",1
"fitted_shape",0.294685990338164
"fitted_shape",0.00490196078431373
"fitted_shape",0
"fitted_shape",0.475728155339806
"fitted_shape",0.00970873786407767
"fitted_shape",1
"fitted_shape",0.00485436893203883
"fitted_shape",0
"fitted_shape",0.0878048780487805
"fitted_shape",0.0585365853658537
"fitted_shape",0.00975609756097561
"fitted_shape",0
"fitted_shape",0
"fitted_shape",0
"fitted_shape",0
"fitted_shape",0
"fitted_shape",0
"fitted_shape",0
"fitted_shape",0.797101449275362
"fitted_shape",0
"fitted_shape",0
"fitted_shape",0
"fitted_shape",0
"fitted_shape",0
"fitted_shape",0
"fitted_shape",0.817307692307692
"fitted_shape",0.461538461538462
"fitted_shape",0.528846153846154
"fitted_shape",0.741626794258373
"fitted_shape",0
"fitted_shape",1
"fitted_shape",0.00478468899521531
"fitted_shape",0.578947368421053
"fitted_shape",0.990338164251208
"fitted_shape",0.980861244019139
"fitted_shape",0.0382775119617225
"fitted_shape",0
"fitted_shape",0
"fitted_shape",0.990430622009569
"fitted_shape",0
"fitted_shape",0
"fitted_shape",0.0961538461538462
"fitted_shape",0
"fitted_shape",0
"fitted_shape",0
"fitted_shape",0
"fitted_shape",0
"fitted_shape",0.157894736842105
"fitted_shape",0
"fitted_shape",1
"fitted_shape",0
"fitted_shape",0.129186602870813
"fitted_shape",0
"fitted_shape",0
"fitted_shape",0
"fitted_shape",0
"fitted_shape",0
"fitted_shape",1
"fitted_shape",0
"fitted_shape",0
"fitted_shape",0
"fitted_shape",0.282296650717703
"fitted_shape",0
"fitted_shape",0
"fitted_shape",0
"fitted_shape",0.401913875598086
"fitted_shape",0.0239234449760766
"fitted_shape",0.995215311004785
"fitted_shape",0.985645933014354
"fitted_shape",0
"fitted_shape",0.00478468899521531
"fitted_shape",0
"fitted_shape",0
"fitted_shape",1
"fitted_shape",0.325358851674641
"fitted_shape",0.866028708133971
"fitted_shape",0
"fitted_shape",0.31578947368421
"fitted_shape",0
"fitted_shape",0
"fitted_shape",0.210526315789474
"fitted_shape",0
"fitted_shape",1
"fitted_shape",0
"fitted_shape",0.0334928229665072
"fitted_shape",0.770334928229665
"fitted_shape",0.947368421052632
"fitted_shape",0
"fitted_shape",0.736842105263158
"fitted_shape",0.200956937799043
"fitted_shape",0
"fitted_shape",0.885167464114832
"fitted_shape",0.0191387559808612
"fitted_shape",0.0430622009569378
"fitted_shape",0.00478468899521531
"fitted_shape",0
"fitted_shape",0.00956937799043062
"fitted_shape",0
"fitted_shape",1
"fitted_shape",0.598086124401914
"fitted_shape",0
"fitted_shape",0
"fitted_shape",0
"fitted_shape",0.368421052631579
"fitted_shape",0.110047846889952
"fitted_shape",0
"fitted_shape",0.382775119617225
"fitted_shape",0
"fitted_shape",0.114832535885167
"fitted_shape",1
"fitted_shape",0
"fitted_shape",0.105263157894737
"fitted_shape",0
"fitted_shape",0
"fitted_shape",0
"fitted_shape",0
"fitted_shape",0
"fitted_shape",0
"fitted_shape",1
"fitted_shape",0.995192307692308
"fitted_shape",0
"fitted_shape",0.421052631578947
"fitted_shape",0
"fitted_shape",0
"fitted_shape",0
"fitted_shape",0
"fitted_shape",0.363636363636364
"fitted_shape",0
"fitted_shape",0.827751196172249
"fitted_shape",0
"fitted_shape",0.143540669856459
"fitted_shape",0
"fitted_shape",0
"fitted_shape",0.885167464114832
"fitted_shape",0.803827751196172
"fitted_shape",0
"fitted_shape",0.0143540669856459
"fitted_shape",0.966507177033493
"fitted_shape",0
"fitted_shape",0.00478468899521531
"fitted_shape",0.0143540669856459
"fitted_shape",0
"fitted_shape",0
"fitted_shape",0
"fitted_shape",0.788461538461538
"fitted_shape",0.842105263157895
"fitted_shape",0.483253588516746
"fitted_shape",0
"fitted_shape",0
"fitted_shape",0
"fitted_shape",0.822966507177033
"fitted_shape",0.583732057416268
"fitted_shape",0
"fitted_shape",0.291866028708134
"fitted_shape",0
"fitted_shape",0.253588516746411
"fitted_shape",0.0334928229665072
"fitted_shape",0.0717703349282297
"fitted_shape",0
"fitted_shape",1
"fitted_shape",1
"fitted_shape",0
"fitted_shape",1
"fitted_shape",0.0769230769230769
"fitted_shape",0.746411483253589
"fitted_shape",0.995215311004785
"fitted_shape",0
"fitted_shape",0
"fitted_shape",0
"fitted_shape",0
"fitted_shape",0.504807692307692
"fitted_shape",1
"fitted_shape",0.91866028708134
"fitted_shape",0.0382775119617225
"fitted_shape",0
"fitted_shape",0.0287081339712919
"fitted_shape",0.00478468899521531
"fitted_shape",0
"fitted_shape",1
"fitted_shape",0.427184466019417
"fitted_shape",1
"fitted_shape",0.110047846889952
"fitted_shape",1
"fitted_shape",0.320574162679426
"fitted_shape",0.851674641148325
"fitted_shape",0.00956937799043062
"fitted_shape",0.22488038277512
"fitted_shape",0
"fitted_shape",0
"fitted_shape",0.0288461538461538
"fitted_shape",0.00956937799043062
"fitted_shape",0
"fitted_shape",0
"fitted_shape",0.076555023923445
"fitted_shape",0
"fitted_shape",0
"fitted_shape",0.00478468899521531
"fitted_shape",0
"fitted_shape",0
"fitted_shape",0.00478468899521531
"fitted_shape",0.0239234449760766
"fitted_shape",1
"fitted_shape",0
"fitted_shape",0
"fitted_shape",0
"fitted_shape",1
"fitted_shape",0.0382775119617225
"fitted_shape",0.980861244019139
"fitted_shape",0.00956937799043062
"fitted_shape",0.818181818181818
"fitted_shape",0.00478468899521531
"fitted_shape",0
"fitted_shape",0.133971291866029
"fitted_shape",0
"fitted_shape",0.157894736842105
"fitted_shape",0
"fitted_shape",0.320574162679426
"fitted_shape",0.248803827751196
"fitted_shape",0.00478468899521531
"fitted_shape",0
"fitted_shape",0
"fitted_shape",0
"fitted_shape",0.0669856459330144
"fitted_shape",0
"fitted_shape",0.157894736842105
"fitted_shape",0
"fitted_shape",0
"fitted_shape",0
"fitted_shape",1
"fitted_shape",0
"fitted_shape",1
"fitted_shape",0
"fitted_shape",0.004739336492891
"fitted_shape",0
"fitted_shape",0
"fitted_shape",0.246445497630332
"fitted_shape",0.336492890995261
"fitted_shape",0.033175355450237
"fitted_shape",1
"fitted_shape",0.00947867298578199
"fitted_shape",0.218009478672986
"fitted_shape",0
"fitted_shape",0.132701421800948
"fitted_shape",0
"fitted_shape",1
"fitted_shape",0.588516746411483
"fitted_shape",0.0568720379146919
"fitted_shape",0.980952380952381
"fitted_shape",0
"fitted_shape",0
"fitted_shape",0.023696682464455
"fitted_shape",0
"fitted_shape",0
"fitted_shape",0
"fitted_shape",0
"fitted_shape",0.417061611374408
"fitted_shape",0
"fitted_shape",0
"fitted_shape",0
"fitted_shape",0
"fitted_shape",1
"fitted_shape",0
"fitted_shape",0.004739336492891
"fitted_shape",0.261904761904762
"fitted_shape",0.0285714285714286
"fitted_shape",0.04739336492891
"fitted_shape",0
"fitted_shape",0
"fitted_shape",0.933649289099526
"fitted_shape",0
"fitted_shape",0
"fitted_shape",1
"fitted_shape",0.37914691943128
"fitted_shape",0.00947867298578199
"fitted_shape",0
"fitted_shape",0.369668246445498
"fitted_shape",0.018957345971564
"fitted_shape",1
"fitted_shape",0.018957345971564
"fitted_shape",0
"fitted_shape",0.0380952380952381
"fitted_shape",0.0710900473933649
"fitted_shape",0.019047619047619
"fitted_shape",0
"fitted_shape",0
"fitted_shape",0
"fitted_shape",0
"fitted_shape",0
"fitted_shape",0
"fitted_shape",0
"fitted_shape",0.687203791469194
"fitted_shape",0
"fitted_shape",0
"fitted_shape",0
"fitted_shape",0
"fitted_shape",0
"fitted_shape",0
"fitted_shape",0.872037914691943
"fitted_shape",0.519047619047619
"fitted_shape",0.205741626794258
"fitted_shape",0.838862559241706
"fitted_shape",0
"fitted_shape",0.985781990521327
"fitted_shape",0
"fitted_shape",0.497630331753554
"fitted_shape",0.995260663507109
"fitted_shape",0.966824644549763
"fitted_shape",0.018957345971564
"fitted_shape",0
"fitted_shape",0
"fitted_shape",1
"fitted_shape",0
"fitted_shape",0
"fitted_shape",0.0521327014218009
"fitted_shape",0
"fitted_shape",0
"fitted_shape",0
"fitted_shape",0
"fitted_shape",0
"fitted_shape",0.109004739336493
"fitted_shape",0
"fitted_shape",1
"fitted_shape",0
"fitted_shape",0.0805687203791469
"fitted_shape",0
"fitted_shape",0
"fitted_shape",0
"fitted_shape",0
"fitted_shape",0
"fitted_shape",1
"fitted_shape",0
"fitted_shape",0
"fitted_shape",0
"fitted_shape",0.241706161137441
"fitted_shape",0
"fitted_shape",0
"fitted_shape",0
"fitted_shape",0.417061611374408
"fitted_shape",0.014218009478673
"fitted_shape",0.981042654028436
"fitted_shape",0.995260663507109
"fitted_shape",0
"fitted_shape",0.00952380952380952
"fitted_shape",0
"fitted_shape",0
"fitted_shape",1
"fitted_shape",0.450236966824645
"fitted_shape",0.909952606635071
"fitted_shape",0
"fitted_shape",0.407582938388626
"fitted_shape",0
"fitted_shape",0
"fitted_shape",0.246445497630332
"fitted_shape",0.00947867298578199
"fitted_shape",1
"fitted_shape",0
"fitted_shape",0.0333333333333333
"fitted_shape",0.691943127962085
"fitted_shape",0.962085308056872
"fitted_shape",0
"fitted_shape",0.710900473933649
"fitted_shape",0.170616113744076
"fitted_shape",0
"fitted_shape",0.928909952606635
"fitted_shape",0.028436018957346
"fitted_shape",0.004739336492891
"fitted_shape",0
"fitted_shape",0
"fitted_shape",0
"fitted_shape",0
"fitted_shape",1
"fitted_shape",0.66824644549763
"fitted_shape",0
"fitted_shape",0
"fitted_shape",0
"fitted_shape",0.436018957345972
"fitted_shape",0.165876777251185
"fitted_shape",0.00478468899521531
"fitted_shape",0.466666666666667
"fitted_shape",0
"fitted_shape",0.165876777251185
"fitted_shape",1
"fitted_shape",0
"fitted_shape",0.0663507109004739
"fitted_shape",0
"fitted_shape",0
"fitted_shape",0.014218009478673
"fitted_shape",0
"fitted_shape",0
"fitted_shape",0
"fitted_shape",1
"fitted_shape",0.995260663507109
"fitted_shape",0
"fitted_shape",0.350710900473934
"fitted_shape",0
"fitted_shape",0
"fitted_shape",0
"fitted_shape",0
"fitted_shape",0.308056872037915
"fitted_shape",0
"fitted_shape",0.719047619047619
"fitted_shape",0
"fitted_shape",0.360189573459716
"fitted_shape",0
"fitted_shape",0
"fitted_shape",0.900473933649289
"fitted_shape",0.758293838862559
"fitted_shape",0
"fitted_shape",0.04739336492891
"fitted_shape",0.985781990521327
"fitted_shape",0
"fitted_shape",0.004739336492891
"fitted_shape",0.00947867298578199
"fitted_shape",0
"fitted_shape",0
"fitted_shape",0
"fitted_shape",0.800947867298578
"fitted_shape",0.800947867298578
"fitted_shape",0.549763033175355
"fitted_shape",0
"fitted_shape",0
"fitted_shape",0
"fitted_shape",0.867298578199052
"fitted_shape",0.580952380952381
"fitted_shape",0.0568720379146919
"fitted_shape",0.260663507109005
"fitted_shape",0
"fitted_shape",0.444976076555024
"fitted_shape",0.004739336492891
"fitted_shape",0.1
"fitted_shape",0
"fitted_shape",1
"fitted_shape",1
"fitted_shape",0
"fitted_shape",1
"fitted_shape",0.100478468899522
"fitted_shape",0.795238095238095
"fitted_shape",1
"fitted_shape",0
"fitted_shape",0
"fitted_shape",0.00476190476190476
"fitted_shape",0
"fitted_shape",0.360576923076923
"fitted_shape",1
"fitted_shape",0.957142857142857
"fitted_shape",0.019047619047619
"fitted_shape",0
"fitted_shape",0.0285714285714286
"fitted_shape",0
"fitted_shape",0
"fitted_shape",1
"fitted_shape",0.435406698564593
"fitted_shape",1
"fitted_shape",0.142857142857143
"fitted_shape",1
"fitted_shape",0.419047619047619
"fitted_shape",0.876190476190476
"fitted_shape",0.019047619047619
"fitted_shape",0.138095238095238
"fitted_shape",0
"fitted_shape",0
"fitted_shape",0.00952380952380952
"fitted_shape",0.00952380952380952
"fitted_shape",0
"fitted_shape",0
"fitted_shape",0.0758293838862559
"fitted_shape",0
"fitted_shape",0
"fitted_shape",0
"fitted_shape",0
"fitted_shape",0
"fitted_shape",0
"fitted_shape",0.04739336492891
"fitted_shape",1
"fitted_shape",0
"fitted_shape",0
"fitted_shape",0.028436018957346
"fitted_shape",1
"fitted_shape",0.037914691943128
"fitted_shape",1
"fitted_shape",0.028436018957346
"fitted_shape",0.76303317535545
"fitted_shape",0
"fitted_shape",0
"fitted_shape",0.0568720379146919
"fitted_shape",0
"fitted_shape",0.165876777251185
"fitted_shape",0
"fitted_shape",0.440758293838863
"fitted_shape",0.364928909952607
"fitted_shape",0.00956937799043062
"fitted_shape",0
"fitted_shape",0
"fitted_shape",0
"fitted_shape",0.004739336492891
"fitted_shape",0
"fitted_shape",0.14218009478673
"fitted_shape",0
"fitted_shape",0
"fitted_shape",0
"fitted_shape",1
"fitted_shape",0
"fitted_shape",1
"fitted_shape",0
"fitted_shape",0
"fitted_shape",0
"fitted_shape",0
"fitted_shape",0.153846153846154
"fitted_shape",0.552884615384615
"fitted_shape",0
"fitted_shape",1
"fitted_shape",0.0144230769230769
"fitted_shape",0.216346153846154
"fitted_shape",0
"fitted_shape",0.106796116504854
"fitted_shape",0
"fitted_shape",1
"fitted_shape",0.725961538461538
"fitted_shape",0.0480769230769231
"fitted_shape",0.995192307692308
"fitted_shape",0
"fitted_shape",0
"fitted_shape",0.0869565217391304
"fitted_shape",0
"fitted_shape",0
"fitted_shape",0
"fitted_shape",0
"fitted_shape",0.384615384615385
"fitted_shape",0
"fitted_shape",0
"fitted_shape",0
"fitted_shape",0
"fitted_shape",1
"fitted_shape",0
"fitted_shape",0
"fitted_shape",0.558252427184466
"fitted_shape",0.0480769230769231
"fitted_shape",0.0336538461538462
"fitted_shape",0
"fitted_shape",0
"fitted_shape",0.966346153846154
"fitted_shape",0
"fitted_shape",0
"fitted_shape",1
"fitted_shape",0.307692307692308
"fitted_shape",0.00961538461538462
"fitted_shape",0
"fitted_shape",0.605769230769231
"fitted_shape",0.0144230769230769
"fitted_shape",1
"fitted_shape",0.00961538461538462
"fitted_shape",0
"fitted_shape",0.0194174757281553
"fitted_shape",0.201923076923077
"fitted_shape",0.0240384615384615
"fitted_shape",0
"fitted_shape",0
"fitted_shape",0
"fitted_shape",0
"fitted_shape",0
"fitted_shape",0
"fitted_shape",0
"fitted_shape",0.644230769230769
"fitted_shape",0
"fitted_shape",0
"fitted_shape",0
"fitted_shape",0
"fitted_shape",0
"fitted_shape",0
"fitted_shape",0.932367149758454
"fitted_shape",0.381642512077295
"fitted_shape",0.278846153846154
"fitted_shape",0.730769230769231
"fitted_shape",0
"fitted_shape",0.995192307692308
"fitted_shape",0
"fitted_shape",0.509615384615385
"fitted_shape",0.990384615384615
"fitted_shape",0.995192307692308
"fitted_shape",0.0673076923076923
"fitted_shape",0
"fitted_shape",0
"fitted_shape",0.990384615384615
"fitted_shape",0
"fitted_shape",0
"fitted_shape",0.072463768115942
"fitted_shape",0
"fitted_shape",0
"fitted_shape",0
"fitted_shape",0
"fitted_shape",0
"fitted_shape",0.129807692307692
"fitted_shape",0
"fitted_shape",1
"fitted_shape",0
"fitted_shape",0.115384615384615
"fitted_shape",0
"fitted_shape",0
"fitted_shape",0
"fitted_shape",0
"fitted_shape",0
"fitted_shape",1
"fitted_shape",0
"fitted_shape",0
"fitted_shape",0
"fitted_shape",0.160194174757282
"fitted_shape",0
"fitted_shape",0
"fitted_shape",0
"fitted_shape",0.393203883495146
"fitted_shape",0.0144927536231884
"fitted_shape",0.985576923076923
"fitted_shape",0.990384615384615
"fitted_shape",0
"fitted_shape",0.00966183574879227
"fitted_shape",0
"fitted_shape",0
"fitted_shape",1
"fitted_shape",0.413461538461538
"fitted_shape",0.884615384615385
"fitted_shape",0
"fitted_shape",0.222222222222222
"fitted_shape",0.00480769230769231
"fitted_shape",0
"fitted_shape",0.134615384615385
"fitted_shape",0
"fitted_shape",1
"fitted_shape",0
"fitted_shape",0.0144927536231884
"fitted_shape",0.681159420289855
"fitted_shape",0.975845410628019
"fitted_shape",0
"fitted_shape",0.701923076923077
"fitted_shape",0.276699029126214
"fitted_shape",0
"fitted_shape",0.913461538461538
"fitted_shape",0.0384615384615385
"fitted_shape",0.00961538461538462
"fitted_shape",0.00966183574879227
"fitted_shape",0
"fitted_shape",0.00480769230769231
"fitted_shape",0
"fitted_shape",1
"fitted_shape",0.649038461538462
"fitted_shape",0
"fitted_shape",0.00480769230769231
"fitted_shape",0
"fitted_shape",0.379807692307692
"fitted_shape",0.0769230769230769
"fitted_shape",0
"fitted_shape",0.514423076923077
"fitted_shape",0
"fitted_shape",0.201923076923077
"fitted_shape",1
"fitted_shape",0
"fitted_shape",0.0576923076923077
"fitted_shape",0
"fitted_shape",0
"fitted_shape",0
"fitted_shape",0
"fitted_shape",0
"fitted_shape",0
"fitted_shape",1
"fitted_shape",0.995192307692308
"fitted_shape",0
"fitted_shape",0.399038461538462
"fitted_shape",0
"fitted_shape",0
"fitted_shape",0
"fitted_shape",0
"fitted_shape",0.278846153846154
"fitted_shape",0
"fitted_shape",0.8125
"fitted_shape",0
"fitted_shape",0.140096618357488
"fitted_shape",0
"fitted_shape",0
"fitted_shape",0.956730769230769
"fitted_shape",0.668269230769231
"fitted_shape",0
"fitted_shape",0.0865384615384615
"fitted_shape",0.980769230769231
"fitted_shape",0
"fitted_shape",0.0144927536231884
"fitted_shape",0.0192307692307692
"fitted_shape",0
"fitted_shape",0
"fitted_shape",0
"fitted_shape",0.822115384615385
"fitted_shape",0.793269230769231
"fitted_shape",0.350961538461538
"fitted_shape",0.00480769230769231
"fitted_shape",0
"fitted_shape",0
"fitted_shape",0.817307692307692
"fitted_shape",0.461538461538462
"fitted_shape",0
"fitted_shape",0.298076923076923
"fitted_shape",0
"fitted_shape",0.296116504854369
"fitted_shape",0.0288461538461538
"fitted_shape",0.0817307692307692
"fitted_shape",0
"fitted_shape",1
"fitted_shape",1
"fitted_shape",0
"fitted_shape",1
"fitted_shape",0.153846153846154
"fitted_shape",0.836538461538462
"fitted_shape",0.985576923076923
"fitted_shape",0
"fitted_shape",0
"fitted_shape",0.00483091787439614
"fitted_shape",0
"fitted_shape",0.410628019323671
"fitted_shape",1
"fitted_shape",0.932692307692308
"fitted_shape",0.0144230769230769
"fitted_shape",0
"fitted_shape",0.0193236714975845
"fitted_shape",0
"fitted_shape",0
"fitted_shape",1
"fitted_shape",0.375
"fitted_shape",1
"fitted_shape",0.192307692307692
"fitted_shape",1
"fitted_shape",0.423076923076923
"fitted_shape",0.841346153846154
"fitted_shape",0.0336538461538462
"fitted_shape",0.3125
"fitted_shape",0
"fitted_shape",0
"fitted_shape",0
"fitted_shape",0.0288461538461538
"fitted_shape",0
"fitted_shape",0
"fitted_shape",0.149038461538462
"fitted_shape",0
"fitted_shape",0
"fitted_shape",0
"fitted_shape",0
"fitted_shape",0
"fitted_shape",0.00961538461538462
"fitted_shape",0.0144230769230769
"fitted_shape",1
"fitted_shape",0
"fitted_shape",0
"fitted_shape",0.00961538461538462
"fitted_shape",1
"fitted_shape",0.0628019323671498
"fitted_shape",0.985576923076923
"fitted_shape",0.110576923076923
"fitted_shape",0.673076923076923
"fitted_shape",0.00480769230769231
"fitted_shape",0
"fitted_shape",0.110576923076923
"fitted_shape",0
"fitted_shape",0.182692307692308
"fitted_shape",0
"fitted_shape",0.225961538461538
"fitted_shape",0.471153846153846
"fitted_shape",0.0144230769230769
"fitted_shape",0
"fitted_shape",0
"fitted_shape",0
"fitted_shape",0.00480769230769231
"fitted_shape",0
"fitted_shape",0.153846153846154
"fitted_shape",0
"fitted_shape",0
"fitted_shape",0
"fitted_shape",1
"fitted_shape",0
"fitted_shape",1
"fitted_shape",0
"fitted_shape",0
"fitted_shape",0
"fitted_shape",0
"fitted_shape",0.162303664921466
"fitted_shape",0.335078534031414
"fitted_shape",0.0104712041884817
"fitted_shape",1
"fitted_shape",0.0261780104712042
"fitted_shape",0.319371727748691
"fitted_shape",0
"fitted_shape",0.130890052356021
"fitted_shape",0.00523560209424084
"fitted_shape",1
"fitted_shape",0.827225130890052
"fitted_shape",0.0575916230366492
"fitted_shape",0.984293193717278
"fitted_shape",0
"fitted_shape",0
"fitted_shape",0.0894736842105263
"fitted_shape",0
"fitted_shape",0
"fitted_shape",0
"fitted_shape",0.031413612565445
"fitted_shape",0.424083769633508
"fitted_shape",0
"fitted_shape",0
"fitted_shape",0
"fitted_shape",0
"fitted_shape",1
"fitted_shape",0
"fitted_shape",0.0104712041884817
"fitted_shape",0.242105263157895
"fitted_shape",0.0418848167539267
"fitted_shape",0.0209424083769634
"fitted_shape",0
"fitted_shape",0
"fitted_shape",0.958115183246073
"fitted_shape",0
"fitted_shape",0
"fitted_shape",1
"fitted_shape",0.366492146596859
"fitted_shape",0.0104712041884817
"fitted_shape",0
"fitted_shape",0.49738219895288
"fitted_shape",0.0261780104712042
"fitted_shape",1
"fitted_shape",0.0157068062827225
"fitted_shape",0
"fitted_shape",0.0578947368421053
"fitted_shape",0.06282722513089
"fitted_shape",0.00523560209424084
"fitted_shape",0
"fitted_shape",0
"fitted_shape",0
"fitted_shape",0
"fitted_shape",0
"fitted_shape",0
"fitted_shape",0
"fitted_shape",0.853403141361257
"fitted_shape",0
"fitted_shape",0
"fitted_shape",0
"fitted_shape",0
"fitted_shape",0
"fitted_shape",0
"fitted_shape",0.884816753926702
"fitted_shape",0.415789473684211
"fitted_shape",0.25130890052356
"fitted_shape",0.74869109947644
"fitted_shape",0
"fitted_shape",1
"fitted_shape",0
"fitted_shape",0.617801047120419
"fitted_shape",1
"fitted_shape",0.958115183246073
"fitted_shape",0.031413612565445
"fitted_shape",0
"fitted_shape",0
"fitted_shape",0.994764397905759
"fitted_shape",0
"fitted_shape",0
"fitted_shape",0.0680628272251309
"fitted_shape",0
"fitted_shape",0
"fitted_shape",0
"fitted_shape",0
"fitted_shape",0
"fitted_shape",0.209424083769634
"fitted_shape",0
"fitted_shape",1
"fitted_shape",0
"fitted_shape",0.0736842105263158
"fitted_shape",0
"fitted_shape",0
"fitted_shape",0
"fitted_shape",0
"fitted_shape",0
"fitted_shape",1
"fitted_shape",0
"fitted_shape",0
"fitted_shape",0
"fitted_shape",0.157894736842105
"fitted_shape",0
"fitted_shape",0
"fitted_shape",0
"fitted_shape",0.457894736842105
"fitted_shape",0.00526315789473684
"fitted_shape",0.968421052631579
"fitted_shape",0.989473684210526
"fitted_shape",0
"fitted_shape",0.0317460317460317
"fitted_shape",0
"fitted_shape",0
"fitted_shape",1
"fitted_shape",0.626315789473684
"fitted_shape",0.9
"fitted_shape",0
"fitted_shape",0.347368421052632
"fitted_shape",0
"fitted_shape",0
"fitted_shape",0.110526315789474
"fitted_shape",0.0105263157894737
"fitted_shape",1
"fitted_shape",0
"fitted_shape",0.0210526315789474
"fitted_shape",0.71578947368421
"fitted_shape",0.947368421052632
"fitted_shape",0
"fitted_shape",0.563157894736842
"fitted_shape",0.163157894736842
"fitted_shape",0
"fitted_shape",0.942408376963351
"fitted_shape",0.031413612565445
"fitted_shape",0.00523560209424084
"fitted_shape",0
"fitted_shape",0
"fitted_shape",0
"fitted_shape",0
"fitted_shape",1
"fitted_shape",0.607329842931937
"fitted_shape",0
"fitted_shape",0.00523560209424084
"fitted_shape",0
"fitted_shape",0.329842931937173
"fitted_shape",0.141361256544503
"fitted_shape",0
"fitted_shape",0.460732984293194
"fitted_shape",0
"fitted_shape",0.178010471204188
"fitted_shape",1
"fitted_shape",0
"fitted_shape",0.0890052356020942
"fitted_shape",0
"fitted_shape",0
"fitted_shape",0.00523560209424084
"fitted_shape",0
"fitted_shape",0
"fitted_shape",0
"fitted_shape",1
"fitted_shape",1
"fitted_shape",0
"fitted_shape",0.31413612565445
"fitted_shape",0
"fitted_shape",0
"fitted_shape",0
"fitted_shape",0
"fitted_shape",0.272251308900524
"fitted_shape",0
"fitted_shape",0.836842105263158
"fitted_shape",0
"fitted_shape",0.12565445026178
"fitted_shape",0
"fitted_shape",0
"fitted_shape",0.842931937172775
"fitted_shape",0.696335078534031
"fitted_shape",0.00523560209424084
"fitted_shape",0.0471204188481675
"fitted_shape",0.973821989528796
"fitted_shape",0
"fitted_shape",0.00523560209424084
"fitted_shape",0.0261780104712042
"fitted_shape",0
"fitted_shape",0
"fitted_shape",0
"fitted_shape",0.81151832460733
"fitted_shape",0.773684210526316
"fitted_shape",0.424083769633508
"fitted_shape",0.00523560209424084
"fitted_shape",0
"fitted_shape",0
"fitted_shape",0.816753926701571
"fitted_shape",0.523560209424084
"fitted_shape",0
"fitted_shape",0.534031413612565
"fitted_shape",0
"fitted_shape",0.352631578947368
"fitted_shape",0.0157068062827225
"fitted_shape",0.115183246073298
"fitted_shape",0
"fitted_shape",1
"fitted_shape",1
"fitted_shape",0
"fitted_shape",1
"fitted_shape",0.104712041884817
"fitted_shape",0.670157068062827
"fitted_shape",0.968586387434555
"fitted_shape",0
"fitted_shape",0
"fitted_shape",0
"fitted_shape",0
"fitted_shape",0.303664921465969
"fitted_shape",1
"fitted_shape",0.931937172774869
"fitted_shape",0.0157068062827225
"fitted_shape",0
"fitted_shape",0.0575916230366492
"fitted_shape",0.00523560209424084
"fitted_shape",0.00523560209424084
"fitted_shape",1
"fitted_shape",0.356020942408377
"fitted_shape",1
"fitted_shape",0.115183246073298
"fitted_shape",1
"fitted_shape",0.308900523560209
"fitted_shape",0.837696335078534
"fitted_shape",0.0418848167539267
"fitted_shape",0.240837696335079
"fitted_shape",0
"fitted_shape",0
"fitted_shape",0.00523560209424084
"fitted_shape",0.0575916230366492
"fitted_shape",0
"fitted_shape",0
"fitted_shape",0.0575916230366492
"fitted_shape",0
"fitted_shape",0
"fitted_shape",0.0104712041884817
"fitted_shape",0
"fitted_shape",0
"fitted_shape",0
"fitted_shape",0.0104712041884817
"fitted_shape",1
"fitted_shape",0
"fitted_shape",0
"fitted_shape",0
"fitted_shape",1
"fitted_shape",0.0575916230366492
"fitted_shape",0.994764397905759
"fitted_shape",0.0157068062827225
"fitted_shape",0.732984293193717
"fitted_shape",0.00523560209424084
"fitted_shape",0
"fitted_shape",0.0994764397905759
"fitted_shape",0
"fitted_shape",0.172774869109948
"fitted_shape",0
"fitted_shape",0.267015706806283
"fitted_shape",0.356020942408377
"fitted_shape",0.0157068062827225
"fitted_shape",0
"fitted_shape",0
"fitted_shape",0
"fitted_shape",0.0157068062827225
"fitted_shape",0
"fitted_shape",0.109947643979058
"fitted_shape",0
"fitted_shape",0
"fitted_shape",0
"fitted_shape",1
"fitted_shape",0
"fitted_shape",1
"fitted_shape",0
"fitted_shape",0.0050251256281407
"fitted_shape",0
"fitted_shape",0
"fitted_shape",0.251256281407035
"fitted_shape",0.396984924623116
"fitted_shape",0.0100502512562814
"fitted_shape",1
"fitted_shape",0.0201005025125628
"fitted_shape",0.371859296482412
"fitted_shape",0
"fitted_shape",0.190954773869347
"fitted_shape",0
"fitted_shape",1
"fitted_shape",0.809045226130653
"fitted_shape",0.0653266331658292
"fitted_shape",0.989949748743719
"fitted_shape",0
"fitted_shape",0.0050251256281407
"fitted_shape",0.0753768844221105
"fitted_shape",0
"fitted_shape",0
"fitted_shape",0
"fitted_shape",0
"fitted_shape",0.301507537688442
"fitted_shape",0
"fitted_shape",0
"fitted_shape",0
"fitted_shape",0
"fitted_shape",1
"fitted_shape",0
"fitted_shape",0
"fitted_shape",0.404040404040404
"fitted_shape",0.0555555555555556
"fitted_shape",0.0452261306532663
"fitted_shape",0
"fitted_shape",0
"fitted_shape",0.934673366834171
"fitted_shape",0
"fitted_shape",0
"fitted_shape",1
"fitted_shape",0.35678391959799
"fitted_shape",0.050251256281407
"fitted_shape",0
"fitted_shape",0.542713567839196
"fitted_shape",0.0301507537688442
"fitted_shape",1
"fitted_shape",0.00505050505050505
"fitted_shape",0
"fitted_shape",0.0351758793969849
"fitted_shape",0.0402010050251256
"fitted_shape",0.100502512562814
"fitted_shape",0
"fitted_shape",0
"fitted_shape",0
"fitted_shape",0
"fitted_shape",0
"fitted_shape",0
"fitted_shape",0
"fitted_shape",0.758793969849246
"fitted_shape",0.0050251256281407
"fitted_shape",0
"fitted_shape",0
"fitted_shape",0
"fitted_shape",0
"fitted_shape",0
"fitted_shape",0.798994974874372
"fitted_shape",0.42713567839196
"fitted_shape",0.160804020100503
"fitted_shape",0.778894472361809
"fitted_shape",0
"fitted_shape",0.984924623115578
"fitted_shape",0
"fitted_shape",0.537688442211055
"fitted_shape",0.994949494949495
"fitted_shape",0.974874371859296
"fitted_shape",0.050251256281407
"fitted_shape",0
"fitted_shape",0
"fitted_shape",0.979899497487437
"fitted_shape",0
"fitted_shape",0
"fitted_shape",0.0201005025125628
"fitted_shape",0
"fitted_shape",0
"fitted_shape",0
"fitted_shape",0
"fitted_shape",0
"fitted_shape",0.266331658291457
"fitted_shape",0
"fitted_shape",1
"fitted_shape",0
"fitted_shape",0.0753768844221105
"fitted_shape",0
"fitted_shape",0
"fitted_shape",0
"fitted_shape",0
"fitted_shape",0
"fitted_shape",1
"fitted_shape",0
"fitted_shape",0
"fitted_shape",0
"fitted_shape",0.136363636363636
"fitted_shape",0
"fitted_shape",0
"fitted_shape",0
"fitted_shape",0.331658291457286
"fitted_shape",0.0050251256281407
"fitted_shape",0.949748743718593
"fitted_shape",0.979899497487437
"fitted_shape",0
"fitted_shape",0.0552763819095477
"fitted_shape",0
"fitted_shape",0
"fitted_shape",1
"fitted_shape",0.336683417085427
"fitted_shape",0.949748743718593
"fitted_shape",0
"fitted_shape",0.321608040201005
"fitted_shape",0.00505050505050505
"fitted_shape",0
"fitted_shape",0.236180904522613
"fitted_shape",0.0101010101010101
"fitted_shape",1
"fitted_shape",0
"fitted_shape",0.0452261306532663
"fitted_shape",0.703517587939699
"fitted_shape",0.899497487437186
"fitted_shape",0
"fitted_shape",0.688442211055276
"fitted_shape",0.437185929648241
"fitted_shape",0
"fitted_shape",0.934673366834171
"fitted_shape",0.0251256281407035
"fitted_shape",0
"fitted_shape",0
"fitted_shape",0.0050251256281407
"fitted_shape",0
"fitted_shape",0
"fitted_shape",1
"fitted_shape",0.683417085427136
"fitted_shape",0
"fitted_shape",0
"fitted_shape",0
"fitted_shape",0.452261306532663
"fitted_shape",0.0954773869346734
"fitted_shape",0
"fitted_shape",0.346733668341709
"fitted_shape",0
"fitted_shape",0.120603015075377
"fitted_shape",1
"fitted_shape",0
"fitted_shape",0.115577889447236
"fitted_shape",0
"fitted_shape",0
"fitted_shape",0
"fitted_shape",0
"fitted_shape",0
"fitted_shape",0
"fitted_shape",1
"fitted_shape",0.989949748743719
"fitted_shape",0
"fitted_shape",0.381909547738693
"fitted_shape",0
"fitted_shape",0
"fitted_shape",0
"fitted_shape",0
"fitted_shape",0.311557788944724
"fitted_shape",0
"fitted_shape",0.803030303030303
"fitted_shape",0
"fitted_shape",0.0804020100502513
"fitted_shape",0
"fitted_shape",0
"fitted_shape",0.919597989949749
"fitted_shape",0.758793969849246
"fitted_shape",0.0050251256281407
"fitted_shape",0.0402010050251256
"fitted_shape",0.974874371859296
"fitted_shape",0
"fitted_shape",0.0101010101010101
"fitted_shape",0.050251256281407
"fitted_shape",0
"fitted_shape",0
"fitted_shape",0
"fitted_shape",0.793969849246231
"fitted_shape",0.787878787878788
"fitted_shape",0.53030303030303
"fitted_shape",0.0050761421319797
"fitted_shape",0
"fitted_shape",0
"fitted_shape",0.777777777777778
"fitted_shape",0.48989898989899
"fitted_shape",0
"fitted_shape",0.277777777777778
"fitted_shape",0
"fitted_shape",0.238578680203046
"fitted_shape",0.0202020202020202
"fitted_shape",0.095959595959596
"fitted_shape",0
"fitted_shape",1
"fitted_shape",1
"fitted_shape",0
"fitted_shape",1
"fitted_shape",0.16751269035533
"fitted_shape",0.717171717171717
"fitted_shape",0.98989898989899
"fitted_shape",0
"fitted_shape",0
"fitted_shape",0
"fitted_shape",0
"fitted_shape",0.370558375634518
"fitted_shape",1
"fitted_shape",0.929292929292929
"fitted_shape",0.0404040404040404
"fitted_shape",0
"fitted_shape",0.0353535353535354
"fitted_shape",0.00505050505050505
"fitted_shape",0
"fitted_shape",1
"fitted_shape",0.419191919191919
"fitted_shape",1
"fitted_shape",0.233502538071066
"fitted_shape",1
"fitted_shape",0.429292929292929
"fitted_shape",0.95959595959596
"fitted_shape",0.0252525252525253
"fitted_shape",0.252525252525253
"fitted_shape",0
"fitted_shape",0
"fitted_shape",0
"fitted_shape",0.0301507537688442
"fitted_shape",0
"fitted_shape",0
"fitted_shape",0.120603015075377
"fitted_shape",0
"fitted_shape",0
"fitted_shape",0
"fitted_shape",0
"fitted_shape",0
"fitted_shape",0.0050251256281407
"fitted_shape",0.0050251256281407
"fitted_shape",1
"fitted_shape",0
"fitted_shape",0
"fitted_shape",0.0150753768844221
"fitted_shape",1
"fitted_shape",0.0452261306532663
"fitted_shape",1
"fitted_shape",0.0301507537688442
"fitted_shape",0.728643216080402
"fitted_shape",0.0050251256281407
"fitted_shape",0
"fitted_shape",0.110552763819095
"fitted_shape",0
"fitted_shape",0.135678391959799
"fitted_shape",0
"fitted_shape",0.281407035175879
"fitted_shape",0.232323232323232
"fitted_shape",0.0150753768844221
"fitted_shape",0
"fitted_shape",0
"fitted_shape",0
"fitted_shape",0.0552763819095477
"fitted_shape",0
"fitted_shape",0.125628140703518
"fitted_shape",0
"fitted_shape",0
"fitted_shape",0
"empirical_rates",0.981481481481482
"empirical_rates",0
"empirical_rates",0.958333333333333
"empirical_rates",0
"empirical_rates",0.986111111111111
"empirical_rates",0
"empirical_rates",0
"empirical_rates",0.143518518518519
"empirical_rates",0.037037037037037
"empirical_rates",0.00462962962962963
"empirical_rates",0.967592592592593
"empirical_rates",1
"empirical_rates",0
"empirical_rates",0.981481481481482
"empirical_rates",0.12037037037037
"empirical_rates",0
"empirical_rates",0.981481481481482
"empirical_rates",0.981395348837209
"empirical_rates",0.0740740740740741
"empirical_rates",0
"empirical_rates",0.962962962962963
"empirical_rates",0
"empirical_rates",0
"empirical_rates",0.0231481481481481
"empirical_rates",0.0277777777777778
"empirical_rates",0.00462962962962963
"empirical_rates",0
"empirical_rates",1
"empirical_rates",0.0138888888888889
"empirical_rates",0.0277777777777778
"empirical_rates",0
"empirical_rates",0
"empirical_rates",0.00925925925925926
"empirical_rates",0.546296296296296
"empirical_rates",0
"empirical_rates",0.00930232558139535
"empirical_rates",0.037037037037037
"empirical_rates",0.972222222222222
"empirical_rates",0
"empirical_rates",0.101851851851852
"empirical_rates",0.365740740740741
"empirical_rates",0.930555555555556
"empirical_rates",0
"empirical_rates",0
"empirical_rates",0.00925925925925926
"empirical_rates",0.995327102803738
"empirical_rates",0.157407407407407
"empirical_rates",0.157407407407407
"empirical_rates",0.981481481481482
"empirical_rates",0
"empirical_rates",0.0231481481481481
"empirical_rates",0
"empirical_rates",0.609302325581395
"empirical_rates",0.00462962962962963
"empirical_rates",0
"empirical_rates",0.00925925925925926
"empirical_rates",0.0531914893617021
"empirical_rates",0
"empirical_rates",0
"empirical_rates",0.0531914893617021
"empirical_rates",0.191489361702128
"empirical_rates",0.0106382978723404
"empirical_rates",0
"empirical_rates",1
"empirical_rates",0.0106382978723404
"empirical_rates",0
"empirical_rates",0
"empirical_rates",0.258064516129032
"empirical_rates",0.0638297872340425
"empirical_rates",0.372340425531915
"empirical_rates",0
"empirical_rates",0
"empirical_rates",0.0212765957446809
"empirical_rates",0.978723404255319
"empirical_rates",0.0851063829787234
"empirical_rates",0.0531914893617021
"empirical_rates",1
"empirical_rates",0
"empirical_rates",0
"empirical_rates",0.98936170212766
"empirical_rates",0
"empirical_rates",0
"empirical_rates",0.0638297872340425
"empirical_rates",0
"empirical_rates",0.936170212765957
"empirical_rates",0
"empirical_rates",0.986111111111111
"empirical_rates",1
"empirical_rates",0.967441860465116
"empirical_rates",0.948837209302326
"empirical_rates",0.527777777777778
"empirical_rates",0.203703703703704
"empirical_rates",0.0416666666666667
"empirical_rates",0.981481481481482
"empirical_rates",0.00462962962962963
"empirical_rates",0.00925925925925926
"empirical_rates",0
"empirical_rates",0
"empirical_rates",0.0787037037037037
"empirical_rates",0
"empirical_rates",0.967592592592593
"empirical_rates",0.00925925925925926
"empirical_rates",0.50462962962963
"empirical_rates",0.0185185185185185
"empirical_rates",0
"empirical_rates",0.0558139534883721
"empirical_rates",0.0694444444444444
"empirical_rates",0
"empirical_rates",1
"empirical_rates",0.990740740740741
"empirical_rates",0
"empirical_rates",0
"empirical_rates",0.125
"empirical_rates",0.037037037037037
"empirical_rates",0
"empirical_rates",0.976851851851852
"empirical_rates",0
"empirical_rates",0.981481481481482
"empirical_rates",0.773148148148148
"empirical_rates",0
"empirical_rates",0.00462962962962963
"empirical_rates",1
"empirical_rates",0.990740740740741
"empirical_rates",0.0277777777777778
"empirical_rates",0.99537037037037
"empirical_rates",0.00465116279069767
"empirical_rates",0.625
"empirical_rates",0
"empirical_rates",0.275700934579439
"empirical_rates",0.0604651162790698
"empirical_rates",0.972222222222222
"empirical_rates",0
"empirical_rates",0.00462962962962963
"empirical_rates",0.412037037037037
"empirical_rates",0.00465116279069767
"empirical_rates",0
"empirical_rates",0.0186046511627907
"empirical_rates",0.00465116279069767
"empirical_rates",0
"empirical_rates",0.986046511627907
"empirical_rates",0.0604651162790698
"empirical_rates",0.00465116279069767
"empirical_rates",0.962962962962963
"empirical_rates",0
"empirical_rates",0
"empirical_rates",0.32093023255814
"empirical_rates",0
"empirical_rates",0.00462962962962963
"empirical_rates",0.0648148148148148
"empirical_rates",0.00462962962962963
"empirical_rates",0
"empirical_rates",0.0231481481481481
"empirical_rates",0.00462962962962963
"empirical_rates",0.0138888888888889
"empirical_rates",0.00462962962962963
"empirical_rates",0.00462962962962963
"empirical_rates",0.185185185185185
"empirical_rates",0
"empirical_rates",0.138888888888889
"empirical_rates",0.231481481481481
"empirical_rates",0
"empirical_rates",0.00462962962962963
"empirical_rates",0
"empirical_rates",0.0833333333333333
"empirical_rates",0.99537037037037
"empirical_rates",1
"empirical_rates",0.0185185185185185
"empirical_rates",0.00925925925925926
"empirical_rates",0.0833333333333333
"empirical_rates",0.0231481481481481
"empirical_rates",0
"empirical_rates",0
"empirical_rates",0.0373831775700935
"empirical_rates",0.365740740740741
"empirical_rates",0.0558139534883721
"empirical_rates",0.990740740740741
"empirical_rates",0.372093023255814
"empirical_rates",0.441860465116279
"empirical_rates",0.013953488372093
"empirical_rates",0
"empirical_rates",0.981395348837209
"empirical_rates",0.00930232558139535
"empirical_rates",0.0837209302325581
"empirical_rates",0.0186046511627907
"empirical_rates",0.0418604651162791
"empirical_rates",0.995348837209302
"empirical_rates",0.00467289719626168
"empirical_rates",1
"empirical_rates",0.990654205607477
"empirical_rates",0
"empirical_rates",0.976744186046512
"empirical_rates",0
"empirical_rates",0.958333333333333
"empirical_rates",0.981481481481482
"empirical_rates",0.00462962962962963
"empirical_rates",0.0418604651162791
"empirical_rates",0.981481481481482
"empirical_rates",0.634259259259259
"empirical_rates",0
"empirical_rates",0.180555555555556
"empirical_rates",0.99537037037037
"empirical_rates",0.148148148148148
"empirical_rates",0.00925925925925926
"empirical_rates",0.212962962962963
"empirical_rates",0.99537037037037
"empirical_rates",0
"empirical_rates",0.013953488372093
"empirical_rates",0.134259259259259
"empirical_rates",0.0972222222222222
"empirical_rates",0.972222222222222
"empirical_rates",0
"empirical_rates",0.99537037037037
"empirical_rates",0
"empirical_rates",0
"empirical_rates",0.985981308411215
"empirical_rates",0.0324074074074074
"empirical_rates",0
"empirical_rates",0.949074074074074
"empirical_rates",0.12037037037037
"empirical_rates",0.00925925925925926
"empirical_rates",0.99537037037037
"empirical_rates",0.138888888888889
"empirical_rates",0.0972222222222222
"empirical_rates",0.0697674418604651
"empirical_rates",0.981395348837209
"empirical_rates",0.990740740740741
"empirical_rates",0.990740740740741
"empirical_rates",0
"empirical_rates",0
"empirical_rates",0.00465116279069767
"empirical_rates",0.0837209302325581
"empirical_rates",0.0185185185185185
"empirical_rates",0
"empirical_rates",0.990740740740741
"empirical_rates",0.157407407407407
"empirical_rates",0.00925925925925926
"empirical_rates",0.99537037037037
"empirical_rates",0.134259259259259
"empirical_rates",0
"empirical_rates",0.0138888888888889
"empirical_rates",0
"empirical_rates",0.362790697674419
"empirical_rates",0
"empirical_rates",0.712962962962963
"empirical_rates",0.981481481481482
"empirical_rates",0.958139534883721
"empirical_rates",0
"empirical_rates",0.972222222222222
"empirical_rates",0.0277777777777778
"empirical_rates",0.00462962962962963
"empirical_rates",1
"empirical_rates",0.986111111111111
"empirical_rates",0.00925925925925926
"empirical_rates",0
"empirical_rates",0.365740740740741
"empirical_rates",0.0833333333333333
"empirical_rates",0.037037037037037
"empirical_rates",0
"empirical_rates",0.99537037037037
"empirical_rates",0.0509259259259259
"empirical_rates",0.00925925925925926
"empirical_rates",0
"empirical_rates",0
"empirical_rates",0
"empirical_rates",0.990740740740741
"empirical_rates",0.0694444444444444
"empirical_rates",0.0185185185185185
"empirical_rates",0
"empirical_rates",0.976851851851852
"empirical_rates",0.231481481481481
"empirical_rates",0.99537037037037
"empirical_rates",0.0138888888888889
"empirical_rates",1
"empirical_rates",0
"empirical_rates",0.986238532110092
"empirical_rates",0
"empirical_rates",0.95
"empirical_rates",0
"empirical_rates",0.0182648401826484
"empirical_rates",0.141552511415525
"empirical_rates",0.0363636363636364
"empirical_rates",0.0409090909090909
"empirical_rates",0.995454545454545
"empirical_rates",0.995454545454545
"empirical_rates",0.0136363636363636
"empirical_rates",0.977272727272727
"empirical_rates",0.2
"empirical_rates",0
"empirical_rates",0.972727272727273
"empirical_rates",0.981818181818182
"empirical_rates",0.181818181818182
"empirical_rates",0.0136363636363636
"empirical_rates",0.968181818181818
"empirical_rates",0
"empirical_rates",0
"empirical_rates",0
"empirical_rates",0.0363636363636364
"empirical_rates",0.00909090909090909
"empirical_rates",0
"empirical_rates",0.986363636363636
"empirical_rates",0.0182648401826484
"empirical_rates",0.0181818181818182
"empirical_rates",0
"empirical_rates",0
"empirical_rates",0
"empirical_rates",0.554545454545455
"empirical_rates",0
"empirical_rates",0
"empirical_rates",0.0181818181818182
"empirical_rates",1
"empirical_rates",0
"empirical_rates",0.118181818181818
"empirical_rates",0.363636363636364
"empirical_rates",0.968181818181818
"empirical_rates",0
"empirical_rates",0.0181818181818182
"empirical_rates",0.0227272727272727
"empirical_rates",0.981818181818182
"empirical_rates",0.277272727272727
"empirical_rates",0.186363636363636
"empirical_rates",0.995454545454545
"empirical_rates",0.05
"empirical_rates",0.0727272727272727
"empirical_rates",0
"empirical_rates",0.621004566210046
"empirical_rates",0
"empirical_rates",0.00454545454545455
"empirical_rates",0
"empirical_rates",0.0318181818181818
"empirical_rates",0
"empirical_rates",0
"empirical_rates",0.0590909090909091
"empirical_rates",0.231818181818182
"empirical_rates",0
"empirical_rates",0
"empirical_rates",0.986363636363636
"empirical_rates",0.00454545454545455
"empirical_rates",0.00454545454545455
"empirical_rates",0
"empirical_rates",0.400921658986175
"empirical_rates",0
"empirical_rates",0.431818181818182
"empirical_rates",0
"empirical_rates",0
"empirical_rates",0.0954545454545455
"empirical_rates",1
"empirical_rates",0.127272727272727
"empirical_rates",0.0136363636363636
"empirical_rates",1
"empirical_rates",0
"empirical_rates",0
"empirical_rates",0.990909090909091
"empirical_rates",0.00454545454545455
"empirical_rates",0.0272727272727273
"empirical_rates",0.0318181818181818
"empirical_rates",0
"empirical_rates",0.936073059360731
"empirical_rates",0
"empirical_rates",0.986301369863014
"empirical_rates",0.968036529680365
"empirical_rates",0.995391705069124
"empirical_rates",0.953917050691244
"empirical_rates",0.52073732718894
"empirical_rates",0.187214611872146
"empirical_rates",0
"empirical_rates",0.981735159817352
"empirical_rates",0
"empirical_rates",0.0045662100456621
"empirical_rates",0.0273972602739726
"empirical_rates",0
"empirical_rates",0.0273972602739726
"empirical_rates",0
"empirical_rates",1
"empirical_rates",0.0045662100456621
"empirical_rates",0.392694063926941
"empirical_rates",0
"empirical_rates",0.0045662100456621
"empirical_rates",0.0228310502283105
"empirical_rates",0.0958904109589041
"empirical_rates",0
"empirical_rates",0.990867579908676
"empirical_rates",0.981735159817352
"empirical_rates",0
"empirical_rates",0.0228310502283105
"empirical_rates",0.15
"empirical_rates",0.0681818181818182
"empirical_rates",0
"empirical_rates",1
"empirical_rates",0.0091324200913242
"empirical_rates",1
"empirical_rates",0.618181818181818
"empirical_rates",0.00454545454545455
"empirical_rates",0.0318181818181818
"empirical_rates",0.986363636363636
"empirical_rates",0.986363636363636
"empirical_rates",0.00454545454545455
"empirical_rates",0.986363636363636
"empirical_rates",0.00454545454545455
"empirical_rates",0.490909090909091
"empirical_rates",0
"empirical_rates",0.290909090909091
"empirical_rates",0.0909090909090909
"empirical_rates",1
"empirical_rates",0
"empirical_rates",0.0181818181818182
"empirical_rates",0.459090909090909
"empirical_rates",0
"empirical_rates",0
"empirical_rates",0.0363636363636364
"empirical_rates",0
"empirical_rates",0
"empirical_rates",0.968181818181818
"empirical_rates",0.0545454545454545
"empirical_rates",0
"empirical_rates",0.986363636363636
"empirical_rates",0
"empirical_rates",0
"empirical_rates",0.390909090909091
"empirical_rates",0
"empirical_rates",0.00454545454545455
"empirical_rates",0.15
"empirical_rates",0
"empirical_rates",0.00454545454545455
"empirical_rates",0.0909090909090909
"empirical_rates",0.0818181818181818
"empirical_rates",0.0227272727272727
"empirical_rates",0.00454545454545455
"empirical_rates",0
"empirical_rates",0.231818181818182
"empirical_rates",0.0181818181818182
"empirical_rates",0.2
"empirical_rates",0.490909090909091
"empirical_rates",0
"empirical_rates",0
"empirical_rates",0
"empirical_rates",0.0958904109589041
"empirical_rates",0.990909090909091
"empirical_rates",0.981818181818182
"empirical_rates",0.0227272727272727
"empirical_rates",0
"empirical_rates",0.0727272727272727
"empirical_rates",0.00454545454545455
"empirical_rates",0
"empirical_rates",0
"empirical_rates",0.0318181818181818
"empirical_rates",0.3
"empirical_rates",0.0636363636363636
"empirical_rates",0.963636363636364
"empirical_rates",0.372727272727273
"empirical_rates",0.490909090909091
"empirical_rates",0.00909090909090909
"empirical_rates",0.0318181818181818
"empirical_rates",0.986363636363636
"empirical_rates",0
"empirical_rates",0.0409090909090909
"empirical_rates",0
"empirical_rates",0.0272727272727273
"empirical_rates",1
"empirical_rates",0
"empirical_rates",0.990783410138249
"empirical_rates",0.981735159817352
"empirical_rates",0
"empirical_rates",0.972727272727273
"empirical_rates",0
"empirical_rates",0.918181818181818
"empirical_rates",0.972727272727273
"empirical_rates",0.0182648401826484
"empirical_rates",0.0545454545454545
"empirical_rates",0.990909090909091
"empirical_rates",0.536363636363636
"empirical_rates",0
"empirical_rates",0.236363636363636
"empirical_rates",0.986363636363636
"empirical_rates",0.15
"empirical_rates",0.00909090909090909
"empirical_rates",0.263636363636364
"empirical_rates",0.990909090909091
"empirical_rates",0
"empirical_rates",0.0227272727272727
"empirical_rates",0.0954545454545455
"empirical_rates",0.0863636363636364
"empirical_rates",0.995454545454545
"empirical_rates",0
"empirical_rates",0.981818181818182
"empirical_rates",0.00454545454545455
"empirical_rates",0
"empirical_rates",0.986363636363636
"empirical_rates",0.0772727272727273
"empirical_rates",0
"empirical_rates",0.922727272727273
"empirical_rates",0.141552511415525
"empirical_rates",0
"empirical_rates",0.977272727272727
"empirical_rates",0.109090909090909
"empirical_rates",0.0772727272727273
"empirical_rates",0.10958904109589
"empirical_rates",0.972727272727273
"empirical_rates",0.986363636363636
"empirical_rates",1
"empirical_rates",0
"empirical_rates",0
"empirical_rates",0.0091324200913242
"empirical_rates",0.159090909090909
"empirical_rates",0.0136363636363636
"empirical_rates",0
"empirical_rates",0.981735159817352
"empirical_rates",0.181818181818182
"empirical_rates",0.0045662100456621
"empirical_rates",0.963636363636364
"empirical_rates",0.145454545454545
"empirical_rates",0
"empirical_rates",0.00909090909090909
"empirical_rates",0
"empirical_rates",0.401826484018265
"empirical_rates",0
"empirical_rates",0.689497716894977
"empirical_rates",0.981818181818182
"empirical_rates",0.95
"empirical_rates",0
"empirical_rates",0.990909090909091
"empirical_rates",0.0272727272727273
"empirical_rates",0.00454545454545455
"empirical_rates",0.986363636363636
"empirical_rates",0.995454545454545
"empirical_rates",0
"empirical_rates",0
"empirical_rates",0.481818181818182
"empirical_rates",0.218181818181818
"empirical_rates",0.0545454545454545
"empirical_rates",0
"empirical_rates",1
"empirical_rates",0.0363636363636364
"empirical_rates",0
"empirical_rates",0
"empirical_rates",0
"empirical_rates",0
"empirical_rates",0.995454545454545
"empirical_rates",0.168181818181818
"empirical_rates",0
"empirical_rates",0
"empirical_rates",1
"empirical_rates",0.351598173515982
"empirical_rates",0.986363636363636
"empirical_rates",0.0227272727272727
"empirical_rates",0.980769230769231
"empirical_rates",0
"empirical_rates",0.980769230769231
"empirical_rates",0
"empirical_rates",0.99047619047619
"empirical_rates",0
"empirical_rates",0.00478468899521531
"empirical_rates",0.104761904761905
"empirical_rates",0.0761904761904762
"empirical_rates",0.00952380952380952
"empirical_rates",0.995238095238095
"empirical_rates",0.995215311004785
"empirical_rates",0.00476190476190476
"empirical_rates",1
"empirical_rates",0.195238095238095
"empirical_rates",0
"empirical_rates",0.971428571428571
"empirical_rates",0.99047619047619
"empirical_rates",0.0904761904761905
"empirical_rates",0
"empirical_rates",0.99047619047619
"empirical_rates",0
"empirical_rates",0
"empirical_rates",0.0238095238095238
"empirical_rates",0.0523809523809524
"empirical_rates",0
"empirical_rates",0
"empirical_rates",0.985714285714286
"empirical_rates",0.00966183574879227
"empirical_rates",0.00952380952380952
"empirical_rates",0
"empirical_rates",0
"empirical_rates",0
"empirical_rates",0.623809523809524
"empirical_rates",0
"empirical_rates",0
"empirical_rates",0.00476190476190476
"empirical_rates",0.947619047619048
"empirical_rates",0
"empirical_rates",0.157142857142857
"empirical_rates",0.507177033492823
"empirical_rates",0.92822966507177
"empirical_rates",0
"empirical_rates",0.0285714285714286
"empirical_rates",0.019047619047619
"empirical_rates",0.99047619047619
"empirical_rates",0.326923076923077
"empirical_rates",0.261904761904762
"empirical_rates",0.938095238095238
"empirical_rates",0
"empirical_rates",0.0238095238095238
"empirical_rates",0.0571428571428571
"empirical_rates",0.613526570048309
"empirical_rates",0
"empirical_rates",0
"empirical_rates",0.0285714285714286
"empirical_rates",0.142857142857143
"empirical_rates",0.00478468899521531
"empirical_rates",0
"empirical_rates",0.00476190476190476
"empirical_rates",0.214285714285714
"empirical_rates",0
"empirical_rates",0
"empirical_rates",0.985714285714286
"empirical_rates",0
"empirical_rates",0
"empirical_rates",0
"empirical_rates",0.106280193236715
"empirical_rates",0
"empirical_rates",0.366666666666667
"empirical_rates",0
"empirical_rates",0
"empirical_rates",0.0142857142857143
"empirical_rates",0.971428571428571
"empirical_rates",0.0904761904761905
"empirical_rates",0.00476190476190476
"empirical_rates",1
"empirical_rates",0
"empirical_rates",0
"empirical_rates",0.995238095238095
"empirical_rates",0
"empirical_rates",0.0238095238095238
"empirical_rates",0.0238095238095238
"empirical_rates",0.00476190476190476
"empirical_rates",0.933333333333333
"empirical_rates",0
"empirical_rates",0.966183574879227
"empirical_rates",0.99047619047619
"empirical_rates",0.975845410628019
"empirical_rates",0.93719806763285
"empirical_rates",0.514285714285714
"empirical_rates",0.0961538461538462
"empirical_rates",0
"empirical_rates",0.976076555023923
"empirical_rates",0
"empirical_rates",0.00952380952380952
"empirical_rates",0.00476190476190476
"empirical_rates",0
"empirical_rates",0.0238095238095238
"empirical_rates",0
"empirical_rates",0.966666666666667
"empirical_rates",0.00956937799043062
"empirical_rates",0.671428571428571
"empirical_rates",0
"empirical_rates",0
"empirical_rates",0.0191387559808612
"empirical_rates",0.147619047619048
"empirical_rates",0
"empirical_rates",0.985714285714286
"empirical_rates",0.985714285714286
"empirical_rates",0.00480769230769231
"empirical_rates",0
"empirical_rates",0.255208333333333
"empirical_rates",0.0208333333333333
"empirical_rates",0
"empirical_rates",0.979166666666667
"empirical_rates",0
"empirical_rates",1
"empirical_rates",0.6875
"empirical_rates",0
"empirical_rates",0.078125
"empirical_rates",0.984293193717278
"empirical_rates",0.96875
"empirical_rates",0
"empirical_rates",0.979166666666667
"empirical_rates",0
"empirical_rates",0.505208333333333
"empirical_rates",0
"empirical_rates",0.25
"empirical_rates",0.151041666666667
"empirical_rates",0.979166666666667
"empirical_rates",0
"empirical_rates",0.0104166666666667
"empirical_rates",0.40625
"empirical_rates",0
"empirical_rates",0
"empirical_rates",0.0523809523809524
"empirical_rates",0.00476190476190476
"empirical_rates",0
"empirical_rates",0.99047619047619
"empirical_rates",0.0571428571428571
"empirical_rates",0.00476190476190476
"empirical_rates",0.952380952380952
"empirical_rates",0
"empirical_rates",0
"empirical_rates",0.210526315789474
"empirical_rates",0
"empirical_rates",0
"empirical_rates",0.128571428571429
"empirical_rates",0
"empirical_rates",0
"empirical_rates",0.0238095238095238
"empirical_rates",0.0285714285714286
"empirical_rates",0.0142857142857143
"empirical_rates",0
"empirical_rates",0
"empirical_rates",0.214285714285714
"empirical_rates",0
"empirical_rates",0.142857142857143
"empirical_rates",0.504761904761905
"empirical_rates",0
"empirical_rates",0
"empirical_rates",0.0142857142857143
"empirical_rates",0.0714285714285714
"empirical_rates",0.980861244019139
"empirical_rates",0.995238095238095
"empirical_rates",0.0478468899521531
"empirical_rates",0.00476190476190476
"empirical_rates",0.076555023923445
"empirical_rates",0.0142857142857143
"empirical_rates",0
"empirical_rates",0
"empirical_rates",0.0285714285714286
"empirical_rates",0.319047619047619
"empirical_rates",0.0619047619047619
"empirical_rates",0.99047619047619
"empirical_rates",0.419047619047619
"empirical_rates",0.452380952380952
"empirical_rates",0.00952380952380952
"empirical_rates",0.00476190476190476
"empirical_rates",0.980952380952381
"empirical_rates",0
"empirical_rates",0.10952380952381
"empirical_rates",0.00478468899521531
"empirical_rates",0.080952380952381
"empirical_rates",0.99047619047619
"empirical_rates",0
"empirical_rates",0.995238095238095
"empirical_rates",0.985714285714286
"empirical_rates",0
"empirical_rates",0.971428571428571
"empirical_rates",0
"empirical_rates",0.933333333333333
"empirical_rates",0.971428571428571
"empirical_rates",0.00476190476190476
"empirical_rates",0.0669856459330144
"empirical_rates",0.985714285714286
"empirical_rates",0.533333333333333
"empirical_rates",0
"empirical_rates",0.1
"empirical_rates",0.995215311004785
"empirical_rates",0.176190476190476
"empirical_rates",0.0523809523809524
"empirical_rates",0.19047619047619
"empirical_rates",0.966666666666667
"empirical_rates",0.00476190476190476
"empirical_rates",0.019047619047619
"empirical_rates",0.104761904761905
"empirical_rates",0.105769230769231
"empirical_rates",0.976190476190476
"empirical_rates",0
"empirical_rates",0.99047619047619
"empirical_rates",0
"empirical_rates",0.00952380952380952
"empirical_rates",0.995169082125604
"empirical_rates",0.00476190476190476
"empirical_rates",0.00952380952380952
"empirical_rates",0.938095238095238
"empirical_rates",0.153846153846154
"empirical_rates",0
"empirical_rates",0.980952380952381
"empirical_rates",0.166666666666667
"empirical_rates",0.166666666666667
"empirical_rates",0.0857142857142857
"empirical_rates",1
"empirical_rates",1
"empirical_rates",0.985714285714286
"empirical_rates",0.00476190476190476
"empirical_rates",0
"empirical_rates",0.0571428571428571
"empirical_rates",0.157142857142857
"empirical_rates",0.00952380952380952
"empirical_rates",0
"empirical_rates",0.980861244019139
"empirical_rates",0.133333333333333
"empirical_rates",0.0142857142857143
"empirical_rates",0.985714285714286
"empirical_rates",0.123809523809524
"empirical_rates",0
"empirical_rates",0.0238095238095238
"empirical_rates",0
"empirical_rates",0.461904761904762
"empirical_rates",0.019047619047619
"empirical_rates",0.857142857142857
"empirical_rates",0.980952380952381
"empirical_rates",0.99047619047619
"empirical_rates",0
"empirical_rates",0.99047619047619
"empirical_rates",0.0238095238095238
"empirical_rates",0
"empirical_rates",0.99047619047619
"empirical_rates",0.995215311004785
"empirical_rates",0
"empirical_rates",0.00476190476190476
"empirical_rates",0.3
"empirical_rates",0.147619047619048
"empirical_rates",0.080952380952381
"empirical_rates",0
"empirical_rates",0.980769230769231
"empirical_rates",0.0238095238095238
"empirical_rates",0
"empirical_rates",0
"empirical_rates",0
"empirical_rates",0
"empirical_rates",0.971428571428571
"empirical_rates",0.0523809523809524
"empirical_rates",0
"empirical_rates",0
"empirical_rates",0.976190476190476
"empirical_rates",0.257142857142857
"empirical_rates",0.99047619047619
"empirical_rates",0.0428571428571429
"empirical_rates",1
"empirical_rates",0
"empirical_rates",0.990521327014218
"empirical_rates",0.00947867298578199
"empirical_rates",0.995260663507109
"empirical_rates",0
"empirical_rates",0.00947867298578199
"empirical_rates",0.355450236966825
"empirical_rates",0.042654028436019
"empirical_rates",0.004739336492891
"empirical_rates",0.990521327014218
"empirical_rates",0.981042654028436
"empirical_rates",0
"empirical_rates",0.995260663507109
"empirical_rates",0.168269230769231
"empirical_rates",0
"empirical_rates",0.990521327014218
"empirical_rates",0.981042654028436
"empirical_rates",0.132701421800948
"empirical_rates",0.04739336492891
"empirical_rates",0.966824644549763
"empirical_rates",0
"empirical_rates",0
"empirical_rates",0.014218009478673
"empirical_rates",0.033175355450237
"empirical_rates",0.004739336492891
"empirical_rates",0
"empirical_rates",0.980952380952381
"empirical_rates",0
"empirical_rates",0.04739336492891
"empirical_rates",0
"empirical_rates",0
"empirical_rates",0
"empirical_rates",0.540284360189573
"empirical_rates",0.004739336492891
"empirical_rates",0
"empirical_rates",0.004739336492891
"empirical_rates",0.985781990521327
"empirical_rates",0
"empirical_rates",0.161137440758294
"empirical_rates",0.334928229665072
"empirical_rates",0.909952606635071
"empirical_rates",0
"empirical_rates",0.018957345971564
"empirical_rates",0.014218009478673
"empirical_rates",0.990521327014218
"empirical_rates",0.302884615384615
"empirical_rates",0.161137440758294
"empirical_rates",0.962085308056872
"empirical_rates",0
"empirical_rates",0.028436018957346
"empirical_rates",0.00947867298578199
"empirical_rates",0.736842105263158
"empirical_rates",0
"empirical_rates",0
"empirical_rates",0.014218009478673
"empirical_rates",0.028436018957346
"empirical_rates",0
"empirical_rates",0
"empirical_rates",0.0478468899521531
"empirical_rates",0.246445497630332
"empirical_rates",0
"empirical_rates",0.004739336492891
"empirical_rates",0.995260663507109
"empirical_rates",0.004739336492891
"empirical_rates",0.004739336492891
"empirical_rates",0.004739336492891
"empirical_rates",0.293838862559242
"empirical_rates",0.014218009478673
"empirical_rates",0.488151658767773
"empirical_rates",0
"empirical_rates",0
"empirical_rates",0.00947867298578199
"empirical_rates",0.990521327014218
"empirical_rates",0.165876777251185
"empirical_rates",0
"empirical_rates",0.985781990521327
"empirical_rates",0.00478468899521531
"empirical_rates",0
"empirical_rates",0.976303317535545
"empirical_rates",0.004739336492891
"empirical_rates",0.0853080568720379
"empirical_rates",0.033175355450237
"empirical_rates",0
"empirical_rates",0.961904761904762
"empirical_rates",0
"empirical_rates",0.981042654028436
"empirical_rates",0.976190476190476
"empirical_rates",0.966666666666667
"empirical_rates",0.903381642512077
"empirical_rates",0.480952380952381
"empirical_rates",0.222748815165877
"empirical_rates",0.018957345971564
"empirical_rates",0.990521327014218
"empirical_rates",0.004739336492891
"empirical_rates",0.018957345971564
"empirical_rates",0
"empirical_rates",0
"empirical_rates",0.028436018957346
"empirical_rates",0
"empirical_rates",0.985781990521327
"empirical_rates",0.0238095238095238
"empirical_rates",0.407582938388626
"empirical_rates",0.004739336492891
"empirical_rates",0
"empirical_rates",0.0333333333333333
"empirical_rates",0.232227488151659
"empirical_rates",0.00947867298578199
"empirical_rates",0.95260663507109
"empirical_rates",0.971563981042654
"empirical_rates",0
"empirical_rates",0
"empirical_rates",0.14218009478673
"empirical_rates",0.04739336492891
"empirical_rates",0.00476190476190476
"empirical_rates",0.981042654028436
"empirical_rates",0.004739336492891
"empirical_rates",1
"empirical_rates",0.824644549763033
"empirical_rates",0
"empirical_rates",0.274881516587678
"empirical_rates",0.985781990521327
"empirical_rates",0.981042654028436
"empirical_rates",0
"empirical_rates",0.995260663507109
"empirical_rates",0.00947867298578199
"empirical_rates",0.540284360189573
"empirical_rates",0
"empirical_rates",0.223809523809524
"empirical_rates",0.0521327014218009
"empirical_rates",0.981042654028436
"empirical_rates",0
"empirical_rates",0.00947867298578199
"empirical_rates",0.461904761904762
"empirical_rates",0.00947867298578199
"empirical_rates",0
"empirical_rates",0.0568720379146919
"empirical_rates",0.004739336492891
"empirical_rates",0
"empirical_rates",0.990291262135922
"empirical_rates",0.0388349514563107
"empirical_rates",0
"empirical_rates",0.990521327014218
"empirical_rates",0
"empirical_rates",0
"empirical_rates",0.407582938388626
"empirical_rates",0
"empirical_rates",0.004739336492891
"empirical_rates",0.118483412322275
"empirical_rates",0
"empirical_rates",0
"empirical_rates",0.033175355450237
"empirical_rates",0.023696682464455
"empirical_rates",0.0710900473933649
"empirical_rates",0.04739336492891
"empirical_rates",0.018957345971564
"empirical_rates",0.0805687203791469
"empirical_rates",0
"empirical_rates",0.14218009478673
"empirical_rates",0.464454976303318
"empirical_rates",0.004739336492891
"empirical_rates",0
"empirical_rates",0
"empirical_rates",0.0758293838862559
"empirical_rates",0.985781990521327
"empirical_rates",0.995260663507109
"empirical_rates",0.033175355450237
"empirical_rates",0.004739336492891
"empirical_rates",0.0758293838862559
"empirical_rates",0
"empirical_rates",0
"empirical_rates",0
"empirical_rates",0.004739336492891
"empirical_rates",0.227488151658768
"empirical_rates",0.080952380952381
"empirical_rates",0.995260663507109
"empirical_rates",0.440758293838863
"empirical_rates",0.568720379146919
"empirical_rates",0.00952380952380952
"empirical_rates",0.0333333333333333
"empirical_rates",0.990430622009569
"empirical_rates",0.00947867298578199
"empirical_rates",0.0805687203791469
"empirical_rates",0
"empirical_rates",0.037914691943128
"empirical_rates",0.975961538461538
"empirical_rates",0.0287081339712919
"empirical_rates",1
"empirical_rates",0.966824644549763
"empirical_rates",0
"empirical_rates",0.995215311004785
"empirical_rates",0
"empirical_rates",0.938388625592417
"empirical_rates",0.943127962085308
"empirical_rates",0.004739336492891
"empirical_rates",0.0663507109004739
"empirical_rates",0.976303317535545
"empirical_rates",0.649289099526066
"empirical_rates",0
"empirical_rates",0.118483412322275
"empirical_rates",0.985714285714286
"empirical_rates",0.203791469194313
"empirical_rates",0.004739336492891
"empirical_rates",0.270142180094787
"empirical_rates",0.990521327014218
"empirical_rates",0
"empirical_rates",0.023696682464455
"empirical_rates",0.146919431279621
"empirical_rates",0.0995260663507109
"empirical_rates",0.985781990521327
"empirical_rates",0.00947867298578199
"empirical_rates",0.990521327014218
"empirical_rates",0
"empirical_rates",0.004739336492891
"empirical_rates",1
"empirical_rates",0.023696682464455
"empirical_rates",0.004739336492891
"empirical_rates",0.886255924170616
"empirical_rates",0.204761904761905
"empirical_rates",0.00947867298578199
"empirical_rates",0.938388625592417
"empirical_rates",0.0995260663507109
"empirical_rates",0.199052132701422
"empirical_rates",0.0853080568720379
"empirical_rates",0.995260663507109
"empirical_rates",0.971563981042654
"empirical_rates",0.990521327014218
"empirical_rates",0.00947867298578199
"empirical_rates",0
"empirical_rates",0.0142857142857143
"empirical_rates",0.0900473933649289
"empirical_rates",0.00952380952380952
"empirical_rates",0
"empirical_rates",0.995260663507109
"empirical_rates",0.199052132701422
"empirical_rates",0.00947867298578199
"empirical_rates",0.957345971563981
"empirical_rates",0.104265402843602
"empirical_rates",0.00476190476190476
"empirical_rates",0.004739336492891
"empirical_rates",0
"empirical_rates",0.357142857142857
"empirical_rates",0.00961538461538462
"empirical_rates",0.71563981042654
"empirical_rates",0.971563981042654
"empirical_rates",0.995260663507109
"empirical_rates",0
"empirical_rates",0.976303317535545
"empirical_rates",0.04739336492891
"empirical_rates",0.004739336492891
"empirical_rates",0.981042654028436
"empirical_rates",0.990521327014218
"empirical_rates",0
"empirical_rates",0
"empirical_rates",0.265402843601896
"empirical_rates",0.0995260663507109
"empirical_rates",0.023696682464455
"empirical_rates",0
"empirical_rates",0.995260663507109
"empirical_rates",0.0710900473933649
"empirical_rates",0
"empirical_rates",0.004739336492891
"empirical_rates",0
"empirical_rates",0
"empirical_rates",0.95260663507109
"empirical_rates",0.0805687203791469
"empirical_rates",0
"empirical_rates",0.0568720379146919
"empirical_rates",1
"empirical_rates",0.203791469194313
"empirical_rates",0.990521327014218
"empirical_rates",0.0616113744075829
"empirical_rates",0.980676328502415
"empirical_rates",0
"empirical_rates",0.966183574879227
"empirical_rates",0
"empirical_rates",0.985507246376812
"empirical_rates",0
"empirical_rates",0
"empirical_rates",0.154589371980676
"empirical_rates",0.00483091787439614
"empirical_rates",0
"empirical_rates",0.975728155339806
"empirical_rates",0.966183574879227
"empirical_rates",0.00483091787439614
"empirical_rates",0.995169082125604
"empirical_rates",0.140096618357488
"empirical_rates",0
"empirical_rates",0.980676328502415
"empirical_rates",0.956521739130435
"empirical_rates",0.0917874396135266
"empirical_rates",0.00966183574879227
"empirical_rates",0.980676328502415
"empirical_rates",0.00966183574879227
"empirical_rates",0
"empirical_rates",0.00483091787439614
"empirical_rates",0.00483091787439614
"empirical_rates",0
"empirical_rates",0
"empirical_rates",0.985507246376812
"empirical_rates",0.0241545893719807
"empirical_rates",0.0289855072463768
"empirical_rates",0
"empirical_rates",0.00966183574879227
"empirical_rates",0.00485436893203883
"empirical_rates",0.536231884057971
"empirical_rates",0
"empirical_rates",0
"empirical_rates",0.0241545893719807
"empirical_rates",0.966183574879227
"empirical_rates",0
"empirical_rates",0.0436893203883495
"empirical_rates",0.381642512077295
"empirical_rates",0.971014492753623
"empirical_rates",0
"empirical_rates",0
"empirical_rates",0.0483091787439614
"empirical_rates",0.985507246376812
"empirical_rates",0.178743961352657
"empirical_rates",0.183574879227053
"empirical_rates",0.990338164251208
"empirical_rates",0
"empirical_rates",0.0193236714975845
"empirical_rates",0.00966183574879227
"empirical_rates",0.579710144927536
"empirical_rates",0
"empirical_rates",0
"empirical_rates",0.0966183574879227
"empirical_rates",0.0869565217391304
"empirical_rates",0
"empirical_rates",0
"empirical_rates",0.0386473429951691
"empirical_rates",0.260869565217391
"empirical_rates",0
"empirical_rates",0.00966183574879227
"empirical_rates",0.995169082125604
"empirical_rates",0.00483091787439614
"empirical_rates",0
"empirical_rates",0
"empirical_rates",0.21256038647343
"empirical_rates",0.00966183574879227
"empirical_rates",0.400966183574879
"empirical_rates",0
"empirical_rates",0
"empirical_rates",0.00966183574879227
"empirical_rates",0.990338164251208
"empirical_rates",0.207729468599034
"empirical_rates",0
"empirical_rates",0.985507246376812
"empirical_rates",0
"empirical_rates",0
"empirical_rates",0.990338164251208
"empirical_rates",0.00966183574879227
"empirical_rates",0.0676328502415459
"empirical_rates",0.0193236714975845
"empirical_rates",0
"empirical_rates",0.936893203883495
"empirical_rates",0
"empirical_rates",0.971014492753623
"empirical_rates",0.980582524271845
"empirical_rates",0.951456310679612
"empirical_rates",0.907766990291262
"empirical_rates",0.458937198067633
"empirical_rates",0.101449275362319
"empirical_rates",0
"empirical_rates",0.985507246376812
"empirical_rates",0.00483091787439614
"empirical_rates",0.00966183574879227
"empirical_rates",0
"empirical_rates",0
"empirical_rates",0.300970873786408
"empirical_rates",0
"empirical_rates",0.966183574879227
"empirical_rates",0.0193236714975845
"empirical_rates",0.599033816425121
"empirical_rates",0.00483091787439614
"empirical_rates",0
"empirical_rates",0.0628019323671498
"empirical_rates",0.101449275362319
"empirical_rates",0
"empirical_rates",0.985507246376812
"empirical_rates",0.966019417475728
"empirical_rates",0
"empirical_rates",0.00483091787439614
"empirical_rates",0.42512077294686
"empirical_rates",0.00483091787439614
"empirical_rates",0.0193236714975845
"empirical_rates",0.975845410628019
"empirical_rates",0
"empirical_rates",0.975845410628019
"empirical_rates",0.830917874396135
"empirical_rates",0
"empirical_rates",0.058252427184466
"empirical_rates",0.980676328502415
"empirical_rates",1
"empirical_rates",0.00483091787439614
"empirical_rates",1
"empirical_rates",0.00966183574879227
"empirical_rates",0.492753623188406
"empirical_rates",0
"empirical_rates",0.33816425120773
"empirical_rates",0.0917874396135266
"empirical_rates",1
"empirical_rates",0
"empirical_rates",0.00966183574879227
"empirical_rates",0.579710144927536
"empirical_rates",0.00483091787439614
"empirical_rates",0
"empirical_rates",0.00483091787439614
"empirical_rates",0.0144927536231884
"empirical_rates",0
"empirical_rates",0.985507246376812
"empirical_rates",0.0917874396135266
"empirical_rates",0
"empirical_rates",0.966183574879227
"empirical_rates",0.00483091787439614
"empirical_rates",0
"empirical_rates",0.371980676328502
"empirical_rates",0
"empirical_rates",0
"empirical_rates",0.0917874396135266
"empirical_rates",0
"empirical_rates",0.00483091787439614
"empirical_rates",0.0386473429951691
"empirical_rates",0
"empirical_rates",0.00966183574879227
"empirical_rates",0
"empirical_rates",0
"empirical_rates",0.164251207729469
"empirical_rates",0
"empirical_rates",0.16504854368932
"empirical_rates",0.357487922705314
"empirical_rates",0
"empirical_rates",0
"empirical_rates",0
"empirical_rates",0.0628019323671498
"empirical_rates",0.985507246376812
"empirical_rates",0.985507246376812
"empirical_rates",0.0434782608695652
"empirical_rates",0
"empirical_rates",0.0917874396135266
"empirical_rates",0.00483091787439614
"empirical_rates",0
"empirical_rates",0
"empirical_rates",0.0193236714975845
"empirical_rates",0.410628019323671
"empirical_rates",0.0676328502415459
"empirical_rates",1
"empirical_rates",0.357487922705314
"empirical_rates",0.458937198067633
"empirical_rates",0.0531400966183575
"empirical_rates",0.0144927536231884
"empirical_rates",0.975845410628019
"empirical_rates",0
"empirical_rates",0.1256038647343
"empirical_rates",0
"empirical_rates",0.0338164251207729
"empirical_rates",0.995169082125604
"empirical_rates",0
"empirical_rates",0.985507246376812
"empirical_rates",0.975845410628019
"empirical_rates",0
"empirical_rates",0.985507246376812
"empirical_rates",0
"empirical_rates",0.927536231884058
"empirical_rates",0.966183574879227
"empirical_rates",0.00485436893203883
"empirical_rates",0.00966183574879227
"empirical_rates",0.995169082125604
"empirical_rates",0.618357487922705
"empirical_rates",0
"empirical_rates",0.391304347826087
"empirical_rates",0.980676328502415
"empirical_rates",0.21256038647343
"empirical_rates",0
"empirical_rates",0.207729468599034
"empirical_rates",0.985507246376812
"empirical_rates",0.00483091787439614
"empirical_rates",0.0145631067961165
"empirical_rates",0.154589371980676
"empirical_rates",0.0772946859903382
"empirical_rates",0.985507246376812
"empirical_rates",0
"empirical_rates",0.980676328502415
"empirical_rates",0.00483091787439614
"empirical_rates",0.029126213592233
"empirical_rates",1
"empirical_rates",0.00966183574879227
"empirical_rates",0.00483091787439614
"empirical_rates",0.927536231884058
"empirical_rates",0.140096618357488
"empirical_rates",0.00485436893203883
"empirical_rates",0.975845410628019
"empirical_rates",0.0772946859903382
"empirical_rates",0.0966183574879227
"empirical_rates",0.072463768115942
"empirical_rates",0.995169082125604
"empirical_rates",0.975845410628019
"empirical_rates",0.985507246376812
"empirical_rates",0
"empirical_rates",0
"empirical_rates",0.0631067961165049
"empirical_rates",0.101449275362319
"empirical_rates",0.0338164251207729
"empirical_rates",0
"empirical_rates",0.990338164251208
"empirical_rates",0.101449275362319
"empirical_rates",0.00966183574879227
"empirical_rates",0.990338164251208
"empirical_rates",0.106280193236715
"empirical_rates",0
"empirical_rates",0.0193236714975845
"empirical_rates",0.00483091787439614
"empirical_rates",0.33816425120773
"empirical_rates",0.00966183574879227
"empirical_rates",0.72463768115942
"empirical_rates",0.980676328502415
"empirical_rates",0.990338164251208
"empirical_rates",0
"empirical_rates",0.980676328502415
"empirical_rates",0.0193236714975845
"empirical_rates",0.00483091787439614
"empirical_rates",0.995169082125604
"empirical_rates",0.975845410628019
"empirical_rates",0
"empirical_rates",0
"empirical_rates",0.485436893203884
"empirical_rates",0.150485436893204
"empirical_rates",0.0772946859903382
"empirical_rates",0.00483091787439614
"empirical_rates",1
"empirical_rates",0.0917874396135266
"empirical_rates",0
"empirical_rates",0
"empirical_rates",0
"empirical_rates",0
"empirical_rates",0.961352657004831
"empirical_rates",0.0821256038647343
"empirical_rates",0
"empirical_rates",0
"empirical_rates",1
"empirical_rates",0.193236714975845
"empirical_rates",0.990338164251208
"empirical_rates",0.0144927536231884
"empirical_rates",0.995215311004785
"empirical_rates",0
"empirical_rates",0.971291866028708
"empirical_rates",0.00478468899521531
"empirical_rates",0.985645933014354
"empirical_rates",0
"empirical_rates",0.00478468899521531
"empirical_rates",0.062200956937799
"empirical_rates",0.0382775119617225
"empirical_rates",0.0143540669856459
"empirical_rates",0.947368421052632
"empirical_rates",0.980861244019139
"empirical_rates",0.00478468899521531
"empirical_rates",0.980861244019139
"empirical_rates",0.177033492822967
"empirical_rates",0
"empirical_rates",0.980861244019139
"empirical_rates",0.980861244019139
"empirical_rates",0.191387559808612
"empirical_rates",0.0143540669856459
"empirical_rates",0.971291866028708
"empirical_rates",0
"empirical_rates",0
"empirical_rates",0.00956937799043062
"empirical_rates",0.062200956937799
"empirical_rates",0.00478468899521531
"empirical_rates",0
"empirical_rates",0.980861244019139
"empirical_rates",0.0144230769230769
"empirical_rates",0.0334928229665072
"empirical_rates",0
"empirical_rates",0
"empirical_rates",0
"empirical_rates",0.478468899521531
"empirical_rates",0
"empirical_rates",0.00480769230769231
"empirical_rates",0
"empirical_rates",0.947115384615385
"empirical_rates",0
"empirical_rates",0.0817307692307692
"empirical_rates",0.367149758454106
"empirical_rates",0.956730769230769
"empirical_rates",0
"empirical_rates",0
"empirical_rates",0.0483091787439614
"empirical_rates",0.980392156862745
"empirical_rates",0.247572815533981
"empirical_rates",0.169902912621359
"empirical_rates",0.995145631067961
"empirical_rates",0
"empirical_rates",0.0776699029126214
"empirical_rates",0.00970873786407767
"empirical_rates",0.521951219512195
"empirical_rates",0
"empirical_rates",0
"empirical_rates",0.0145631067961165
"empirical_rates",0.00966183574879227
"empirical_rates",0
"empirical_rates",0.00966183574879227
"empirical_rates",0.0241545893719807
"empirical_rates",0.314009661835749
"empirical_rates",0
"empirical_rates",0
"empirical_rates",0.995169082125604
"empirical_rates",0
"empirical_rates",0
"empirical_rates",0
"empirical_rates",0.164251207729469
"empirical_rates",0.00966183574879227
"empirical_rates",0.533653846153846
"empirical_rates",0
"empirical_rates",0.00480769230769231
"empirical_rates",0.0143540669856459
"empirical_rates",0.995215311004785
"empirical_rates",0.239234449760766
"empirical_rates",0.0143540669856459
"empirical_rates",0.990430622009569
"empirical_rates",0
"empirical_rates",0
"empirical_rates",1
"empirical_rates",0
"empirical_rates",0.062200956937799
"empirical_rates",0.0430622009569378
"empirical_rates",0
"empirical_rates",0.947115384615385
"empirical_rates",0.00480769230769231
"empirical_rates",0.990430622009569
"empirical_rates",0.995192307692308
"empirical_rates",0.961352657004831
"empirical_rates",0.922705314009662
"empirical_rates",0.54066985645933
"empirical_rates",0.076555023923445
"empirical_rates",0.00478468899521531
"empirical_rates",0.985645933014354
"empirical_rates",0
"empirical_rates",0.00478468899521531
"empirical_rates",0
"empirical_rates",0
"empirical_rates",0.0478468899521531
"empirical_rates",0
"empirical_rates",0.976076555023923
"empirical_rates",0.0334928229665072
"empirical_rates",0.497607655502392
"empirical_rates",0
"empirical_rates",0
"empirical_rates",0.0478468899521531
"empirical_rates",0.0956937799043062
"empirical_rates",0.00478468899521531
"empirical_rates",1
"empirical_rates",0.980861244019139
"empirical_rates",0
"empirical_rates",0.00478468899521531
"empirical_rates",0.177033492822967
"empirical_rates",0.0191387559808612
"empirical_rates",0
"empirical_rates",0.990430622009569
"empirical_rates",0
"empirical_rates",0.985645933014354
"empirical_rates",0.708133971291866
"empirical_rates",0.00478468899521531
"empirical_rates",0.0430622009569378
"empirical_rates",1
"empirical_rates",0.990430622009569
"empirical_rates",0.220095693779904
"empirical_rates",0.985645933014354
"empirical_rates",0.0143540669856459
"empirical_rates",0.617224880382775
"empirical_rates",0
"empirical_rates",0.263157894736842
"empirical_rates",0.0478468899521531
"empirical_rates",0.990430622009569
"empirical_rates",0
"empirical_rates",0
"empirical_rates",0.578947368421053
"empirical_rates",0.00478468899521531
"empirical_rates",0
"empirical_rates",0.0143540669856459
"empirical_rates",0
"empirical_rates",0
"empirical_rates",0.971291866028708
"empirical_rates",0.0574162679425837
"empirical_rates",0
"empirical_rates",1
"empirical_rates",0
"empirical_rates",0.00478468899521531
"empirical_rates",0.389423076923077
"empirical_rates",0
"empirical_rates",0.0143540669856459
"empirical_rates",0.0956937799043062
"empirical_rates",0
"empirical_rates",0.00478468899521531
"empirical_rates",0.0430622009569378
"empirical_rates",0.00478468899521531
"empirical_rates",0.0956937799043062
"empirical_rates",0
"empirical_rates",0
"empirical_rates",0.177033492822967
"empirical_rates",0.00478468899521531
"empirical_rates",0.162679425837321
"empirical_rates",0.339712918660287
"empirical_rates",0
"empirical_rates",0.0287081339712919
"empirical_rates",0.00956937799043062
"empirical_rates",0.153846153846154
"empirical_rates",0.995215311004785
"empirical_rates",0.990430622009569
"empirical_rates",0.00478468899521531
"empirical_rates",0.00478468899521531
"empirical_rates",0.0909090909090909
"empirical_rates",0
"empirical_rates",0
"empirical_rates",0
"empirical_rates",0.0143540669856459
"empirical_rates",0.37799043062201
"empirical_rates",0.0382775119617225
"empirical_rates",0.985645933014354
"empirical_rates",0.435406698564593
"empirical_rates",0.464114832535885
"empirical_rates",0.0191387559808612
"empirical_rates",0.0191387559808612
"empirical_rates",0.990430622009569
"empirical_rates",0.00956937799043062
"empirical_rates",0.0430622009569378
"empirical_rates",0.00478468899521531
"empirical_rates",0.0287081339712919
"empirical_rates",0.980769230769231
"empirical_rates",0.00478468899521531
"empirical_rates",0.985645933014354
"empirical_rates",0.990384615384615
"empirical_rates",0.0143540669856459
"empirical_rates",0.995215311004785
"empirical_rates",0
"empirical_rates",0.91866028708134
"empirical_rates",0.966507177033493
"empirical_rates",0.00478468899521531
"empirical_rates",0.0813397129186603
"empirical_rates",0.995215311004785
"empirical_rates",0.61244019138756
"empirical_rates",0
"empirical_rates",0.076555023923445
"empirical_rates",0.966507177033493
"empirical_rates",0.253588516746411
"empirical_rates",0.00478468899521531
"empirical_rates",0.15311004784689
"empirical_rates",0.990430622009569
"empirical_rates",0
"empirical_rates",0.0478468899521531
"empirical_rates",0.144230769230769
"empirical_rates",0.0909090909090909
"empirical_rates",0.990430622009569
"empirical_rates",0.00478468899521531
"empirical_rates",0.990430622009569
"empirical_rates",0
"empirical_rates",0
"empirical_rates",0.985576923076923
"empirical_rates",0.0239234449760766
"empirical_rates",0
"empirical_rates",0.937799043062201
"empirical_rates",0.115942028985507
"empirical_rates",0
"empirical_rates",0.976076555023923
"empirical_rates",0.133971291866029
"empirical_rates",0.120772946859903
"empirical_rates",0.101941747572816
"empirical_rates",0.985645933014354
"empirical_rates",0.985645933014354
"empirical_rates",0.990430622009569
"empirical_rates",0
"empirical_rates",0
"empirical_rates",0.00956937799043062
"empirical_rates",0.0574162679425837
"empirical_rates",0.0239234449760766
"empirical_rates",0
"empirical_rates",0.990384615384615
"empirical_rates",0.133971291866029
"empirical_rates",0.062200956937799
"empirical_rates",0.971291866028708
"empirical_rates",0.114832535885167
"empirical_rates",0.00478468899521531
"empirical_rates",0.0384615384615385
"empirical_rates",0.00478468899521531
"empirical_rates",0.54066985645933
"empirical_rates",0.00478468899521531
"empirical_rates",0.822966507177033
"empirical_rates",0.971291866028708
"empirical_rates",0.980861244019139
"empirical_rates",0
"empirical_rates",0.985645933014354
"empirical_rates",0.0430622009569378
"empirical_rates",0
"empirical_rates",1
"empirical_rates",0.990430622009569
"empirical_rates",0.00956937799043062
"empirical_rates",0.00956937799043062
"empirical_rates",0.349282296650718
"empirical_rates",0.110047846889952
"empirical_rates",0.0334928229665072
"empirical_rates",0
"empirical_rates",0.985645933014354
"empirical_rates",0.0909090909090909
"empirical_rates",0.00956937799043062
"empirical_rates",0
"empirical_rates",0
"empirical_rates",0
"empirical_rates",0.966507177033493
"empirical_rates",0.0287081339712919
"empirical_rates",0
"empirical_rates",0
"empirical_rates",1
"empirical_rates",0.296650717703349
"empirical_rates",0.995192307692308
"empirical_rates",0.00956937799043062
"empirical_rates",0.971563981042654
"empirical_rates",0
"empirical_rates",0.995260663507109
"empirical_rates",0.004739336492891
"empirical_rates",0.995260663507109
"empirical_rates",0
"empirical_rates",0.014218009478673
"empirical_rates",0.118483412322275
"empirical_rates",0.014218009478673
"empirical_rates",0.037914691943128
"empirical_rates",0.971291866028708
"empirical_rates",0.985781990521327
"empirical_rates",0
"empirical_rates",0.985781990521327
"empirical_rates",0.23696682464455
"empirical_rates",0
"empirical_rates",1
"empirical_rates",0.980861244019139
"empirical_rates",0.123222748815166
"empirical_rates",0
"empirical_rates",0.995260663507109
"empirical_rates",0.00947867298578199
"empirical_rates",0
"empirical_rates",0.004739336492891
"empirical_rates",0
"empirical_rates",0
"empirical_rates",0
"empirical_rates",0.990521327014218
"empirical_rates",0.0333333333333333
"empirical_rates",0.014218009478673
"empirical_rates",0
"empirical_rates",0.004739336492891
"empirical_rates",0
"empirical_rates",0.6
"empirical_rates",0
"empirical_rates",0
"empirical_rates",0.00476190476190476
"empirical_rates",0.981042654028436
"empirical_rates",0
"empirical_rates",0.0805687203791469
"empirical_rates",0.421800947867299
"empirical_rates",0.938388625592417
"empirical_rates",0
"empirical_rates",0.004739336492891
"empirical_rates",0.004739336492891
"empirical_rates",1
"empirical_rates",0.180094786729858
"empirical_rates",0.0947867298578199
"empirical_rates",0.985781990521327
"empirical_rates",0.0568720379146919
"empirical_rates",0.00947867298578199
"empirical_rates",0.0142857142857143
"empirical_rates",0.60952380952381
"empirical_rates",0
"empirical_rates",0
"empirical_rates",0.0616113744075829
"empirical_rates",0.033175355450237
"empirical_rates",0
"empirical_rates",0
"empirical_rates",0.080952380952381
"empirical_rates",0.279620853080569
"empirical_rates",0.004739336492891
"empirical_rates",0.004739336492891
"empirical_rates",1
"empirical_rates",0.0142857142857143
"empirical_rates",0.014218009478673
"empirical_rates",0
"empirical_rates",0.142857142857143
"empirical_rates",0.00947867298578199
"empirical_rates",0.312796208530806
"empirical_rates",0
"empirical_rates",0.0287081339712919
"empirical_rates",0.042654028436019
"empirical_rates",1
"empirical_rates",0.0568720379146919
"empirical_rates",0
"empirical_rates",0.990521327014218
"empirical_rates",0
"empirical_rates",0
"empirical_rates",1
"empirical_rates",0
"empirical_rates",0.014218009478673
"empirical_rates",0.018957345971564
"empirical_rates",0
"empirical_rates",0.962085308056872
"empirical_rates",0
"empirical_rates",0.976190476190476
"empirical_rates",0.985781990521327
"empirical_rates",0.980952380952381
"empirical_rates",0.938388625592417
"empirical_rates",0.412322274881517
"empirical_rates",0.208530805687204
"empirical_rates",0
"empirical_rates",1
"empirical_rates",0
"empirical_rates",0.004739336492891
"empirical_rates",0
"empirical_rates",0
"empirical_rates",0.04739336492891
"empirical_rates",0
"empirical_rates",0.971563981042654
"empirical_rates",0
"empirical_rates",0.497630331753554
"empirical_rates",0.00947867298578199
"empirical_rates",0
"empirical_rates",0.014218009478673
"empirical_rates",0.0853080568720379
"empirical_rates",0.037914691943128
"empirical_rates",0.985781990521327
"empirical_rates",0.995260663507109
"empirical_rates",0
"empirical_rates",0.00947867298578199
"empirical_rates",0.146919431279621
"empirical_rates",0.004739336492891
"empirical_rates",0.00952380952380952
"empirical_rates",0.971563981042654
"empirical_rates",0
"empirical_rates",1
"empirical_rates",0.710900473933649
"empirical_rates",0
"empirical_rates",0.033175355450237
"empirical_rates",0.990521327014218
"empirical_rates",0.990521327014218
"empirical_rates",0.023696682464455
"empirical_rates",0.985781990521327
"empirical_rates",0.023696682464455
"empirical_rates",0.5260663507109
"empirical_rates",0
"empirical_rates",0.238095238095238
"empirical_rates",0.037914691943128
"empirical_rates",0.990521327014218
"empirical_rates",0
"empirical_rates",0.037914691943128
"empirical_rates",0.355450236966825
"empirical_rates",0
"empirical_rates",0
"empirical_rates",0.037914691943128
"empirical_rates",0.00947867298578199
"empirical_rates",0
"empirical_rates",0.995260663507109
"empirical_rates",0.132701421800948
"empirical_rates",0
"empirical_rates",0.981042654028436
"empirical_rates",0.00947867298578199
"empirical_rates",0
"empirical_rates",0.407582938388626
"empirical_rates",0
"empirical_rates",0
"empirical_rates",0.04739336492891
"empirical_rates",0
"empirical_rates",0.00952380952380952
"empirical_rates",0.042654028436019
"empirical_rates",0.00947867298578199
"empirical_rates",0.018957345971564
"empirical_rates",0
"empirical_rates",0
"empirical_rates",0.0995260663507109
"empirical_rates",0
"empirical_rates",0.127962085308057
"empirical_rates",0.28436018957346
"empirical_rates",0
"empirical_rates",0
"empirical_rates",0
"empirical_rates",0.109004739336493
"empirical_rates",1
"empirical_rates",0.995260663507109
"empirical_rates",0.04739336492891
"empirical_rates",0.00476190476190476
"empirical_rates",0.0947867298578199
"empirical_rates",0
"empirical_rates",0
"empirical_rates",0.004739336492891
"empirical_rates",0.0619047619047619
"empirical_rates",0.47867298578199
"empirical_rates",0.042654028436019
"empirical_rates",0.985781990521327
"empirical_rates",0.417061611374408
"empirical_rates",0.469194312796209
"empirical_rates",0.00947867298578199
"empirical_rates",0.0568720379146919
"empirical_rates",0.985781990521327
"empirical_rates",0.004739336492891
"empirical_rates",0.0710900473933649
"empirical_rates",0
"empirical_rates",0.028436018957346
"empirical_rates",1
"empirical_rates",0
"empirical_rates",0.966824644549763
"empirical_rates",0.990521327014218
"empirical_rates",0
"empirical_rates",0.981042654028436
"empirical_rates",0
"empirical_rates",0.976303317535545
"empirical_rates",0.957345971563981
"empirical_rates",0.00947867298578199
"empirical_rates",0.0238095238095238
"empirical_rates",0.985781990521327
"empirical_rates",0.630331753554502
"empirical_rates",0.004739336492891
"empirical_rates",0.110047846889952
"empirical_rates",1
"empirical_rates",0.176190476190476
"empirical_rates",0
"empirical_rates",0.161904761904762
"empirical_rates",0.980952380952381
"empirical_rates",0
"empirical_rates",0
"empirical_rates",0.143540669856459
"empirical_rates",0.0761904761904762
"empirical_rates",0.99047619047619
"empirical_rates",0.00952380952380952
"empirical_rates",0.976190476190476
"empirical_rates",0
"empirical_rates",0
"empirical_rates",0.980769230769231
"empirical_rates",0.0143540669856459
"empirical_rates",0
"empirical_rates",0.952380952380952
"empirical_rates",0.114285714285714
"empirical_rates",0
"empirical_rates",0.985714285714286
"empirical_rates",0.185714285714286
"empirical_rates",0.166666666666667
"empirical_rates",0.105263157894737
"empirical_rates",0.985714285714286
"empirical_rates",0.995238095238095
"empirical_rates",0.980952380952381
"empirical_rates",0.0238095238095238
"empirical_rates",0
"empirical_rates",0
"empirical_rates",0.080952380952381
"empirical_rates",0.00476190476190476
"empirical_rates",0
"empirical_rates",0.980952380952381
"empirical_rates",0.0904761904761905
"empirical_rates",0.04739336492891
"empirical_rates",0.990521327014218
"empirical_rates",0.118483412322275
"empirical_rates",0
"empirical_rates",0.018957345971564
"empirical_rates",0.00947867298578199
"empirical_rates",0.582938388625592
"empirical_rates",0.00947867298578199
"empirical_rates",0.734597156398104
"empirical_rates",0.985781990521327
"empirical_rates",0.990521327014218
"empirical_rates",0
"empirical_rates",0.990521327014218
"empirical_rates",0.0947867298578199
"empirical_rates",0.004739336492891
"empirical_rates",0.995260663507109
"empirical_rates",0.990521327014218
"empirical_rates",0.00947867298578199
"empirical_rates",0
"empirical_rates",0.350710900473934
"empirical_rates",0.194312796208531
"empirical_rates",0.014218009478673
"empirical_rates",0
"empirical_rates",0.995260663507109
"empirical_rates",0.0710900473933649
"empirical_rates",0
"empirical_rates",0.004739336492891
"empirical_rates",0
"empirical_rates",0
"empirical_rates",0.985781990521327
"empirical_rates",0.104265402843602
"empirical_rates",0
"empirical_rates",0.004739336492891
"empirical_rates",0.990521327014218
"empirical_rates",0.260663507109005
"empirical_rates",1
"empirical_rates",0.0521327014218009
"empirical_rates",0.971153846153846
"empirical_rates",0
"empirical_rates",0.971014492753623
"empirical_rates",0.00961538461538462
"empirical_rates",0.961538461538462
"empirical_rates",0.00483091787439614
"empirical_rates",0
"empirical_rates",0.100961538461538
"empirical_rates",0.00480769230769231
"empirical_rates",0.0240384615384615
"empirical_rates",0.985576923076923
"empirical_rates",0.975961538461538
"empirical_rates",0
"empirical_rates",0.995192307692308
"empirical_rates",0.228155339805825
"empirical_rates",0
"empirical_rates",0.995169082125604
"empirical_rates",0.975961538461538
"empirical_rates",0.105769230769231
"empirical_rates",0.00961538461538462
"empirical_rates",0.980769230769231
"empirical_rates",0.00480769230769231
"empirical_rates",0
"empirical_rates",0.0144230769230769
"empirical_rates",0.0432692307692308
"empirical_rates",0
"empirical_rates",0
"empirical_rates",0.995192307692308
"empirical_rates",0.0288461538461538
"empirical_rates",0.0480769230769231
"empirical_rates",0
"empirical_rates",0
"empirical_rates",0
"empirical_rates",0.596153846153846
"empirical_rates",0
"empirical_rates",0
"empirical_rates",0
"empirical_rates",0.971153846153846
"empirical_rates",0
"empirical_rates",0.139423076923077
"empirical_rates",0.298076923076923
"empirical_rates",0.888888888888889
"empirical_rates",0
"empirical_rates",0.0144230769230769
"empirical_rates",0.0288461538461538
"empirical_rates",0.995192307692308
"empirical_rates",0.241545893719807
"empirical_rates",0.192307692307692
"empirical_rates",0.995192307692308
"empirical_rates",0
"empirical_rates",0.0913461538461538
"empirical_rates",0.0192307692307692
"empirical_rates",0.635922330097087
"empirical_rates",0
"empirical_rates",0
"empirical_rates",0.00480769230769231
"empirical_rates",0.0288461538461538
"empirical_rates",0.00490196078431373
"empirical_rates",0
"empirical_rates",0.0240384615384615
"empirical_rates",0.347826086956522
"empirical_rates",0
"empirical_rates",0.00480769230769231
"empirical_rates",0.995192307692308
"empirical_rates",0.0144927536231884
"empirical_rates",0.00961538461538462
"empirical_rates",0
"empirical_rates",0.217391304347826
"empirical_rates",0.00961538461538462
"empirical_rates",0.347826086956522
"empirical_rates",0
"empirical_rates",0.00961538461538462
"empirical_rates",0
"empirical_rates",0.995192307692308
"empirical_rates",0.110576923076923
"empirical_rates",0.00480769230769231
"empirical_rates",0.980769230769231
"empirical_rates",0
"empirical_rates",0
"empirical_rates",0.995192307692308
"empirical_rates",0.00480769230769231
"empirical_rates",0.0336538461538462
"empirical_rates",0.0480769230769231
"empirical_rates",0
"empirical_rates",0.908212560386473
"empirical_rates",0
"empirical_rates",0.980676328502415
"empirical_rates",0.985576923076923
"empirical_rates",0.990384615384615
"empirical_rates",0.923076923076923
"empirical_rates",0.389423076923077
"empirical_rates",0.168269230769231
"empirical_rates",0
"empirical_rates",0.990384615384615
"empirical_rates",0.00480769230769231
"empirical_rates",0
"empirical_rates",0
"empirical_rates",0
"empirical_rates",0.0192307692307692
"empirical_rates",0
"empirical_rates",0.985576923076923
"empirical_rates",0.00961538461538462
"empirical_rates",0.447115384615385
"empirical_rates",0
"empirical_rates",0
"empirical_rates",0.00970873786407767
"empirical_rates",0.115384615384615
"empirical_rates",0.00480769230769231
"empirical_rates",0.985576923076923
"empirical_rates",0.995145631067961
"empirical_rates",0.00483091787439614
"empirical_rates",0
"empirical_rates",0.25
"empirical_rates",0
"empirical_rates",0
"empirical_rates",0.975961538461538
"empirical_rates",0
"empirical_rates",0.971014492753623
"empirical_rates",0.644230769230769
"empirical_rates",0
"empirical_rates",0.0240384615384615
"empirical_rates",0.975845410628019
"empirical_rates",0.951923076923077
"empirical_rates",0
"empirical_rates",0.980769230769231
"empirical_rates",0.00966183574879227
"empirical_rates",0.620192307692308
"empirical_rates",0
"empirical_rates",0.289855072463768
"empirical_rates",0.0917874396135266
"empirical_rates",0.985507246376812
"empirical_rates",0
"empirical_rates",0.0288461538461538
"empirical_rates",0.407766990291262
"empirical_rates",0
"empirical_rates",0
"empirical_rates",0.0528846153846154
"empirical_rates",0.00480769230769231
"empirical_rates",0
"empirical_rates",0.995192307692308
"empirical_rates",0.0913461538461538
"empirical_rates",0.00480769230769231
"empirical_rates",0.980769230769231
"empirical_rates",0.00961538461538462
"empirical_rates",0
"empirical_rates",0.336538461538462
"empirical_rates",0
"empirical_rates",0
"empirical_rates",0.105769230769231
"empirical_rates",0
"empirical_rates",0.0144230769230769
"empirical_rates",0.0480769230769231
"empirical_rates",0.00480769230769231
"empirical_rates",0.0528846153846154
"empirical_rates",0
"empirical_rates",0
"empirical_rates",0.153846153846154
"empirical_rates",0
"empirical_rates",0.158653846153846
"empirical_rates",0.346153846153846
"empirical_rates",0
"empirical_rates",0
"empirical_rates",0
"empirical_rates",0.0625
"empirical_rates",0.985576923076923
"empirical_rates",0.990384615384615
"empirical_rates",0.0240384615384615
"empirical_rates",0.00483091787439614
"empirical_rates",0.0673076923076923
"empirical_rates",0
"empirical_rates",0
"empirical_rates",0.00480769230769231
"empirical_rates",0.0240384615384615
"empirical_rates",0.350961538461538
"empirical_rates",0.111111111111111
"empirical_rates",0.995169082125604
"empirical_rates",0.375
"empirical_rates",0.432692307692308
"empirical_rates",0.00480769230769231
"empirical_rates",0.00961538461538462
"empirical_rates",0.975961538461538
"empirical_rates",0.00480769230769231
"empirical_rates",0.0961538461538462
"empirical_rates",0.00483091787439614
"empirical_rates",0.0384615384615385
"empirical_rates",0.985507246376812
"empirical_rates",0
"empirical_rates",0.990338164251208
"empirical_rates",0.961538461538462
"empirical_rates",0
"empirical_rates",0.980769230769231
"empirical_rates",0
"empirical_rates",0.932692307692308
"empirical_rates",0.961538461538462
"empirical_rates",0.00480769230769231
"empirical_rates",0.0384615384615385
"empirical_rates",0.995192307692308
"empirical_rates",0.697115384615385
"empirical_rates",0.00961538461538462
"empirical_rates",0.131067961165049
"empirical_rates",0.995192307692308
"empirical_rates",0.115384615384615
"empirical_rates",0.00961538461538462
"empirical_rates",0.285024154589372
"empirical_rates",0.971153846153846
"empirical_rates",0
"empirical_rates",0.0144230769230769
"empirical_rates",0.168269230769231
"empirical_rates",0.0817307692307692
"empirical_rates",0.985576923076923
"empirical_rates",0
"empirical_rates",0.980769230769231
"empirical_rates",0
"empirical_rates",0
"empirical_rates",0.995169082125604
"empirical_rates",0.0144230769230769
"empirical_rates",0
"empirical_rates",0.903846153846154
"empirical_rates",0.140096618357488
"empirical_rates",0.00483091787439614
"empirical_rates",0.975961538461538
"empirical_rates",0.225961538461538
"empirical_rates",0.318840579710145
"empirical_rates",0.0240384615384615
"empirical_rates",0.961538461538462
"empirical_rates",1
"empirical_rates",1
"empirical_rates",0.00480769230769231
"empirical_rates",0
"empirical_rates",0.00480769230769231
"empirical_rates",0.105769230769231
"empirical_rates",0.0192307692307692
"empirical_rates",0
"empirical_rates",0.990384615384615
"empirical_rates",0.192307692307692
"empirical_rates",0.00961538461538462
"empirical_rates",0.980769230769231
"empirical_rates",0.168269230769231
"empirical_rates",0
"empirical_rates",0
"empirical_rates",0.00480769230769231
"empirical_rates",0.350961538461538
"empirical_rates",0
"empirical_rates",0.807692307692308
"empirical_rates",0.990384615384615
"empirical_rates",0.985576923076923
"empirical_rates",0
"empirical_rates",0.990384615384615
"empirical_rates",0.0336538461538462
"empirical_rates",0
"empirical_rates",0.980676328502415
"empirical_rates",0.961538461538462
"empirical_rates",0.0721153846153846
"empirical_rates",0
"empirical_rates",0.341346153846154
"empirical_rates",0.0961538461538462
"empirical_rates",0.0192307692307692
"empirical_rates",0
"empirical_rates",0.990384615384615
"empirical_rates",0.0288461538461538
"empirical_rates",0
"empirical_rates",0.00480769230769231
"empirical_rates",0
"empirical_rates",0
"empirical_rates",0.975961538461538
"empirical_rates",0.0673076923076923
"empirical_rates",0
"empirical_rates",0
"empirical_rates",0.995192307692308
"empirical_rates",0.201923076923077
"empirical_rates",0.980769230769231
"empirical_rates",0.0336538461538462
"empirical_rates",0.984293193717278
"empirical_rates",0
"empirical_rates",0.989473684210526
"empirical_rates",0.00523560209424084
"empirical_rates",0.989528795811518
"empirical_rates",0
"empirical_rates",0.0157068062827225
"empirical_rates",0.204188481675393
"empirical_rates",0.0157068062827225
"empirical_rates",0.0157068062827225
"empirical_rates",0.973821989528796
"empirical_rates",0.994764397905759
"empirical_rates",0
"empirical_rates",0.979057591623037
"empirical_rates",0.115183246073298
"empirical_rates",0
"empirical_rates",0.973821989528796
"empirical_rates",0.984293193717278
"empirical_rates",0.162303664921466
"empirical_rates",0.00523560209424084
"empirical_rates",0.989473684210526
"empirical_rates",0
"empirical_rates",0
"empirical_rates",0
"empirical_rates",0.0315789473684211
"empirical_rates",0
"empirical_rates",0
"empirical_rates",0.989528795811518
"empirical_rates",0.0157068062827225
"empirical_rates",0.0785340314136126
"empirical_rates",0.00523560209424084
"empirical_rates",0
"empirical_rates",0.00523560209424084
"empirical_rates",0.465968586387435
"empirical_rates",0
"empirical_rates",0
"empirical_rates",0.00523560209424084
"empirical_rates",0.968586387434555
"empirical_rates",0
"empirical_rates",0.0837696335078534
"empirical_rates",0.392670157068063
"empirical_rates",0.895287958115183
"empirical_rates",0
"empirical_rates",0
"empirical_rates",0.0732984293193717
"empirical_rates",0.984293193717278
"empirical_rates",0.167539267015707
"empirical_rates",0.183246073298429
"empirical_rates",0.963350785340314
"empirical_rates",0
"empirical_rates",0.00523560209424084
"empirical_rates",0.0104712041884817
"empirical_rates",0.736842105263158
"empirical_rates",0
"empirical_rates",0
"empirical_rates",0.0104712041884817
"empirical_rates",0.0523560209424084
"empirical_rates",0
"empirical_rates",0
"empirical_rates",0.0261780104712042
"empirical_rates",0.277486910994764
"empirical_rates",0.00523560209424084
"empirical_rates",0
"empirical_rates",0.963350785340314
"empirical_rates",0.0157068062827225
"empirical_rates",0.0104712041884817
"empirical_rates",0
"empirical_rates",0.194736842105263
"empirical_rates",0.0523560209424084
"empirical_rates",0.397905759162304
"empirical_rates",0
"empirical_rates",0
"empirical_rates",0
"empirical_rates",0.994764397905759
"empirical_rates",0.162303664921466
"empirical_rates",0.00523560209424084
"empirical_rates",0.994764397905759
"empirical_rates",0
"empirical_rates",0
"empirical_rates",0.989528795811518
"empirical_rates",0
"empirical_rates",0.0104712041884817
"empirical_rates",0.0261780104712042
"empirical_rates",0
"empirical_rates",0.91578947368421
"empirical_rates",0
"empirical_rates",0.979057591623037
"empirical_rates",0.989528795811518
"empirical_rates",0.963350785340314
"empirical_rates",0.884816753926702
"empirical_rates",0.460732984293194
"empirical_rates",0.0942408376963351
"empirical_rates",0.0104712041884817
"empirical_rates",0.994764397905759
"empirical_rates",0.0104712041884817
"empirical_rates",0
"empirical_rates",0
"empirical_rates",0
"empirical_rates",0.0368421052631579
"empirical_rates",0.00526315789473684
"empirical_rates",0.984210526315789
"empirical_rates",0.0212765957446809
"empirical_rates",0.447368421052632
"empirical_rates",0.00526315789473684
"empirical_rates",0
"empirical_rates",0.0368421052631579
"empirical_rates",0.121052631578947
"empirical_rates",0.0526315789473684
"empirical_rates",0.989473684210526
"empirical_rates",0.994736842105263
"empirical_rates",0
"empirical_rates",0.0210526315789474
"empirical_rates",0.173684210526316
"empirical_rates",0.0368421052631579
"empirical_rates",0.00529100529100529
"empirical_rates",0.989473684210526
"empirical_rates",0
"empirical_rates",0.989473684210526
"empirical_rates",0.789473684210526
"empirical_rates",0
"empirical_rates",0.0211640211640212
"empirical_rates",0.978947368421053
"empirical_rates",0.962962962962963
"empirical_rates",0
"empirical_rates",0.984210526315789
"empirical_rates",0.0157894736842105
"empirical_rates",0.710526315789474
"empirical_rates",0
"empirical_rates",0.273684210526316
"empirical_rates",0.126315789473684
"empirical_rates",0.973684210526316
"empirical_rates",0
"empirical_rates",0.0157894736842105
"empirical_rates",0.442105263157895
"empirical_rates",0
"empirical_rates",0
"empirical_rates",0.0523560209424084
"empirical_rates",0.0209424083769634
"empirical_rates",0
"empirical_rates",1
"empirical_rates",0.06282722513089
"empirical_rates",0
"empirical_rates",0.989528795811518
"empirical_rates",0.00523560209424084
"empirical_rates",0
"empirical_rates",0.298429319371728
"empirical_rates",0
"empirical_rates",0.00523560209424084
"empirical_rates",0.0680628272251309
"empirical_rates",0
"empirical_rates",0.00523560209424084
"empirical_rates",0.0209424083769634
"empirical_rates",0.0104712041884817
"empirical_rates",0
"empirical_rates",0.00523560209424084
"empirical_rates",0
"empirical_rates",0.06282722513089
"empirical_rates",0
"empirical_rates",0.0942408376963351
"empirical_rates",0.272251308900524
"empirical_rates",0
"empirical_rates",0
"empirical_rates",0
"empirical_rates",0.0575916230366492
"empirical_rates",0.968421052631579
"empirical_rates",0.984293193717278
"empirical_rates",0.0315789473684211
"empirical_rates",0.0104712041884817
"empirical_rates",0.06282722513089
"empirical_rates",0.00523560209424084
"empirical_rates",0
"empirical_rates",0
"empirical_rates",0.0105263157894737
"empirical_rates",0.397905759162304
"empirical_rates",0.0732984293193717
"empirical_rates",0.979057591623037
"empirical_rates",0.298429319371728
"empirical_rates",0.43455497382199
"empirical_rates",0.0209424083769634
"empirical_rates",0.00523560209424084
"empirical_rates",0.979057591623037
"empirical_rates",0.0104712041884817
"empirical_rates",0.0732984293193717
"empirical_rates",0
"empirical_rates",0.0157068062827225
"empirical_rates",0.989528795811518
"empirical_rates",0.0523560209424084
"empirical_rates",0.973821989528796
"empirical_rates",0.979057591623037
"empirical_rates",0
"empirical_rates",0.989528795811518
"empirical_rates",0
"empirical_rates",0.942408376963351
"empirical_rates",0.994764397905759
"empirical_rates",0
"empirical_rates",0.0890052356020942
"empirical_rates",1
"empirical_rates",0.68586387434555
"empirical_rates",0
"empirical_rates",0.178947368421053
"empirical_rates",1
"empirical_rates",0.162303664921466
"empirical_rates",0.00523560209424084
"empirical_rates",0.198952879581152
"empirical_rates",0.994764397905759
"empirical_rates",0
"empirical_rates",0.031413612565445
"empirical_rates",0.141361256544503
"empirical_rates",0.12565445026178
"empirical_rates",0.968586387434555
"empirical_rates",0.00523560209424084
"empirical_rates",0.984293193717278
"empirical_rates",0
"empirical_rates",0
"empirical_rates",0.984293193717278
"empirical_rates",0.0732984293193717
"empirical_rates",0.0104712041884817
"empirical_rates",0.900523560209424
"empirical_rates",0.342105263157895
"empirical_rates",0.00523560209424084
"empirical_rates",0.979057591623037
"empirical_rates",0.136125654450262
"empirical_rates",0.120418848167539
"empirical_rates",0.0942408376963351
"empirical_rates",0.989528795811518
"empirical_rates",0.979057591623037
"empirical_rates",0.989528795811518
"empirical_rates",0
"empirical_rates",0
"empirical_rates",0.00523560209424084
"empirical_rates",0.225130890052356
"empirical_rates",0.0366492146596859
"empirical_rates",0.0104712041884817
"empirical_rates",1
"empirical_rates",0.130890052356021
"empirical_rates",0.0104712041884817
"empirical_rates",0.989528795811518
"empirical_rates",0.162303664921466
"empirical_rates",0.0157068062827225
"empirical_rates",0.00523560209424084
"empirical_rates",0.0104712041884817
"empirical_rates",0.329842931937173
"empirical_rates",0.00523560209424084
"empirical_rates",0.727748691099476
"empirical_rates",0.994764397905759
"empirical_rates",0.973821989528796
"empirical_rates",0
"empirical_rates",0.989528795811518
"empirical_rates",0.0732984293193717
"empirical_rates",0
"empirical_rates",1
"empirical_rates",0.989528795811518
"empirical_rates",0.00523560209424084
"empirical_rates",0.00523560209424084
"empirical_rates",0.287958115183246
"empirical_rates",0.162303664921466
"empirical_rates",0.0471204188481675
"empirical_rates",0
"empirical_rates",1
"empirical_rates",0.0471204188481675
"empirical_rates",0
"empirical_rates",0.0680628272251309
"empirical_rates",0
"empirical_rates",0.0157068062827225
"empirical_rates",0.984293193717278
"empirical_rates",0.109947643979058
"empirical_rates",0
"empirical_rates",0
"empirical_rates",0.984293193717278
"empirical_rates",0.257894736842105
"empirical_rates",0.973821989528796
"empirical_rates",0.031413612565445
"empirical_rates",0.97979797979798
"empirical_rates",0
"empirical_rates",0.979695431472081
"empirical_rates",0
"empirical_rates",0.984924623115578
"empirical_rates",0
"empirical_rates",0
"empirical_rates",0.125628140703518
"empirical_rates",0.050251256281407
"empirical_rates",0.050251256281407
"empirical_rates",0.974874371859296
"empirical_rates",0.959798994974874
"empirical_rates",0.0150753768844221
"empirical_rates",0.989949748743719
"empirical_rates",0.155778894472362
"empirical_rates",0.0151515151515152
"empirical_rates",0.979899497487437
"empirical_rates",0.994974874371859
"empirical_rates",0.160804020100503
"empirical_rates",0
"empirical_rates",0.979899497487437
"empirical_rates",0.0050251256281407
"empirical_rates",0
"empirical_rates",0.0100502512562814
"empirical_rates",0.0150753768844221
"empirical_rates",0
"empirical_rates",0
"empirical_rates",0.979899497487437
"empirical_rates",0.0351758793969849
"empirical_rates",0.0201005025125628
"empirical_rates",0
"empirical_rates",0
"empirical_rates",0
"empirical_rates",0.512562814070352
"empirical_rates",0
"empirical_rates",0
"empirical_rates",0.0101010101010101
"empirical_rates",0.979899497487437
"empirical_rates",0
"empirical_rates",0.085427135678392
"empirical_rates",0.391959798994975
"empirical_rates",0.934673366834171
"empirical_rates",0
"empirical_rates",0.0150753768844221
"empirical_rates",0.085427135678392
"empirical_rates",0.994974874371859
"empirical_rates",0.171717171717172
"empirical_rates",0.115577889447236
"empirical_rates",0.964824120603015
"empirical_rates",0
"empirical_rates",0.0303030303030303
"empirical_rates",0
"empirical_rates",0.658291457286432
"empirical_rates",0
"empirical_rates",0
"empirical_rates",0.0201005025125628
"empirical_rates",0.050251256281407
"empirical_rates",0
"empirical_rates",0.0050761421319797
"empirical_rates",0.0452261306532663
"empirical_rates",0.236180904522613
"empirical_rates",0
"empirical_rates",0
"empirical_rates",1
"empirical_rates",0.0150753768844221
"empirical_rates",0.0050251256281407
"empirical_rates",0
"empirical_rates",0.116751269035533
"empirical_rates",0.0301507537688442
"empirical_rates",0.437185929648241
"empirical_rates",0
"empirical_rates",0.0050251256281407
"empirical_rates",0.0100502512562814
"empirical_rates",0.984924623115578
"empirical_rates",0.105527638190955
"empirical_rates",0
"empirical_rates",0.984924623115578
"empirical_rates",0
"empirical_rates",0.0050251256281407
"empirical_rates",0.979899497487437
"empirical_rates",0
"empirical_rates",0.0251256281407035
"empirical_rates",0.0452261306532663
"empirical_rates",0
"empirical_rates",0.974874371859296
"empirical_rates",0
"empirical_rates",0.994974874371859
"empirical_rates",0.984924623115578
"empirical_rates",0.984924623115578
"empirical_rates",0.894472361809045
"empirical_rates",0.462311557788945
"empirical_rates",0.241206030150754
"empirical_rates",0.0050251256281407
"empirical_rates",0.974874371859296
"empirical_rates",0.0050251256281407
"empirical_rates",0.0201005025125628
"empirical_rates",0
"empirical_rates",0
"empirical_rates",0.0251256281407035
"empirical_rates",0.0050251256281407
"empirical_rates",0.974874371859296
"empirical_rates",0.00505050505050505
"empirical_rates",0.547738693467337
"empirical_rates",0.0050251256281407
"empirical_rates",0.0050251256281407
"empirical_rates",0.0353535353535354
"empirical_rates",0.175879396984925
"empirical_rates",0
"empirical_rates",0.989949748743719
"empirical_rates",0.979899497487437
"empirical_rates",0.0050251256281407
"empirical_rates",0.0050251256281407
"empirical_rates",0.100502512562814
"empirical_rates",0.0150753768844221
"empirical_rates",0
"empirical_rates",0.959798994974874
"empirical_rates",0
"empirical_rates",0.979899497487437
"empirical_rates",0.78894472361809
"empirical_rates",0
"empirical_rates",0.0201005025125628
"empirical_rates",0.984924623115578
"empirical_rates",0.98989898989899
"empirical_rates",0.0100502512562814
"empirical_rates",0.994974874371859
"empirical_rates",0
"empirical_rates",0.648241206030151
"empirical_rates",0
"empirical_rates",0.21608040201005
"empirical_rates",0.0603015075376884
"empirical_rates",1
"empirical_rates",0
"empirical_rates",0.0100502512562814
"empirical_rates",0.447236180904523
"empirical_rates",0.0301507537688442
"empirical_rates",0
"empirical_rates",0.0452261306532663
"empirical_rates",0.0301507537688442
"empirical_rates",0
"empirical_rates",0.994974874371859
"empirical_rates",0.0804020100502513
"empirical_rates",0.0050251256281407
"empirical_rates",0.974874371859296
"empirical_rates",0.0050251256281407
"empirical_rates",0
"empirical_rates",0.388888888888889
"empirical_rates",0
"empirical_rates",0
"empirical_rates",0.0653266331658292
"empirical_rates",0
"empirical_rates",0
"empirical_rates",0.0452261306532663
"empirical_rates",0
"empirical_rates",0.0201005025125628
"empirical_rates",0
"empirical_rates",0
"empirical_rates",0.0954773869346734
"empirical_rates",0
"empirical_rates",0.175879396984925
"empirical_rates",0.402010050251256
"empirical_rates",0
"empirical_rates",0
"empirical_rates",0
"empirical_rates",0.155778894472362
"empirical_rates",0.989949748743719
"empirical_rates",0.994974874371859
"empirical_rates",0.0201005025125628
"empirical_rates",0.0100502512562814
"empirical_rates",0.135678391959799
"empirical_rates",0
"empirical_rates",0
"empirical_rates",0.0050251256281407
"empirical_rates",0.0252525252525253
"empirical_rates",0.42713567839196
"empirical_rates",0.0753768844221105
"empirical_rates",0.984924623115578
"empirical_rates",0.321608040201005
"empirical_rates",0.361809045226131
"empirical_rates",0.0351758793969849
"empirical_rates",0.0150753768844221
"empirical_rates",0.984924623115578
"empirical_rates",0.0402010050251256
"empirical_rates",0.105527638190955
"empirical_rates",0.00505050505050505
"empirical_rates",0.0402010050251256
"empirical_rates",0.994949494949495
"empirical_rates",0.00505050505050505
"empirical_rates",0.984924623115578
"empirical_rates",0.959798994974874
"empirical_rates",0
"empirical_rates",0.974747474747475
"empirical_rates",0
"empirical_rates",0.939086294416244
"empirical_rates",0.974747474747475
"empirical_rates",0
"empirical_rates",0.0151515151515152
"empirical_rates",0.994949494949495
"empirical_rates",0.808080808080808
"empirical_rates",0
"empirical_rates",0.274111675126904
"empirical_rates",0.994949494949495
"empirical_rates",0.207070707070707
"empirical_rates",0.0101010101010101
"empirical_rates",0.191919191919192
"empirical_rates",0.98989898989899
"empirical_rates",0
"empirical_rates",0.0454545454545455
"empirical_rates",0.0913705583756345
"empirical_rates",0.181818181818182
"empirical_rates",0.984848484848485
"empirical_rates",0
"empirical_rates",0.98989898989899
"empirical_rates",0
"empirical_rates",0.00505050505050505
"empirical_rates",0.974619289340102
"empirical_rates",0.0252525252525253
"empirical_rates",0
"empirical_rates",0.954545454545455
"empirical_rates",0.187817258883249
"empirical_rates",0.00505050505050505
"empirical_rates",0.96969696969697
"empirical_rates",0.0757575757575758
"empirical_rates",0.095959595959596
"empirical_rates",0.0404040404040404
"empirical_rates",0.98989898989899
"empirical_rates",0.989847715736041
"empirical_rates",0.994949494949495
"empirical_rates",0
"empirical_rates",0
"empirical_rates",0.00505050505050505
"empirical_rates",0.0757575757575758
"empirical_rates",0.0101010101010101
"empirical_rates",0
"empirical_rates",0.964824120603015
"empirical_rates",0.155778894472362
"empirical_rates",0.0100502512562814
"empirical_rates",0.979899497487437
"empirical_rates",0.100502512562814
"empirical_rates",0.0050251256281407
"empirical_rates",0
"empirical_rates",0.0050251256281407
"empirical_rates",0.316582914572864
"empirical_rates",0.0100502512562814
"empirical_rates",0.768844221105528
"empirical_rates",0.994974874371859
"empirical_rates",0.974874371859296
"empirical_rates",0
"empirical_rates",0.979899497487437
"empirical_rates",0.0251256281407035
"empirical_rates",0.0301507537688442
"empirical_rates",0.984924623115578
"empirical_rates",0.974747474747475
"empirical_rates",0
"empirical_rates",0
"empirical_rates",0.346733668341709
"empirical_rates",0.150753768844221
"empirical_rates",0.0301507537688442
"empirical_rates",0
"empirical_rates",1
"empirical_rates",0.0402010050251256
"empirical_rates",0
"empirical_rates",0
"empirical_rates",0
"empirical_rates",0
"empirical_rates",0.989949748743719
"empirical_rates",0.110552763819095
"empirical_rates",0
"empirical_rates",0
"empirical_rates",0.994974874371859
"empirical_rates",0.28643216080402
"empirical_rates",1
"empirical_rates",0.0150753768844221
