"configuration","editing_rate"
"reference",0.0416666666666667
"reference",0.995934959349594
"reference",0.174528301886792
"reference",0.0546218487394958
"reference",0.995934959349594
"reference",0.820754716981132
"reference",0.41340782122905
"reference",0.0040650406504065
"reference",0
"reference",1
"reference",0.9581589958159
"reference",0.00813008130081301
"reference",0
"reference",0.0122448979591837
"reference",0.970588235294118
"reference",0.131818181818182
"reference",0.00819672131147541
"reference",0.0122448979591837
"reference",0
"reference",0.0208333333333333
"reference",1
"reference",0.155555555555556
"reference",1
"reference",0.170403587443946
"reference",0.00826446280991736
"reference",0
"reference",0
"reference",1
"reference",0.983539094650206
"reference",0.00819672131147541
"reference",0.0169491525423729
"reference",0
"reference",0.00816326530612245
"reference",0.0122950819672131
"reference",0.983471074380165
"reference",0.291666666666667
"reference",0.05
"reference",0
"reference",0.991836734693878
"reference",0.175115207373272
"reference",0.717703349282297
"reference",0.343137254901961
"reference",0
"reference",0
"reference",0
"reference",0.987603305785124
"reference",0.171945701357466
"reference",0.0040650406504065
"reference",0.0164609053497942
"reference",0
"reference",0.0040650406504065
"reference",0.860262008733624
"reference",0.0969162995594714
"reference",0.114537444933921
"reference",0.00416666666666667
"reference",0
"reference",0
"reference",0.931034482758621
"reference",0.945147679324895
"reference",0.0376569037656904
"reference",0.0333333333333333
"reference",0.0040650406504065
"reference",0
"reference",0.0550847457627119
"reference",0.513227513227513
"reference",0.524590163934426
"reference",0.678391959798995
"reference",0.0420168067226891
"reference",0
"reference",0.895454545454546
"reference",0.882096069868996
"reference",0.663366336633663
"reference",0
"reference",0
"reference",0.00816326530612245
"reference",1
"reference",0.0163265306122449
"reference",0.0630252100840336
"reference",0.55026455026455
"reference",0
"reference",0
"reference",0
"reference",0
"reference",0
"reference",0.267942583732057
"reference",0.962655601659751
"reference",0.665
"reference",0.0464135021097046
"reference",0.0168776371308017
"reference",0.893333333333333
"reference",0.0468085106382979
"reference",0.00819672131147541
"reference",0.0040983606557377
"reference",0.00816326530612245
"reference",0
"reference",0
"reference",0.0040650406504065
"reference",1
"reference",0.657458563535912
"reference",0
"reference",0
"reference",0.859090909090909
"reference",1
"reference",0
"reference",1
"reference",0.0941704035874439
"reference",0
"reference",0
"reference",0
"reference",0.88
"reference",0.130044843049327
"reference",0
"reference",0.0163265306122449
"reference",0
"reference",0.53125
"reference",1
"reference",0.743961352657005
"reference",0.0493827160493827
"reference",0.0123456790123457
"reference",1
"reference",0.437158469945355
"reference",0.632768361581921
"reference",0.0765957446808511
"reference",0.0040650406504065
"reference",0
"reference",0.0292887029288703
"reference",0
"reference",0.949579831932773
"reference",0.228971962616822
"reference",0.757425742574257
"reference",0.421875
"reference",0.240740740740741
"reference",0.0040983606557377
"reference",1
"reference",0.84375
"reference",0
"reference",0
"reference",0
"reference",0
"reference",0
"reference",1
"reference",1
"reference",0.200913242009132
"reference",0
"reference",0.376811594202899
"reference",0.140350877192982
"reference",0.0786026200873362
"reference",0.0040650406504065
"reference",0
"reference",1
"reference",0.0122950819672131
"reference",1
"reference",0.00819672131147541
"reference",0
"reference",0
"reference",0
"reference",0
"reference",1
"reference",0.357541899441341
"reference",0.628571428571429
"reference",0
"reference",0
"reference",1
"reference",0.053941908713693
"reference",0.0121951219512195
"reference",0
"reference",1
"reference",0.531914893617021
"reference",0.767123287671233
"reference",0
"reference",0.0378151260504202
"reference",0.0040983606557377
"reference",1
"reference",1
"reference",0.0163265306122449
"reference",0
"reference",1
"reference",1
"reference",1
"reference",0.00829875518672199
"reference",0.00813008130081301
"reference",0
"reference",0.882608695652174
"reference",1
"reference",0
"reference",0.819047619047619
"reference",0.485714285714286
"reference",0.0209205020920502
"reference",0.033195020746888
"reference",0.446601941747573
"reference",0.883408071748879
"reference",0.417840375586854
"reference",0
"reference",1
"reference",0.426470588235294
"reference",0.0515021459227468
"reference",0
"reference",0
"reference",0
"reference",0.991769547325103
"reference",0.779816513761468
"reference",0
"reference",0
"reference",0
"reference",0.016597510373444
"reference",0.0040983606557377
"reference",1
"reference",0.0896860986547085
"reference",0.0460251046025105
"reference",0
"reference",0
"reference",0
"reference",0.00411522633744856
"reference",1
"reference",0.30188679245283
"reference",0.004149377593361
"reference",0.00408163265306122
"reference",1
"reference",0.275229357798165
"reference",0.164383561643836
"reference",0.00816326530612245
"reference",0
"reference",1
"reference",0.0512820512820513
"reference",0.0121951219512195
"reference",0.0206611570247934
"reference",0
"reference",0
"reference",0.0040650406504065
"reference",0.303482587064677
"reference",1
"reference",0.110576923076923
"reference",0.00816326530612245
"reference",1
"reference",1
"reference",0.0122950819672131
"reference",0
"reference",0
"reference",0.844444444444444
"reference",0.754807692307692
"reference",0
"reference",0.00833333333333333
"reference",1
"reference",1
"reference",0
"reference",0.0125
"reference",1
"reference",0
"reference",0.0040650406504065
"reference",0.0040650406504065
"reference",0.00819672131147541
"reference",0.895196506550218
"reference",0.328358208955224
"reference",0.774038461538462
"reference",0.303921568627451
"reference",0.0245901639344262
"reference",0
"reference",1
"reference",0.99163179916318
"reference",0
"reference",0
"reference",0
"reference",1
"reference",0.966666666666667
"reference",0
"reference",0
"reference",0
"reference",0
"reference",0.657004830917874
"reference",1
"reference",0.029535864978903
"reference",0
"reference",0.0448430493273543
"reference",1
"reference",0.18018018018018
"reference",0.10762331838565
"reference",0.995515695067265
"reference",0.782805429864253
"reference",0.0585585585585586
"reference",0.00448430493273543
"reference",0
"reference",0.995515695067265
"reference",0.972972972972973
"reference",0
"reference",0.00448430493273543
"reference",0.00900900900900901
"reference",0.995515695067265
"reference",0.157657657657658
"reference",0.0135135135135135
"reference",0.0269058295964126
"reference",0
"reference",0.0269058295964126
"reference",1
"reference",1
"reference",0.995515695067265
"reference",0.00896860986547085
"reference",0.0179372197309417
"reference",0
"reference",0.00448430493273543
"reference",0.995515695067265
"reference",0.995515695067265
"reference",0.0045045045045045
"reference",0
"reference",0.00448430493273543
"reference",0.00896860986547085
"reference",0.0269058295964126
"reference",0.964125560538117
"reference",0.439461883408072
"reference",0.0493273542600897
"reference",0.00448430493273543
"reference",1
"reference",0.995515695067265
"reference",0.991031390134529
"reference",0.0134529147982063
"reference",0.00448430493273543
"reference",0
"reference",0.00448430493273543
"reference",0.991031390134529
"reference",0.269406392694064
"reference",0.00448430493273543
"reference",0.027027027027027
"reference",0.00448430493273543
"reference",0
"reference",0.506787330316742
"reference",0.0179372197309417
"reference",0
"reference",0.00448430493273543
"reference",0.00448430493273543
"reference",0
"reference",0.556561085972851
"reference",0.418918918918919
"reference",0.991031390134529
"reference",0.031390134529148
"reference",0.00896860986547085
"reference",0.00448430493273543
"reference",0.00448430493273543
"reference",0.122727272727273
"reference",0.0807174887892377
"reference",0.0135135135135135
"reference",0.103603603603604
"reference",0
"reference",0.995515695067265
"reference",0.995515695067265
"reference",1
"reference",0
"reference",0
"reference",0.0134529147982063
"reference",1
"reference",0.0852017937219731
"reference",0.177272727272727
"reference",0.230769230769231
"reference",0
"reference",0
"reference",0
"reference",0.0045045045045045
"reference",0.0045045045045045
"reference",0.995495495495496
"reference",1
"reference",0.0225225225225225
"reference",0.0315315315315315
"reference",0.171945701357466
"reference",0.378995433789954
"reference",0.117647058823529
"reference",0.027027027027027
"reference",0
"reference",0.0135135135135135
"reference",0
"reference",0.0315315315315315
"reference",0.0135746606334842
"reference",0.990990990990991
"reference",0.0405405405405405
"reference",0.0045045045045045
"reference",0.0045045045045045
"reference",0.686363636363636
"reference",1
"reference",0
"reference",1
"reference",0.0818181818181818
"reference",0
"reference",0.00896860986547085
"reference",0
"reference",0.477272727272727
"reference",0.484162895927602
"reference",0
"reference",0.00896860986547085
"reference",0.00448430493273543
"reference",0.40990990990991
"reference",0.995515695067265
"reference",0.221719457013575
"reference",0.116591928251121
"reference",0.00896860986547085
"reference",1
"reference",0.995515695067265
"reference",0.0134529147982063
"reference",0.0224215246636771
"reference",0
"reference",0.00896860986547085
"reference",0.031390134529148
"reference",0.00448430493273543
"reference",0.995515695067265
"reference",0.995515695067265
"reference",0.991031390134529
"reference",0.00448430493273543
"reference",0.0269058295964126
"reference",0
"reference",0.837837837837838
"reference",0.731818181818182
"reference",0.018018018018018
"reference",0.00448430493273543
"reference",0
"reference",0.00896860986547085
"reference",0.00448430493273543
"reference",1
"reference",0.995515695067265
"reference",0.027027027027027
"reference",0
"reference",0.384615384615385
"reference",0.0448430493273543
"reference",0.0855855855855856
"reference",0
"reference",0
"reference",0.878923766816143
"reference",0.292792792792793
"reference",0.579185520361991
"reference",0.0769230769230769
"reference",0.0269058295964126
"reference",0.00448430493273543
"reference",0
"reference",0
"reference",0.982062780269058
"reference",0.0582959641255605
"reference",0.0358744394618834
"reference",0.00448430493273543
"reference",0.00896860986547085
"reference",0.995515695067265
"reference",0.00896860986547085
"reference",0
"reference",0.00448430493273543
"reference",0.6289592760181
"reference",0.85
"reference",0.103603603603604
"reference",0
"reference",0.00448430493273543
"reference",0.00896860986547085
"reference",1
"reference",0.995515695067265
"reference",0.00452488687782805
"reference",0
"reference",1
"reference",0.995515695067265
"reference",0.995515695067265
"reference",0.0134529147982063
"reference",0.00448430493273543
"reference",0
"reference",0.773755656108597
"reference",0.887892376681614
"reference",0.00448430493273543
"reference",0.702702702702703
"reference",0.693693693693694
"reference",0.0810810810810811
"reference",0.0493273542600897
"reference",0.937219730941704
"reference",0.14027149321267
"reference",0.0269058295964126
"reference",0.00896860986547085
"reference",0.995495495495496
"reference",0.298642533936652
"reference",0.0540540540540541
"reference",0.0045045045045045
"reference",0
"reference",0.0045045045045045
"reference",0.833333333333333
"reference",0.878378378378378
"reference",0.018018018018018
"reference",0.085972850678733
"reference",0
"reference",0.027027027027027
"reference",0.036036036036036
"reference",0.828828828828829
"reference",0.312217194570136
"reference",0.0407239819004525
"reference",0
"reference",0
"reference",0.00896860986547085
"reference",0.0224215246636771
"reference",0.995515695067265
"reference",0.234234234234234
"reference",0.0134529147982063
"reference",0
"reference",0.995515695067265
"reference",0.221719457013575
"reference",0.0358744394618834
"reference",0
"reference",0
"reference",0.755656108597285
"reference",0.288288288288288
"reference",0.0134529147982063
"reference",0.0405405405405405
"reference",0
"reference",0.00448430493273543
"reference",0.0224215246636771
"reference",0.256756756756757
"reference",0.828828828828829
"reference",0.306306306306306
"reference",0.00448430493273543
"reference",1
"reference",0.995515695067265
"reference",0.031390134529148
"reference",0
"reference",0
"reference",0.672645739910314
"reference",0.820627802690583
"reference",0
"reference",0.0179372197309417
"reference",0.618181818181818
"reference",0.995515695067265
"reference",0.00448430493273543
"reference",0.0672645739910314
"reference",0.995515695067265
"reference",0.00448430493273543
"reference",0
"reference",0
"reference",0.0179372197309417
"reference",0.990990990990991
"reference",0.031390134529148
"reference",0.18552036199095
"reference",0.0179372197309417
"reference",0
"reference",0.00448430493273543
"reference",0.995495495495496
"reference",0.995495495495496
"reference",0
"reference",0
"reference",0.00448430493273543
"reference",1
"reference",0.631336405529954
"reference",0.00896860986547085
"reference",0.00448430493273543
"reference",0
"reference",0.00448430493273543
"reference",0.995495495495496
"reference",0.642201834862385
"reference",0.0179372197309417
"reference",0.00448430493273543
"reference",0.0416666666666667
"reference",1
"reference",0.208333333333333
"reference",0.0934579439252336
"reference",0.99537037037037
"reference",0.629107981220657
"reference",0.0930232558139535
"reference",0.00925925925925926
"reference",0
"reference",0.99537037037037
"reference",0.851851851851852
"reference",0
"reference",0.00462962962962963
"reference",0.00462962962962963
"reference",0.847222222222222
"reference",0.211267605633803
"reference",0.0185185185185185
"reference",0.013953488372093
"reference",0
"reference",0.0277777777777778
"reference",1
"reference",0.958333333333333
"reference",0.421296296296296
"reference",0.00925925925925926
"reference",0
"reference",0
"reference",0.00462962962962963
"reference",0.958333333333333
"reference",0.981481481481482
"reference",0.0324074074074074
"reference",0
"reference",0.00925925925925926
"reference",0.00925925925925926
"reference",0.0185185185185185
"reference",0.953703703703704
"reference",0.483720930232558
"reference",0.0462962962962963
"reference",0.00462962962962963
"reference",0.99537037037037
"reference",0.134259259259259
"reference",0.50462962962963
"reference",0.0601851851851852
"reference",0.00462962962962963
"reference",0
"reference",0.0138888888888889
"reference",0.803738317757009
"reference",0.194444444444444
"reference",0
"reference",0.0416666666666667
"reference",0.0138888888888889
"reference",0
"reference",1
"reference",0.32093023255814
"reference",0.0277777777777778
"reference",0.0324074074074074
"reference",0.00462962962962963
"reference",0
"reference",0.989473684210526
"reference",0.578947368421053
"reference",0.0421052631578947
"reference",0.0736842105263158
"reference",0.0105263157894737
"reference",0.0105263157894737
"reference",0.0631578947368421
"reference",0.326315789473684
"reference",0.905263157894737
"reference",0.157894736842105
"reference",0.0957446808510638
"reference",0
"reference",1
"reference",0.0105263157894737
"reference",1
"reference",0
"reference",0
"reference",0.0315789473684211
"reference",1
"reference",0
"reference",0.178947368421053
"reference",0.170212765957447
"reference",0
"reference",0
"reference",0
"reference",0.0105263157894737
"reference",0.00462962962962963
"reference",0.578947368421053
"reference",0.412037037037037
"reference",0.166666666666667
"reference",0.125
"reference",0.181395348837209
"reference",0.548837209302326
"reference",0.111111111111111
"reference",0.0231481481481481
"reference",0.00462962962962963
"reference",0.0231481481481481
"reference",0
"reference",0.0138888888888889
"reference",0.0138888888888889
"reference",1
"reference",1
"reference",0.00462962962962963
"reference",0.00462962962962963
"reference",0.888372093023256
"reference",1
"reference",0
"reference",1
"reference",0.302325581395349
"reference",0
"reference",0.00462962962962963
"reference",0
"reference",0.666666666666667
"reference",0.251162790697674
"reference",0
"reference",0.0138888888888889
"reference",0
"reference",0.0972222222222222
"reference",0.99537037037037
"reference",0.55607476635514
"reference",0.0462962962962963
"reference",0.00925925925925926
"reference",1
"reference",0.99537037037037
"reference",0.0138888888888889
"reference",0.0555555555555556
"reference",0
"reference",0
"reference",0.0604651162790698
"reference",0.00462962962962963
"reference",0.726415094339623
"reference",0.0700934579439252
"reference",0.0976744186046512
"reference",0.0277777777777778
"reference",0.0558139534883721
"reference",0
"reference",0.372093023255814
"reference",0.925581395348837
"reference",0
"reference",0.00465116279069767
"reference",0
"reference",0
"reference",0.00465116279069767
"reference",1
"reference",0.995348837209302
"reference",0.0231481481481481
"reference",0
"reference",0.302325581395349
"reference",0.0604651162790698
"reference",0.199074074074074
"reference",0.00925925925925926
"reference",0
"reference",0.99537037037037
"reference",0.99537037037037
"reference",0.99537037037037
"reference",0
"reference",0
"reference",0.00462962962962963
"reference",0
"reference",0
"reference",0.990740740740741
"reference",0.180555555555556
"reference",0.689814814814815
"reference",0.00462962962962963
"reference",0.00462962962962963
"reference",0.865740740740741
"reference",0.560185185185185
"reference",0
"reference",0.00462962962962963
"reference",0.777777777777778
"reference",0.462962962962963
"reference",0.537037037037037
"reference",0
"reference",0
"reference",0.00925925925925926
"reference",0.831775700934579
"reference",0.99537037037037
"reference",0.0976744186046512
"reference",0.00462962962962963
"reference",0.995348837209302
"reference",0.725581395348837
"reference",0.990697674418605
"reference",0.00930232558139535
"reference",0.00930232558139535
"reference",0
"reference",1
"reference",0.0558139534883721
"reference",0.00930232558139535
"reference",0.274418604651163
"reference",0.827102803738318
"reference",0.102325581395349
"reference",0.0560747663551402
"reference",0.66046511627907
"reference",0.795348837209302
"reference",0.106481481481481
"reference",0.00462962962962963
"reference",0.99537037037037
"reference",0.75462962962963
"reference",0.0325581395348837
"reference",0
"reference",0
"reference",0.00462962962962963
"reference",0.967592592592593
"reference",0.976851851851852
"reference",0.0138888888888889
"reference",0.00925925925925926
"reference",0
"reference",0.0277777777777778
"reference",0.00462962962962963
"reference",0.888372093023256
"reference",0.0416666666666667
"reference",0.0138888888888889
"reference",0
"reference",0.00925925925925926
"reference",0
"reference",0.282407407407407
"reference",0.990740740740741
"reference",0.579439252336449
"reference",0.00462962962962963
"reference",0
"reference",1
"reference",0.486111111111111
"reference",0.0648148148148148
"reference",0
"reference",0
"reference",0.962962962962963
"reference",0.106976744186047
"reference",0.0186046511627907
"reference",0.0277777777777778
"reference",0
"reference",0
"reference",0
"reference",0.293023255813953
"reference",0.53953488372093
"reference",0.560185185185185
"reference",0
"reference",1
"reference",0.99537037037037
"reference",0.990740740740741
"reference",0
"reference",0.00462962962962963
"reference",0.787037037037037
"reference",0.319444444444444
"reference",0
"reference",0.0511627906976744
"reference",0.99537037037037
"reference",0.99537037037037
"reference",0.00462962962962963
"reference",0.013953488372093
"reference",0.99537037037037
"reference",0.00462962962962963
"reference",0
"reference",0
"reference",0.0277777777777778
"reference",0.675925925925926
"reference",0.138888888888889
"reference",0.967592592592593
"reference",0.0277777777777778
"reference",0
"reference",0.00462962962962963
"reference",0.87962962962963
"reference",0.976851851851852
"reference",0
"reference",0.00462962962962963
"reference",0.00462962962962963
"reference",1
"reference",0.99537037037037
"reference",0
"reference",0
"reference",0.00462962962962963
"reference",0.00462962962962963
"reference",0.990740740740741
"reference",0.981481481481482
"reference",0.0324074074074074
"reference",0.00925925925925926
"reference",0.0143540669856459
"reference",1
"reference",0.995215311004785
"reference",0.00478468899521531
"reference",0.995215311004785
"reference",0.671497584541063
"reference",0.105263157894737
"reference",0.0191387559808612
"reference",0
"reference",0.995215311004785
"reference",0.91866028708134
"reference",0
"reference",0.00478468899521531
"reference",0
"reference",0.995215311004785
"reference",0.0772946859903382
"reference",0.0143540669856459
"reference",0.00956937799043062
"reference",0.00478468899521531
"reference",0.00956937799043062
"reference",1
"reference",0.990430622009569
"reference",0.0625
"reference",0.0287081339712919
"reference",0.00478468899521531
"reference",0
"reference",0.00956937799043062
"reference",0.995215311004785
"reference",0.00961538461538462
"reference",1
"reference",0
"reference",0.00478468899521531
"reference",0
"reference",0.00956937799043062
"reference",0.971291866028708
"reference",0.370192307692308
"reference",0.0288461538461538
"reference",0.00480769230769231
"reference",0.995192307692308
"reference",0.211538461538462
"reference",0.352657004830918
"reference",0.0625
"reference",0.00483091787439614
"reference",0.00483091787439614
"reference",0.00483091787439614
"reference",0.848780487804878
"reference",0.995145631067961
"reference",0
"reference",0.00970873786407767
"reference",0.00485436893203883
"reference",0
"reference",1
"reference",0.0780487804878049
"reference",0.0536585365853659
"reference",0.0390243902439024
"reference",0.00970873786407767
"reference",0
"reference",1
"reference",0.995169082125604
"reference",0.0338164251207729
"reference",0.0144927536231884
"reference",0.00483091787439614
"reference",0.00483091787439614
"reference",0.0772946859903382
"reference",0.241545893719807
"reference",0.869565217391304
"reference",0.256038647342995
"reference",0.135265700483092
"reference",0
"reference",0.0240384615384615
"reference",0.0240384615384615
"reference",1
"reference",0
"reference",0
"reference",0.0143540669856459
"reference",1
"reference",0.0191387559808612
"reference",0.120772946859903
"reference",0.177033492822967
"reference",0
"reference",0.00478468899521531
"reference",0
"reference",0.00956937799043062
"reference",0
"reference",0.421052631578947
"reference",0.629807692307692
"reference",0.660287081339713
"reference",0.0384615384615385
"reference",0.27536231884058
"reference",0.276699029126214
"reference",0.205741626794258
"reference",0.0478468899521531
"reference",0
"reference",0.00478468899521531
"reference",0
"reference",0.00956937799043062
"reference",0.0191387559808612
"reference",0.995215311004785
"reference",0.0526315789473684
"reference",0.00478468899521531
"reference",0.00478468899521531
"reference",0.875598086124402
"reference",1
"reference",0.00478468899521531
"reference",1
"reference",0.995215311004785
"reference",0
"reference",0.00478468899521531
"reference",0
"reference",0.995215311004785
"reference",0.0334928229665072
"reference",0
"reference",0.00956937799043062
"reference",0
"reference",0.0239234449760766
"reference",1
"reference",1
"reference",0
"reference",0.00478468899521531
"reference",1
"reference",0.995215311004785
"reference",1
"reference",0.00956937799043062
"reference",0
"reference",0
"reference",0.00478468899521531
"reference",0.00478468899521531
"reference",0.995215311004785
"reference",0.0861244019138756
"reference",0.995215311004785
"reference",0.0239234449760766
"reference",0.139423076923077
"reference",0
"reference",0.995215311004785
"reference",0.995215311004785
"reference",0.00478468899521531
"reference",0.00478468899521531
"reference",0
"reference",0.00956937799043062
"reference",0.00478468899521531
"reference",1
"reference",1
"reference",1
"reference",0
"reference",0.593301435406699
"reference",0.100961538461538
"reference",0.0961538461538462
"reference",0
"reference",0
"reference",0.995215311004785
"reference",0.0287081339712919
"reference",0.990430622009569
"reference",0.00956937799043062
"reference",0
"reference",0
"reference",0
"reference",0
"reference",1
"reference",0.990430622009569
"reference",0.00478468899521531
"reference",0
"reference",0.00478468899521531
"reference",0.995215311004785
"reference",0.0192307692307692
"reference",0.00478468899521531
"reference",0.00478468899521531
"reference",0.0239234449760766
"reference",1
"reference",0.995215311004785
"reference",0
"reference",0.00478468899521531
"reference",0.00478468899521531
"reference",1
"reference",0.995215311004785
"reference",0.0191387559808612
"reference",0
"reference",1
"reference",0.995215311004785
"reference",0.995215311004785
"reference",0.00478468899521531
"reference",0.00478468899521531
"reference",0
"reference",1
"reference",0.0669856459330144
"reference",0.0334928229665072
"reference",0.0432692307692308
"reference",0.995215311004785
"reference",0.00956937799043062
"reference",0.00480769230769231
"reference",0.990430622009569
"reference",1
"reference",0.990430622009569
"reference",0.00478468899521531
"reference",1
"reference",0.995215311004785
"reference",0.0478468899521531
"reference",0
"reference",0.00478468899521531
"reference",0.00478468899521531
"reference",1
"reference",1
"reference",0.00478468899521531
"reference",0
"reference",0
"reference",0.00956937799043062
"reference",0.00478468899521531
"reference",0.995215311004785
"reference",0.139423076923077
"reference",0.0956937799043062
"reference",0
"reference",0.00956937799043062
"reference",0
"reference",0.0334928229665072
"reference",0.995215311004785
"reference",0.278846153846154
"reference",0.0382775119617225
"reference",0.00478468899521531
"reference",1
"reference",0.383495145631068
"reference",0.062200956937799
"reference",0.00478468899521531
"reference",0.00478468899521531
"reference",0.545893719806763
"reference",0.490291262135922
"reference",0.0382775119617225
"reference",0.0382775119617225
"reference",0
"reference",0
"reference",0.00956937799043062
"reference",0.0478468899521531
"reference",0.995215311004785
"reference",0.00478468899521531
"reference",0
"reference",0.283653846153846
"reference",0.995215311004785
"reference",0.0861244019138756
"reference",0
"reference",0.00478468899521531
"reference",0.966507177033493
"reference",0.442307692307692
"reference",0
"reference",0.0334928229665072
"reference",0.995215311004785
"reference",0.430622009569378
"reference",0.00478468899521531
"reference",0.00956937799043062
"reference",0.995215311004785
"reference",0.00956937799043062
"reference",0
"reference",0
"reference",0.0191387559808612
"reference",0.990430622009569
"reference",0.0239234449760766
"reference",0.248803827751196
"reference",0.0287081339712919
"reference",0.00478468899521531
"reference",0.00478468899521531
"reference",0.995215311004785
"reference",0.995215311004785
"reference",0
"reference",0
"reference",0.0143540669856459
"reference",1
"reference",0.669856459330144
"reference",0
"reference",0
"reference",0
"reference",0.00478468899521531
"reference",0.937799043062201
"reference",0.976076555023923
"reference",0.00961538461538462
"reference",0.00478468899521531
"reference",0.0384615384615385
"reference",1
"reference",0.164251207729469
"reference",0.0625
"reference",1
"reference",0.516908212560386
"reference",0.111650485436893
"reference",0.00961538461538462
"reference",0.00480769230769231
"reference",1
"reference",0.836538461538462
"reference",0
"reference",0
"reference",0.0144230769230769
"reference",0.558252427184466
"reference",0.576923076923077
"reference",0.0193236714975845
"reference",0.0144230769230769
"reference",0.00480769230769231
"reference",0.0192307692307692
"reference",1
"reference",1
"reference",1
"reference",0.00480769230769231
"reference",0.00961538461538462
"reference",0
"reference",0
"reference",1
"reference",1
"reference",0
"reference",0
"reference",0.0192307692307692
"reference",0.00480769230769231
"reference",0.0192307692307692
"reference",0.947115384615385
"reference",0.364077669902913
"reference",0.0721153846153846
"reference",0
"reference",0.985576923076923
"reference",0.168269230769231
"reference",0.408653846153846
"reference",0.0772946859903382
"reference",0
"reference",0
"reference",0.0144230769230769
"reference",1
"reference",0.202898550724638
"reference",0
"reference",0.0288461538461538
"reference",0.00480769230769231
"reference",0
"reference",1
"reference",0.0917874396135266
"reference",0.0432692307692308
"reference",0.0192307692307692
"reference",0.00480769230769231
"reference",0
"reference",0.686274509803922
"reference",0.24390243902439
"reference",1
"reference",0.0388349514563107
"reference",0.00480769230769231
"reference",0
"reference",0.0288461538461538
"reference",0.0628019323671498
"reference",1
"reference",0.0528846153846154
"reference",0.0485436893203883
"reference",0
"reference",0.0386473429951691
"reference",0.00483091787439614
"reference",1
"reference",0
"reference",0
"reference",0.00480769230769231
"reference",1
"reference",0
"reference",0
"reference",1
"reference",0
"reference",0
"reference",0
"reference",0.00480769230769231
"reference",0
"reference",0.454106280193237
"reference",0.753623188405797
"reference",0.492753623188406
"reference",0.0480769230769231
"reference",0.158653846153846
"reference",0.288461538461538
"reference",0.168269230769231
"reference",0.0576923076923077
"reference",0.00480769230769231
"reference",0.0192307692307692
"reference",0
"reference",0.0192307692307692
"reference",0.0192307692307692
"reference",0.975961538461538
"reference",0.894230769230769
"reference",0.00480769230769231
"reference",0
"reference",1
"reference",1
"reference",0
"reference",1
"reference",0.174757281553398
"reference",0
"reference",0
"reference",0
"reference",0.718446601941748
"reference",0.207729468599034
"reference",0
"reference",0.00480769230769231
"reference",0
"reference",0.188405797101449
"reference",1
"reference",0.252427184466019
"reference",0.120772946859903
"reference",0.0288461538461538
"reference",1
"reference",1
"reference",0.00961538461538462
"reference",0.0336538461538462
"reference",0.00480769230769231
"reference",0
"reference",0.00966183574879227
"reference",0
"reference",1
"reference",0.193236714975845
"reference",0.400966183574879
"reference",0.0338164251207729
"reference",0.263414634146341
"reference",0
"reference",0.757281553398058
"reference",0.807692307692308
"reference",0
"reference",0
"reference",0
"reference",0
"reference",0
"reference",1
"reference",1
"reference",0.0432692307692308
"reference",0
"reference",0.51980198019802
"reference",0.197115384615385
"reference",0.115384615384615
"reference",0
"reference",0
"reference",1
"reference",0.00480769230769231
"reference",1
"reference",1
"reference",0
"reference",0.00480769230769231
"reference",0
"reference",0
"reference",1
"reference",1
"reference",0.00480769230769231
"reference",0
"reference",0.00480769230769231
"reference",1
"reference",0.0192307692307692
"reference",0
"reference",0
"reference",1
"reference",0.681159420289855
"reference",0.153846153846154
"reference",0.00961538461538462
"reference",0
"reference",0.0144230769230769
"reference",1
"reference",1
"reference",0
"reference",0.00483091787439614
"reference",1
"reference",1
"reference",1
"reference",0
"reference",0.00480769230769231
"reference",0
"reference",1
"reference",0.178743961352657
"reference",0.00480769230769231
"reference",0.439613526570048
"reference",0.703883495145631
"reference",0.222222222222222
"reference",0.0336538461538462
"reference",1
"reference",1
"reference",0.00480769230769231
"reference",0.00480769230769231
"reference",1
"reference",1
"reference",0.00480769230769231
"reference",0
"reference",0
"reference",0
"reference",0.689320388349515
"reference",1
"reference",0.00480769230769231
"reference",0.0288461538461538
"reference",0.00483091787439614
"reference",0.0384615384615385
"reference",0.00480769230769231
"reference",1
"reference",0.0865384615384615
"reference",0.0769230769230769
"reference",0.00961538461538462
"reference",0
"reference",0.00480769230769231
"reference",0
"reference",1
"reference",0.27536231884058
"reference",0.0144230769230769
"reference",0
"reference",1
"reference",0.333333333333333
"reference",0.0338164251207729
"reference",0.00961538461538462
"reference",0.00480769230769231
"reference",0.492753623188406
"reference",0.509615384615385
"reference",0.221153846153846
"reference",0.0240384615384615
"reference",0
"reference",0
"reference",0
"reference",0.00961538461538462
"reference",1
"reference",1
"reference",0
"reference",1
"reference",1
"reference",0.00480769230769231
"reference",0
"reference",0
"reference",0.966346153846154
"reference",0.524038461538462
"reference",0
"reference",0.201923076923077
"reference",1
"reference",0.341346153846154
"reference",0
"reference",0.0240384615384615
"reference",1
"reference",0
"reference",0
"reference",0
"reference",0.00966183574879227
"reference",1
"reference",0.00480769230769231
"reference",1
"reference",0
"reference",0
"reference",0
"reference",1
"reference",1
"reference",0
"reference",0
"reference",0.00480769230769231
"reference",1
"reference",0.839805825242718
"reference",0.0384615384615385
"reference",0.00480769230769231
"reference",0
"reference",0
"reference",0.754807692307692
"reference",0.975961538461538
"reference",0.00961538461538462
"reference",0
"reference",0.111675126903553
"reference",1
"reference",0.198979591836735
"reference",0.0761421319796954
"reference",0.98989898989899
"reference",0.668367346938776
"reference",0.0862944162436548
"reference",0.0151515151515152
"reference",0
"reference",0.98989898989899
"reference",0.974747474747475
"reference",0
"reference",0.0101010101010101
"reference",0.00505050505050505
"reference",0.98989898989899
"reference",0.0913705583756345
"reference",0.0252525252525253
"reference",0.0252525252525253
"reference",0.00505050505050505
"reference",0.0151515151515152
"reference",1
"reference",0.994949494949495
"reference",0.136363636363636
"reference",0.0101010101010101
"reference",0.00505050505050505
"reference",0.0101010101010101
"reference",0.0101010101010101
"reference",0.98989898989899
"reference",0.98989898989899
"reference",0.0101010101010101
"reference",0
"reference",0.00505050505050505
"reference",0.0101010101010101
"reference",0.0303030303030303
"reference",0.994949494949495
"reference",0.279187817258883
"reference",0.0609137055837563
"reference",0.0101010101010101
"reference",0.994949494949495
"reference",0.48989898989899
"reference",0.378787878787879
"reference",0.0404040404040404
"reference",0.0101010101010101
"reference",0
"reference",0.0101010101010101
"reference",0.98989898989899
"reference",0.360406091370558
"reference",0
"reference",0.0101010101010101
"reference",0
"reference",0
"reference",1
"reference",0.0202020202020202
"reference",0.98989898989899
"reference",0.00505050505050505
"reference",0.0101010101010101
"reference",0
"reference",0.994949494949495
"reference",0.336734693877551
"reference",0.0858585858585859
"reference",0.0454545454545455
"reference",0.0101010101010101
"reference",0.0101010101010101
"reference",0.0202020202020202
"reference",0.0858585858585859
"reference",0.98989898989899
"reference",0.0406091370558376
"reference",0.290816326530612
"reference",0
"reference",0.0404040404040404
"reference",1
"reference",1
"reference",0
"reference",0
"reference",0.0303030303030303
"reference",1
"reference",0.0252525252525253
"reference",0.116751269035533
"reference",0.186868686868687
"reference",0.00505050505050505
"reference",0
"reference",0
"reference",0.0101010101010101
"reference",0.00505050505050505
"reference",0.232323232323232
"reference",0.388888888888889
"reference",0.101010101010101
"reference",1
"reference",0.0252525252525253
"reference",0.0505050505050505
"reference",0.98989898989899
"reference",0.0101010101010101
"reference",0
"reference",0
"reference",0.00505050505050505
"reference",0
"reference",0.0303030303030303
"reference",1
"reference",1
"reference",0.0101010101010101
"reference",0.0101010101010101
"reference",0.898477157360406
"reference",1
"reference",0
"reference",1
"reference",0.192893401015228
"reference",0
"reference",0.0101010101010101
"reference",0
"reference",0.535353535353535
"reference",0.343434343434343
"reference",0.00505050505050505
"reference",0.0404040404040404
"reference",0
"reference",0.217171717171717
"reference",0.994949494949495
"reference",0.270408163265306
"reference",0.0808080808080808
"reference",0.0151515151515152
"reference",0.994949494949495
"reference",0.843434343434343
"reference",0.308080808080808
"reference",0.050761421319797
"reference",0.0101010101010101
"reference",0.00505050505050505
"reference",0.0456852791878173
"reference",0.0101010101010101
"reference",0.98989898989899
"reference",1
"reference",0.98989898989899
"reference",0.98989898989899
"reference",0.0303030303030303
"reference",0.0101010101010101
"reference",0.98989898989899
"reference",0.661616161616162
"reference",0
"reference",0.0101010101010101
"reference",0.00505050505050505
"reference",0.0151515151515152
"reference",0.0101010101010101
"reference",1
"reference",0.98989898989899
"reference",0.0303030303030303
"reference",0
"reference",0.413265306122449
"reference",0.0761421319796954
"reference",0.0710659898477157
"reference",0.0101010101010101
"reference",0
"reference",0.98989898989899
"reference",0.0202020202020202
"reference",0.98989898989899
"reference",0.0101010101010101
"reference",0
"reference",0
"reference",0
"reference",0
"reference",1
"reference",0.98989898989899
"reference",0.0151515151515152
"reference",0
"reference",0.0101010101010101
"reference",0.98989898989899
"reference",0.0353535353535354
"reference",0.0101010101010101
"reference",0.0101010101010101
"reference",1
"reference",0.868686868686869
"reference",0.0303030303030303
"reference",0
"reference",0
"reference",0
"reference",0.939086294416244
"reference",0.98989898989899
"reference",0.0252525252525253
"reference",0
"reference",1
"reference",1
"reference",0.98989898989899
"reference",0.00505050505050505
"reference",0.0101010101010101
"reference",0
"reference",1
"reference",0.050761421319797
"reference",0.0151515151515152
"reference",0.720812182741117
"reference",0.360406091370558
"reference",0.494949494949495
"reference",0.0404040404040404
"reference",0.604060913705584
"reference",0.989847715736041
"reference",0.0357142857142857
"reference",0.0102040816326531
"reference",0.989847715736041
"reference",0.223350253807107
"reference",0.121827411167513
"reference",0
"reference",0
"reference",0.0101522842639594
"reference",0.673469387755102
"reference",1
"reference",0.121827411167513
"reference",0.0152284263959391
"reference",0
"reference",0.0406091370558376
"reference",0.0152284263959391
"reference",0.989847715736041
"reference",0.147959183673469
"reference",0.065989847715736
"reference",0
"reference",0
"reference",0.0050761421319797
"reference",0.0101522842639594
"reference",0.989847715736041
"reference",0.459183673469388
"reference",0.0152284263959391
"reference",0
"reference",0.989847715736041
"reference",0.423469387755102
"reference",0.050761421319797
"reference",0.0050761421319797
"reference",0.0050761421319797
"reference",0.182741116751269
"reference",0.913705583756345
"reference",0.0456852791878173
"reference",0.00510204081632653
"reference",0
"reference",0.0050761421319797
"reference",0
"reference",0.888324873096447
"reference",0.989847715736041
"reference",0
"reference",0
"reference",1
"reference",0.98989898989899
"reference",0.0555555555555556
"reference",0
"reference",0.0101010101010101
"reference",0.696969696969697
"reference",0.888888888888889
"reference",0
"reference",0.0404040404040404
"reference",1
"reference",0.98989898989899
"reference",0.0101010101010101
"reference",0.0252525252525253
"reference",0.98989898989899
"reference",0.0101010101010101
"reference",0
"reference",0
"reference",0.0101010101010101
"reference",0.253807106598985
"reference",0.0202020202020202
"reference",0.98989898989899
"reference",0.00505050505050505
"reference",0
"reference",0.0101010101010101
"reference",0.651282051282051
"reference",0.98989898989899
"reference",0.00505050505050505
"reference",0
"reference",0.0152284263959391
"reference",1
"reference",0.98989898989899
"reference",0
"reference",0
"reference",0
"reference",0.0101010101010101
"reference",1
"reference",0.904040404040404
"reference",0.0202020202020202
"reference",0.0101010101010101
"reference",0.0099502487562189
"reference",1
"reference",0.995024875621891
"reference",0.0199004975124378
"reference",0.995024875621891
"reference",0.995024875621891
"reference",0.0646766169154229
"reference",0.0099502487562189
"reference",0
"reference",0.995024875621891
"reference",0.995024875621891
"reference",0
"reference",0.00497512437810945
"reference",0.0298507462686567
"reference",0.995024875621891
"reference",0.175
"reference",0.0199004975124378
"reference",0.0199004975124378
"reference",0
"reference",0.0199004975124378
"reference",1
"reference",0.995024875621891
"reference",0.0248756218905473
"reference",0.0248756218905473
"reference",0.00497512437810945
"reference",0
"reference",0.00497512437810945
"reference",0.995024875621891
"reference",0.995024875621891
"reference",0.00497512437810945
"reference",0
"reference",0.00497512437810945
"reference",0.00497512437810945
"reference",0.0199004975124378
"reference",0
"reference",0.0696517412935323
"reference",0.054726368159204
"reference",0.0149253731343284
"reference",0.995024875621891
"reference",0.0149253731343284
"reference",0.995024875621891
"reference",0.0447761194029851
"reference",0.00497512437810945
"reference",0
"reference",0.00497512437810945
"reference",0.995024875621891
"reference",0.36318407960199
"reference",0.0099502487562189
"reference",0.0199004975124378
"reference",0
"reference",0.00497512437810945
"reference",1
"reference",0.0497512437810945
"reference",0.442786069651741
"reference",0.0298507462686567
"reference",0.00497512437810945
"reference",0
"reference",1
"reference",0.56
"reference",0.105
"reference",0.085
"reference",0.01
"reference",0.005
"reference",0.025
"reference",0.075
"reference",0.995
"reference",0.32
"reference",0.05
"reference",0
"reference",0.04
"reference",0.0452261306532663
"reference",1
"reference",0
"reference",0
"reference",0.015
"reference",1
"reference",0.025
"reference",0.44
"reference",0.525
"reference",0
"reference",0
"reference",0
"reference",0.01
"reference",0.005
"reference",1
"reference",1
"reference",0.995
"reference",0.085
"reference",0.005
"reference",0.0251256281407035
"reference",0.995
"reference",0.005
"reference",0.005
"reference",0.01
"reference",0
"reference",0
"reference",0.01
"reference",0.995
"reference",0.195
"reference",0.035
"reference",0.005
"reference",1
"reference",1
"reference",0.00497512437810945
"reference",1
"reference",0.651741293532338
"reference",0
"reference",0.00497512437810945
"reference",0
"reference",0.995024875621891
"reference",0.03
"reference",0
"reference",0.0149253731343284
"reference",0
"reference",0.253731343283582
"reference",1
"reference",0.4
"reference",0.109452736318408
"reference",0.01
"reference",1
"reference",0.995024875621891
"reference",0.00497512437810945
"reference",0.0398009950248756
"reference",0
"reference",0
"reference",0.0497512437810945
"reference",0
"reference",0.557213930348259
"reference",0.139303482587065
"reference",0.437810945273632
"reference",0.00497512437810945
"reference",0.054726368159204
"reference",0.0099502487562189
"reference",0.995024875621891
"reference",0.28643216080402
"reference",0.00497512437810945
"reference",0.00497512437810945
"reference",0
"reference",0.0099502487562189
"reference",0.00497512437810945
"reference",1
"reference",0.995024875621891
"reference",0.0447761194029851
"reference",0
"reference",0.398009950248756
"reference",0.0199004975124378
"reference",0.0995024875621891
"reference",0
"reference",0
"reference",0.995024875621891
"reference",0.0099502487562189
"reference",0.995024875621891
"reference",0.00497512437810945
"reference",0
"reference",0
"reference",0
"reference",0
"reference",0.995
"reference",0.0351758793969849
"reference",0.035
"reference",0
"reference",0.005
"reference",0.995
"reference",0.09
"reference",0.01
"reference",0.005
"reference",1
"reference",0.995
"reference",0.02
"reference",0
"reference",0
"reference",0.01
"reference",0.819095477386935
"reference",0.995
"reference",0.135
"reference",0
"reference",1
"reference",1
"reference",0.995024875621891
"reference",0.0099502487562189
"reference",0.0099502487562189
"reference",0
"reference",1
"reference",0.04
"reference",0.0149253731343284
"reference",0.373134328358209
"reference",0.751243781094527
"reference",0.154228855721393
"reference",0.0348258706467662
"reference",0.06
"reference",0
"reference",0.01
"reference",0
"reference",1
"reference",0.225
"reference",0.095
"reference",0
"reference",0
"reference",0
"reference",0.535353535353535
"reference",1
"reference",0.01
"reference",0.05
"reference",0.01
"reference",0.035
"reference",0
"reference",1
"reference",0.095
"reference",0.0703517587939698
"reference",0
"reference",0.005
"reference",0
"reference",0.01
"reference",1
"reference",0.306532663316583
"reference",0.0099502487562189
"reference",0
"reference",1
"reference",0.323383084577114
"reference",0.0845771144278607
"reference",0.0099502487562189
"reference",0
"reference",0.00497512437810945
"reference",0.995024875621891
"reference",0.995024875621891
"reference",0.00497512437810945
"reference",0
"reference",0.00497512437810945
"reference",0.0149253731343284
"reference",0.995024875621891
"reference",0.154228855721393
"reference",0.00497512437810945
"reference",0
"reference",0.303482587064677
"reference",0.995024875621891
"reference",0.129353233830846
"reference",0.00497512437810945
"reference",0.005
"reference",0.995024875621891
"reference",0.0149253731343284
"reference",0.00497512437810945
"reference",0.0149253731343284
"reference",0.995024875621891
"reference",0.781094527363184
"reference",0.00497512437810945
"reference",0.990049751243781
"reference",0.990049751243781
"reference",0.00497512437810945
"reference",0.990049751243781
"reference",0.00497512437810945
"reference",0.0149253731343284
"reference",0.865671641791045
"reference",0.159203980099502
"reference",0.915422885572139
"reference",0.0199004975124378
"reference",0
"reference",0.00497512437810945
"reference",0.990049751243781
"reference",0.990049751243781
"reference",0
"reference",0
"reference",0.00497512437810945
"reference",0.995024875621891
"reference",0.990049751243781
"reference",0
"reference",0
"reference",0
"reference",0.00497512437810945
"reference",0.995024875621891
"reference",0.990049751243781
"reference",0.0199004975124378
"reference",0.00497512437810945
"reference",0.0461538461538462
"reference",0.994871794871795
"reference",0.225641025641026
"reference",0.0871794871794872
"reference",0.994871794871795
"reference",0.597938144329897
"reference",0.0615384615384615
"reference",0.0153846153846154
"reference",0.00512820512820513
"reference",0.98974358974359
"reference",0.98974358974359
"reference",0.0102564102564103
"reference",0.0102564102564103
"reference",0
"reference",0.98974358974359
"reference",0.0979381443298969
"reference",0.0102564102564103
"reference",0.0153846153846154
"reference",0.0153846153846154
"reference",0.00515463917525773
"reference",0.494845360824742
"reference",0.530927835051546
"reference",0.169230769230769
"reference",0.0461538461538462
"reference",0
"reference",0
"reference",0.0102564102564103
"reference",0.887179487179487
"reference",0.98974358974359
"reference",0.0153846153846154
"reference",0.00512820512820513
"reference",0
"reference",0.0358974358974359
"reference",0.0153846153846154
"reference",0.963917525773196
"reference",0.353846153846154
"reference",0.0205128205128205
"reference",0.00512820512820513
"reference",0.98974358974359
"reference",0.149484536082474
"reference",0.328205128205128
"reference",0.0769230769230769
"reference",0.00515463917525773
"reference",0
"reference",0.00512820512820513
"reference",0.742268041237113
"reference",0.98974358974359
"reference",0
"reference",0.00512820512820513
"reference",0
"reference",0
"reference",0.994871794871795
"reference",0.153846153846154
"reference",0.0564102564102564
"reference",0.0307692307692308
"reference",0.0205128205128205
"reference",0.00512820512820513
"reference",0.994871794871795
"reference",0.994871794871795
"reference",0.00512820512820513
"reference",0.994871794871795
"reference",0.00512820512820513
"reference",0.0102564102564103
"reference",0.0974358974358974
"reference",0.278350515463918
"reference",0.635897435897436
"reference",0.594871794871795
"reference",0.0871794871794872
"reference",0
"reference",0.0670103092783505
"reference",0.0358974358974359
"reference",1
"reference",0
"reference",0.00512820512820513
"reference",0.0205128205128205
"reference",0.958974358974359
"reference",0.0461538461538462
"reference",0.153846153846154
"reference",0.489690721649485
"reference",0
"reference",0
"reference",0
"reference",0.0205128205128205
"reference",0.00512820512820513
"reference",0.302564102564103
"reference",0.882051282051282
"reference",0.494845360824742
"reference",0.0358974358974359
"reference",0.153846153846154
"reference",0.22051282051282
"reference",0.2
"reference",0.0358974358974359
"reference",0.0153846153846154
"reference",0.0205128205128205
"reference",0.0307692307692308
"reference",0.0257731958762887
"reference",0.0461538461538462
"reference",0.969230769230769
"reference",0.743589743589744
"reference",0.0153846153846154
"reference",0.0102564102564103
"reference",0.769230769230769
"reference",1
"reference",0.00512820512820513
"reference",0.994871794871795
"reference",0.138461538461538
"reference",0
"reference",0.00512820512820513
"reference",0
"reference",0.564102564102564
"reference",0.435897435897436
"reference",0
"reference",0.0256410256410256
"reference",0.00512820512820513
"reference",0.153846153846154
"reference",0.994871794871795
"reference",0.324742268041237
"reference",0.102564102564103
"reference",0.0102564102564103
"reference",1
"reference",0.994845360824742
"reference",0.00515463917525773
"reference",0.0257731958762887
"reference",0
"reference",0
"reference",0.0309278350515464
"reference",0.00515463917525773
"reference",0.938144329896907
"reference",0.731958762886598
"reference",0.180412371134021
"reference",0.0154639175257732
"reference",0.201030927835052
"reference",0.00515463917525773
"reference",0.809278350515464
"reference",0.730569948186529
"reference",0.00515463917525773
"reference",0.00515463917525773
"reference",0
"reference",0
"reference",0.00515463917525773
"reference",1
"reference",1
"reference",1
"reference",0
"reference",0.65979381443299
"reference",0.0670103092783505
"reference",0.0829015544041451
"reference",0
"reference",0
"reference",0.994845360824742
"reference",0.0206185567010309
"reference",0.0721649484536082
"reference",0.994818652849741
"reference",0.00515463917525773
"reference",0
"reference",0
"reference",0
"reference",0.927461139896373
"reference",0.458762886597938
"reference",0.278350515463918
"reference",0
"reference",0.0103092783505155
"reference",0.94300518134715
"reference",0.170984455958549
"reference",0.0103092783505155
"reference",0.00518134715025907
"reference",0.709844559585492
"reference",0.492227979274611
"reference",0.440414507772021
"reference",0
"reference",0
"reference",0.00515463917525773
"reference",0.77948717948718
"reference",0.98974358974359
"reference",0.0512820512820513
"reference",0
"reference",0.994871794871795
"reference",0.38659793814433
"reference",0.994871794871795
"reference",0.0512820512820513
"reference",0.0153846153846154
"reference",0
"reference",0.994871794871795
"reference",0.0615384615384615
"reference",0.00512820512820513
"reference",0.728205128205128
"reference",0.774358974358974
"reference",0.0564102564102564
"reference",0.0256410256410256
"reference",0.615384615384615
"reference",0.748717948717949
"reference",0.487179487179487
"reference",0.00512820512820513
"reference",0.994871794871795
"reference",0.98974358974359
"reference",0.0205128205128205
"reference",0
"reference",0.00512820512820513
"reference",0.0102564102564103
"reference",0.757731958762887
"reference",0.994871794871795
"reference",0.0102564102564103
"reference",0.0205128205128205
"reference",0
"reference",0.292307692307692
"reference",0.0102564102564103
"reference",0.98974358974359
"reference",0.134020618556701
"reference",0.0256410256410256
"reference",0
"reference",0.00512820512820513
"reference",0.00512820512820513
"reference",0.0102564102564103
"reference",0.98974358974359
"reference",0.343589743589744
"reference",0.0102564102564103
"reference",0.00512820512820513
"reference",0.98974358974359
"reference",0.360824742268041
"reference",0.0666666666666667
"reference",0
"reference",0
"reference",0.964102564102564
"reference",0.435233160621762
"reference",0.0256410256410256
"reference",0.0205128205128205
"reference",0
"reference",0.00512820512820513
"reference",0.0256410256410256
"reference",0.108247422680412
"reference",0.984615384615385
"reference",0.0205128205128205
"reference",0
"reference",0.994871794871795
"reference",0.933333333333333
"reference",0.4
"reference",0
"reference",0.00512820512820513
"reference",0.97948717948718
"reference",0.107692307692308
"reference",0.00512820512820513
"reference",0.0564102564102564
"reference",0.994871794871795
"reference",0.764102564102564
"reference",0.00512820512820513
"reference",0.0153846153846154
"reference",0.98974358974359
"reference",0.00512820512820513
"reference",0
"reference",0
"reference",0
"reference",0.041025641025641
"reference",0.887179487179487
"reference",0.989690721649485
"reference",0
"reference",0
"reference",0.0102564102564103
"reference",0.994871794871795
"reference",0.994871794871795
"reference",0.0102564102564103
"reference",0
"reference",0.0153846153846154
"reference",0.994818652849741
"reference",0.805128205128205
"reference",0
"reference",0
"reference",0.00512820512820513
"reference",0.0102564102564103
"reference",0.994871794871795
"reference",0.98974358974359
"reference",0.0153846153846154
"reference",0.00512820512820513
"reference",1
"reference",1
"reference",0.0248447204968944
"reference",0.0124223602484472
"reference",0.993788819875776
"reference",0.784810126582278
"reference",0.0372670807453416
"reference",0.0062111801242236
"reference",0.0062111801242236
"reference",0.993788819875776
"reference",0.836477987421384
"reference",0
"reference",0.0062111801242236
"reference",0.0062111801242236
"reference",0.84375
"reference",0.320754716981132
"reference",0.1875
"reference",0.01875
"reference",0
"reference",0.0186335403726708
"reference",0.993788819875776
"reference",1
"reference",1
"reference",0.0062111801242236
"reference",0
"reference",0
"reference",0.0062111801242236
"reference",0.993788819875776
"reference",0.993788819875776
"reference",0.0124223602484472
"reference",0.0062111801242236
"reference",0.031055900621118
"reference",0
"reference",0.0434782608695652
"reference",1
"reference",1
"reference",0.0062111801242236
"reference",0.0062111801242236
"reference",0.993788819875776
"reference",0.0880503144654088
"reference",0.8125
"reference",0.0375
"reference",0.0062111801242236
"reference",0
"reference",0.0062111801242236
"reference",0.993788819875776
"reference",0.245283018867925
"reference",0
"reference",0.025
"reference",0
"reference",0
"reference",1
"reference",0.170886075949367
"reference",0.0759493670886076
"reference",0.0248447204968944
"reference",0.0062111801242236
"reference",0
"reference",1
"reference",0.34375
"reference",0.0496894409937888
"reference",0.0683229813664596
"reference",0.0062111801242236
"reference",0.0062111801242236
"reference",0.0566037735849057
"reference",0.40251572327044
"reference",0.475
"reference",0.4
"reference",0.220125786163522
"reference",0
"reference",0.993788819875776
"reference",0.118012422360248
"reference",0.417721518987342
"reference",0
"reference",0
"reference",0.0124223602484472
"reference",1
"reference",0.05625
"reference",0.169811320754717
"reference",0.238993710691824
"reference",0
"reference",0
"reference",0
"reference",0.0062111801242236
"reference",0.0062111801242236
"reference",1
"reference",1
"reference",0.99375
"reference",0.00625
"reference",0.278481012658228
"reference",0.392405063291139
"reference",0.119496855345912
"reference",0.03125
"reference",0.00625
"reference",0
"reference",0
"reference",0.0251572327044025
"reference",0.0125
"reference",1
"reference",0.0828025477707006
"reference",0.00625
"reference",0.00625
"reference",1
"reference",1
"reference",0
"reference",1
"reference",0.993788819875776
"reference",0
"reference",0.0062111801242236
"reference",0
"reference",0.761006289308176
"reference",0.341772151898734
"reference",0
"reference",0.0062111801242236
"reference",0
"reference",0.99375
"reference",0.993788819875776
"reference",0.0248447204968944
"reference",0
"reference",0
"reference",1
"reference",0.95
"reference",0.119496855345912
"reference",0.0625
"reference",0
"reference",0.0062111801242236
"reference",0.0745341614906832
"reference",0.0062111801242236
"reference",0.981366459627329
"reference",0.093167701863354
"reference",0.440251572327044
"reference",0.0124223602484472
"reference",0.394904458598726
"reference",0.0062111801242236
"reference",0.993788819875776
"reference",0.4125
"reference",0
"reference",0.0062111801242236
"reference",0
"reference",0.00625
"reference",0.00625
"reference",1
"reference",1
"reference",0.987421383647799
"reference",0
"reference",0.4
"reference",0.0754716981132075
"reference",0.0759493670886076
"reference",0
"reference",0
"reference",0.993788819875776
"reference",0.031055900621118
"reference",0.993788819875776
"reference",0.0124223602484472
"reference",0
"reference",0
"reference",0
"reference",0
"reference",0.981366459627329
"reference",0.138364779874214
"reference",0.0496894409937888
"reference",0
"reference",0.0124223602484472
"reference",0.993788819875776
"reference",0.0062111801242236
"reference",0.0062111801242236
"reference",0.0062111801242236
"reference",1
"reference",0.739130434782609
"reference",0.0683229813664596
"reference",0.0062111801242236
"reference",0
"reference",0.0124223602484472
"reference",0.9
"reference",0.993788819875776
"reference",0.08125
"reference",0
"reference",1
"reference",0.987577639751553
"reference",0.881987577639752
"reference",0.0186335403726708
"reference",0.0124223602484472
"reference",0
"reference",1
"reference",0.124223602484472
"reference",0.0124223602484472
"reference",0.987577639751553
"reference",0.981366459627329
"reference",0
"reference",0.0124223602484472
"reference",0.77639751552795
"reference",0.981366459627329
"reference",0.43125
"reference",0.0062111801242236
"reference",1
"reference",0.869565217391304
"reference",0.0434782608695652
"reference",0
"reference",0
"reference",0.00625
"reference",0.993788819875776
"reference",1
"reference",0
"reference",0.0186335403726708
"reference",0
"reference",0.0124223602484472
"reference",0.0062111801242236
"reference",1
"reference",0.993788819875776
"reference",0.857142857142857
"reference",0
"reference",0
"reference",0
"reference",0.0124223602484472
"reference",0.993788819875776
"reference",0.40506329113924
"reference",0.0062111801242236
"reference",0.0062111801242236
"reference",1
"reference",0.391025641025641
"reference",0.10625
"reference",0.0062111801242236
"reference",0
"reference",0.987577639751553
"reference",0.993788819875776
"reference",0.0062111801242236
"reference",0.0124223602484472
"reference",0
"reference",0.0062111801242236
"reference",0
"reference",1
"reference",0.981366459627329
"reference",0
"reference",0
"reference",0.993788819875776
"reference",0.993788819875776
"reference",0.993788819875776
"reference",0
"reference",0.0062111801242236
"reference",0.993788819875776
"reference",0.0691823899371069
"reference",0
"reference",0.0869565217391304
"reference",1
"reference",0.987577639751553
"reference",0.0062111801242236
"reference",0.0124223602484472
"reference",0.993788819875776
"reference",0.0062111801242236
"reference",0.0062111801242236
"reference",0
"reference",0.0248447204968944
"reference",0.173913043478261
"reference",0.0372670807453416
"reference",0.993788819875776
"reference",0
"reference",0
"reference",0.0062111801242236
"reference",0.689873417721519
"reference",0.993788819875776
"reference",0
"reference",0
"reference",0.0062111801242236
"reference",0.85
"reference",0.993788819875776
"reference",0
"reference",0
"reference",0
"reference",0.0062111801242236
"reference",1
"reference",0.825
"reference",0.01875
"reference",0.0062111801242236
"reference",0.0373831775700935
"reference",1
"reference",0.196261682242991
"reference",0.0467289719626168
"reference",1
"reference",0.504672897196262
"reference",0.594339622641509
"reference",0.00934579439252336
"reference",0
"reference",1
"reference",0.85981308411215
"reference",0.00934579439252336
"reference",0
"reference",0.0186915887850467
"reference",0.850467289719626
"reference",0.542056074766355
"reference",0.0186915887850467
"reference",0.0283018867924528
"reference",0
"reference",0
"reference",1
"reference",1
"reference",0.0280373831775701
"reference",0
"reference",0
"reference",0
"reference",0
"reference",1
"reference",1
"reference",0.00934579439252336
"reference",0
"reference",0
"reference",0.00934579439252336
"reference",0.0373831775700935
"reference",0.962616822429907
"reference",0.30188679245283
"reference",0.0560747663551402
"reference",0
"reference",0.504672897196262
"reference",0.0283018867924528
"reference",0.0654205607476635
"reference",1
"reference",0
"reference",0
"reference",0.00934579439252336
"reference",1
"reference",0.0841121495327103
"reference",0.00934579439252336
"reference",0.0186915887850467
"reference",0
"reference",0
"reference",1
"reference",0.0934579439252336
"reference",0.0934579439252336
"reference",0.0280373831775701
"reference",0
"reference",0
"reference",0.962616822429907
"reference",0.794392523364486
"reference",0.0934579439252336
"reference",0.224299065420561
"reference",0.00934579439252336
"reference",0
"reference",0.0467289719626168
"reference",0.0467289719626168
"reference",1
"reference",0.121495327102804
"reference",0.0560747663551402
"reference",0
"reference",0.121495327102804
"reference",1
"reference",0.214953271028037
"reference",0
"reference",0
"reference",0
"reference",1
"reference",0
"reference",1
"reference",0.0280373831775701
"reference",0
"reference",0
"reference",0
"reference",0
"reference",0
"reference",1
"reference",1
"reference",0.00934579439252336
"reference",0
"reference",0.11214953271028
"reference",0.392523364485981
"reference",0.168224299065421
"reference",0.0373831775700935
"reference",0
"reference",0.00934579439252336
"reference",0
"reference",0.0280373831775701
"reference",0
"reference",0.121495327102804
"reference",1
"reference",0
"reference",0
"reference",1
"reference",1
"reference",0
"reference",1
"reference",0.121495327102804
"reference",0
"reference",0
"reference",0
"reference",0.94392523364486
"reference",0.121495327102804
"reference",0
"reference",0.00934579439252336
"reference",0
"reference",0.261682242990654
"reference",1
"reference",0.317757009345794
"reference",0.130841121495327
"reference",0.0280373831775701
"reference",1
"reference",1
"reference",0
"reference",0.00952380952380952
"reference",0
"reference",0
"reference",0.00934579439252336
"reference",0
"reference",0.990654205607477
"reference",0.0841121495327103
"reference",0.738317757009346
"reference",0.00934579439252336
"reference",0.635514018691589
"reference",0
"reference",0.962616822429907
"reference",0.551401869158878
"reference",0.00934579439252336
"reference",0
"reference",0
"reference",0.0280373831775701
"reference",0
"reference",1
"reference",1
"reference",0
"reference",0
"reference",0.523364485981308
"reference",0.102803738317757
"reference",0.0467289719626168
"reference",0
"reference",0
"reference",1
"reference",0.145631067961165
"reference",0.446601941747573
"reference",0.0776699029126214
"reference",0.0388349514563107
"reference",0
"reference",0
"reference",0
"reference",0.970873786407767
"reference",0.663551401869159
"reference",0
"reference",0
"reference",0
"reference",0.953271028037383
"reference",0.205607476635514
"reference",0
"reference",0
"reference",1
"reference",0.619047619047619
"reference",0.0566037735849057
"reference",0
"reference",0
"reference",0
"reference",1
"reference",1
"reference",0.0186915887850467
"reference",0
"reference",0.660377358490566
"reference",1
"reference",0.570093457943925
"reference",0.0186915887850467
"reference",0.0373831775700935
"reference",0
"reference",1
"reference",0.0747663551401869
"reference",0.00934579439252336
"reference",0.85981308411215
"reference",0.336448598130841
"reference",0.0373831775700935
"reference",0.0280373831775701
"reference",0.377358490566038
"reference",0.858490566037736
"reference",0.10377358490566
"reference",0
"reference",0.990566037735849
"reference",0.672897196261682
"reference",0.0654205607476635
"reference",0
"reference",0
"reference",0
"reference",0.355140186915888
"reference",1
"reference",0
"reference",0
"reference",0.0373831775700935
"reference",0
"reference",0.0467289719626168
"reference",0
"reference",0.0280373831775701
"reference",0.0186915887850467
"reference",0
"reference",0
"reference",0
"reference",0.0373831775700935
"reference",0.990654205607477
"reference",0.224299065420561
"reference",0
"reference",0
"reference",1
"reference",0.235849056603774
"reference",0.0560747663551402
"reference",0
"reference",0
"reference",0.691588785046729
"reference",0.186915887850467
"reference",0.0654205607476635
"reference",0.0186915887850467
"reference",0
"reference",0
"reference",0.0186915887850467
"reference",0.261682242990654
"reference",0.766355140186916
"reference",0.0280373831775701
"reference",0.00934579439252336
"reference",0.719626168224299
"reference",0.850467289719626
"reference",0.214953271028037
"reference",0
"reference",0
"reference",0.560747663551402
"reference",0.121495327102804
"reference",0
"reference",0
"reference",0.561904761904762
"reference",0.373831775700935
"reference",0
"reference",0.607476635514019
"reference",0.925233644859813
"reference",0
"reference",0
"reference",0
"reference",0.00934579439252336
"reference",1
"reference",1
"reference",1
"reference",0
"reference",0
"reference",0
"reference",0.867924528301887
"reference",1
"reference",0
"reference",0
"reference",0
"reference",1
"reference",0.495327102803738
"reference",0
"reference",0.00934579439252336
"reference",0
"reference",0
"reference",0.981308411214953
"reference",0.839622641509434
"reference",0
"reference",0
"empirical_rates",0.980099502487562
"empirical_rates",0
"empirical_rates",0.946188340807175
"empirical_rates",0
"empirical_rates",0.985
"empirical_rates",0
"empirical_rates",0
"empirical_rates",0.158878504672897
"empirical_rates",0.0402010050251256
"empirical_rates",0.00448430493273543
"empirical_rates",0.975124378109453
"empirical_rates",1
"empirical_rates",0
"empirical_rates",0.97948717948718
"empirical_rates",0.0993788819875776
"empirical_rates",0
"empirical_rates",0.982062780269058
"empirical_rates",0.990430622009569
"empirical_rates",0.0682926829268293
"empirical_rates",0.00515463917525773
"empirical_rates",0.962025316455696
"empirical_rates",0
"empirical_rates",0
"empirical_rates",0.0252525252525253
"empirical_rates",0.0269058295964126
"empirical_rates",0.00458715596330275
"empirical_rates",0
"empirical_rates",1
"empirical_rates",0.0144230769230769
"empirical_rates",0.0269058295964126
"empirical_rates",0
"empirical_rates",0
"empirical_rates",0.00930232558139535
"empirical_rates",0.521739130434783
"empirical_rates",0
"empirical_rates",0.00462962962962963
"empirical_rates",0.0372093023255814
"empirical_rates",0.981308411214953
"empirical_rates",0
"empirical_rates",0.102803738317757
"empirical_rates",0.345454545454545
"empirical_rates",0.923857868020305
"empirical_rates",0
"empirical_rates",0
"empirical_rates",0.00512820512820513
"empirical_rates",0.986547085201794
"empirical_rates",0.171296296296296
"empirical_rates",0.129807692307692
"empirical_rates",0.985576923076923
"empirical_rates",0
"empirical_rates",0.0231481481481481
"empirical_rates",0.0045662100456621
"empirical_rates",0.603864734299517
"empirical_rates",0.00485436893203883
"empirical_rates",0
"empirical_rates",0.0062111801242236
"empirical_rates",0.05
"empirical_rates",0
"empirical_rates",0
"empirical_rates",0.0512820512820513
"empirical_rates",0.230769230769231
"empirical_rates",0.0252525252525253
"empirical_rates",0.00434782608695652
"empirical_rates",1
"empirical_rates",0.00515463917525773
"empirical_rates",0
"empirical_rates",0
"empirical_rates",0.259259259259259
"empirical_rates",0.0683229813664596
"empirical_rates",0.357723577235772
"empirical_rates",0
"empirical_rates",0
"empirical_rates",0.0125
"empirical_rates",0.980099502487562
"empirical_rates",0.07
"empirical_rates",0.0327868852459016
"empirical_rates",0.990990990990991
"empirical_rates",0
"empirical_rates",0
"empirical_rates",0.982062780269058
"empirical_rates",0
"empirical_rates",0.0125786163522013
"empirical_rates",0.0461538461538462
"empirical_rates",0
"empirical_rates",0.899038461538462
"empirical_rates",0
"empirical_rates",0.990049751243781
"empirical_rates",1
"empirical_rates",0.955223880597015
"empirical_rates",0.942028985507246
"empirical_rates",0.530054644808743
"empirical_rates",0.210762331838565
"empirical_rates",0.0384615384615385
"empirical_rates",0.990697674418605
"empirical_rates",0.00512820512820513
"empirical_rates",0.00843881856540084
"empirical_rates",0
"empirical_rates",0
"empirical_rates",0.076555023923445
"empirical_rates",0
"empirical_rates",0.96734693877551
"empirical_rates",0.0150753768844221
"empirical_rates",0.505050505050505
"empirical_rates",0.0248756218905473
"empirical_rates",0
"empirical_rates",0.0528455284552846
"empirical_rates",0.0512820512820513
"empirical_rates",0
"empirical_rates",1
"empirical_rates",0.990654205607477
"empirical_rates",0
"empirical_rates",0
"empirical_rates",0.135678391959799
"empirical_rates",0.037037037037037
"empirical_rates",0
"empirical_rates",0.974358974358974
"empirical_rates",0
"empirical_rates",0.98469387755102
"empirical_rates",0.747663551401869
"empirical_rates",0
"empirical_rates",0.0102564102564103
"empirical_rates",1
"empirical_rates",0.991836734693878
"empirical_rates",0.0289855072463768
"empirical_rates",0.99537037037037
"empirical_rates",0.00512820512820513
"empirical_rates",0.624365482233503
"empirical_rates",0
"empirical_rates",0.273542600896861
"empirical_rates",0.0625
"empirical_rates",0.974842767295597
"empirical_rates",0
"empirical_rates",0.00478468899521531
"empirical_rates",0.431034482758621
"empirical_rates",0.00448430493273543
"empirical_rates",0
"empirical_rates",0.0185185185185185
"empirical_rates",0.00478468899521531
"empirical_rates",0
"empirical_rates",0.990049751243781
"empirical_rates",0.0574162679425837
"empirical_rates",0.0062111801242236
"empirical_rates",0.95475113122172
"empirical_rates",0
"empirical_rates",0
"empirical_rates",0.342995169082126
"empirical_rates",0
"empirical_rates",0.00478468899521531
"empirical_rates",0.0579710144927536
"empirical_rates",0
"empirical_rates",0
"empirical_rates",0.0203045685279188
"empirical_rates",0.00632911392405063
"empirical_rates",0.0136986301369863
"empirical_rates",0.00448430493273543
"empirical_rates",0
"empirical_rates",0.15527950310559
"empirical_rates",0
"empirical_rates",0.15
"empirical_rates",0.282051282051282
"empirical_rates",0
"empirical_rates",0.00505050505050505
"empirical_rates",0
"empirical_rates",0.0861244019138756
"empirical_rates",0.995215311004785
"empirical_rates",1
"empirical_rates",0.0248447204968944
"empirical_rates",0.0125
"empirical_rates",0.0717703349282297
"empirical_rates",0.0202020202020202
"empirical_rates",0
"empirical_rates",0
"empirical_rates",0.0654205607476635
"empirical_rates",0.348214285714286
"empirical_rates",0.0526315789473684
"empirical_rates",0.98989898989899
"empirical_rates",0.373134328358209
"empirical_rates",0.439461883408072
"empirical_rates",0.0062111801242236
"empirical_rates",0
"empirical_rates",0.984771573604061
"empirical_rates",0.00813008130081301
"empirical_rates",0.0913461538461538
"empirical_rates",0.0125
"empirical_rates",0.0559006211180124
"empirical_rates",0.995215311004785
"empirical_rates",0.00462962962962963
"empirical_rates",1
"empirical_rates",0.995215311004785
"empirical_rates",0
"empirical_rates",0.968944099378882
"empirical_rates",0
"empirical_rates",0.965
"empirical_rates",0.990430622009569
"empirical_rates",0
"empirical_rates",0.0496894409937888
"empirical_rates",0.973333333333333
"empirical_rates",0.627329192546584
"empirical_rates",0
"empirical_rates",0.170731707317073
"empirical_rates",0.994949494949495
"empirical_rates",0.154228855721393
"empirical_rates",0.00925925925925926
"empirical_rates",0.186335403726708
"empirical_rates",0.993788819875776
"empirical_rates",0
"empirical_rates",0.0138888888888889
"empirical_rates",0.13963963963964
"empirical_rates",0.110047846889952
"empirical_rates",0.977578475336323
"empirical_rates",0
"empirical_rates",0.990740740740741
"empirical_rates",0
"empirical_rates",0
"empirical_rates",0.98974358974359
"empirical_rates",0.0304568527918782
"empirical_rates",0
"empirical_rates",0.943089430894309
"empirical_rates",0.118367346938776
"empirical_rates",0.00515463917525773
"empirical_rates",0.98989898989899
"empirical_rates",0.13
"empirical_rates",0.0896860986547085
"empirical_rates",0.0373831775700935
"empirical_rates",0.975155279503106
"empirical_rates",1
"empirical_rates",0.981308411214953
"empirical_rates",0
"empirical_rates",0
"empirical_rates",0.00478468899521531
"empirical_rates",0.0841121495327103
"empirical_rates",0.0206185567010309
"empirical_rates",0
"empirical_rates",0.98989898989899
"empirical_rates",0.183856502242152
"empirical_rates",0.00925925925925926
"empirical_rates",0.995192307692308
"empirical_rates",0.121495327102804
"empirical_rates",0
"empirical_rates",0.015
"empirical_rates",0
"empirical_rates",0.338383838383838
"empirical_rates",0.00411522633744856
"empirical_rates",0.736842105263158
"empirical_rates",0.97948717948718
"empirical_rates",0.956937799043062
"empirical_rates",0
"empirical_rates",0.961722488038278
"empirical_rates",0.0336538461538462
"empirical_rates",0.0040650406504065
"empirical_rates",1
"empirical_rates",0.990740740740741
"empirical_rates",0.00934579439252336
"empirical_rates",0
"empirical_rates",0.370192307692308
"empirical_rates",0.0909090909090909
"empirical_rates",0.0377358490566038
"empirical_rates",0
"empirical_rates",0.995515695067265
"empirical_rates",0.048780487804878
"empirical_rates",0.00970873786407767
"empirical_rates",0
"empirical_rates",0
"empirical_rates",0
"empirical_rates",0.990990990990991
"empirical_rates",0.0721153846153846
"empirical_rates",0.0204081632653061
"empirical_rates",0
"empirical_rates",0.975609756097561
"empirical_rates",0.226851851851852
"empirical_rates",0.99537037037037
"empirical_rates",0.0062111801242236
"empirical_rates",1
"empirical_rates",0
"empirical_rates",0.98989898989899
"empirical_rates",0
"empirical_rates",0.945945945945946
"empirical_rates",0
"empirical_rates",0.0224215246636771
"empirical_rates",0.147368421052632
"empirical_rates",0.0512820512820513
"empirical_rates",0.0186915887850467
"empirical_rates",0.994871794871795
"empirical_rates",0.995192307692308
"empirical_rates",0.0135135135135135
"empirical_rates",0.979674796747967
"empirical_rates",0.205128205128205
"empirical_rates",0
"empirical_rates",0.980099502487562
"empirical_rates",0.980769230769231
"empirical_rates",0.180124223602484
"empirical_rates",0.00896860986547085
"empirical_rates",0.971153846153846
"empirical_rates",0
"empirical_rates",0
"empirical_rates",0
"empirical_rates",0.036697247706422
"empirical_rates",0.01
"empirical_rates",0
"empirical_rates",0.990654205607477
"empirical_rates",0.0124223602484472
"empirical_rates",0.0205128205128205
"empirical_rates",0
"empirical_rates",0
"empirical_rates",0.00480769230769231
"empirical_rates",0.553846153846154
"empirical_rates",0
"empirical_rates",0
"empirical_rates",0.0101010101010101
"empirical_rates",1
"empirical_rates",0
"empirical_rates",0.117948717948718
"empirical_rates",0.378109452736318
"empirical_rates",0.94392523364486
"empirical_rates",0
"empirical_rates",0.0241545893719807
"empirical_rates",0.0231481481481481
"empirical_rates",0.980099502487562
"empirical_rates",0.24375
"empirical_rates",0.18018018018018
"empirical_rates",0.995192307692308
"empirical_rates",0.0512820512820513
"empirical_rates",0.0188679245283019
"empirical_rates",0
"empirical_rates",0.591928251121076
"empirical_rates",0
"empirical_rates",0.00480769230769231
"empirical_rates",0
"empirical_rates",0.0287081339712919
"empirical_rates",0
"empirical_rates",0
"empirical_rates",0.0582959641255605
"empirical_rates",0.228699551569507
"empirical_rates",0
"empirical_rates",0
"empirical_rates",1
"empirical_rates",0.0122448979591837
"empirical_rates",0.00462962962962963
"empirical_rates",0
"empirical_rates",0.403846153846154
"empirical_rates",0
"empirical_rates",0.432692307692308
"empirical_rates",0
"empirical_rates",0
"empirical_rates",0.105263157894737
"empirical_rates",1
"empirical_rates",0.130081300813008
"empirical_rates",0.0138888888888889
"empirical_rates",1
"empirical_rates",0
"empirical_rates",0
"empirical_rates",0.98989898989899
"empirical_rates",0.00512820512820513
"empirical_rates",0.03125
"empirical_rates",0.0526315789473684
"empirical_rates",0
"empirical_rates",0.933609958506224
"empirical_rates",0
"empirical_rates",0.990430622009569
"empirical_rates",0.990654205607477
"empirical_rates",0.995192307692308
"empirical_rates",0.965
"empirical_rates",0.523076923076923
"empirical_rates",0.192825112107623
"empirical_rates",0
"empirical_rates",0.980676328502415
"empirical_rates",0
"empirical_rates",0.00478468899521531
"empirical_rates",0.0287081339712919
"empirical_rates",0
"empirical_rates",0.0199004975124378
"empirical_rates",0.0050251256281407
"empirical_rates",0.99537037037037
"empirical_rates",0.0105263157894737
"empirical_rates",0.397129186602871
"empirical_rates",0
"empirical_rates",0.00480769230769231
"empirical_rates",0.0135746606334842
"empirical_rates",0.108108108108108
"empirical_rates",0
"empirical_rates",0.995024875621891
"empirical_rates",0.983673469387755
"empirical_rates",0
"empirical_rates",0.0191387559808612
"empirical_rates",0.15527950310559
"empirical_rates",0.082051282051282
"empirical_rates",0
"empirical_rates",1
"empirical_rates",0.01875
"empirical_rates",1
"empirical_rates",0.644144144144144
"empirical_rates",0.00448430493273543
"empirical_rates",0.0256410256410256
"empirical_rates",0.984771573604061
"empirical_rates",0.989637305699482
"empirical_rates",0.004149377593361
"empirical_rates",0.981308411214953
"empirical_rates",0.00934579439252336
"empirical_rates",0.495192307692308
"empirical_rates",0
"empirical_rates",0.284263959390863
"empirical_rates",0.0673076923076923
"empirical_rates",1
"empirical_rates",0
"empirical_rates",0.0179372197309417
"empirical_rates",0.457399103139013
"empirical_rates",0
"empirical_rates",0
"empirical_rates",0.0384615384615385
"empirical_rates",0
"empirical_rates",0
"empirical_rates",0.976851851851852
"empirical_rates",0.0505050505050505
"empirical_rates",0
"empirical_rates",0.990049751243781
"empirical_rates",0
"empirical_rates",0
"empirical_rates",0.410569105691057
"empirical_rates",0
"empirical_rates",0.00478468899521531
"empirical_rates",0.16
"empirical_rates",0
"empirical_rates",0.00478468899521531
"empirical_rates",0.0853658536585366
"empirical_rates",0.0717948717948718
"empirical_rates",0.031390134529148
"empirical_rates",0
"empirical_rates",0
"empirical_rates",0.248447204968944
"empirical_rates",0.0205128205128205
"empirical_rates",0.188524590163934
"empirical_rates",0.514018691588785
"empirical_rates",0
"empirical_rates",0.00462962962962963
"empirical_rates",0
"empirical_rates",0.0717703349282297
"empirical_rates",0.985645933014354
"empirical_rates",0.974358974358974
"empirical_rates",0.0364583333333333
"empirical_rates",0
"empirical_rates",0.0871794871794872
"empirical_rates",0.00970873786407767
"empirical_rates",0
"empirical_rates",0
"empirical_rates",0.0303030303030303
"empirical_rates",0.310185185185185
"empirical_rates",0.082051282051282
"empirical_rates",0.964646464646465
"empirical_rates",0.356481481481481
"empirical_rates",0.465408805031447
"empirical_rates",0.0143540669856459
"empirical_rates",0.0324074074074074
"empirical_rates",0.986547085201794
"empirical_rates",0
"empirical_rates",0.0358744394618834
"empirical_rates",0
"empirical_rates",0.0307692307692308
"empirical_rates",1
"empirical_rates",0
"empirical_rates",0.989847715736041
"empirical_rates",0.974358974358974
"empirical_rates",0
"empirical_rates",0.971153846153846
"empirical_rates",0
"empirical_rates",0.924242424242424
"empirical_rates",0.98
"empirical_rates",0.0193236714975845
"empirical_rates",0.062780269058296
"empirical_rates",1
"empirical_rates",0.542600896860987
"empirical_rates",0
"empirical_rates",0.271028037383178
"empirical_rates",0.990654205607477
"empirical_rates",0.168224299065421
"empirical_rates",0.0099502487562189
"empirical_rates",0.262295081967213
"empirical_rates",0.990049751243781
"empirical_rates",0
"empirical_rates",0.0203045685279188
"empirical_rates",0.114427860696517
"empirical_rates",0.0956937799043062
"empirical_rates",0.994871794871795
"empirical_rates",0
"empirical_rates",0.982062780269058
"empirical_rates",0.00934579439252336
"empirical_rates",0
"empirical_rates",0.987577639751553
"empirical_rates",0.0560747663551402
"empirical_rates",0
"empirical_rates",0.9375
"empirical_rates",0.120192307692308
"empirical_rates",0
"empirical_rates",0.972222222222222
"empirical_rates",0.0895522388059701
"empirical_rates",0.093167701863354
"empirical_rates",0.125560538116592
"empirical_rates",0.971153846153846
"empirical_rates",0.985981308411215
"empirical_rates",1
"empirical_rates",0
"empirical_rates",0
"empirical_rates",0.00816326530612245
"empirical_rates",0.16
"empirical_rates",0.00934579439252336
"empirical_rates",0
"empirical_rates",0.987577639751553
"empirical_rates",0.176470588235294
"empirical_rates",0.00934579439252336
"empirical_rates",0.95959595959596
"empirical_rates",0.134615384615385
"empirical_rates",0
"empirical_rates",0.00471698113207547
"empirical_rates",0
"empirical_rates",0.385650224215247
"empirical_rates",0
"empirical_rates",0.697435897435897
"empirical_rates",0.980582524271845
"empirical_rates",0.95045045045045
"empirical_rates",0
"empirical_rates",0.994871794871795
"empirical_rates",0.0192307692307692
"empirical_rates",0.00478468899521531
"empirical_rates",0.985
"empirical_rates",1
"empirical_rates",0
"empirical_rates",0
"empirical_rates",0.502242152466368
"empirical_rates",0.211180124223602
"empirical_rates",0.0628019323671498
"empirical_rates",0
"empirical_rates",0.995798319327731
"empirical_rates",0.0430622009569378
"empirical_rates",0
"empirical_rates",0
"empirical_rates",0
"empirical_rates",0
"empirical_rates",0.990654205607477
"empirical_rates",0.158878504672897
"empirical_rates",0
"empirical_rates",0
"empirical_rates",1
"empirical_rates",0.358974358974359
"empirical_rates",0.986486486486487
"empirical_rates",0.0199004975124378
"empirical_rates",0.974226804123711
"empirical_rates",0
"empirical_rates",0.979591836734694
"empirical_rates",0
"empirical_rates",0.990990990990991
"empirical_rates",0
"empirical_rates",0.00515463917525773
"empirical_rates",0.105263157894737
"empirical_rates",0.0560747663551402
"empirical_rates",0
"empirical_rates",0.993788819875776
"empirical_rates",0.990654205607477
"empirical_rates",0
"empirical_rates",1
"empirical_rates",0.179611650485437
"empirical_rates",0
"empirical_rates",0.990654205607477
"empirical_rates",0.991031390134529
"empirical_rates",0.0995024875621891
"empirical_rates",0
"empirical_rates",0.984848484848485
"empirical_rates",0
"empirical_rates",0
"empirical_rates",0.0288461538461538
"empirical_rates",0.0576923076923077
"empirical_rates",0
"empirical_rates",0
"empirical_rates",0.986111111111111
"empirical_rates",0.0101522842639594
"empirical_rates",0.00961538461538462
"empirical_rates",0
"empirical_rates",0
"empirical_rates",0
"empirical_rates",0.604651162790698
"empirical_rates",0
"empirical_rates",0
"empirical_rates",0.0040650406504065
"empirical_rates",0.953846153846154
"empirical_rates",0
"empirical_rates",0.154228855721393
"empirical_rates",0.513888888888889
"empirical_rates",0.919254658385093
"empirical_rates",0
"empirical_rates",0.0204081632653061
"empirical_rates",0.0149253731343284
"empirical_rates",0.990654205607477
"empirical_rates",0.327102803738318
"empirical_rates",0.272727272727273
"empirical_rates",0.93939393939394
"empirical_rates",0
"empirical_rates",0.0382775119617225
"empirical_rates",0.0573770491803279
"empirical_rates",0.631313131313131
"empirical_rates",0
"empirical_rates",0
"empirical_rates",0.0186335403726708
"empirical_rates",0.159420289855072
"empirical_rates",0.00497512437810945
"empirical_rates",0
"empirical_rates",0
"empirical_rates",0.228571428571429
"empirical_rates",0
"empirical_rates",0
"empirical_rates",0.986111111111111
"empirical_rates",0
"empirical_rates",0
"empirical_rates",0
"empirical_rates",0.111675126903553
"empirical_rates",0
"empirical_rates",0.378109452736318
"empirical_rates",0
"empirical_rates",0
"empirical_rates",0.0186335403726708
"empirical_rates",0.966346153846154
"empirical_rates",0.0666666666666667
"empirical_rates",0
"empirical_rates",1
"empirical_rates",0
"empirical_rates",0
"empirical_rates",1
"empirical_rates",0
"empirical_rates",0.0138888888888889
"empirical_rates",0.0287081339712919
"empirical_rates",0.00462962962962963
"empirical_rates",0.94300518134715
"empirical_rates",0
"empirical_rates",0.97737556561086
"empirical_rates",0.991525423728814
"empirical_rates",0.971291866028708
"empirical_rates",0.95067264573991
"empirical_rates",0.532407407407407
"empirical_rates",0.0966386554621849
"empirical_rates",0.00465116279069767
"empirical_rates",0.97196261682243
"empirical_rates",0
"empirical_rates",0.00961538461538462
"empirical_rates",0
"empirical_rates",0
"empirical_rates",0.0280373831775701
"empirical_rates",0
"empirical_rates",0.968944099378882
"empirical_rates",0.00813008130081301
"empirical_rates",0.65989847715736
"empirical_rates",0
"empirical_rates",0
"empirical_rates",0.00934579439252336
"empirical_rates",0.139013452914798
"empirical_rates",0
"empirical_rates",0.981481481481482
"empirical_rates",0.982062780269058
"empirical_rates",0.00483091787439614
"empirical_rates",0
"empirical_rates",0.215189873417722
"empirical_rates",0
"empirical_rates",0
"empirical_rates",0.984771573604061
"empirical_rates",0
"empirical_rates",1
"empirical_rates",0.675925925925926
"empirical_rates",0
"empirical_rates",0.0986547085201794
"empirical_rates",0.984848484848485
"empirical_rates",0.964102564102564
"empirical_rates",0
"empirical_rates",0.980769230769231
"empirical_rates",0.00480769230769231
"empirical_rates",0.51219512195122
"empirical_rates",0
"empirical_rates",0.26457399103139
"empirical_rates",0.124401913875598
"empirical_rates",0.977578475336323
"empirical_rates",0
"empirical_rates",0.0102564102564103
"empirical_rates",0.412037037037037
"empirical_rates",0
"empirical_rates",0
"empirical_rates",0.0505050505050505
"empirical_rates",0.00632911392405063
"empirical_rates",0
"empirical_rates",0.990384615384615
"empirical_rates",0.0478468899521531
"empirical_rates",0.00478468899521531
"empirical_rates",0.95360824742268
"empirical_rates",0
"empirical_rates",0
"empirical_rates",0.210526315789474
"empirical_rates",0
"empirical_rates",0
"empirical_rates",0.140776699029126
"empirical_rates",0
"empirical_rates",0
"empirical_rates",0.01875
"empirical_rates",0.0403587443946188
"empirical_rates",0.0199004975124378
"empirical_rates",0
"empirical_rates",0
"empirical_rates",0.214953271028037
"empirical_rates",0
"empirical_rates",0.134615384615385
"empirical_rates",0.515923566878981
"empirical_rates",0
"empirical_rates",0
"empirical_rates",0.0144230769230769
"empirical_rates",0.0769230769230769
"empirical_rates",0.983333333333333
"empirical_rates",0.981308411214953
"empirical_rates",0.0496894409937888
"empirical_rates",0
"empirical_rates",0.102803738317757
"empirical_rates",0.00966183574879227
"empirical_rates",0
"empirical_rates",0
"empirical_rates",0.0252525252525253
"empirical_rates",0.324742268041237
"empirical_rates",0.0817610062893082
"empirical_rates",0.995192307692308
"empirical_rates",0.411214953271028
"empirical_rates",0.448598130841121
"empirical_rates",0.01
"empirical_rates",0.005
"empirical_rates",0.990654205607477
"empirical_rates",0
"empirical_rates",0.110576923076923
"empirical_rates",0.00448430493273543
"empirical_rates",0.0558375634517767
"empirical_rates",0.990740740740741
"empirical_rates",0
"empirical_rates",0.984615384615385
"empirical_rates",0.981981981981982
"empirical_rates",0
"empirical_rates",0.96875
"empirical_rates",0
"empirical_rates",0.935323383084577
"empirical_rates",0.968468468468468
"empirical_rates",0.00512820512820513
"empirical_rates",0.062780269058296
"empirical_rates",0.980861244019139
"empirical_rates",0.53030303030303
"empirical_rates",0
"empirical_rates",0.0943396226415094
"empirical_rates",1
"empirical_rates",0.204968944099379
"empirical_rates",0.0434782608695652
"empirical_rates",0.199186991869919
"empirical_rates",0.968609865470852
"empirical_rates",0.0050761421319797
"empirical_rates",0.0280373831775701
"empirical_rates",0.113989637305699
"empirical_rates",0.105590062111801
"empirical_rates",0.970149253731343
"empirical_rates",0
"empirical_rates",0.98989898989899
"empirical_rates",0
"empirical_rates",0.0102564102564103
"empirical_rates",0.993788819875776
"empirical_rates",0.00970873786407767
"empirical_rates",0.0102564102564103
"empirical_rates",0.939814814814815
"empirical_rates",0.162037037037037
"empirical_rates",0
"empirical_rates",0.981481481481482
"empirical_rates",0.17910447761194
"empirical_rates",0.13125
"empirical_rates",0.0934579439252336
"empirical_rates",1
"empirical_rates",0.995515695067265
"empirical_rates",0.98974358974359
"empirical_rates",0.00483091787439614
"empirical_rates",0
"empirical_rates",0.0683229813664596
"empirical_rates",0.161490683229814
"empirical_rates",0.00934579439252336
"empirical_rates",0
"empirical_rates",0.985645933014354
"empirical_rates",0.168224299065421
"empirical_rates",0.0062111801242236
"empirical_rates",0.974358974358974
"empirical_rates",0.0974358974358974
"empirical_rates",0
"empirical_rates",0.0239234449760766
"empirical_rates",0
"empirical_rates",0.468619246861925
"empirical_rates",0.0124223602484472
"empirical_rates",0.841121495327103
"empirical_rates",0.985074626865672
"empirical_rates",1
"empirical_rates",0
"empirical_rates",0.984848484848485
"empirical_rates",0.0269058295964126
"empirical_rates",0
"empirical_rates",0.991836734693878
"empirical_rates",0.995192307692308
"empirical_rates",0
"empirical_rates",0.00505050505050505
"empirical_rates",0.320388349514563
"empirical_rates",0.142857142857143
"empirical_rates",0.0930232558139535
"empirical_rates",0
"empirical_rates",0.97979797979798
"empirical_rates",0.021551724137931
"empirical_rates",0
"empirical_rates",0
"empirical_rates",0
"empirical_rates",0
"empirical_rates",0.968609865470852
"empirical_rates",0.0560747663551402
"empirical_rates",0
"empirical_rates",0
"empirical_rates",0.982062780269058
"empirical_rates",0.27536231884058
"empirical_rates",0.993788819875776
"empirical_rates",0.0582959641255605
"empirical_rates",1
"empirical_rates",0
"empirical_rates",0.98989898989899
"empirical_rates",0.0099502487562189
"empirical_rates",1
"empirical_rates",0
"empirical_rates",0.0062111801242236
"empirical_rates",0.368421052631579
"empirical_rates",0.036734693877551
"empirical_rates",0.0199004975124378
"empirical_rates",0.989847715736041
"empirical_rates",0.975
"empirical_rates",0
"empirical_rates",0.995515695067265
"empirical_rates",0.16734693877551
"empirical_rates",0
"empirical_rates",0.9875
"empirical_rates",0.974747474747475
"empirical_rates",0.147982062780269
"empirical_rates",0.0478468899521531
"empirical_rates",0.97979797979798
"empirical_rates",0
"empirical_rates",0
"empirical_rates",0.00956937799043062
"empirical_rates",0.0467289719626168
"empirical_rates",0.00485436893203883
"empirical_rates",0
"empirical_rates",0.981481481481482
"empirical_rates",0
"empirical_rates",0.0564102564102564
"empirical_rates",0
"empirical_rates",0
"empirical_rates",0
"empirical_rates",0.527363184079602
"empirical_rates",0.00505050505050505
"empirical_rates",0
"empirical_rates",0
"empirical_rates",0.98974358974359
"empirical_rates",0
"empirical_rates",0.121495327102804
"empirical_rates",0.345291479820628
"empirical_rates",0.908629441624365
"empirical_rates",0
"empirical_rates",0.0269058295964126
"empirical_rates",0.0134529147982063
"empirical_rates",0.986547085201794
"empirical_rates",0.324074074074074
"empirical_rates",0.149038461538462
"empirical_rates",0.961538461538462
"empirical_rates",0.0062111801242236
"empirical_rates",0.0325581395348837
"empirical_rates",0.00934579439252336
"empirical_rates",0.71578947368421
"empirical_rates",0
"empirical_rates",0
"empirical_rates",0.0134529147982063
"empirical_rates",0.0288461538461538
"empirical_rates",0
"empirical_rates",0
"empirical_rates",0.0355329949238579
"empirical_rates",0.253588516746411
"empirical_rates",0
"empirical_rates",0.00462962962962963
"empirical_rates",0.99537037037037
"empirical_rates",0.00512820512820513
"empirical_rates",0.00480769230769231
"empirical_rates",0.00632911392405063
"empirical_rates",0.256410256410256
"empirical_rates",0.025
"empirical_rates",0.489711934156379
"empirical_rates",0
"empirical_rates",0
"empirical_rates",0.0050761421319797
"empirical_rates",0.990654205607477
"empirical_rates",0.168181818181818
"empirical_rates",0
"empirical_rates",0.975
"empirical_rates",0
"empirical_rates",0
"empirical_rates",0.975124378109453
"empirical_rates",0.00625
"empirical_rates",0.0769230769230769
"empirical_rates",0.0324074074074074
"empirical_rates",0
"empirical_rates",0.969230769230769
"empirical_rates",0.0062111801242236
"empirical_rates",0.983739837398374
"empirical_rates",0.97196261682243
"empirical_rates",0.971291866028708
"empirical_rates",0.916666666666667
"empirical_rates",0.490683229813665
"empirical_rates",0.207070707070707
"empirical_rates",0.0280373831775701
"empirical_rates",0.990430622009569
"empirical_rates",0.0102564102564103
"empirical_rates",0.0149253731343284
"empirical_rates",0
"empirical_rates",0
"empirical_rates",0.040650406504065
"empirical_rates",0
"empirical_rates",0.990430622009569
"empirical_rates",0.0165289256198347
"empirical_rates",0.401639344262295
"empirical_rates",0
"empirical_rates",0
"empirical_rates",0.0434782608695652
"empirical_rates",0.253393665158371
"empirical_rates",0.00925925925925926
"empirical_rates",0.959641255605381
"empirical_rates",0.969230769230769
"empirical_rates",0
"empirical_rates",0.00478468899521531
"empirical_rates",0.145
"empirical_rates",0.0398009950248756
"empirical_rates",0.00448430493273543
"empirical_rates",0.983673469387755
"empirical_rates",0
"empirical_rates",0.990049751243781
"empirical_rates",0.838383838383838
"empirical_rates",0
"empirical_rates",0.304347826086957
"empirical_rates",0.984848484848485
"empirical_rates",1
"empirical_rates",0
"empirical_rates",0.994845360824742
"empirical_rates",0.00512820512820513
"empirical_rates",0.54066985645933
"empirical_rates",0
"empirical_rates",0.228310502283105
"empirical_rates",0.056910569105691
"empirical_rates",0.972972972972973
"empirical_rates",0
"empirical_rates",0.00819672131147541
"empirical_rates",0.401869158878505
"empirical_rates",0.01
"empirical_rates",0
"empirical_rates",0.0528455284552846
"empirical_rates",0
"empirical_rates",0
"empirical_rates",0.98974358974359
"empirical_rates",0.0436893203883495
"empirical_rates",0
"empirical_rates",0.99
"empirical_rates",0
"empirical_rates",0
"empirical_rates",0.385093167701863
"empirical_rates",0
"empirical_rates",0.00416666666666667
"empirical_rates",0.107692307692308
"empirical_rates",0
"empirical_rates",0
"empirical_rates",0.0353535353535354
"empirical_rates",0.0099502487562189
"empirical_rates",0.0653061224489796
"empirical_rates",0.0509259259259259
"empirical_rates",0.018018018018018
"empirical_rates",0.0943396226415094
"empirical_rates",0
"empirical_rates",0.179245283018868
"empirical_rates",0.442211055276382
"empirical_rates",0.00625
"empirical_rates",0
"empirical_rates",0
"empirical_rates",0.105263157894737
"empirical_rates",0.986111111111111
"empirical_rates",0.990430622009569
"empirical_rates",0.0325581395348837
"empirical_rates",0.00497512437810945
"empirical_rates",0.0796019900497512
"empirical_rates",0
"empirical_rates",0
"empirical_rates",0
"empirical_rates",0.0099502487562189
"empirical_rates",0.254807692307692
"empirical_rates",0.0628930817610063
"empirical_rates",0.993788819875776
"empirical_rates",0.439252336448598
"empirical_rates",0.532710280373832
"empirical_rates",0.00961538461538462
"empirical_rates",0.031055900621118
"empirical_rates",0.994871794871795
"empirical_rates",0.01
"empirical_rates",0.0979591836734694
"empirical_rates",0
"empirical_rates",0.0365853658536585
"empirical_rates",0.97948717948718
"empirical_rates",0.0239234449760766
"empirical_rates",1
"empirical_rates",0.968468468468468
"empirical_rates",0
"empirical_rates",0.995215311004785
"empirical_rates",0
"empirical_rates",0.934579439252336
"empirical_rates",0.947115384615385
"empirical_rates",0
"empirical_rates",0.0707070707070707
"empirical_rates",0.977578475336323
"empirical_rates",0.645
"empirical_rates",0
"empirical_rates",0.125560538116592
"empirical_rates",0.980861244019139
"empirical_rates",0.2152466367713
"empirical_rates",0.005
"empirical_rates",0.256756756756757
"empirical_rates",0.99
"empirical_rates",0
"empirical_rates",0.00934579439252336
"empirical_rates",0.1625
"empirical_rates",0.128205128205128
"empirical_rates",0.97196261682243
"empirical_rates",0.0124223602484472
"empirical_rates",0.994818652849741
"empirical_rates",0
"empirical_rates",0.00515463917525773
"empirical_rates",1
"empirical_rates",0.0224215246636771
"empirical_rates",0.0045045045045045
"empirical_rates",0.878048780487805
"empirical_rates",0.208333333333333
"empirical_rates",0.01
"empirical_rates",0.944099378881988
"empirical_rates",0.106598984771574
"empirical_rates",0.184684684684685
"empirical_rates",0.0807174887892377
"empirical_rates",0.995192307692308
"empirical_rates",0.97948717948718
"empirical_rates",0.990654205607477
"empirical_rates",0.0199004975124378
"empirical_rates",0
"empirical_rates",0.0144230769230769
"empirical_rates",0.0941704035874439
"empirical_rates",0.00930232558139535
"empirical_rates",0
"empirical_rates",1
"empirical_rates",0.198067632850242
"empirical_rates",0.0101010101010101
"empirical_rates",0.925233644859813
"empirical_rates",0.126262626262626
"empirical_rates",0.00462962962962963
"empirical_rates",0.0062111801242236
"empirical_rates",0
"empirical_rates",0.375
"empirical_rates",0.0192307692307692
"empirical_rates",0.68
"empirical_rates",0.966346153846154
"empirical_rates",0.994285714285714
"empirical_rates",0
"empirical_rates",0.977477477477477
"empirical_rates",0.0382775119617225
"empirical_rates",0
"empirical_rates",0.981395348837209
"empirical_rates",0.995192307692308
"empirical_rates",0
"empirical_rates",0
"empirical_rates",0.289719626168224
"empirical_rates",0.111111111111111
"empirical_rates",0.0277777777777778
"empirical_rates",0
"empirical_rates",0.990654205607477
"empirical_rates",0.0762331838565022
"empirical_rates",0
"empirical_rates",0.00480769230769231
"empirical_rates",0
"empirical_rates",0
"empirical_rates",0.956730769230769
"empirical_rates",0.09
"empirical_rates",0
"empirical_rates",0.0534979423868313
"empirical_rates",1
"empirical_rates",0.211180124223602
"empirical_rates",0.989690721649485
"empirical_rates",0.0841121495327103
"empirical_rates",0.98125
"empirical_rates",0
"empirical_rates",0.968944099378882
"empirical_rates",0
"empirical_rates",0.986111111111111
"empirical_rates",0.00462962962962963
"empirical_rates",0
"empirical_rates",0.164179104477612
"empirical_rates",0
"empirical_rates",0
"empirical_rates",0.962732919254658
"empirical_rates",0.968609865470852
"empirical_rates",0.00478468899521531
"empirical_rates",0.994818652849741
"empirical_rates",0.138211382113821
"empirical_rates",0
"empirical_rates",0.980769230769231
"empirical_rates",0.962616822429907
"empirical_rates",0.0925925925925926
"empirical_rates",0.00505050505050505
"empirical_rates",0.985576923076923
"empirical_rates",0.00961538461538462
"empirical_rates",0
"empirical_rates",0.00462962962962963
"empirical_rates",0.00478468899521531
"empirical_rates",0
"empirical_rates",0
"empirical_rates",0.98780487804878
"empirical_rates",0.0186335403726708
"empirical_rates",0.037037037037037
"empirical_rates",0
"empirical_rates",0.00448430493273543
"empirical_rates",0.00483091787439614
"empirical_rates",0.583333333333333
"empirical_rates",0
"empirical_rates",0
"empirical_rates",0.02
"empirical_rates",0.972222222222222
"empirical_rates",0
"empirical_rates",0.0277777777777778
"empirical_rates",0.378947368421053
"empirical_rates",0.962616822429907
"empirical_rates",0
"empirical_rates",0
"empirical_rates",0.0307692307692308
"empirical_rates",0.986486486486487
"empirical_rates",0.205607476635514
"empirical_rates",0.17258883248731
"empirical_rates",0.990654205607477
"empirical_rates",0
"empirical_rates",0.0210526315789474
"empirical_rates",0.01
"empirical_rates",0.620192307692308
"empirical_rates",0
"empirical_rates",0
"empirical_rates",0.0833333333333333
"empirical_rates",0.06
"empirical_rates",0
"empirical_rates",0
"empirical_rates",0.0358744394618834
"empirical_rates",0.263157894736842
"empirical_rates",0
"empirical_rates",0.0153846153846154
"empirical_rates",1
"empirical_rates",0
"empirical_rates",0
"empirical_rates",0
"empirical_rates",0.211382113821138
"empirical_rates",0.00512820512820513
"empirical_rates",0.374358974358974
"empirical_rates",0
"empirical_rates",0
"empirical_rates",0.00961538461538462
"empirical_rates",1
"empirical_rates",0.206730769230769
"empirical_rates",0
"empirical_rates",0.987577639751553
"empirical_rates",0
"empirical_rates",0
"empirical_rates",0.995192307692308
"empirical_rates",0.0143540669856459
"empirical_rates",0.0650406504065041
"empirical_rates",0.0239234449760766
"empirical_rates",0
"empirical_rates",0.918781725888325
"empirical_rates",0
"empirical_rates",0.972850678733032
"empirical_rates",0.981981981981982
"empirical_rates",0.956730769230769
"empirical_rates",0.89622641509434
"empirical_rates",0.478260869565217
"empirical_rates",0.111111111111111
"empirical_rates",0.00512820512820513
"empirical_rates",0.981481481481482
"empirical_rates",0.00512820512820513
"empirical_rates",0.00956937799043062
"empirical_rates",0
"empirical_rates",0
"empirical_rates",0.2625
"empirical_rates",0
"empirical_rates",0.974747474747475
"empirical_rates",0.0248756218905473
"empirical_rates",0.585858585858586
"empirical_rates",0.00462962962962963
"empirical_rates",0
"empirical_rates",0.065
"empirical_rates",0.108597285067873
"empirical_rates",0
"empirical_rates",0.987421383647799
"empirical_rates",0.954545454545455
"empirical_rates",0
"empirical_rates",0.00448430493273543
"empirical_rates",0.403846153846154
"empirical_rates",0.00478468899521531
"empirical_rates",0
"empirical_rates",0.980582524271845
"empirical_rates",0
"empirical_rates",0.971428571428571
"empirical_rates",0.850961538461538
"empirical_rates",0
"empirical_rates",0.0540540540540541
"empirical_rates",0.97948717948718
"empirical_rates",1
"empirical_rates",0.00934579439252336
"empirical_rates",0.995192307692308
"empirical_rates",0.00847457627118644
"empirical_rates",0.5
"empirical_rates",0
"empirical_rates",0.327354260089686
"empirical_rates",0.0842105263157895
"empirical_rates",1
"empirical_rates",0
"empirical_rates",0.0124223602484472
"empirical_rates",0.551569506726457
"empirical_rates",0.00512820512820513
"empirical_rates",0
"empirical_rates",0.00512820512820513
"empirical_rates",0.00478468899521531
"empirical_rates",0
"empirical_rates",0.984848484848485
"empirical_rates",0.111111111111111
"empirical_rates",0
"empirical_rates",0.962025316455696
"empirical_rates",0.00497512437810945
"empirical_rates",0
"empirical_rates",0.397515527950311
"empirical_rates",0
"empirical_rates",0
"empirical_rates",0.075
"empirical_rates",0
"empirical_rates",0.00408163265306122
"empirical_rates",0.0348258706467662
"empirical_rates",0
"empirical_rates",0.013953488372093
"empirical_rates",0
"empirical_rates",0
"empirical_rates",0.17
"empirical_rates",0
"empirical_rates",0.158974358974359
"empirical_rates",0.331838565022422
"empirical_rates",0
"empirical_rates",0
"empirical_rates",0
"empirical_rates",0.0810810810810811
"empirical_rates",0.994949494949495
"empirical_rates",0.99
"empirical_rates",0.0440251572327044
"empirical_rates",0
"empirical_rates",0.0974358974358974
"empirical_rates",0.00497512437810945
"empirical_rates",0
"empirical_rates",0
"empirical_rates",0.0231481481481481
"empirical_rates",0.434389140271493
"empirical_rates",0.0454545454545455
"empirical_rates",1
"empirical_rates",0.333333333333333
"empirical_rates",0.420560747663551
"empirical_rates",0.0574162679425837
"empirical_rates",0.0099502487562189
"empirical_rates",0.974093264248705
"empirical_rates",0
"empirical_rates",0.130434782608696
"empirical_rates",0
"empirical_rates",0.031390134529148
"empirical_rates",0.995192307692308
"empirical_rates",0
"empirical_rates",0.984848484848485
"empirical_rates",0.984848484848485
"empirical_rates",0
"empirical_rates",1
"empirical_rates",0
"empirical_rates",0.925581395348837
"empirical_rates",0.956937799043062
"empirical_rates",0.00478468899521531
"empirical_rates",0.00961538461538462
"empirical_rates",0.995215311004785
"empirical_rates",0.657407407407407
"empirical_rates",0
"empirical_rates",0.358744394618834
"empirical_rates",0.981395348837209
"empirical_rates",0.186915887850467
"empirical_rates",0
"empirical_rates",0.205741626794258
"empirical_rates",0.990654205607477
"empirical_rates",0.00480769230769231
"empirical_rates",0.00909090909090909
"empirical_rates",0.138461538461538
"empirical_rates",0.082051282051282
"empirical_rates",0.98989898989899
"empirical_rates",0
"empirical_rates",0.97948717948718
"empirical_rates",0.00431034482758621
"empirical_rates",0.02
"empirical_rates",1
"empirical_rates",0.00896860986547085
"empirical_rates",0.00966183574879227
"empirical_rates",0.94
"empirical_rates",0.119496855345912
"empirical_rates",0.00448430493273543
"empirical_rates",0.980861244019139
"empirical_rates",0.0895522388059701
"empirical_rates",0.103139013452915
"empirical_rates",0.0693877551020408
"empirical_rates",1
"empirical_rates",0.974358974358974
"empirical_rates",0.987577639751553
"empirical_rates",0
"empirical_rates",0
"empirical_rates",0.0666666666666667
"empirical_rates",0.100961538461538
"empirical_rates",0.032520325203252
"empirical_rates",0
"empirical_rates",0.989637305699482
"empirical_rates",0.0710659898477157
"empirical_rates",0.00480769230769231
"empirical_rates",0.995192307692308
"empirical_rates",0.131979695431472
"empirical_rates",0
"empirical_rates",0.0199004975124378
"empirical_rates",0.00480769230769231
"empirical_rates",0.316037735849057
"empirical_rates",0.00813008130081301
"empirical_rates",0.767676767676768
"empirical_rates",0.979166666666667
"empirical_rates",1
"empirical_rates",0
"empirical_rates",0.975155279503106
"empirical_rates",0.0125
"empirical_rates",0.00515463917525773
"empirical_rates",0.995934959349594
"empirical_rates",0.97196261682243
"empirical_rates",0
"empirical_rates",0
"empirical_rates",0.466346153846154
"empirical_rates",0.134529147982063
"empirical_rates",0.06875
"empirical_rates",0
"empirical_rates",1
"empirical_rates",0.0913461538461538
"empirical_rates",0.00515463917525773
"empirical_rates",0.00505050505050505
"empirical_rates",0
"empirical_rates",0
"empirical_rates",0.974747474747475
"empirical_rates",0.0707070707070707
"empirical_rates",0
"empirical_rates",0
"empirical_rates",0.990654205607477
"empirical_rates",0.230769230769231
"empirical_rates",0.991869918699187
"empirical_rates",0.0124223602484472
"empirical_rates",0.995
"empirical_rates",0
"empirical_rates",0.975
"empirical_rates",0.00515463917525773
"empirical_rates",0.986111111111111
"empirical_rates",0
"empirical_rates",0.00465116279069767
"empirical_rates",0.056910569105691
"empirical_rates",0.0298507462686567
"empirical_rates",0.0099502487562189
"empirical_rates",0.948717948717949
"empirical_rates",0.967441860465116
"empirical_rates",0
"empirical_rates",0.981308411214953
"empirical_rates",0.157360406091371
"empirical_rates",0
"empirical_rates",0.985
"empirical_rates",0.985
"empirical_rates",0.17910447761194
"empirical_rates",0.0062111801242236
"empirical_rates",0.971153846153846
"empirical_rates",0
"empirical_rates",0
"empirical_rates",0.00961538461538462
"empirical_rates",0.0578512396694215
"empirical_rates",0.0045045045045045
"empirical_rates",0
"empirical_rates",0.981012658227848
"empirical_rates",0.00896860986547085
"empirical_rates",0.0358974358974359
"empirical_rates",0
"empirical_rates",0
"empirical_rates",0
"empirical_rates",0.484472049689441
"empirical_rates",0
"empirical_rates",0.00512820512820513
"empirical_rates",0
"empirical_rates",0.95360824742268
"empirical_rates",0
"empirical_rates",0.0717488789237668
"empirical_rates",0.384615384615385
"empirical_rates",0.957805907172996
"empirical_rates",0
"empirical_rates",0
"empirical_rates",0.0336538461538462
"empirical_rates",0.980676328502415
"empirical_rates",0.253393665158371
"empirical_rates",0.167701863354037
"empirical_rates",0.990654205607477
"empirical_rates",0
"empirical_rates",0.0615384615384615
"empirical_rates",0.00966183574879227
"empirical_rates",0.5375
"empirical_rates",0
"empirical_rates",0
"empirical_rates",0.0151515151515152
"empirical_rates",0.0124223602484472
"empirical_rates",0
"empirical_rates",0.0101010101010101
"empirical_rates",0.0143540669856459
"empirical_rates",0.300448430493274
"empirical_rates",0
"empirical_rates",0
"empirical_rates",0.993788819875776
"empirical_rates",0
"empirical_rates",0
"empirical_rates",0
"empirical_rates",0.155
"empirical_rates",0
"empirical_rates",0.545893719806763
"empirical_rates",0
"empirical_rates",0.0045045045045045
"empirical_rates",0.0124223602484472
"empirical_rates",0.995192307692308
"empirical_rates",0.198757763975155
"empirical_rates",0.0153846153846154
"empirical_rates",0.98989898989899
"empirical_rates",0
"empirical_rates",0
"empirical_rates",1
"empirical_rates",0
"empirical_rates",0.0509259259259259
"empirical_rates",0.0447761194029851
"empirical_rates",0
"empirical_rates",0.947115384615385
"empirical_rates",0.00480769230769231
"empirical_rates",0.991869918699187
"empirical_rates",1
"empirical_rates",0.990654205607477
"empirical_rates",0.923076923076923
"empirical_rates",0.524886877828054
"empirical_rates",0.0747663551401869
"empirical_rates",0.00497512437810945
"empirical_rates",0.990384615384615
"empirical_rates",0
"empirical_rates",0.00813008130081301
"empirical_rates",0
"empirical_rates",0
"empirical_rates",0.031055900621118
"empirical_rates",0
"empirical_rates",0.984848484848485
"empirical_rates",0.0269058295964126
"empirical_rates",0.473684210526316
"empirical_rates",0
"empirical_rates",0
"empirical_rates",0.0448979591836735
"empirical_rates",0.0895522388059701
"empirical_rates",0.00480769230769231
"empirical_rates",1
"empirical_rates",0.97
"empirical_rates",0.0062111801242236
"empirical_rates",0
"empirical_rates",0.191919191919192
"empirical_rates",0.0179372197309417
"empirical_rates",0.00448430493273543
"empirical_rates",0.995215311004785
"empirical_rates",0
"empirical_rates",0.985645933014354
"empirical_rates",0.663551401869159
"empirical_rates",0.005
"empirical_rates",0.0573770491803279
"empirical_rates",0.994871794871795
"empirical_rates",0.986547085201794
"empirical_rates",0.198757763975155
"empirical_rates",0.995024875621891
"empirical_rates",0.0149253731343284
"empirical_rates",0.636363636363636
"empirical_rates",0
"empirical_rates",0.267676767676768
"empirical_rates",0.0447761194029851
"empirical_rates",0.995024875621891
"empirical_rates",0
"empirical_rates",0.00505050505050505
"empirical_rates",0.606965174129353
"empirical_rates",0.00497512437810945
"empirical_rates",0
"empirical_rates",0.013953488372093
"empirical_rates",0
"empirical_rates",0
"empirical_rates",0.970149253731343
"empirical_rates",0.0447761194029851
"empirical_rates",0
"empirical_rates",1
"empirical_rates",0
"empirical_rates",0.00465116279069767
"empirical_rates",0.378787878787879
"empirical_rates",0
"empirical_rates",0.0138888888888889
"empirical_rates",0.11214953271028
"empirical_rates",0.00480769230769231
"empirical_rates",0.00465116279069767
"empirical_rates",0.0256410256410256
"empirical_rates",0
"empirical_rates",0.116129032258065
"empirical_rates",0
"empirical_rates",0
"empirical_rates",0.169230769230769
"empirical_rates",0.00478468899521531
"empirical_rates",0.168269230769231
"empirical_rates",0.345291479820628
"empirical_rates",0
"empirical_rates",0.0240384615384615
"empirical_rates",0.0125786163522013
"empirical_rates",0.158653846153846
"empirical_rates",0.993788819875776
"empirical_rates",0.986046511627907
"empirical_rates",0.00448430493273543
"empirical_rates",0.00896860986547085
"empirical_rates",0.0833333333333333
"empirical_rates",0
"empirical_rates",0
"empirical_rates",0
"empirical_rates",0.0191387559808612
"empirical_rates",0.382775119617225
"empirical_rates",0.0280373831775701
"empirical_rates",0.980099502487562
"empirical_rates",0.417910447761194
"empirical_rates",0.457286432160804
"empirical_rates",0.0144230769230769
"empirical_rates",0.02
"empirical_rates",0.98974358974359
"empirical_rates",0.0101522842639594
"empirical_rates",0.0280373831775701
"empirical_rates",0.00480769230769231
"empirical_rates",0.0467289719626168
"empirical_rates",0.985436893203884
"empirical_rates",0.00512820512820513
"empirical_rates",0.984848484848485
"empirical_rates",0.985
"empirical_rates",0.0186915887850467
"empirical_rates",0.994949494949495
"empirical_rates",0
"empirical_rates",0.947368421052632
"empirical_rates",0.959390862944162
"empirical_rates",0.00505050505050505
"empirical_rates",0.062780269058296
"empirical_rates",0.990384615384615
"empirical_rates",0.646766169154229
"empirical_rates",0
"empirical_rates",0.0813008130081301
"empirical_rates",0.965174129353234
"empirical_rates",0.2375
"empirical_rates",0.00480769230769231
"empirical_rates",0.152466367713004
"empirical_rates",0.994871794871795
"empirical_rates",0
"empirical_rates",0.0430622009569378
"empirical_rates",0.158878504672897
"empirical_rates",0.102564102564103
"empirical_rates",0.990049751243781
"empirical_rates",0.00480769230769231
"empirical_rates",0.99537037037037
"empirical_rates",0
"empirical_rates",0
"empirical_rates",0.986111111111111
"empirical_rates",0.0192307692307692
"empirical_rates",0
"empirical_rates",0.91588785046729
"empirical_rates",0.130841121495327
"empirical_rates",0
"empirical_rates",0.990654205607477
"empirical_rates",0.11875
"empirical_rates",0.124378109452736
"empirical_rates",0.0961538461538462
"empirical_rates",0.985
"empirical_rates",0.9875
"empirical_rates",0.9875
"empirical_rates",0
"empirical_rates",0
"empirical_rates",0.0105263157894737
"empirical_rates",0.0606060606060606
"empirical_rates",0.0248756218905473
"empirical_rates",0
"empirical_rates",0.995024875621891
"empirical_rates",0.136363636363636
"empirical_rates",0.0621761658031088
"empirical_rates",0.972222222222222
"empirical_rates",0.116161616161616
"empirical_rates",0.00448430493273543
"empirical_rates",0.0384615384615385
"empirical_rates",0.00462962962962963
"empirical_rates",0.515151515151515
"empirical_rates",0.00896860986547085
"empirical_rates",0.825
"empirical_rates",0.974842767295597
"empirical_rates",0.985645933014354
"empirical_rates",0
"empirical_rates",0.983739837398374
"empirical_rates",0.0467289719626168
"empirical_rates",0
"empirical_rates",1
"empirical_rates",0.995215311004785
"empirical_rates",0.01
"empirical_rates",0.0101522842639594
"empirical_rates",0.3248730964467
"empirical_rates",0.110576923076923
"empirical_rates",0.0338164251207729
"empirical_rates",0
"empirical_rates",0.982905982905983
"empirical_rates",0.101449275362319
"empirical_rates",0.0124223602484472
"empirical_rates",0
"empirical_rates",0
"empirical_rates",0
"empirical_rates",0.976851851851852
"empirical_rates",0.0336538461538462
"empirical_rates",0
"empirical_rates",0
"empirical_rates",1
"empirical_rates",0.30622009569378
"empirical_rates",1
"empirical_rates",0.0224215246636771
"empirical_rates",0.966507177033493
"empirical_rates",0
"empirical_rates",0.985
"empirical_rates",0.00505050505050505
"empirical_rates",0.995918367346939
"empirical_rates",0
"empirical_rates",0.0103626943005181
"empirical_rates",0.125
"empirical_rates",0.0186915887850467
"empirical_rates",0.0330188679245283
"empirical_rates",0.975
"empirical_rates",0.993788819875776
"empirical_rates",0
"empirical_rates",0.978165938864629
"empirical_rates",0.227906976744186
"empirical_rates",0
"empirical_rates",1
"empirical_rates",0.97948717948718
"empirical_rates",0.125
"empirical_rates",0
"empirical_rates",0.995934959349594
"empirical_rates",0.00497512437810945
"empirical_rates",0
"empirical_rates",0.0062111801242236
"empirical_rates",0
"empirical_rates",0
"empirical_rates",0
"empirical_rates",0.991031390134529
"empirical_rates",0.024896265560166
"empirical_rates",0.0248447204968944
"empirical_rates",0
"empirical_rates",0.00632911392405063
"empirical_rates",0
"empirical_rates",0.615384615384615
"empirical_rates",0
"empirical_rates",0
"empirical_rates",0.0099502487562189
"empirical_rates",0.974747474747475
"empirical_rates",0
"empirical_rates",0.0986547085201794
"empirical_rates",0.420814479638009
"empirical_rates",0.938461538461538
"empirical_rates",0
"empirical_rates",0.00480769230769231
"empirical_rates",0.0099502487562189
"empirical_rates",1
"empirical_rates",0.179372197309417
"empirical_rates",0.0895522388059701
"empirical_rates",0.979381443298969
"empirical_rates",0.0530612244897959
"empirical_rates",0.0101522842639594
"empirical_rates",0.0152284263959391
"empirical_rates",0.606481481481482
"empirical_rates",0
"empirical_rates",0
"empirical_rates",0.0691489361702128
"empirical_rates",0.0480769230769231
"empirical_rates",0
"empirical_rates",0
"empirical_rates",0.0841121495327103
"empirical_rates",0.288461538461538
"empirical_rates",0.00448430493273543
"empirical_rates",0
"empirical_rates",1
"empirical_rates",0.0122448979591837
"empirical_rates",0.0102564102564103
"empirical_rates",0
"empirical_rates",0.149253731343284
"empirical_rates",0.0102564102564103
"empirical_rates",0.30622009569378
"empirical_rates",0
"empirical_rates",0.037037037037037
"empirical_rates",0.0461538461538462
"empirical_rates",1
"empirical_rates",0.0526315789473684
"empirical_rates",0
"empirical_rates",1
"empirical_rates",0
"empirical_rates",0
"empirical_rates",1
"empirical_rates",0
"empirical_rates",0.0134529147982063
"empirical_rates",0.016260162601626
"empirical_rates",0
"empirical_rates",0.958974358974359
"empirical_rates",0
"empirical_rates",0.975206611570248
"empirical_rates",0.990654205607477
"empirical_rates",0.980676328502415
"empirical_rates",0.943589743589744
"empirical_rates",0.355140186915888
"empirical_rates",0.225225225225225
"empirical_rates",0
"empirical_rates",1
"empirical_rates",0
"empirical_rates",0.00961538461538462
"empirical_rates",0
"empirical_rates",0
"empirical_rates",0.0512820512820513
"empirical_rates",0
"empirical_rates",0.968553459119497
"empirical_rates",0.00512820512820513
"empirical_rates",0.504807692307692
"empirical_rates",0.00925925925925926
"empirical_rates",0
"empirical_rates",0.0191387559808612
"empirical_rates",0.0923076923076923
"empirical_rates",0.04
"empirical_rates",0.985576923076923
"empirical_rates",0.991031390134529
"empirical_rates",0
"empirical_rates",0.00847457627118644
"empirical_rates",0.148648648648649
"empirical_rates",0.00448430493273543
"empirical_rates",0.01
"empirical_rates",0.981481481481482
"empirical_rates",0
"empirical_rates",0.995192307692308
"empirical_rates",0.721153846153846
"empirical_rates",0
"empirical_rates",0.0384615384615385
"empirical_rates",1
"empirical_rates",0.98974358974359
"empirical_rates",0.0248447204968944
"empirical_rates",0.986425339366516
"empirical_rates",0.0269058295964126
"empirical_rates",0.48989898989899
"empirical_rates",0
"empirical_rates",0.222222222222222
"empirical_rates",0.0703517587939698
"empirical_rates",1
"empirical_rates",0
"empirical_rates",0.0310880829015544
"empirical_rates",0.345360824742268
"empirical_rates",0
"empirical_rates",0
"empirical_rates",0.0248447204968944
"empirical_rates",0.00956937799043062
"empirical_rates",0
"empirical_rates",0.995192307692308
"empirical_rates",0.139423076923077
"empirical_rates",0
"empirical_rates",0.982062780269058
"empirical_rates",0.0062111801242236
"empirical_rates",0
"empirical_rates",0.383647798742138
"empirical_rates",0
"empirical_rates",0
"empirical_rates",0.0651162790697674
"empirical_rates",0
"empirical_rates",0.00956937799043062
"empirical_rates",0.0485436893203883
"empirical_rates",0.0143540669856459
"empirical_rates",0.0202020202020202
"empirical_rates",0
"empirical_rates",0
"empirical_rates",0.0990990990990991
"empirical_rates",0
"empirical_rates",0.105590062111801
"empirical_rates",0.292307692307692
"empirical_rates",0
"empirical_rates",0
"empirical_rates",0
"empirical_rates",0.102803738317757
"empirical_rates",1
"empirical_rates",1
"empirical_rates",0.0418604651162791
"empirical_rates",0.00961538461538462
"empirical_rates",0.0845771144278607
"empirical_rates",0
"empirical_rates",0
"empirical_rates",0.00510204081632653
"empirical_rates",0.055
"empirical_rates",0.485981308411215
"empirical_rates",0.0454545454545455
"empirical_rates",0.989949748743719
"empirical_rates",0.430555555555556
"empirical_rates",0.483720930232558
"empirical_rates",0.0102564102564103
"empirical_rates",0.0496894409937888
"empirical_rates",0.993788819875776
"empirical_rates",0.00934579439252336
"empirical_rates",0.0909090909090909
"empirical_rates",0
"empirical_rates",0.0285714285714286
"empirical_rates",1
"empirical_rates",0
"empirical_rates",0.990654205607477
"empirical_rates",0.99537037037037
"empirical_rates",0
"empirical_rates",0.98
"empirical_rates",0
"empirical_rates",0.966507177033493
"empirical_rates",0.955284552845528
"empirical_rates",0.00823045267489712
"empirical_rates",0.0256410256410256
"empirical_rates",0.984924623115578
"empirical_rates",0.616822429906542
"empirical_rates",0.0045045045045045
"empirical_rates",0.113207547169811
"empirical_rates",1
"empirical_rates",0.166666666666667
"empirical_rates",0
"empirical_rates",0.163265306122449
"empirical_rates",0.985645933014354
"empirical_rates",0
"empirical_rates",0.00478468899521531
"empirical_rates",0.118012422360248
"empirical_rates",0.0717703349282297
"empirical_rates",1
"empirical_rates",0.00925925925925926
"empirical_rates",0.974358974358974
"empirical_rates",0
"empirical_rates",0
"empirical_rates",0.985074626865672
"empirical_rates",0
"empirical_rates",0
"empirical_rates",0.945273631840796
"empirical_rates",0.105263157894737
"empirical_rates",0
"empirical_rates",0.986046511627907
"empirical_rates",0.168181818181818
"empirical_rates",0.16289592760181
"empirical_rates",0.12
"empirical_rates",0.975961538461538
"empirical_rates",0.990654205607477
"empirical_rates",0.981366459627329
"empirical_rates",0.0248756218905473
"empirical_rates",0
"empirical_rates",0
"empirical_rates",0.0560747663551402
"empirical_rates",0.00925925925925926
"empirical_rates",0
"empirical_rates",0.97948717948718
"empirical_rates",0.0896860986547085
"empirical_rates",0.041025641025641
"empirical_rates",0.990950226244344
"empirical_rates",0.118012422360248
"empirical_rates",0
"empirical_rates",0.0192307692307692
"empirical_rates",0.00900900900900901
"empirical_rates",0.62037037037037
"empirical_rates",0.01
"empirical_rates",0.789473684210526
"empirical_rates",0.980099502487562
"empirical_rates",0.98989898989899
"empirical_rates",0
"empirical_rates",0.995215311004785
"empirical_rates",0.0909090909090909
"empirical_rates",0.00934579439252336
"empirical_rates",0.989473684210526
"empirical_rates",0.991031390134529
"empirical_rates",0.01
"empirical_rates",0
"empirical_rates",0.3375
"empirical_rates",0.158163265306122
"empirical_rates",0.0134529147982063
"empirical_rates",0
"empirical_rates",0.99537037037037
"empirical_rates",0.0372670807453416
"empirical_rates",0
"empirical_rates",0.00483091787439614
"empirical_rates",0
"empirical_rates",0
"empirical_rates",0.981481481481482
"empirical_rates",0.110047846889952
"empirical_rates",0
"empirical_rates",0
"empirical_rates",0.981366459627329
"empirical_rates",0.257281553398058
"empirical_rates",0.995215311004785
"empirical_rates",0.0432692307692308
"empirical_rates",0.980099502487562
"empirical_rates",0
"empirical_rates",0.985
"empirical_rates",0.0102564102564103
"empirical_rates",0.964102564102564
"empirical_rates",0.00480769230769231
"empirical_rates",0
"empirical_rates",0.0869565217391304
"empirical_rates",0.0151515151515152
"empirical_rates",0.0154639175257732
"empirical_rates",0.990654205607477
"empirical_rates",0.985576923076923
"empirical_rates",0
"empirical_rates",0.995515695067265
"empirical_rates",0.232323232323232
"empirical_rates",0
"empirical_rates",0.990654205607477
"empirical_rates",0.976851851851852
"empirical_rates",0.138755980861244
"empirical_rates",0.01
"empirical_rates",0.986111111111111
"empirical_rates",0.0124223602484472
"empirical_rates",0
"empirical_rates",0.0143540669856459
"empirical_rates",0.0372093023255814
"empirical_rates",0
"empirical_rates",0
"empirical_rates",0.990654205607477
"empirical_rates",0.0307692307692308
"empirical_rates",0.03
"empirical_rates",0.00497512437810945
"empirical_rates",0
"empirical_rates",0
"empirical_rates",0.625
"empirical_rates",0
"empirical_rates",0
"empirical_rates",0
"empirical_rates",0.975961538461538
"empirical_rates",0
"empirical_rates",0.133971291866029
"empirical_rates",0.308176100628931
"empirical_rates",0.903083700440529
"empirical_rates",0
"empirical_rates",0.015
"empirical_rates",0.0303030303030303
"empirical_rates",1
"empirical_rates",0.225961538461538
"empirical_rates",0.186991869918699
"empirical_rates",0.985645933014354
"empirical_rates",0
"empirical_rates",0.0941704035874439
"empirical_rates",0.0203045685279188
"empirical_rates",0.621212121212121
"empirical_rates",0
"empirical_rates",0
"empirical_rates",0.00465116279069767
"empirical_rates",0.0372670807453416
"empirical_rates",0.00462962962962963
"empirical_rates",0
"empirical_rates",0.0309278350515464
"empirical_rates",0.324742268041237
"empirical_rates",0
"empirical_rates",0
"empirical_rates",1
"empirical_rates",0.02
"empirical_rates",0.0280373831775701
"empirical_rates",0
"empirical_rates",0.220720720720721
"empirical_rates",0.00956937799043062
"empirical_rates",0.361111111111111
"empirical_rates",0
"empirical_rates",0
"empirical_rates",0.00505050505050505
"empirical_rates",0.990049751243781
"empirical_rates",0.12037037037037
"empirical_rates",0
"empirical_rates",0.985
"empirical_rates",0
"empirical_rates",0
"empirical_rates",0.995515695067265
"empirical_rates",0.00448430493273543
"empirical_rates",0.029126213592233
"empirical_rates",0.0747663551401869
"empirical_rates",0
"empirical_rates",0.917948717948718
"empirical_rates",0
"empirical_rates",0.980861244019139
"empirical_rates",0.98989898989899
"empirical_rates",0.987755102040816
"empirical_rates",0.94170403587444
"empirical_rates",0.382113821138211
"empirical_rates",0.165
"empirical_rates",0
"empirical_rates",0.99163179916318
"empirical_rates",0.00896860986547085
"empirical_rates",0
"empirical_rates",0
"empirical_rates",0
"empirical_rates",0.0191387559808612
"empirical_rates",0
"empirical_rates",0.990384615384615
"empirical_rates",0.00934579439252336
"empirical_rates",0.495192307692308
"empirical_rates",0
"empirical_rates",0
"empirical_rates",0.00819672131147541
"empirical_rates",0.101010101010101
"empirical_rates",0
"empirical_rates",0.985576923076923
"empirical_rates",0.995145631067961
"empirical_rates",0.00462962962962963
"empirical_rates",0
"empirical_rates",0.25531914893617
"empirical_rates",0
"empirical_rates",0
"empirical_rates",0.974358974358974
"empirical_rates",0
"empirical_rates",0.970149253731343
"empirical_rates",0.62780269058296
"empirical_rates",0
"empirical_rates",0.01
"empirical_rates",0.976076555023923
"empirical_rates",0.958974358974359
"empirical_rates",0
"empirical_rates",0.97948717948718
"empirical_rates",0.0121951219512195
"empirical_rates",0.644670050761421
"empirical_rates",0
"empirical_rates",0.27363184079602
"empirical_rates",0.105769230769231
"empirical_rates",0.990990990990991
"empirical_rates",0
"empirical_rates",0.0199004975124378
"empirical_rates",0.355769230769231
"empirical_rates",0
"empirical_rates",0
"empirical_rates",0.0538116591928251
"empirical_rates",0.00497512437810945
"empirical_rates",0
"empirical_rates",1
"empirical_rates",0.0747663551401869
"empirical_rates",0.0040650406504065
"empirical_rates",0.985074626865672
"empirical_rates",0.0062111801242236
"empirical_rates",0
"empirical_rates",0.323232323232323
"empirical_rates",0
"empirical_rates",0
"empirical_rates",0.105263157894737
"empirical_rates",0
"empirical_rates",0.0134529147982063
"empirical_rates",0.0497737556561086
"empirical_rates",0.0105263157894737
"empirical_rates",0.048780487804878
"empirical_rates",0
"empirical_rates",0
"empirical_rates",0.154589371980676
"empirical_rates",0
"empirical_rates",0.161616161616162
"empirical_rates",0.331838565022422
"empirical_rates",0
"empirical_rates",0
"empirical_rates",0
"empirical_rates",0.0528846153846154
"empirical_rates",0.987654320987654
"empirical_rates",0.990430622009569
"empirical_rates",0.0239234449760766
"empirical_rates",0.00448430493273543
"empirical_rates",0.0574162679425837
"empirical_rates",0
"empirical_rates",0
"empirical_rates",0.00448430493273543
"empirical_rates",0.0224215246636771
"empirical_rates",0.37948717948718
"empirical_rates",0.12037037037037
"empirical_rates",0.995192307692308
"empirical_rates",0.355140186915888
"empirical_rates",0.442786069651741
"empirical_rates",0.00505050505050505
"empirical_rates",0.00925925925925926
"empirical_rates",0.977578475336323
"empirical_rates",0.00497512437810945
"empirical_rates",0.100478468899522
"empirical_rates",0.0050761421319797
"empirical_rates",0.0375
"empirical_rates",0.984615384615385
"empirical_rates",0
"empirical_rates",0.995024875621891
"empirical_rates",0.975155279503106
"empirical_rates",0
"empirical_rates",0.982062780269058
"empirical_rates",0
"empirical_rates",0.929292929292929
"empirical_rates",0.953846153846154
"empirical_rates",0.0099502487562189
"empirical_rates",0.0307692307692308
"empirical_rates",0.995192307692308
"empirical_rates",0.699074074074074
"empirical_rates",0.00813008130081301
"empirical_rates",0.143589743589744
"empirical_rates",0.990740740740741
"empirical_rates",0.125
"empirical_rates",0.00961538461538462
"empirical_rates",0.283018867924528
"empirical_rates",0.974358974358974
"empirical_rates",0
"empirical_rates",0.0192307692307692
"empirical_rates",0.139303482587065
"empirical_rates",0.0823045267489712
"empirical_rates",0.98
"empirical_rates",0
"empirical_rates",0.980769230769231
"empirical_rates",0
"empirical_rates",0
"empirical_rates",0.986111111111111
"empirical_rates",0.0191387559808612
"empirical_rates",0
"empirical_rates",0.91
"empirical_rates",0.138755980861244
"empirical_rates",0.00478468899521531
"empirical_rates",0.972222222222222
"empirical_rates",0.205607476635514
"empirical_rates",0.346153846153846
"empirical_rates",0.0260416666666667
"empirical_rates",0.960199004975124
"empirical_rates",1
"empirical_rates",1
"empirical_rates",0.00925925925925926
"empirical_rates",0
"empirical_rates",0
"empirical_rates",0.121495327102804
"empirical_rates",0.00925925925925926
"empirical_rates",0
"empirical_rates",1
"empirical_rates",0.190721649484536
"empirical_rates",0.00961538461538462
"empirical_rates",0.96969696969697
"empirical_rates",0.162679425837321
"empirical_rates",0
"empirical_rates",0
"empirical_rates",0.00448430493273543
"empirical_rates",0.384615384615385
"empirical_rates",0
"empirical_rates",0.830845771144279
"empirical_rates",0.98974358974359
"empirical_rates",0.981481481481482
"empirical_rates",0
"empirical_rates",0.990384615384615
"empirical_rates",0.0448430493273543
"empirical_rates",0
"empirical_rates",0.981308411214953
"empirical_rates",0.961722488038278
"empirical_rates",0.0560747663551402
"empirical_rates",0
"empirical_rates",0.439252336448598
"empirical_rates",0.0957446808510638
"empirical_rates",0.0373831775700935
"empirical_rates",0
"empirical_rates",0.985576923076923
"empirical_rates",0.0388349514563107
"empirical_rates",0
"empirical_rates",0.00462962962962963
"empirical_rates",0
"empirical_rates",0
"empirical_rates",0.989473684210526
"empirical_rates",0.0808080808080808
"empirical_rates",0
"empirical_rates",0
"empirical_rates",0.991869918699187
"empirical_rates",0.211340206185567
"empirical_rates",0.980769230769231
"empirical_rates",0.0280373831775701
"empirical_rates",0.993788819875776
"empirical_rates",0
"empirical_rates",0.99
"empirical_rates",0.00505050505050505
"empirical_rates",0.98469387755102
"empirical_rates",0
"empirical_rates",0.0149253731343284
"empirical_rates",0.211538461538462
"empirical_rates",0.0256410256410256
"empirical_rates",0.0202020202020202
"empirical_rates",0.967479674796748
"empirical_rates",0.989473684210526
"empirical_rates",0
"empirical_rates",0.976076555023923
"empirical_rates",0.118012422360248
"empirical_rates",0
"empirical_rates",0.973094170403587
"empirical_rates",0.982062780269058
"empirical_rates",0.102803738317757
"empirical_rates",0.00505050505050505
"empirical_rates",0.980676328502415
"empirical_rates",0
"empirical_rates",0
"empirical_rates",0
"empirical_rates",0.0336538461538462
"empirical_rates",0
"empirical_rates",0
"empirical_rates",0.980769230769231
"empirical_rates",0.0134529147982063
"empirical_rates",0.0796019900497512
"empirical_rates",0
"empirical_rates",0
"empirical_rates",0.00411522633744856
"empirical_rates",0.478260869565217
"empirical_rates",0
"empirical_rates",0
"empirical_rates",0.005
"empirical_rates",0.966019417475728
"empirical_rates",0
"empirical_rates",0.082051282051282
"empirical_rates",0.382113821138211
"empirical_rates",0.85981308411215
"empirical_rates",0
"empirical_rates",0
"empirical_rates",0.0808080808080808
"empirical_rates",0.98974358974359
"empirical_rates",0.158653846153846
"empirical_rates",0.177033492822967
"empirical_rates",0.964125560538117
"empirical_rates",0
"empirical_rates",0.018018018018018
"empirical_rates",0.00816326530612245
"empirical_rates",0.730964467005076
"empirical_rates",0
"empirical_rates",0
"empirical_rates",0.0179372197309417
"empirical_rates",0.0558375634517767
"empirical_rates",0
"empirical_rates",0
"empirical_rates",0.0287081339712919
"empirical_rates",0.233644859813084
"empirical_rates",0.00465116279069767
"empirical_rates",0.005
"empirical_rates",0.97
"empirical_rates",0.0101010101010101
"empirical_rates",0.00956937799043062
"empirical_rates",0
"empirical_rates",0.176767676767677
"empirical_rates",0.0448430493273543
"empirical_rates",0.420289855072464
"empirical_rates",0
"empirical_rates",0
"empirical_rates",0.0062111801242236
"empirical_rates",0.995
"empirical_rates",0.149253731343284
"empirical_rates",0.00512820512820513
"empirical_rates",0.989690721649485
"empirical_rates",0
"empirical_rates",0
"empirical_rates",0.990384615384615
"empirical_rates",0
"empirical_rates",0.0125786163522013
"empirical_rates",0.0193236714975845
"empirical_rates",0
"empirical_rates",0.908163265306122
"empirical_rates",0
"empirical_rates",0.979695431472081
"empirical_rates",0.990654205607477
"empirical_rates",0.958139534883721
"empirical_rates",0.88265306122449
"empirical_rates",0.476635514018692
"empirical_rates",0.0956937799043062
"empirical_rates",0.0138888888888889
"empirical_rates",0.995798319327731
"empirical_rates",0.0102564102564103
"empirical_rates",0
"empirical_rates",0
"empirical_rates",0
"empirical_rates",0.0440251572327044
"empirical_rates",0.00512820512820513
"empirical_rates",0.981818181818182
"empirical_rates",0.0163265306122449
"empirical_rates",0.472636815920398
"empirical_rates",0.00529100529100529
"empirical_rates",0.0062111801242236
"empirical_rates",0.0560747663551402
"empirical_rates",0.126262626262626
"empirical_rates",0.0509259259259259
"empirical_rates",0.990049751243781
"empirical_rates",0.991031390134529
"empirical_rates",0
"empirical_rates",0.0208333333333333
"empirical_rates",0.177570093457944
"empirical_rates",0.0324074074074074
"empirical_rates",0
"empirical_rates",0.993788819875776
"empirical_rates",0
"empirical_rates",0.990384615384615
"empirical_rates",0.781094527363184
"empirical_rates",0
"empirical_rates",0.0298507462686567
"empirical_rates",0.979899497487437
"empirical_rates",0.981308411214953
"empirical_rates",0
"empirical_rates",0.99
"empirical_rates",0.0101010101010101
"empirical_rates",0.688442211055276
"empirical_rates",0
"empirical_rates",0.252252252252252
"empirical_rates",0.123076923076923
"empirical_rates",0.980099502487562
"empirical_rates",0
"empirical_rates",0.0121951219512195
"empirical_rates",0.427884615384615
"empirical_rates",0
"empirical_rates",0
"empirical_rates",0.0454545454545455
"empirical_rates",0.0144230769230769
"empirical_rates",0
"empirical_rates",1
"empirical_rates",0.0434782608695652
"empirical_rates",0
"empirical_rates",0.987577639751553
"empirical_rates",0
"empirical_rates",0
"empirical_rates",0.304932735426009
"empirical_rates",0
"empirical_rates",0.00505050505050505
"empirical_rates",0.0555555555555556
"empirical_rates",0
"empirical_rates",0.0134529147982063
"empirical_rates",0
"empirical_rates",0.0146341463414634
"empirical_rates",0
"empirical_rates",0.00829875518672199
"empirical_rates",0
"empirical_rates",0.0373831775700935
"empirical_rates",0
"empirical_rates",0.120192307692308
"empirical_rates",0.274038461538462
"empirical_rates",0
"empirical_rates",0
"empirical_rates",0
"empirical_rates",0.0574162679425837
"empirical_rates",0.974683544303797
"empirical_rates",0.986111111111111
"empirical_rates",0.0287081339712919
"empirical_rates",0.00925925925925926
"empirical_rates",0.0576923076923077
"empirical_rates",0.00512820512820513
"empirical_rates",0
"empirical_rates",0
"empirical_rates",0.0101522842639594
"empirical_rates",0.38755980861244
"empirical_rates",0.0909090909090909
"empirical_rates",0.982062780269058
"empirical_rates",0.323076923076923
"empirical_rates",0.422360248447205
"empirical_rates",0.0231481481481481
"empirical_rates",0
"empirical_rates",0.981012658227848
"empirical_rates",0.0100502512562814
"empirical_rates",0.119617224880383
"empirical_rates",0
"empirical_rates",0.00480769230769231
"empirical_rates",0.995169082125604
"empirical_rates",0.0528846153846154
"empirical_rates",0.974358974358974
"empirical_rates",0.986486486486487
"empirical_rates",0
"empirical_rates",0.991836734693878
"empirical_rates",0.00512820512820513
"empirical_rates",0.944162436548223
"empirical_rates",0.97
"empirical_rates",0
"empirical_rates",0.09
"empirical_rates",0.99537037037037
"empirical_rates",0.666666666666667
"empirical_rates",0
"empirical_rates",0.202020202020202
"empirical_rates",1
"empirical_rates",0.169811320754717
"empirical_rates",0.00483091787439614
"empirical_rates",0.207070707070707
"empirical_rates",0.995475113122172
"empirical_rates",0
"empirical_rates",0.031390134529148
"empirical_rates",0.148325358851675
"empirical_rates",0.146464646464646
"empirical_rates",0.975124378109453
"empirical_rates",0.00934579439252336
"empirical_rates",0.982456140350877
"empirical_rates",0
"empirical_rates",0
"empirical_rates",0.984615384615385
"empirical_rates",0.0855855855855856
"empirical_rates",0.00961538461538462
"empirical_rates",0.903381642512077
"empirical_rates",0.348039215686274
"empirical_rates",0.00934579439252336
"empirical_rates",0.974747474747475
"empirical_rates",0.119617224880383
"empirical_rates",0.117948717948718
"empirical_rates",0.0913705583756345
"empirical_rates",0.989690721649485
"empirical_rates",0.993788819875776
"empirical_rates",0.990909090909091
"empirical_rates",0
"empirical_rates",0
"empirical_rates",0.00408163265306122
"empirical_rates",0.212962962962963
"empirical_rates",0.0248756218905473
"empirical_rates",0.00515463917525773
"empirical_rates",1
"empirical_rates",0.105263157894737
"empirical_rates",0.00505050505050505
"empirical_rates",0.975510204081633
"empirical_rates",0.15
"empirical_rates",0.0149253731343284
"empirical_rates",0
"empirical_rates",0.00961538461538462
"empirical_rates",0.341346153846154
"empirical_rates",0.00632911392405063
"empirical_rates",0.805825242718447
"empirical_rates",0.994871794871795
"empirical_rates",0.976851851851852
"empirical_rates",0
"empirical_rates",0.990338164251208
"empirical_rates",0.0717703349282297
"empirical_rates",0.00448430493273543
"empirical_rates",1
"empirical_rates",0.98974358974359
"empirical_rates",0.0099502487562189
"empirical_rates",0.0050761421319797
"empirical_rates",0.333333333333333
"empirical_rates",0.158653846153846
"empirical_rates",0.041025641025641
"empirical_rates",0
"empirical_rates",1
"empirical_rates",0.04
"empirical_rates",0
"empirical_rates",0.062200956937799
"empirical_rates",0
"empirical_rates",0.0373831775700935
"empirical_rates",0.9875
"empirical_rates",0.10762331838565
"empirical_rates",0
"empirical_rates",0
"empirical_rates",0.986547085201794
"empirical_rates",0.25
"empirical_rates",0.990654205607477
"empirical_rates",0.0315315315315315
"empirical_rates",0.993710691823899
"empirical_rates",0
"empirical_rates",0.980099502487562
"empirical_rates",0
"empirical_rates",0.977678571428571
"empirical_rates",0
"empirical_rates",0
"empirical_rates",0.102941176470588
"empirical_rates",0.0497512437810945
"empirical_rates",0.0420168067226891
"empirical_rates",0.981308411214953
"empirical_rates",0.966346153846154
"empirical_rates",0.0126582278481013
"empirical_rates",0.989637305699482
"empirical_rates",0.176100628930818
"empirical_rates",0.00934579439252336
"empirical_rates",0.981395348837209
"empirical_rates",0.99537037037037
"empirical_rates",0.11214953271028
"empirical_rates",0
"empirical_rates",0.975155279503106
"empirical_rates",0.0040650406504065
"empirical_rates",0
"empirical_rates",0.00896860986547085
"empirical_rates",0.0151515151515152
"empirical_rates",0
"empirical_rates",0
"empirical_rates",0.980099502487562
"empirical_rates",0.0191387559808612
"empirical_rates",0.0280373831775701
"empirical_rates",0
"empirical_rates",0
"empirical_rates",0
"empirical_rates",0.507177033492823
"empirical_rates",0
"empirical_rates",0
"empirical_rates",0.00813008130081301
"empirical_rates",0.981308411214953
"empirical_rates",0
"empirical_rates",0.0970873786407767
"empirical_rates",0.434343434343434
"empirical_rates",0.924528301886792
"empirical_rates",0
"empirical_rates",0.0099502487562189
"empirical_rates",0.0747663551401869
"empirical_rates",0.995
"empirical_rates",0.150943396226415
"empirical_rates",0.168224299065421
"empirical_rates",0.966507177033493
"empirical_rates",0
"empirical_rates",0.0188679245283019
"empirical_rates",0
"empirical_rates",0.656410256410256
"empirical_rates",0
"empirical_rates",0
"empirical_rates",0.0103092783505155
"empirical_rates",0.0447761194029851
"empirical_rates",0
"empirical_rates",0.00480769230769231
"empirical_rates",0.0560747663551402
"empirical_rates",0.224299065420561
"empirical_rates",0
"empirical_rates",0
"empirical_rates",1
"empirical_rates",0.012448132780083
"empirical_rates",0
"empirical_rates",0
"empirical_rates",0.106280193236715
"empirical_rates",0.0307692307692308
"empirical_rates",0.448430493273543
"empirical_rates",0
"empirical_rates",0.0045045045045045
"empirical_rates",0.0138888888888889
"empirical_rates",0.987577639751553
"empirical_rates",0.113821138211382
"empirical_rates",0.00448430493273543
"empirical_rates",0.995192307692308
"empirical_rates",0
"empirical_rates",0.00975609756097561
"empirical_rates",1
"empirical_rates",0
"empirical_rates",0.0251572327044025
"empirical_rates",0.0372670807453416
"empirical_rates",0
"empirical_rates",0.976958525345622
"empirical_rates",0
"empirical_rates",0.990740740740741
"empirical_rates",0.995
"empirical_rates",0.96969696969697
"empirical_rates",0.936842105263158
"empirical_rates",0.467592592592593
"empirical_rates",0.203252032520325
"empirical_rates",0.00408163265306122
"empirical_rates",0.976851851851852
"empirical_rates",0.00512820512820513
"empirical_rates",0.00900900900900901
"empirical_rates",0
"empirical_rates",0
"empirical_rates",0.0240384615384615
"empirical_rates",0
"empirical_rates",0.971830985915493
"empirical_rates",0.00478468899521531
"empirical_rates",0.565656565656566
"empirical_rates",0.0050761421319797
"empirical_rates",0.0143540669856459
"empirical_rates",0.0336538461538462
"empirical_rates",0.157894736842105
"empirical_rates",0
"empirical_rates",0.991836734693878
"empirical_rates",0.981981981981982
"empirical_rates",0.00934579439252336
"empirical_rates",0.00934579439252336
"empirical_rates",0.124401913875598
"empirical_rates",0.0153846153846154
"empirical_rates",0
"empirical_rates",0.971153846153846
"empirical_rates",0
"empirical_rates",0.982062780269058
"empirical_rates",0.795031055900621
"empirical_rates",0
"empirical_rates",0.0414507772020725
"empirical_rates",0.993788819875776
"empirical_rates",0.97196261682243
"empirical_rates",0.00480769230769231
"empirical_rates",0.995215311004785
"empirical_rates",0
"empirical_rates",0.653153153153153
"empirical_rates",0
"empirical_rates",0.241025641025641
"empirical_rates",0.0461538461538462
"empirical_rates",1
"empirical_rates",0
"empirical_rates",0.0154639175257732
"empirical_rates",0.473684210526316
"empirical_rates",0.0384615384615385
"empirical_rates",0
"empirical_rates",0.0660377358490566
"empirical_rates",0.0412371134020619
"empirical_rates",0
"empirical_rates",0.995515695067265
"empirical_rates",0.0696517412935323
"empirical_rates",0.00483091787439614
"empirical_rates",0.98125
"empirical_rates",0.00497512437810945
"empirical_rates",0
"empirical_rates",0.368686868686869
"empirical_rates",0
"empirical_rates",0
"empirical_rates",0.0615384615384615
"empirical_rates",0
"empirical_rates",0
"empirical_rates",0.0505050505050505
"empirical_rates",0.00628930817610063
"empirical_rates",0.0225225225225225
"empirical_rates",0
"empirical_rates",0
"empirical_rates",0.093167701863354
"empirical_rates",0.0062111801242236
"empirical_rates",0.169230769230769
"empirical_rates",0.41869918699187
"empirical_rates",0
"empirical_rates",0
"empirical_rates",0
"empirical_rates",0.152284263959391
"empirical_rates",0.986486486486487
"empirical_rates",0.994871794871795
"empirical_rates",0.0288461538461538
"empirical_rates",0.00515463917525773
"empirical_rates",0.14018691588785
"empirical_rates",0
"empirical_rates",0
"empirical_rates",0.00478468899521531
"empirical_rates",0.0248756218905473
"empirical_rates",0.432432432432432
"empirical_rates",0.0817307692307692
"empirical_rates",0.974747474747475
"empirical_rates",0.354037267080745
"empirical_rates",0.373737373737374
"empirical_rates",0.0404040404040404
"empirical_rates",0.0144230769230769
"empirical_rates",0.986784140969163
"empirical_rates",0.0353535353535354
"empirical_rates",0.0979591836734694
"empirical_rates",0.00934579439252336
"empirical_rates",0.0432692307692308
"empirical_rates",0.995515695067265
"empirical_rates",0
"empirical_rates",0.981366459627329
"empirical_rates",0.951923076923077
"empirical_rates",0
"empirical_rates",0.975
"empirical_rates",0
"empirical_rates",0.94170403587444
"empirical_rates",0.981366459627329
"empirical_rates",0
"empirical_rates",0.0144230769230769
"empirical_rates",0.995024875621891
"empirical_rates",0.79
"empirical_rates",0
"empirical_rates",0.278846153846154
"empirical_rates",0.993788819875776
"empirical_rates",0.21608040201005
"empirical_rates",0.0103092783505155
"empirical_rates",0.172248803827751
"empirical_rates",0.98974358974359
"empirical_rates",0
"empirical_rates",0.0512820512820513
"empirical_rates",0.095959595959596
"empirical_rates",0.125
"empirical_rates",0.962616822429907
"empirical_rates",0
"empirical_rates",0.990384615384615
"empirical_rates",0
"empirical_rates",0
"empirical_rates",0.972972972972973
"empirical_rates",0.0348258706467662
"empirical_rates",0
"empirical_rates",0.949685534591195
"empirical_rates",0.186335403726708
"empirical_rates",0
"empirical_rates",0.980099502487562
"empirical_rates",0.0676328502415459
"empirical_rates",0.0865384615384615
"empirical_rates",0.0186335403726708
"empirical_rates",0.991869918699187
"empirical_rates",1
"empirical_rates",0.990049751243781
"empirical_rates",0
"empirical_rates",0
"empirical_rates",0.00813008130081301
"empirical_rates",0.0648148148148148
"empirical_rates",0.00961538461538462
"empirical_rates",0
"empirical_rates",0.974358974358974
"empirical_rates",0.157407407407407
"empirical_rates",0
"empirical_rates",0.975
"empirical_rates",0.102325581395349
"empirical_rates",0
"empirical_rates",0
"empirical_rates",0
"empirical_rates",0.373737373737374
"empirical_rates",0.0102564102564103
"empirical_rates",0.784688995215311
"empirical_rates",0.990654205607477
"empirical_rates",0.976851851851852
"empirical_rates",0
"empirical_rates",0.974683544303797
"empirical_rates",0.0324074074074074
"empirical_rates",0.0103092783505155
"empirical_rates",0.967479674796748
"empirical_rates",0.97196261682243
"empirical_rates",0.00480769230769231
"empirical_rates",0
"empirical_rates",0.326923076923077
"empirical_rates",0.151639344262295
"empirical_rates",0.0384615384615385
"empirical_rates",0
"empirical_rates",1
"empirical_rates",0.031055900621118
"empirical_rates",0
"empirical_rates",0
"empirical_rates",0
"empirical_rates",0
"empirical_rates",0.981308411214953
"empirical_rates",0.0966183574879227
"empirical_rates",0
"empirical_rates",0
"empirical_rates",0.995192307692308
"empirical_rates",0.298076923076923
"empirical_rates",1
"empirical_rates",0.0138888888888889
"shipped_shape0.5",0.313432835820896
"shipped_shape0.5",0.00896860986547085
"shipped_shape0.5",0.461883408071749
"shipped_shape0.5",0.0869565217391304
"shipped_shape0.5",0.035
"shipped_shape0.5",0.112820512820513
"shipped_shape0.5",0.200956937799043
"shipped_shape0.5",0.177570093457944
"shipped_shape0.5",0.673366834170854
"shipped_shape0.5",0.0941704035874439
"shipped_shape0.5",0.45273631840796
"shipped_shape0.5",0.0186915887850467
"shipped_shape0.5",0.263157894736842
"shipped_shape0.5",0.0666666666666667
"shipped_shape0.5",0.347826086956522
"shipped_shape0.5",0.125581395348837
"shipped_shape0.5",0.269058295964126
"shipped_shape0.5",0.301435406698565
"shipped_shape0.5",0.31219512195122
"shipped_shape0.5",0.721649484536082
"shipped_shape0.5",0.0506329113924051
"shipped_shape0.5",0.0615384615384615
"shipped_shape0.5",0.383177570093458
"shipped_shape0.5",0.00505050505050505
"shipped_shape0.5",0.0179372197309417
"shipped_shape0.5",0.018348623853211
"shipped_shape0.5",0.0151515151515152
"shipped_shape0.5",0.949044585987261
"shipped_shape0.5",0.105769230769231
"shipped_shape0.5",0
"shipped_shape0.5",0.166666666666667
"shipped_shape0.5",0.150259067357513
"shipped_shape0.5",0.883720930232558
"shipped_shape0.5",0
"shipped_shape0.5",0.103139013452915
"shipped_shape0.5",0.611111111111111
"shipped_shape0.5",0.172093023255814
"shipped_shape0.5",0.728971962616822
"shipped_shape0.5",0.0121951219512195
"shipped_shape0.5",0.00934579439252336
"shipped_shape0.5",0.413636363636364
"shipped_shape0.5",0.065989847715736
"shipped_shape0.5",0.0696517412935323
"shipped_shape0.5",0.353233830845771
"shipped_shape0.5",0.764102564102564
"shipped_shape0.5",0.0672645739910314
"shipped_shape0.5",0
"shipped_shape0.5",0.793269230769231
"shipped_shape0.5",0
"shipped_shape0.5",0.386178861788618
"shipped_shape0.5",0.0324074074074074
"shipped_shape0.5",0.0684931506849315
"shipped_shape0.5",0.608695652173913
"shipped_shape0.5",0.140776699029126
"shipped_shape0.5",0.116751269035533
"shipped_shape0.5",0.0683229813664596
"shipped_shape0.5",0.145
"shipped_shape0.5",0.105590062111801
"shipped_shape0.5",0.062111801242236
"shipped_shape0.5",0.0769230769230769
"shipped_shape0.5",0
"shipped_shape0.5",0
"shipped_shape0.5",0.152173913043478
"shipped_shape0.5",0
"shipped_shape0.5",0.077319587628866
"shipped_shape0.5",0.0288461538461538
"shipped_shape0.5",0.0861244019138756
"shipped_shape0.5",0.138888888888889
"shipped_shape0.5",0.0372670807453416
"shipped_shape0.5",0.272357723577236
"shipped_shape0.5",0.212962962962963
"shipped_shape0.5",0.205741626794258
"shipped_shape0.5",0.18125
"shipped_shape0.5",0.0099502487562189
"shipped_shape0.5",0.645
"shipped_shape0.5",0.0040983606557377
"shipped_shape0.5",0.342342342342342
"shipped_shape0.5",0.2
"shipped_shape0.5",0.307692307692308
"shipped_shape0.5",0.309417040358744
"shipped_shape0.5",0
"shipped_shape0.5",0
"shipped_shape0.5",0.456410256410256
"shipped_shape0.5",0.175675675675676
"shipped_shape0.5",0.0528846153846154
"shipped_shape0.5",0.842105263157895
"shipped_shape0.5",0.318407960199005
"shipped_shape0.5",0.0663900414937759
"shipped_shape0.5",0.00497512437810945
"shipped_shape0.5",0.0483091787439614
"shipped_shape0.5",0
"shipped_shape0.5",0.860986547085202
"shipped_shape0.5",0.0144230769230769
"shipped_shape0.5",0.395348837209302
"shipped_shape0.5",0.0666666666666667
"shipped_shape0.5",0.717299578059072
"shipped_shape0.5",0
"shipped_shape0.5",0.0382775119617225
"shipped_shape0.5",0.0143540669856459
"shipped_shape0.5",0.041025641025641
"shipped_shape0.5",0.0244897959183673
"shipped_shape0.5",0.276381909547739
"shipped_shape0.5",0.0101010101010101
"shipped_shape0.5",0.189054726368159
"shipped_shape0.5",0.402985074626866
"shipped_shape0.5",0.25609756097561
"shipped_shape0.5",0.164102564102564
"shipped_shape0.5",0.025
"shipped_shape0.5",0
"shipped_shape0.5",0.457943925233645
"shipped_shape0.5",0.0153846153846154
"shipped_shape0.5",0.600961538461538
"shipped_shape0.5",0.437185929648241
"shipped_shape0.5",0.0138888888888889
"shipped_shape0.5",0.0152284263959391
"shipped_shape0.5",0.117948717948718
"shipped_shape0.5",0.00956937799043062
"shipped_shape0.5",0.163265306122449
"shipped_shape0.5",0.682242990654206
"shipped_shape0.5",0.62051282051282
"shipped_shape0.5",0.0102564102564103
"shipped_shape0.5",0.695652173913043
"shipped_shape0.5",0.102040816326531
"shipped_shape0.5",0.00966183574879227
"shipped_shape0.5",0.134259259259259
"shipped_shape0.5",0.0974358974358974
"shipped_shape0.5",0.355329949238579
"shipped_shape0.5",0
"shipped_shape0.5",0.600896860986547
"shipped_shape0.5",0.230769230769231
"shipped_shape0.5",0.50314465408805
"shipped_shape0.5",0.048780487804878
"shipped_shape0.5",0.54066985645933
"shipped_shape0.5",0.219827586206897
"shipped_shape0.5",0.0224215246636771
"shipped_shape0.5",0.702702702702703
"shipped_shape0.5",0.00462962962962963
"shipped_shape0.5",0.0382775119617225
"shipped_shape0.5",0.0256410256410256
"shipped_shape0.5",0.0447761194029851
"shipped_shape0.5",0.0861244019138756
"shipped_shape0.5",0.130434782608696
"shipped_shape0.5",0.289592760180996
"shipped_shape0.5",0.398190045248869
"shipped_shape0.5",0.166666666666667
"shipped_shape0.5",0
"shipped_shape0.5",0
"shipped_shape0.5",0.220095693779904
"shipped_shape0.5",0.570048309178744
"shipped_shape0.5",0.0678733031674208
"shipped_shape0.5",0.408071748878924
"shipped_shape0.5",0.0456852791878173
"shipped_shape0.5",0.455696202531646
"shipped_shape0.5",0.936073059360731
"shipped_shape0.5",0
"shipped_shape0.5",0.53125
"shipped_shape0.5",0
"shipped_shape0.5",0.00934579439252336
"shipped_shape0.5",0.005
"shipped_shape0.5",0.0871794871794872
"shipped_shape0.5",0.00444444444444444
"shipped_shape0.5",0.0303030303030303
"shipped_shape0.5",0.285024154589372
"shipped_shape0.5",0.569377990430622
"shipped_shape0.5",0
"shipped_shape0.5",0.22051282051282
"shipped_shape0.5",0.0993788819875776
"shipped_shape0.5",0
"shipped_shape0.5",0
"shipped_shape0.5",0.0707070707070707
"shipped_shape0.5",0.192307692307692
"shipped_shape0.5",0.0252525252525253
"shipped_shape0.5",0.224299065420561
"shipped_shape0.5",0.0223214285714286
"shipped_shape0.5",0.4688995215311
"shipped_shape0.5",0.0101010101010101
"shipped_shape0.5",0.0895522388059701
"shipped_shape0.5",0.614349775784753
"shipped_shape0.5",0.354037267080745
"shipped_shape0.5",0.035
"shipped_shape0.5",0.050761421319797
"shipped_shape0.5",0.707317073170732
"shipped_shape0.5",0.00961538461538462
"shipped_shape0.5",0.0375
"shipped_shape0.5",0
"shipped_shape0.5",0.0239234449760766
"shipped_shape0.5",0.0833333333333333
"shipped_shape0.5",0.106796116504854
"shipped_shape0.5",0.679425837320574
"shipped_shape0.5",0.211180124223602
"shipped_shape0.5",0.869565217391304
"shipped_shape0.5",0
"shipped_shape0.5",0.04
"shipped_shape0.5",0
"shipped_shape0.5",0.114427860696517
"shipped_shape0.5",0.285714285714286
"shipped_shape0.5",0.426666666666667
"shipped_shape0.5",0.397515527950311
"shipped_shape0.5",0.130434782608696
"shipped_shape0.5",0.414634146341463
"shipped_shape0.5",0.111111111111111
"shipped_shape0.5",0.383084577114428
"shipped_shape0.5",0.037037037037037
"shipped_shape0.5",0.84472049689441
"shipped_shape0.5",0.590062111801242
"shipped_shape0.5",0.0609756097560976
"shipped_shape0.5",0.212962962962963
"shipped_shape0.5",0.477477477477477
"shipped_shape0.5",0.406698564593301
"shipped_shape0.5",0.282511210762332
"shipped_shape0.5",0.117948717948718
"shipped_shape0.5",0
"shipped_shape0.5",0.130841121495327
"shipped_shape0.5",0.228699551569507
"shipped_shape0.5",0.225641025641026
"shipped_shape0.5",0.284263959390863
"shipped_shape0.5",0.495934959349593
"shipped_shape0.5",0
"shipped_shape0.5",0.00816326530612245
"shipped_shape0.5",0.190721649484536
"shipped_shape0.5",0.106060606060606
"shipped_shape0.5",0.005
"shipped_shape0.5",0.26457399103139
"shipped_shape0.5",0.794392523364486
"shipped_shape0.5",0.173913043478261
"shipped_shape0.5",0.854368932038835
"shipped_shape0.5",0.345794392523364
"shipped_shape0.5",0.317307692307692
"shipped_shape0.5",0.365740740740741
"shipped_shape0.5",0.138755980861244
"shipped_shape0.5",0.364485981308411
"shipped_shape0.5",0.0309278350515464
"shipped_shape0.5",0
"shipped_shape0.5",0.0454545454545455
"shipped_shape0.5",0
"shipped_shape0.5",0.115740740740741
"shipped_shape0.5",0.0625
"shipped_shape0.5",0.242990654205607
"shipped_shape0.5",0.0269058295964126
"shipped_shape0.5",0.18
"shipped_shape0.5",0.0560747663551402
"shipped_shape0.5",0
"shipped_shape0.5",0
"shipped_shape0.5",0.0956937799043062
"shipped_shape0.5",0.0666666666666667
"shipped_shape0.5",0.296650717703349
"shipped_shape0.5",0.0463917525773196
"shipped_shape0.5",0.0334928229665072
"shipped_shape0.5",0.206730769230769
"shipped_shape0.5",0.707317073170732
"shipped_shape0.5",0.2
"shipped_shape0.5",0.259259259259259
"shipped_shape0.5",0
"shipped_shape0.5",0.229074889867841
"shipped_shape0.5",0.0817307692307692
"shipped_shape0.5",0
"shipped_shape0.5",0.867924528301887
"shipped_shape0.5",0.0102564102564103
"shipped_shape0.5",0.852017937219731
"shipped_shape0.5",0.0203252032520325
"shipped_shape0.5",0.461165048543689
"shipped_shape0.5",0.490384615384615
"shipped_shape0.5",0.0269058295964126
"shipped_shape0.5",0.0810810810810811
"shipped_shape0.5",0.108108108108108
"shipped_shape0.5",0.0336538461538462
"shipped_shape0.5",0.0204081632653061
"shipped_shape0.5",0.0943396226415094
"shipped_shape0.5",0.414634146341463
"shipped_shape0.5",0
"shipped_shape0.5",0.00925925925925926
"shipped_shape0.5",0.0559006211180124
"shipped_shape0.5",0.338308457711443
"shipped_shape0.5",0.00505050505050505
"shipped_shape0.5",0.515151515151515
"shipped_shape0.5",0.0186915887850467
"shipped_shape0.5",0.0630630630630631
"shipped_shape0.5",0.09375
"shipped_shape0.5",0.170403587443946
"shipped_shape0.5",0.168421052631579
"shipped_shape0.5",0.635897435897436
"shipped_shape0.5",0.11214953271028
"shipped_shape0.5",0.456410256410256
"shipped_shape0.5",0.0384615384615385
"shipped_shape0.5",0.351351351351351
"shipped_shape0.5",0.113821138211382
"shipped_shape0.5",0.297435897435897
"shipped_shape0.5",0.0483091787439614
"shipped_shape0.5",0.248756218905473
"shipped_shape0.5",0.269230769230769
"shipped_shape0.5",0.304347826086957
"shipped_shape0.5",0.860986547085202
"shipped_shape0.5",0.0673076923076923
"shipped_shape0.5",0.0646766169154229
"shipped_shape0.5",0.242152466367713
"shipped_shape0.5",0
"shipped_shape0.5",0.0137614678899083
"shipped_shape0.5",0.045
"shipped_shape0.5",0.0125
"shipped_shape0.5",0.906542056074766
"shipped_shape0.5",0.093167701863354
"shipped_shape0.5",0
"shipped_shape0.5",0.142857142857143
"shipped_shape0.5",0.102803738317757
"shipped_shape0.5",0.807692307692308
"shipped_shape0.5",0.0256410256410256
"shipped_shape0.5",0.146464646464646
"shipped_shape0.5",0.587628865979381
"shipped_shape0.5",0.136363636363636
"shipped_shape0.5",0.671794871794872
"shipped_shape0.5",0
"shipped_shape0.5",0.00512820512820513
"shipped_shape0.5",0.303482587064677
"shipped_shape0.5",0.0934579439252336
"shipped_shape0.5",0.0125786163522013
"shipped_shape0.5",0.270531400966184
"shipped_shape0.5",0.689814814814815
"shipped_shape0.5",0.054726368159204
"shipped_shape0.5",0
"shipped_shape0.5",0.878378378378378
"shipped_shape0.5",0.0144230769230769
"shipped_shape0.5",0.364102564102564
"shipped_shape0.5",0.00943396226415094
"shipped_shape0.5",0.0416666666666667
"shipped_shape0.5",0.68609865470852
"shipped_shape0.5",0.439252336448598
"shipped_shape0.5",0.134615384615385
"shipped_shape0.5",0.0382775119617225
"shipped_shape0.5",0.0574162679425837
"shipped_shape0.5",0.0747663551401869
"shipped_shape0.5",0.0651162790697674
"shipped_shape0.5",0.0672645739910314
"shipped_shape0.5",0
"shipped_shape0.5",0.00480769230769231
"shipped_shape0.5",0.221719457013575
"shipped_shape0.5",0
"shipped_shape0.5",0.126530612244898
"shipped_shape0.5",0.0185185185185185
"shipped_shape0.5",0.118012422360248
"shipped_shape0.5",0.0384615384615385
"shipped_shape0.5",0.0615384615384615
"shipped_shape0.5",0.182692307692308
"shipped_shape0.5",0.279279279279279
"shipped_shape0.5",0.24537037037037
"shipped_shape0.5",0.220095693779904
"shipped_shape0.5",0.0134529147982063
"shipped_shape0.5",0.804878048780488
"shipped_shape0.5",0
"shipped_shape0.5",0.278026905829596
"shipped_shape0.5",0.26457399103139
"shipped_shape0.5",0.479820627802691
"shipped_shape0.5",0.353535353535354
"shipped_shape0.5",0.00512820512820513
"shipped_shape0.5",0
"shipped_shape0.5",0.263157894736842
"shipped_shape0.5",0.12037037037037
"shipped_shape0.5",0.0912863070539419
"shipped_shape0.5",0.850961538461538
"shipped_shape0.5",0.0478468899521531
"shipped_shape0.5",0.102803738317757
"shipped_shape0.5",0
"shipped_shape0.5",0.185
"shipped_shape0.5",0
"shipped_shape0.5",0.771300448430493
"shipped_shape0.5",0.00478468899521531
"shipped_shape0.5",0.632850241545894
"shipped_shape0.5",0.0144927536231884
"shipped_shape0.5",0.856459330143541
"shipped_shape0.5",0
"shipped_shape0.5",0.0430622009569378
"shipped_shape0.5",0
"shipped_shape0.5",0.130653266331658
"shipped_shape0.5",0
"shipped_shape0.5",0.231578947368421
"shipped_shape0.5",0.00478468899521531
"shipped_shape0.5",0.115740740740741
"shipped_shape0.5",0.149038461538462
"shipped_shape0.5",0.212669683257919
"shipped_shape0.5",0.175675675675676
"shipped_shape0.5",0.106060606060606
"shipped_shape0.5",0
"shipped_shape0.5",0.436734693877551
"shipped_shape0.5",0.0353535353535354
"shipped_shape0.5",0.54066985645933
"shipped_shape0.5",0.304347826086957
"shipped_shape0.5",0
"shipped_shape0.5",0.0138888888888889
"shipped_shape0.5",0.105042016806723
"shipped_shape0.5",0.03125
"shipped_shape0.5",0.225961538461538
"shipped_shape0.5",0.698198198198198
"shipped_shape0.5",0.650224215246637
"shipped_shape0.5",0.0256410256410256
"shipped_shape0.5",0.873096446700508
"shipped_shape0.5",0.119170984455959
"shipped_shape0.5",0.00829875518672199
"shipped_shape0.5",0.299065420560748
"shipped_shape0.5",0.14018691588785
"shipped_shape0.5",0.4375
"shipped_shape0.5",0
"shipped_shape0.5",0.487309644670051
"shipped_shape0.5",0.168269230769231
"shipped_shape0.5",0.616822429906542
"shipped_shape0.5",0.141414141414141
"shipped_shape0.5",0.551569506726457
"shipped_shape0.5",0.260089686098655
"shipped_shape0.5",0.0307692307692308
"shipped_shape0.5",0.73542600896861
"shipped_shape0.5",0.00961538461538462
"shipped_shape0.5",0.0186915887850467
"shipped_shape0.5",0.0480769230769231
"shipped_shape0.5",0.0324074074074074
"shipped_shape0.5",0.121212121212121
"shipped_shape0.5",0.144144144144144
"shipped_shape0.5",0.169154228855721
"shipped_shape0.5",0.171296296296296
"shipped_shape0.5",0.151515151515152
"shipped_shape0.5",0
"shipped_shape0.5",0.00480769230769231
"shipped_shape0.5",0.311004784688995
"shipped_shape0.5",0.715
"shipped_shape0.5",0.14018691588785
"shipped_shape0.5",0.444976076555024
"shipped_shape0.5",0.016260162601626
"shipped_shape0.5",0.38974358974359
"shipped_shape0.5",0.878923766816143
"shipped_shape0.5",0
"shipped_shape0.5",0.49537037037037
"shipped_shape0.5",0.0062111801242236
"shipped_shape0.5",0.0102564102564103
"shipped_shape0.5",0
"shipped_shape0.5",0.11214953271028
"shipped_shape0.5",0.00497512437810945
"shipped_shape0.5",0.00925925925925926
"shipped_shape0.5",0.19634703196347
"shipped_shape0.5",0.545454545454545
"shipped_shape0.5",0
"shipped_shape0.5",0.2
"shipped_shape0.5",0.078125
"shipped_shape0.5",0
"shipped_shape0.5",0.0153846153846154
"shipped_shape0.5",0
"shipped_shape0.5",0.15625
"shipped_shape0.5",0.0202020202020202
"shipped_shape0.5",0.242424242424242
"shipped_shape0.5",0.0694444444444444
"shipped_shape0.5",0.482051282051282
"shipped_shape0.5",0
"shipped_shape0.5",0.0833333333333333
"shipped_shape0.5",0.534591194968553
"shipped_shape0.5",0.31578947368421
"shipped_shape0.5",0.0231481481481481
"shipped_shape0.5",0.0448430493273543
"shipped_shape0.5",0.514423076923077
"shipped_shape0.5",0.00448430493273543
"shipped_shape0.5",0.0191387559808612
"shipped_shape0.5",0.041025641025641
"shipped_shape0.5",0.0269058295964126
"shipped_shape0.5",0.0454545454545455
"shipped_shape0.5",0.0558375634517767
"shipped_shape0.5",0.635897435897436
"shipped_shape0.5",0.313008130081301
"shipped_shape0.5",0.807692307692308
"shipped_shape0.5",0
"shipped_shape0.5",0.0454545454545455
"shipped_shape0.5",0.005
"shipped_shape0.5",0.164251207729469
"shipped_shape0.5",0.282511210762332
"shipped_shape0.5",0.175925925925926
"shipped_shape0.5",0.390134529147982
"shipped_shape0.5",0.16243654822335
"shipped_shape0.5",0.523364485981308
"shipped_shape0.5",0.158878504672897
"shipped_shape0.5",0.289719626168224
"shipped_shape0.5",0.0199004975124378
"shipped_shape0.5",0.778688524590164
"shipped_shape0.5",0.661691542288557
"shipped_shape0.5",0.111801242236025
"shipped_shape0.5",0.309644670050761
"shipped_shape0.5",0.716417910447761
"shipped_shape0.5",0.449760765550239
"shipped_shape0.5",0.21025641025641
"shipped_shape0.5",0.18
"shipped_shape0.5",0
"shipped_shape0.5",0.0934579439252336
"shipped_shape0.5",0.367713004484305
"shipped_shape0.5",0.173913043478261
"shipped_shape0.5",0.448598130841121
"shipped_shape0.5",0.54228855721393
"shipped_shape0.5",0.00480769230769231
"shipped_shape0.5",0.00961538461538462
"shipped_shape0.5",0.24
"shipped_shape0.5",0.0740740740740741
"shipped_shape0.5",0.00497512437810945
"shipped_shape0.5",0.291925465838509
"shipped_shape0.5",0.896860986547085
"shipped_shape0.5",0.221153846153846
"shipped_shape0.5",0.841121495327103
"shipped_shape0.5",0.44
"shipped_shape0.5",0.565656565656566
"shipped_shape0.5",0.575
"shipped_shape0.5",0.0775510204081633
"shipped_shape0.5",0.435
"shipped_shape0.5",0.121495327102804
"shipped_shape0.5",0
"shipped_shape0.5",0.062111801242236
"shipped_shape0.5",0
"shipped_shape0.5",0.130841121495327
"shipped_shape0.5",0.095959595959596
"shipped_shape0.5",0.0576923076923077
"shipped_shape0.5",0.00896860986547085
"shipped_shape0.5",0.089622641509434
"shipped_shape0.5",0.00512820512820513
"shipped_shape0.5",0
"shipped_shape0.5",0
"shipped_shape0.5",0.123076923076923
"shipped_shape0.5",0.0436893203883495
"shipped_shape0.5",0.40990990990991
"shipped_shape0.5",0.0861244019138756
"shipped_shape0.5",0.0205128205128205
"shipped_shape0.5",0.149038461538462
"shipped_shape0.5",0.68421052631579
"shipped_shape0.5",0.21
"shipped_shape0.5",0.317757009345794
"shipped_shape0.5",0
"shipped_shape0.5",0.278846153846154
"shipped_shape0.5",0.0582959641255605
"shipped_shape0.5",0
"shipped_shape0.5",0.966183574879227
"shipped_shape0.5",0.0747663551401869
"shipped_shape0.5",0.773109243697479
"shipped_shape0.5",0.0239234449760766
"shipped_shape0.5",0.383838383838384
"shipped_shape0.5",0.451923076923077
"shipped_shape0.5",0
"shipped_shape0.5",0.130841121495327
"shipped_shape0.5",0.0934579439252336
"shipped_shape0.5",0.0560747663551402
"shipped_shape0.5",0.0896860986547085
"shipped_shape0.5",0.0852017937219731
"shipped_shape0.5",0.361788617886179
"shipped_shape0.5",0.0102564102564103
"shipped_shape0.5",0.0225225225225225
"shipped_shape0.5",0.0895522388059701
"shipped_shape0.5",0.257731958762887
"shipped_shape0.5",0.0180995475113122
"shipped_shape0.5",0.403061224489796
"shipped_shape0.5",0.0334928229665072
"shipped_shape0.5",0.036036036036036
"shipped_shape0.5",0.0648148148148148
"shipped_shape0.5",0.278350515463918
"shipped_shape0.5",0.205741626794258
"shipped_shape0.5",0.654205607476635
"shipped_shape0.5",0.0747663551401869
"shipped_shape0.5",0.273291925465839
"shipped_shape0.5",0.00934579439252336
"shipped_shape0.5",0.361809045226131
"shipped_shape0.5",0.0858585858585859
"shipped_shape0.5",0.276699029126214
"shipped_shape0.5",0.128865979381443
"shipped_shape0.5",0.196261682242991
"shipped_shape0.5",0.269058295964126
"shipped_shape0.5",0.358208955223881
"shipped_shape0.5",0.786885245901639
"shipped_shape0.5",0.095959595959596
"shipped_shape0.5",0.0478468899521531
"shipped_shape0.5",0.283505154639175
"shipped_shape0.5",0
"shipped_shape0.5",0.0384615384615385
"shipped_shape0.5",0.0151515151515152
"shipped_shape0.5",0.0325581395348837
"shipped_shape0.5",0.930555555555556
"shipped_shape0.5",0.101522842639594
"shipped_shape0.5",0
"shipped_shape0.5",0.189054726368159
"shipped_shape0.5",0.233644859813084
"shipped_shape0.5",0.919191919191919
"shipped_shape0.5",0.00930232558139535
"shipped_shape0.5",0.103139013452915
"shipped_shape0.5",0.573170731707317
"shipped_shape0.5",0.227642276422764
"shipped_shape0.5",0.692307692307692
"shipped_shape0.5",0.0225225225225225
"shipped_shape0.5",0.0099502487562189
"shipped_shape0.5",0.361111111111111
"shipped_shape0.5",0.062111801242236
"shipped_shape0.5",0.103139013452915
"shipped_shape0.5",0.43265306122449
"shipped_shape0.5",0.840796019900497
"shipped_shape0.5",0.0280373831775701
"shipped_shape0.5",0
"shipped_shape0.5",0.76555023923445
"shipped_shape0.5",0.00505050505050505
"shipped_shape0.5",0.4
"shipped_shape0.5",0.0191387559808612
"shipped_shape0.5",0.0450819672131148
"shipped_shape0.5",0.580808080808081
"shipped_shape0.5",0.261682242990654
"shipped_shape0.5",0.2875
"shipped_shape0.5",0.0496894409937888
"shipped_shape0.5",0.14975845410628
"shipped_shape0.5",0.054726368159204
"shipped_shape0.5",0.138364779874214
"shipped_shape0.5",0.045045045045045
"shipped_shape0.5",0
"shipped_shape0.5",0.0138888888888889
"shipped_shape0.5",0.261682242990654
"shipped_shape0.5",0
"shipped_shape0.5",0.0721153846153846
"shipped_shape0.5",0.0316455696202532
"shipped_shape0.5",0.0852017937219731
"shipped_shape0.5",0.050761421319797
"shipped_shape0.5",0.0576923076923077
"shipped_shape0.5",0.213930348258706
"shipped_shape0.5",0.170403587443946
"shipped_shape0.5",0.233183856502242
"shipped_shape0.5",0.279503105590062
"shipped_shape0.5",0.00961538461538462
"shipped_shape0.5",0.666666666666667
"shipped_shape0.5",0
"shipped_shape0.5",0.22680412371134
"shipped_shape0.5",0.29
"shipped_shape0.5",0.414141414141414
"shipped_shape0.5",0.54040404040404
"shipped_shape0.5",0
"shipped_shape0.5",0
"shipped_shape0.5",0.344497607655502
"shipped_shape0.5",0.222222222222222
"shipped_shape0.5",0.0259067357512953
"shipped_shape0.5",0.900621118012422
"shipped_shape0.5",0.135746606334842
"shipped_shape0.5",0.0338983050847458
"shipped_shape0.5",0
"shipped_shape0.5",0.0403587443946188
"shipped_shape0.5",0
"shipped_shape0.5",0.802521008403361
"shipped_shape0.5",0.0651162790697674
"shipped_shape0.5",0.439252336448598
"shipped_shape0.5",0.0199004975124378
"shipped_shape0.5",0.778846153846154
"shipped_shape0.5",0
"shipped_shape0.5",0.0530612244897959
"shipped_shape0.5",0.0186915887850467
"shipped_shape0.5",0.0807453416149068
"shipped_shape0.5",0.0186335403726708
"shipped_shape0.5",0.154471544715447
"shipped_shape0.5",0.0101522842639594
"shipped_shape0.5",0.107692307692308
"shipped_shape0.5",0.207317073170732
"shipped_shape0.5",0.327102803738318
"shipped_shape0.5",0.152466367713004
"shipped_shape0.5",0.0256410256410256
"shipped_shape0.5",0
"shipped_shape0.5",0.538116591928251
"shipped_shape0.5",0.0289855072463768
"shipped_shape0.5",0.54639175257732
"shipped_shape0.5",0.30379746835443
"shipped_shape0.5",0
"shipped_shape0.5",0.0123456790123457
"shipped_shape0.5",0.065989847715736
"shipped_shape0.5",0.076530612244898
"shipped_shape0.5",0.149484536082474
"shipped_shape0.5",0.583333333333333
"shipped_shape0.5",0.735849056603774
"shipped_shape0.5",0.0493273542600897
"shipped_shape0.5",0.772727272727273
"shipped_shape0.5",0.123076923076923
"shipped_shape0.5",0
"shipped_shape0.5",0.254807692307692
"shipped_shape0.5",0.0961538461538462
"shipped_shape0.5",0.297560975609756
"shipped_shape0.5",0.0102564102564103
"shipped_shape0.5",0.618834080717489
"shipped_shape0.5",0.15311004784689
"shipped_shape0.5",0.484304932735426
"shipped_shape0.5",0.0476190476190476
"shipped_shape0.5",0.656410256410256
"shipped_shape0.5",0.356481481481481
"shipped_shape0.5",0.02
"shipped_shape0.5",0.691919191919192
"shipped_shape0.5",0
"shipped_shape0.5",0.00632911392405063
"shipped_shape0.5",0.031055900621118
"shipped_shape0.5",0.0384615384615385
"shipped_shape0.5",0.148325358851675
"shipped_shape0.5",0.181818181818182
"shipped_shape0.5",0.27319587628866
"shipped_shape0.5",0.22051282051282
"shipped_shape0.5",0.125
"shipped_shape0.5",0
"shipped_shape0.5",0.00956937799043062
"shipped_shape0.5",0.254807692307692
"shipped_shape0.5",0.567961165048544
"shipped_shape0.5",0.0986547085201794
"shipped_shape0.5",0.351351351351351
"shipped_shape0.5",0.05625
"shipped_shape0.5",0.52914798206278
"shipped_shape0.5",0.965174129353234
"shipped_shape0.5",0
"shipped_shape0.5",0.346153846153846
"shipped_shape0.5",0
"shipped_shape0.5",0.0191387559808612
"shipped_shape0.5",0
"shipped_shape0.5",0.0764331210191083
"shipped_shape0.5",0
"shipped_shape0.5",0.0185185185185185
"shipped_shape0.5",0.149038461538462
"shipped_shape0.5",0.456730769230769
"shipped_shape0.5",0.00416666666666667
"shipped_shape0.5",0.252336448598131
"shipped_shape0.5",0.124223602484472
"shipped_shape0.5",0.00444444444444444
"shipped_shape0.5",0.0467289719626168
"shipped_shape0.5",0.0193236714975845
"shipped_shape0.5",0.245192307692308
"shipped_shape0.5",0.0430622009569378
"shipped_shape0.5",0.343434343434343
"shipped_shape0.5",0.0463917525773196
"shipped_shape0.5",0.477987421383648
"shipped_shape0.5",0.00480769230769231
"shipped_shape0.5",0.168224299065421
"shipped_shape0.5",0.710280373831776
"shipped_shape0.5",0.33
"shipped_shape0.5",0.025
"shipped_shape0.5",0.00934579439252336
"shipped_shape0.5",0.644897959183673
"shipped_shape0.5",0.0384615384615385
"shipped_shape0.5",0.0134529147982063
"shipped_shape0.5",0.0253807106598985
"shipped_shape0.5",0.0138888888888889
"shipped_shape0.5",0.119402985074627
"shipped_shape0.5",0.0564102564102564
"shipped_shape0.5",0.45045045045045
"shipped_shape0.5",0.254658385093168
"shipped_shape0.5",0.75
"shipped_shape0.5",0
"shipped_shape0.5",0.0696517412935323
"shipped_shape0.5",0.0225225225225225
"shipped_shape0.5",0.256410256410256
"shipped_shape0.5",0.367713004484305
"shipped_shape0.5",0.23444976076555
"shipped_shape0.5",0.439393939393939
"shipped_shape0.5",0.0646766169154229
"shipped_shape0.5",0.471698113207547
"shipped_shape0.5",0.139013452914798
"shipped_shape0.5",0.279503105590062
"shipped_shape0.5",0.0248447204968944
"shipped_shape0.5",0.82520325203252
"shipped_shape0.5",0.547085201793722
"shipped_shape0.5",0.050761421319797
"shipped_shape0.5",0.214953271028037
"shipped_shape0.5",0.642487046632124
"shipped_shape0.5",0.391304347826087
"shipped_shape0.5",0.36318407960199
"shipped_shape0.5",0.0970873786407767
"shipped_shape0.5",0
"shipped_shape0.5",0.0731707317073171
"shipped_shape0.5",0.184615384615385
"shipped_shape0.5",0.347826086956522
"shipped_shape0.5",0.37378640776699
"shipped_shape0.5",0.471794871794872
"shipped_shape0.5",0
"shipped_shape0.5",0
"shipped_shape0.5",0.167701863354037
"shipped_shape0.5",0.0185185185185185
"shipped_shape0.5",0.0099502487562189
"shipped_shape0.5",0.2125
"shipped_shape0.5",0.831775700934579
"shipped_shape0.5",0.186602870813397
"shipped_shape0.5",0.816143497757848
"shipped_shape0.5",0.297435897435897
"shipped_shape0.5",0.449275362318841
"shipped_shape0.5",0.384615384615385
"shipped_shape0.5",0.0807453416149068
"shipped_shape0.5",0.447204968944099
"shipped_shape0.5",0
"shipped_shape0.5",0
"shipped_shape0.5",0.0574162679425837
"shipped_shape0.5",0
"shipped_shape0.5",0.173913043478261
"shipped_shape0.5",0.0358974358974359
"shipped_shape0.5",0.153846153846154
"shipped_shape0.5",0.024390243902439
"shipped_shape0.5",0.100478468899522
"shipped_shape0.5",0.0601851851851852
"shipped_shape0.5",0
"shipped_shape0.5",0
"shipped_shape0.5",0.11214953271028
"shipped_shape0.5",0.149253731343284
"shipped_shape0.5",0.3875
"shipped_shape0.5",0.0338164251207729
"shipped_shape0.5",0.0252525252525253
"shipped_shape0.5",0.192825112107623
"shipped_shape0.5",0.641414141414141
"shipped_shape0.5",0.204081632653061
"shipped_shape0.5",0.350961538461538
"shipped_shape0.5",0.00888888888888889
"shipped_shape0.5",0.202020202020202
"shipped_shape0.5",0.0776699029126214
"shipped_shape0.5",0
"shipped_shape0.5",0.897674418604651
"shipped_shape0.5",0.00512820512820513
"shipped_shape0.5",0.722222222222222
"shipped_shape0.5",0.021551724137931
"shipped_shape0.5",0.551569506726457
"shipped_shape0.5",0.533653846153846
"shipped_shape0.5",0.00485436893203883
"shipped_shape0.5",0.134529147982063
"shipped_shape0.5",0.103139013452915
"shipped_shape0.5",0.0280373831775701
"shipped_shape0.5",0.0646766169154229
"shipped_shape0.5",0.11875
"shipped_shape0.5",0.42152466367713
"shipped_shape0.5",0.00483091787439614
"shipped_shape0.5",0.0372670807453416
"shipped_shape0.5",0.210762331838565
"shipped_shape0.5",0.264423076923077
"shipped_shape0.5",0.00943396226415094
"shipped_shape0.5",0.5
"shipped_shape0.5",0.0696517412935323
"shipped_shape0.5",0.0555555555555556
"shipped_shape0.5",0.0993788819875776
"shipped_shape0.5",0.15527950310559
"shipped_shape0.5",0.221052631578947
"shipped_shape0.5",0.751020408163265
"shipped_shape0.5",0.0746268656716418
"shipped_shape0.5",0.345177664974619
"shipped_shape0.5",0.035
"shipped_shape0.5",0.361990950226244
"shipped_shape0.5",0.0672645739910314
"shipped_shape0.5",0.338775510204082
"shipped_shape0.5",0.0817307692307692
"shipped_shape0.5",0.3625
"shipped_shape0.5",0.328282828282828
"shipped_shape0.5",0.412556053811659
"shipped_shape0.5",0.803827751196172
"shipped_shape0.5",0.0606060606060606
"shipped_shape0.5",0.129533678756477
"shipped_shape0.5",0.478468899521531
"shipped_shape0.5",0
"shipped_shape0.5",0.0841121495327103
"shipped_shape0.5",0.00485436893203883
"shipped_shape0.5",0.0280373831775701
"shipped_shape0.5",0.916666666666667
"shipped_shape0.5",0.110047846889952
"shipped_shape0.5",0
"shipped_shape0.5",0.142131979695431
"shipped_shape0.5",0.128205128205128
"shipped_shape0.5",0.866666666666667
"shipped_shape0.5",0.0099502487562189
"shipped_shape0.5",0.202020202020202
"shipped_shape0.5",0.509433962264151
"shipped_shape0.5",0.1875
"shipped_shape0.5",0.651282051282051
"shipped_shape0.5",0.0124223602484472
"shipped_shape0.5",0.0280373831775701
"shipped_shape0.5",0.42152466367713
"shipped_shape0.5",0.0253807106598985
"shipped_shape0.5",0.101522842639594
"shipped_shape0.5",0.300448430493274
"shipped_shape0.5",0.84304932735426
"shipped_shape0.5",0.0538116591928251
"shipped_shape0.5",0
"shipped_shape0.5",0.721153846153846
"shipped_shape0.5",0
"shipped_shape0.5",0.273291925465839
"shipped_shape0.5",0
"shipped_shape0.5",0.0654205607476635
"shipped_shape0.5",0.6
"shipped_shape0.5",0.185185185185185
"shipped_shape0.5",0.0917874396135266
"shipped_shape0.5",0.112107623318386
"shipped_shape0.5",0.134615384615385
"shipped_shape0.5",0.0883720930232558
"shipped_shape0.5",0.112820512820513
"shipped_shape0.5",0.0913705583756345
"shipped_shape0.5",0.00478468899521531
"shipped_shape0.5",0.0287081339712919
"shipped_shape0.5",0.273148148148148
"shipped_shape0.5",0.0138888888888889
"shipped_shape0.5",0.0564102564102564
"shipped_shape0.5",0.0528846153846154
"shipped_shape0.5",0.120253164556962
"shipped_shape0.5",0.00512820512820513
"shipped_shape0.5",0.025
"shipped_shape0.5",0.193415637860082
"shipped_shape0.5",0.185929648241206
"shipped_shape0.5",0.246636771300448
"shipped_shape0.5",0.131979695431472
"shipped_shape0.5",0.0280373831775701
"shipped_shape0.5",0.704545454545455
"shipped_shape0.5",0
"shipped_shape0.5",0.21875
"shipped_shape0.5",0.271028037383178
"shipped_shape0.5",0.386792452830189
"shipped_shape0.5",0.447761194029851
"shipped_shape0.5",0.00625
"shipped_shape0.5",0
"shipped_shape0.5",0.337962962962963
"shipped_shape0.5",0.120192307692308
"shipped_shape0.5",0.041025641025641
"shipped_shape0.5",0.739130434782609
"shipped_shape0.5",0.0447154471544715
"shipped_shape0.5",0.0747663551401869
"shipped_shape0.5",0.00478468899521531
"shipped_shape0.5",0.0740740740740741
"shipped_shape0.5",0
"shipped_shape0.5",0.782828282828283
"shipped_shape0.5",0.0186915887850467
"shipped_shape0.5",0.4688995215311
"shipped_shape0.5",0.0512820512820513
"shipped_shape0.5",0.641791044776119
"shipped_shape0.5",0
"shipped_shape0.5",0.0210526315789474
"shipped_shape0.5",0.00813008130081301
"shipped_shape0.5",0.0404040404040404
"shipped_shape0.5",0.0287081339712919
"shipped_shape0.5",0.202479338842975
"shipped_shape0.5",0
"shipped_shape0.5",0.211538461538462
"shipped_shape0.5",0.166666666666667
"shipped_shape0.5",0.304347826086957
"shipped_shape0.5",0.226244343891403
"shipped_shape0.5",0.0277777777777778
"shipped_shape0.5",0
"shipped_shape0.5",0.656410256410256
"shipped_shape0.5",0.0398009950248756
"shipped_shape0.5",0.363636363636364
"shipped_shape0.5",0.39
"shipped_shape0.5",0.0298507462686567
"shipped_shape0.5",0.00448430493273543
"shipped_shape0.5",0.114285714285714
"shipped_shape0.5",0.0467289719626168
"shipped_shape0.5",0.27363184079602
"shipped_shape0.5",0.742424242424242
"shipped_shape0.5",0.8
"shipped_shape0.5",0.341614906832298
"shipped_shape0.5",0.782828282828283
"shipped_shape0.5",0.205607476635514
"shipped_shape0.5",0.00934579439252336
"shipped_shape0.5",0.221649484536082
"shipped_shape0.5",0.0666666666666667
"shipped_shape0.5",0.411483253588517
"shipped_shape0.5",0.00925925925925926
"shipped_shape0.5",0.470319634703196
"shipped_shape0.5",0.231707317073171
"shipped_shape0.5",0.454954954954955
"shipped_shape0.5",0.0555555555555556
"shipped_shape0.5",0.614754098360656
"shipped_shape0.5",0.299065420560748
"shipped_shape0.5",0.02
"shipped_shape0.5",0.751196172248804
"shipped_shape0.5",0
"shipped_shape0.5",0.0144230769230769
"shipped_shape0.5",0
"shipped_shape0.5",0.082051282051282
"shipped_shape0.5",0.0970873786407767
"shipped_shape0.5",0.158878504672897
"shipped_shape0.5",0.23
"shipped_shape0.5",0.155
"shipped_shape0.5",0.152284263959391
"shipped_shape0.5",0.0062111801242236
"shipped_shape0.5",0
"shipped_shape0.5",0.308333333333333
"shipped_shape0.5",0.661538461538462
"shipped_shape0.5",0.0841121495327103
"shipped_shape0.5",0.364485981308411
"shipped_shape0.5",0.0606060606060606
"shipped_shape0.5",0.54726368159204
"shipped_shape0.5",0.906122448979592
"shipped_shape0.5",0
"shipped_shape0.5",0.626126126126126
"shipped_shape0.5",0
"shipped_shape0.5",0
"shipped_shape0.5",0.00943396226415094
"shipped_shape0.5",0.150753768844221
"shipped_shape0.5",0.0125
"shipped_shape0.5",0.00505050505050505
"shipped_shape0.5",0.201923076923077
"shipped_shape0.5",0.569377990430622
"shipped_shape0.5",0
"shipped_shape0.5",0.205741626794258
"shipped_shape0.5",0.12093023255814
"shipped_shape0.5",0
"shipped_shape0.5",0
"shipped_shape0.5",0.031055900621118
"shipped_shape0.5",0.329192546583851
"shipped_shape0.5",0.0358974358974359
"shipped_shape0.5",0.213930348258706
"shipped_shape0.5",0.0576923076923077
"shipped_shape0.5",0.477987421383648
"shipped_shape0.5",0.0124223602484472
"shipped_shape0.5",0.11214953271028
"shipped_shape0.5",0.738317757009346
"shipped_shape0.5",0.254807692307692
"shipped_shape0.5",0.0186335403726708
"shipped_shape0.5",0.0512820512820513
"shipped_shape0.5",0.57
"shipped_shape0.5",0.00816326530612245
"shipped_shape0.5",0.0288461538461538
"shipped_shape0.5",0.0203252032520325
"shipped_shape0.5",0.0564102564102564
"shipped_shape0.5",0.0909090909090909
"shipped_shape0.5",0.0528455284552846
"shipped_shape0.5",0.509009009009009
"shipped_shape0.5",0.352657004830918
"shipped_shape0.5",0.722488038277512
"shipped_shape0.5",0.00512820512820513
"shipped_shape0.5",0.0373831775700935
"shipped_shape0.5",0.0144230769230769
"shipped_shape0.5",0.220125786163522
"shipped_shape0.5",0.308080808080808
"shipped_shape0.5",0.20627802690583
"shipped_shape0.5",0.405
"shipped_shape0.5",0.0808080808080808
"shipped_shape0.5",0.439461883408072
"shipped_shape0.5",0.148325358851675
"shipped_shape0.5",0.26457399103139
"shipped_shape0.5",0.01
"shipped_shape0.5",0.797297297297297
"shipped_shape0.5",0.525
"shipped_shape0.5",0.0540540540540541
"shipped_shape0.5",0.280373831775701
"shipped_shape0.5",0.51875
"shipped_shape0.5",0.456410256410256
"shipped_shape0.5",0.186915887850467
"shipped_shape0.5",0.130434782608696
"shipped_shape0.5",0
"shipped_shape0.5",0.0404040404040404
"shipped_shape0.5",0.170103092783505
"shipped_shape0.5",0.328358208955224
"shipped_shape0.5",0.31390134529148
"shipped_shape0.5",0.540540540540541
"shipped_shape0.5",0
"shipped_shape0.5",0.00462962962962963
"shipped_shape0.5",0.21
"shipped_shape0.5",0.0372670807453416
"shipped_shape0.5",0.0152284263959391
"shipped_shape0.5",0.27027027027027
"shipped_shape0.5",0.775784753363229
"shipped_shape0.5",0.173076923076923
"shipped_shape0.5",0.830769230769231
"shipped_shape0.5",0.355140186915888
"shipped_shape0.5",0.417910447761194
"shipped_shape0.5",0.406698564593301
"shipped_shape0.5",0.0576923076923077
"shipped_shape0.5",0.309417040358744
"shipped_shape0.5",0.237209302325581
"shipped_shape0.5",0
"shipped_shape0.5",0.09375
"shipped_shape0.5",0
"shipped_shape0.5",0.232323232323232
"shipped_shape0.5",0.0841121495327103
"shipped_shape0.5",0.196969696969697
"shipped_shape0.5",0.00925925925925926
"shipped_shape0.5",0.111801242236025
"shipped_shape0.5",0
"shipped_shape0.5",0
"shipped_shape0.5",0
"shipped_shape0.5",0.08
"shipped_shape0.5",0.110576923076923
"shipped_shape0.5",0.268571428571429
"shipped_shape0.5",0.0634920634920635
"shipped_shape0.5",0.018018018018018
"shipped_shape0.5",0.133971291866029
"shipped_shape0.5",0.652631578947368
"shipped_shape0.5",0.293023255813953
"shipped_shape0.5",0.254807692307692
"shipped_shape0.5",0
"shipped_shape0.5",0.20627802690583
"shipped_shape0.5",0.0467289719626168
"shipped_shape0.5",0
"shipped_shape0.5",0.884259259259259
"shipped_shape0.5",0.00483091787439614
"shipped_shape0.5",0.841121495327103
"shipped_shape0.5",0.0224215246636771
"shipped_shape0.5",0.33816425120773
"shipped_shape0.5",0.447115384615385
"shipped_shape0.5",0.0040650406504065
"shipped_shape0.5",0.0852017937219731
"shipped_shape0.5",0.105769230769231
"shipped_shape0.5",0.05
"shipped_shape0.5",0.0153846153846154
"shipped_shape0.5",0.0534979423868313
"shipped_shape0.5",0.451776649746193
"shipped_shape0.5",0.0062111801242236
"shipped_shape0.5",0.103092783505155
"shipped_shape0.5",0.0186915887850467
"shipped_shape0.5",0.275
"shipped_shape0.5",0.0191387559808612
"shipped_shape0.5",0.409937888198758
"shipped_shape0.5",0.106060606060606
"shipped_shape0.5",0.0833333333333333
"shipped_shape0.5",0.106481481481481
"shipped_shape0.5",0.172248803827751
"shipped_shape0.5",0.26865671641791
"shipped_shape0.5",0.63681592039801
"shipped_shape0.5",0.148325358851675
"shipped_shape0.5",0.459627329192547
"shipped_shape0.5",0.0134529147982063
"shipped_shape0.5",0.248803827751196
"shipped_shape0.5",0.119170984455959
"shipped_shape0.5",0.386178861788618
"shipped_shape0.5",0.0511627906976744
"shipped_shape0.5",0.235576923076923
"shipped_shape0.5",0.392523364485981
"shipped_shape0.5",0.273148148148148
"shipped_shape0.5",0.782828282828283
"shipped_shape0.5",0.0480769230769231
"shipped_shape0.5",0.0625
"shipped_shape0.5",0.253807106598985
"shipped_shape0.5",0
"shipped_shape0.5",0.0191387559808612
"shipped_shape0.5",0.0307692307692308
"shipped_shape0.5",0.0540540540540541
"shipped_shape0.5",0.963414634146341
"shipped_shape0.5",0.0745341614906832
"shipped_shape0.5",0
"shipped_shape0.5",0.234567901234568
"shipped_shape0.5",0.201793721973094
"shipped_shape0.5",0.908212560386473
"shipped_shape0.5",0
"shipped_shape0.5",0.16751269035533
"shipped_shape0.5",0.605381165919282
"shipped_shape0.5",0.195
"shipped_shape0.5",0.643518518518518
"shipped_shape0.5",0.0143540669856459
"shipped_shape0.5",0.0231481481481481
"shipped_shape0.5",0.305263157894737
"shipped_shape0.5",0.00934579439252336
"shipped_shape0.5",0.151515151515152
"shipped_shape0.5",0.459627329192547
"shipped_shape0.5",0.784615384615385
"shipped_shape0.5",0.045045045045045
"shipped_shape0.5",0
"shipped_shape0.5",0.725888324873096
"shipped_shape0.5",0.00934579439252336
"shipped_shape0.5",0.384615384615385
"shipped_shape0.5",0.0526315789473684
"shipped_shape0.5",0.085
"shipped_shape0.5",0.692307692307692
"shipped_shape0.5",0.245192307692308
"shipped_shape0.5",0.15527950310559
"shipped_shape0.5",0.0324074074074074
"shipped_shape0.5",0.07
"shipped_shape0.5",0.0930232558139535
"shipped_shape0.5",0.162679425837321
"shipped_shape0.5",0.103139013452915
"shipped_shape0.5",0
"shipped_shape0.5",0
"shipped_shape0.5",0.18974358974359
"shipped_shape0.5",0
"shipped_shape0.5",0.0721649484536082
"shipped_shape0.5",0.153846153846154
"shipped_shape0.5",0.121951219512195
"shipped_shape0.5",0.0284552845528455
"shipped_shape0.5",0.0615384615384615
"shipped_shape0.5",0.276923076923077
"shipped_shape0.5",0.317757009345794
"shipped_shape0.5",0.329192546583851
"shipped_shape0.5",0.245192307692308
"shipped_shape0.5",0
"shipped_shape0.5",0.759615384615385
"shipped_shape0.5",0
"shipped_shape0.5",0.236024844720497
"shipped_shape0.5",0.466367713004484
"shipped_shape0.5",0.242152466367713
"shipped_shape0.5",0.471153846153846
"shipped_shape0.5",0.0239234449760766
"shipped_shape0.5",0
"shipped_shape0.5",0.325358851674641
"shipped_shape0.5",0.150837988826816
"shipped_shape0.5",0.050761421319797
"shipped_shape0.5",0.842342342342342
"shipped_shape0.5",0.104072398190045
"shipped_shape0.5",0.117117117117117
"shipped_shape0.5",0
"shipped_shape0.5",0.0471698113207547
"shipped_shape0.5",0
"shipped_shape0.5",0.782828282828283
"shipped_shape0.5",0.041025641025641
"shipped_shape0.5",0.439814814814815
"shipped_shape0.5",0.0102564102564103
"shipped_shape0.5",0.717703349282297
"shipped_shape0.5",0
"shipped_shape0.5",0.0254777070063694
"shipped_shape0.5",0.01875
"shipped_shape0.5",0.0852017937219731
"shipped_shape0.5",0.0101010101010101
"shipped_shape0.5",0.169154228855721
"shipped_shape0.5",0
"shipped_shape0.5",0.111111111111111
"shipped_shape0.5",0.16734693877551
"shipped_shape0.5",0.255
"shipped_shape0.5",0.244343891402715
"shipped_shape0.5",0.0168067226890756
"shipped_shape0.5",0
"shipped_shape0.5",0.494949494949495
"shipped_shape0.5",0.0526315789473684
"shipped_shape0.5",0.479820627802691
"shipped_shape0.5",0.298076923076923
"shipped_shape0.5",0.00478468899521531
"shipped_shape0.5",0.00934579439252336
"shipped_shape0.5",0.0679611650485437
"shipped_shape0.5",0.00930232558139535
"shipped_shape0.5",0.4
"shipped_shape0.5",0.677884615384615
"shipped_shape0.5",0.708074534161491
"shipped_shape0.5",0.045045045045045
"shipped_shape0.5",0.712820512820513
"shipped_shape0.5",0.0675675675675676
"shipped_shape0.5",0
"shipped_shape0.5",0.192307692307692
"shipped_shape0.5",0.110169491525424
"shipped_shape0.5",0.297979797979798
"shipped_shape0.5",0
"shipped_shape0.5",0.542600896860987
"shipped_shape0.5",0.231578947368421
"shipped_shape0.5",0.536585365853659
"shipped_shape0.5",0.0239234449760766
"shipped_shape0.5",0.652173913043478
"shipped_shape0.5",0.242152466367713
"shipped_shape0.5",0.0974358974358974
"shipped_shape0.5",0.800995024875622
"shipped_shape0.5",0.00512820512820513
"shipped_shape0.5",0.0334928229665072
"shipped_shape0.5",0.01875
"shipped_shape0.5",0.0505050505050505
"shipped_shape0.5",0.0656565656565657
"shipped_shape0.5",0.202020202020202
"shipped_shape0.5",0.310126582278481
"shipped_shape0.5",0.129353233830846
"shipped_shape0.5",0.4
"shipped_shape0.5",0
"shipped_shape0.5",0.0134529147982063
"shipped_shape0.5",0.271028037383178
"shipped_shape0.5",0.5875
"shipped_shape0.5",0.129353233830846
"shipped_shape0.5",0.342857142857143
"shipped_shape0.5",0.0746268656716418
"shipped_shape0.5",0.35
"shipped_shape0.5",0.906976744186046
"shipped_shape0.5",0
"shipped_shape0.5",0.555555555555556
"shipped_shape0.5",0
"shipped_shape0.5",0.0179372197309417
"shipped_shape0.5",0.0102564102564103
"shipped_shape0.5",0.0672645739910314
"shipped_shape0.5",0
"shipped_shape0.5",0.0105263157894737
"shipped_shape0.5",0.149038461538462
"shipped_shape0.5",0.54954954954955
"shipped_shape0.5",0
"shipped_shape0.5",0.27
"shipped_shape0.5",0.0880503144654088
"shipped_shape0.5",0
"shipped_shape0.5",0
"shipped_shape0.5",0.0099502487562189
"shipped_shape0.5",0.168224299065421
"shipped_shape0.5",0.0257731958762887
"shipped_shape0.5",0.375
"shipped_shape0.5",0.0723981900452489
"shipped_shape0.5",0.373737373737374
"shipped_shape0.5",0.0654205607476635
"shipped_shape0.5",0.113821138211382
"shipped_shape0.5",0.644859813084112
"shipped_shape0.5",0.291866028708134
"shipped_shape0.5",0.0199004975124378
"shipped_shape0.5",0.0362694300518135
"shipped_shape0.5",0.646464646464647
"shipped_shape0.5",0.0062111801242236
"shipped_shape0.5",0.0199004975124378
"shipped_shape0.5",0.0852017937219731
"shipped_shape0.5",0.0576923076923077
"shipped_shape0.5",0.0630630630630631
"shipped_shape0.5",0.101010101010101
"shipped_shape0.5",0.535353535353535
"shipped_shape0.5",0.25
"shipped_shape0.5",0.7
"shipped_shape0.5",0.0280373831775701
"shipped_shape0.5",0.0651162790697674
"shipped_shape0.5",0
"shipped_shape0.5",0.172248803827751
"shipped_shape0.5",0.298076923076923
"shipped_shape0.5",0.105263157894737
"shipped_shape0.5",0.375
"shipped_shape0.5",0.0745341614906832
"shipped_shape0.5",0.448430493273543
"shipped_shape0.5",0.106976744186047
"shipped_shape0.5",0.280373831775701
"shipped_shape0.5",0.0192307692307692
"shipped_shape0.5",0.813397129186603
"shipped_shape0.5",0.523364485981308
"shipped_shape0.5",0.0384615384615385
"shipped_shape0.5",0.322727272727273
"shipped_shape0.5",0.630769230769231
"shipped_shape0.5",0.466666666666667
"shipped_shape0.5",0.313131313131313
"shipped_shape0.5",0.327354260089686
"shipped_shape0.5",0
"shipped_shape0.5",0.0646551724137931
"shipped_shape0.5",0.235
"shipped_shape0.5",0.247474747474747
"shipped_shape0.5",0.300448430493274
"shipped_shape0.5",0.57487922705314
"shipped_shape0.5",0
"shipped_shape0.5",0.0377358490566038
"shipped_shape0.5",0.0672645739910314
"shipped_shape0.5",0.0717703349282297
"shipped_shape0.5",0.00497512437810945
"shipped_shape0.5",0.26457399103139
"shipped_shape0.5",0.828571428571429
"shipped_shape0.5",0.204651162790698
"shipped_shape0.5",0.856410256410256
"shipped_shape0.5",0.341614906832298
"shipped_shape0.5",0.432558139534884
"shipped_shape0.5",0.397129186602871
"shipped_shape0.5",0.0512820512820513
"shipped_shape0.5",0.278846153846154
"shipped_shape0.5",0.0284552845528455
"shipped_shape0.5",0
"shipped_shape0.5",0.0984455958549223
"shipped_shape0.5",0
"shipped_shape0.5",0.100961538461538
"shipped_shape0.5",0.120192307692308
"shipped_shape0.5",0.0862944162436548
"shipped_shape0.5",0
"shipped_shape0.5",0.109452736318408
"shipped_shape0.5",0.0432692307692308
"shipped_shape0.5",0.00471698113207547
"shipped_shape0.5",0
"shipped_shape0.5",0.111111111111111
"shipped_shape0.5",0.09375
"shipped_shape0.5",0.271028037383178
"shipped_shape0.5",0.01875
"shipped_shape0.5",0.0186335403726708
"shipped_shape0.5",0.15625
"shipped_shape0.5",0.649484536082474
"shipped_shape0.5",0.33739837398374
"shipped_shape0.5",0.242990654205607
"shipped_shape0.5",0.0124223602484472
"shipped_shape0.5",0.25
"shipped_shape0.5",0.0865384615384615
"shipped_shape0.5",0
"shipped_shape0.5",0.86875
"shipped_shape0.5",0.0747663551401869
"shipped_shape0.5",0.869158878504673
"shipped_shape0.5",0
"shipped_shape0.5",0.474226804123711
"shipped_shape0.5",0.5
"shipped_shape0.5",0.0199004975124378
"shipped_shape0.5",0.0796019900497512
"shipped_shape0.5",0.0707070707070707
"shipped_shape0.5",0.00505050505050505
"shipped_shape0.5",0.0152284263959391
"shipped_shape0.5",0.153846153846154
"shipped_shape0.5",0.373831775700935
"shipped_shape0.5",0
"shipped_shape0.5",0.0040650406504065
"shipped_shape0.5",0.0559006211180124
"shipped_shape0.5",0.305
"shipped_shape0.5",0.0124223602484472
"shipped_shape0.5",0.565
"shipped_shape0.5",0.118556701030928
"shipped_shape0.5",0.0648148148148148
"shipped_shape0.5",0.192307692307692
"shipped_shape0.5",0.218604651162791
"shipped_shape0.5",0.300813008130081
"shipped_shape0.5",0.681592039800995
"shipped_shape0.5",0.0796019900497512
"shipped_shape0.5",0.374358974358974
"shipped_shape0.5",0.027906976744186
"shipped_shape0.5",0.297297297297297
"shipped_shape0.5",0.0186915887850467
"shipped_shape0.5",0.411167512690355
"shipped_shape0.5",0.109452736318408
"shipped_shape0.5",0.29
"shipped_shape0.5",0.38
"shipped_shape0.5",0.303482587064677
"shipped_shape0.5",0.75776397515528
"shipped_shape0.5",0.0480769230769231
"shipped_shape0.5",0.127049180327869
"shipped_shape0.5",0.181818181818182
"shipped_shape0.5",0.00480769230769231
"shipped_shape0.5",0.0330578512396694
"shipped_shape0.5",0.0135135135135135
"shipped_shape0.5",0.0143540669856459
"shipped_shape0.5",0.943037974683544
"shipped_shape0.5",0.031390134529148
"shipped_shape0.5",0
"shipped_shape0.5",0.134328358208955
"shipped_shape0.5",0.124378109452736
"shipped_shape0.5",0.864734299516908
"shipped_shape0.5",0.0124223602484472
"shipped_shape0.5",0.125
"shipped_shape0.5",0.615384615384615
"shipped_shape0.5",0.18974358974359
"shipped_shape0.5",0.731958762886598
"shipped_shape0.5",0.0203252032520325
"shipped_shape0.5",0.0358744394618834
"shipped_shape0.5",0.471153846153846
"shipped_shape0.5",0.0717299578059072
"shipped_shape0.5",0.0666666666666667
"shipped_shape0.5",0.348101265822785
"shipped_shape0.5",0.721153846153846
"shipped_shape0.5",0.0869565217391304
"shipped_shape0.5",0
"shipped_shape0.5",0.838509316770186
"shipped_shape0.5",0.00934579439252336
"shipped_shape0.5",0.347222222222222
"shipped_shape0.5",0.0153846153846154
"shipped_shape0.5",0.072463768115942
"shipped_shape0.5",0.56875
"shipped_shape0.5",0.276923076923077
"shipped_shape0.5",0.124223602484472
"shipped_shape0.5",0.0404040404040404
"shipped_shape0.5",0.0745341614906832
"shipped_shape0.5",0.0927835051546392
"shipped_shape0.5",0.121212121212121
"shipped_shape0.5",0.0956937799043062
"shipped_shape0.5",0
"shipped_shape0.5",0.0192307692307692
"shipped_shape0.5",0.387755102040816
"shipped_shape0.5",0
"shipped_shape0.5",0.130434782608696
"shipped_shape0.5",0.0945273631840796
"shipped_shape0.5",0.358208955223881
"shipped_shape0.5",0.025
"shipped_shape0.5",0.0280373831775701
"shipped_shape0.5",0.202898550724638
"shipped_shape0.5",0.164251207729469
"shipped_shape0.5",0.576576576576577
"shipped_shape0.5",0.341614906832298
"shipped_shape0.5",0.00480769230769231
"shipped_shape0.5",0.701863354037267
"shipped_shape0.5",0
"shipped_shape0.5",0.191919191919192
"shipped_shape0.5",0.318385650224215
"shipped_shape0.5",0.345360824742268
"shipped_shape0.5",0.591836734693878
"shipped_shape0.5",0.00934579439252336
"shipped_shape0.5",0
"shipped_shape0.5",0.283582089552239
"shipped_shape0.5",0.343589743589744
"shipped_shape0.5",0.0769230769230769
"shipped_shape0.5",0.855769230769231
"shipped_shape0.5",0.158536585365854
"shipped_shape0.5",0.09
"shipped_shape0.5",0
"shipped_shape0.5",0.0769230769230769
"shipped_shape0.5",0
"shipped_shape0.5",0.794392523364486
"shipped_shape0.5",0.0696517412935323
"shipped_shape0.5",0.5
"shipped_shape0.5",0.0191387559808612
"shipped_shape0.5",0.817073170731707
"shipped_shape0.5",0
"shipped_shape0.5",0.0416666666666667
"shipped_shape0.5",0
"shipped_shape0.5",0.0256410256410256
"shipped_shape0.5",0.0101010101010101
"shipped_shape0.5",0.20627802690583
"shipped_shape0.5",0
"shipped_shape0.5",0.204651162790698
"shipped_shape0.5",0.177570093457944
"shipped_shape0.5",0.379591836734694
"shipped_shape0.5",0.114427860696517
"shipped_shape0.5",0.00961538461538462
"shipped_shape0.5",0
"shipped_shape0.5",0.545
"shipped_shape0.5",0.031055900621118
"shipped_shape0.5",0.412556053811659
"shipped_shape0.5",0.398989898989899
"shipped_shape0.5",0
"shipped_shape0.5",0.0134529147982063
"shipped_shape0.5",0.0239234449760766
"shipped_shape0.5",0.0796019900497512
"shipped_shape0.5",0.181818181818182
"shipped_shape0.5",0.682242990654206
"shipped_shape0.5",0.75
"shipped_shape0.5",0.0819672131147541
"shipped_shape0.5",0.78974358974359
"shipped_shape0.5",0.125560538116592
"shipped_shape0.5",0.0124223602484472
"shipped_shape0.5",0.164179104477612
"shipped_shape0.5",0.27363184079602
"shipped_shape0.5",0.343434343434343
"shipped_shape0.5",0.00961538461538462
"shipped_shape0.5",0.651515151515151
"shipped_shape0.5",0.154228855721393
"shipped_shape0.5",0.507462686567164
"shipped_shape0.5",0.0434782608695652
"shipped_shape0.5",0.641414141414141
"shipped_shape0.5",0.323383084577114
"shipped_shape0.5",0.0497512437810945
"shipped_shape0.5",0.736040609137056
"shipped_shape0.5",0
"shipped_shape0.5",0.00515463917525773
"shipped_shape0.5",0
"shipped_shape0.5",0.0796019900497512
"shipped_shape0.5",0.149253731343284
"shipped_shape0.5",0.2
"shipped_shape0.5",0.407960199004975
"shipped_shape0.5",0.217391304347826
"shipped_shape0.5",0.125581395348837
"shipped_shape0.5",0
"shipped_shape0.5",0.00512820512820513
"shipped_shape0.5",0.24537037037037
"shipped_shape0.5",0.570093457943925
"shipped_shape0.5",0.0625
"shipped_shape0.5",0.288372093023256
"shipped_shape0.5",0.0871794871794872
"shipped_shape0.5",0.567307692307692
"shipped_shape0.5",0.903225806451613
"shipped_shape0.5",0
"shipped_shape0.5",0.505154639175258
"shipped_shape0.5",0
"shipped_shape0.5",0.0143540669856459
"shipped_shape0.5",0
"shipped_shape0.5",0.0493273542600897
"shipped_shape0.5",0.0050251256281407
"shipped_shape0.5",0.0240384615384615
"shipped_shape0.5",0.176100628930818
"shipped_shape0.5",0.528846153846154
"shipped_shape0.5",0
"shipped_shape0.5",0.172093023255814
"shipped_shape0.5",0.062780269058296
"shipped_shape0.5",0.00448430493273543
"shipped_shape0.5",0
"shipped_shape0.5",0.00934579439252336
"shipped_shape0.5",0.138461538461538
"shipped_shape0.5",0.0233644859813084
"shipped_shape0.5",0.263157894736842
"shipped_shape0.5",0.076555023923445
"shipped_shape0.5",0.383177570093458
"shipped_shape0.5",0.0099502487562189
"shipped_shape0.5",0.0995024875621891
"shipped_shape0.5",0.668341708542714
"shipped_shape0.5",0.283653846153846
"shipped_shape0.5",0.055
"shipped_shape0.5",0.0102564102564103
"shipped_shape0.5",0.66497461928934
"shipped_shape0.5",0
"shipped_shape0.5",0.0288461538461538
"shipped_shape0.5",0.0373831775700935
"shipped_shape0.5",0.0194174757281553
"shipped_shape0.5",0.215384615384615
"shipped_shape0.5",0.0909090909090909
"shipped_shape0.5",0.43
"shipped_shape0.5",0.429906542056075
"shipped_shape0.5",0.681818181818182
"shipped_shape0.5",0.00956937799043062
"shipped_shape0.5",0.076555023923445
"shipped_shape0.5",0
"shipped_shape0.5",0.232323232323232
"shipped_shape0.5",0.448430493273543
"shipped_shape0.5",0.110576923076923
"shipped_shape0.5",0.26865671641791
"shipped_shape0.5",0.0628019323671498
"shipped_shape0.5",0.520325203252033
"shipped_shape0.5",0.218905472636816
"shipped_shape0.5",0.35
"shipped_shape0.5",0.0240384615384615
"shipped_shape0.5",0.766816143497758
"shipped_shape0.5",0.702564102564103
"shipped_shape0.5",0
"shipped_shape0.5",0.31578947368421
"shipped_shape0.5",0.542056074766355
"shipped_shape0.5",0.497435897435897
"shipped_shape0.5",0.213930348258706
"shipped_shape0.5",0.129807692307692
"shipped_shape0.5",0
"shipped_shape0.5",0.0966183574879227
"shipped_shape0.5",0.24223602484472
"shipped_shape0.5",0.666666666666667
"shipped_shape0.5",0.302884615384615
"shipped_shape0.5",0.634259259259259
"shipped_shape0.5",0.00934579439252336
"shipped_shape0.5",0.00934579439252336
"shipped_shape0.5",0.168269230769231
"shipped_shape0.5",0.0560747663551402
"shipped_shape0.5",0.0125
"shipped_shape0.5",0.293532338308458
"shipped_shape0.5",0.793269230769231
"shipped_shape0.5",0.14
"shipped_shape0.5",0.91875
"shipped_shape0.5",0.5375
"shipped_shape0.5",0.365384615384615
"shipped_shape0.5",0.313432835820896
"shipped_shape0.5",0.115789473684211
"shipped_shape0.5",0.328282828282828
"shipped_shape0.5",0.0348258706467662
"shipped_shape0.5",0
"shipped_shape0.5",0.0348258706467662
"shipped_shape0.5",0
"shipped_shape0.5",0.170984455958549
"shipped_shape0.5",0.0416666666666667
"shipped_shape0.5",0.0909090909090909
"shipped_shape0.5",0.0224215246636771
"shipped_shape0.5",0.158653846153846
"shipped_shape0.5",0.0231481481481481
"shipped_shape0.5",0
"shipped_shape0.5",0
"shipped_shape0.5",0.1
"shipped_shape0.5",0.176100628930818
"shipped_shape0.5",0.301435406698565
"shipped_shape0.5",0.0686274509803922
"shipped_shape0.5",0.0894308943089431
"shipped_shape0.5",0.364485981308411
"shipped_shape0.5",0.62111801242236
"shipped_shape0.5",0.366459627329193
"shipped_shape0.5",0.363636363636364
"shipped_shape0.5",0.01
"shipped_shape0.5",0.50761421319797
"shipped_shape0.5",0.0456852791878173
"shipped_shape0.5",0
"shipped_shape0.5",0.917874396135266
"shipped_shape0.5",0.0124223602484472
"shipped_shape0.5",0.803418803418803
"shipped_shape0.5",0.0193236714975845
"shipped_shape0.5",0.540372670807453
"shipped_shape0.5",0.347368421052632
"shipped_shape0.5",0
"shipped_shape0.5",0.106481481481481
"shipped_shape0.5",0.0694444444444444
"shipped_shape0.5",0.00961538461538462
"shipped_shape0.5",0.0531400966183575
"shipped_shape0.5",0.0452488687782805
"shipped_shape0.5",0.287081339712919
"shipped_shape0.5",0
"shipped_shape0.5",0.0398009950248756
"shipped_shape0.5",0.121076233183857
"shipped_shape0.5",0.334928229665072
"shipped_shape0.5",0.00961538461538462
"shipped_shape0.5",0.62
"shipped_shape0.5",0.0606060606060606
"shipped_shape0.5",0.106122448979592
"shipped_shape0.5",0.154228855721393
"shipped_shape0.5",0.264248704663212
"shipped_shape0.5",0.206730769230769
"shipped_shape0.5",0.644859813084112
"shipped_shape0.5",0.0471698113207547
"shipped_shape0.5",0.335
"shipped_shape0.5",0.0434782608695652
"shipped_shape0.5",0.394871794871795
"shipped_shape0.5",0.074235807860262
"shipped_shape0.5",0.362790697674419
"shipped_shape0.5",0.347826086956522
"shipped_shape0.5",0.399038461538462
"shipped_shape0.5",0.194871794871795
"shipped_shape0.5",0.361111111111111
"shipped_shape0.5",0.825870646766169
"shipped_shape0.5",0.0528455284552846
"shipped_shape0.5",0.0298507462686567
"shipped_shape0.5",0.1875
"shipped_shape0.5",0
"shipped_shape0.5",0.0192307692307692
"shipped_shape0.5",0.0124223602484472
"shipped_shape0.5",0.00934579439252336
"shipped_shape0.5",0.874439461883408
"shipped_shape0.5",0.0954356846473029
"shipped_shape0.5",0
"shipped_shape0.5",0.103139013452915
"shipped_shape0.5",0.151898734177215
"shipped_shape0.5",0.869565217391304
"shipped_shape0.5",0.0102564102564103
"shipped_shape0.5",0.0769230769230769
"shipped_shape0.5",0.583756345177665
"shipped_shape0.5",0.149253731343284
"shipped_shape0.5",0.732323232323232
"shipped_shape0.5",0.0143540669856459
"shipped_shape0.5",0.0224215246636771
"shipped_shape0.5",0.357466063348416
"shipped_shape0.5",0.0461538461538462
"shipped_shape0.5",0.141414141414141
"shipped_shape0.5",0.375
"shipped_shape0.5",0.73134328358209
"shipped_shape0.5",0.0558375634517767
"shipped_shape0.5",0
"shipped_shape0.5",0.810945273631841
"shipped_shape0.5",0
"shipped_shape0.5",0.322448979591837
"shipped_shape0.5",0.0101522842639594
"shipped_shape0.5",0.16751269035533
"shipped_shape0.5",0.615740740740741
"shipped_shape0.5",0.229813664596273
"shipped_shape0.5",0.166666666666667
"shipped_shape0.5",0.0531914893617021
"shipped_shape0.5",0.115384615384615
"shipped_shape0.5",0.201923076923077
"shipped_shape0.5",0.0841121495327103
"shipped_shape0.5",0.0841121495327103
"shipped_shape0.5",0
"shipped_shape0.5",0.00896860986547085
"shipped_shape0.5",0.1875
"shipped_shape0.5",0.00934579439252336
"shipped_shape0.5",0.163265306122449
"shipped_shape0.5",0.041025641025641
"shipped_shape0.5",0.285024154589372
"shipped_shape0.5",0.0597014925373134
"shipped_shape0.5",0.0358974358974359
"shipped_shape0.5",0.22488038277512
"shipped_shape0.5",0.27363184079602
"shipped_shape0.5",0.273148148148148
"shipped_shape0.5",0.225641025641026
"shipped_shape0.5",0.013953488372093
"shipped_shape0.5",0.607655502392344
"shipped_shape0.5",0
"shipped_shape0.5",0.199004975124378
"shipped_shape0.5",0.345794392523364
"shipped_shape0.5",0.352657004830918
"shipped_shape0.5",0.343434343434343
"shipped_shape0.5",0.005
"shipped_shape0.5",0.00448430493273543
"shipped_shape0.5",0.32520325203252
"shipped_shape0.5",0.138888888888889
"shipped_shape0.5",0.0256410256410256
"shipped_shape0.5",0.889795918367347
"shipped_shape0.5",0.0909090909090909
"shipped_shape0.5",0.102803738317757
"shipped_shape0.5",0.00966183574879227
"shipped_shape0.5",0.0717948717948718
"shipped_shape0.5",0
"shipped_shape0.5",0.788288288288288
"shipped_shape0.5",0.0121951219512195
"shipped_shape0.5",0.435185185185185
"shipped_shape0.5",0.0315789473684211
"shipped_shape0.5",0.644230769230769
"shipped_shape0.5",0
"shipped_shape0.5",0.100478468899522
"shipped_shape0.5",0.0153846153846154
"shipped_shape0.5",0.07
"shipped_shape0.5",0.0188679245283019
"shipped_shape0.5",0.2
"shipped_shape0.5",0.00480769230769231
"shipped_shape0.5",0.143518518518519
"shipped_shape0.5",0.124223602484472
"shipped_shape0.5",0.344497607655502
"shipped_shape0.5",0.158974358974359
"shipped_shape0.5",0.005
"shipped_shape0.5",0
"shipped_shape0.5",0.457399103139013
"shipped_shape0.5",0.0430622009569378
"shipped_shape0.5",0.491525423728814
"shipped_shape0.5",0.342342342342342
"shipped_shape0.5",0
"shipped_shape0.5",0.01
"shipped_shape0.5",0.00925925925925926
"shipped_shape0.5",0.0540540540540541
"shipped_shape0.5",0.173076923076923
"shipped_shape0.5",0.644230769230769
"shipped_shape0.5",0.653846153846154
"shipped_shape0.5",0.0192307692307692
"shipped_shape0.5",0.7875
"shipped_shape0.5",0.123076923076923
"shipped_shape0.5",0
"shipped_shape0.5",0.18552036199095
"shipped_shape0.5",0.130044843049327
"shipped_shape0.5",0.429292929292929
"shipped_shape0.5",0
"shipped_shape0.5",0.5
"shipped_shape0.5",0.180904522613065
"shipped_shape0.5",0.588785046728972
"shipped_shape0.5",0.0769230769230769
"shipped_shape0.5",0.66839378238342
"shipped_shape0.5",0.221649484536082
"shipped_shape0.5",0.0304347826086957
"shipped_shape0.5",0.650406504065041
"shipped_shape0.5",0
"shipped_shape0.5",0.062200956937799
"shipped_shape0.5",0.02
"shipped_shape0.5",0.100961538461538
"shipped_shape0.5",0.149038461538462
"shipped_shape0.5",0.120192307692308
"shipped_shape0.5",0.219730941704036
"shipped_shape0.5",0.198757763975155
"shipped_shape0.5",0.12962962962963
"shipped_shape0.5",0.00628930817610063
"shipped_shape0.5",0.0121951219512195
"shipped_shape0.5",0.328282828282828
"shipped_shape0.5",0.646511627906977
"shipped_shape0.5",0.0630630630630631
"shipped_shape0.5",0.444976076555024
"shipped_shape0.5",0.0485436893203883
"shipped_shape0.5",0.454545454545455
"shipped_shape0.5",0.873737373737374
"shipped_shape0.5",0
"shipped_shape0.5",0.550925925925926
"shipped_shape0.5",0
"shipped_shape0.5",0.00930232558139535
"shipped_shape0.5",0.0124223602484472
"shipped_shape0.5",0.0615384615384615
"shipped_shape0.5",0.00505050505050505
"shipped_shape0.5",0.0102564102564103
"shipped_shape0.5",0.315573770491803
"shipped_shape0.5",0.654205607476635
"shipped_shape0.5",0
"shipped_shape0.5",0.217573221757322
"shipped_shape0.5",0.167441860465116
"shipped_shape0.5",0
"shipped_shape0.5",0.00497512437810945
"shipped_shape0.5",0.0103092783505155
"shipped_shape0.5",0.17948717948718
"shipped_shape0.5",0.0204081632653061
"shipped_shape0.5",0.24
"shipped_shape0.5",0.00934579439252336
"shipped_shape0.5",0.52020202020202
"shipped_shape0.5",0.0100502512562814
"shipped_shape0.5",0.0740740740740741
"shipped_shape0.5",0.669767441860465
"shipped_shape0.5",0.235897435897436
"shipped_shape0.5",0.0434782608695652
"shipped_shape0.5",0.031055900621118
"shipped_shape0.5",0.626168224299065
"shipped_shape0.5",0
"shipped_shape0.5",0
"shipped_shape0.5",0.00408163265306122
"shipped_shape0.5",0.00956937799043062
"shipped_shape0.5",0.109756097560976
"shipped_shape0.5",0.0280373831775701
"shipped_shape0.5",0.541666666666667
"shipped_shape0.5",0.239234449760766
"shipped_shape0.5",0.66
"shipped_shape0.5",0.0062111801242236
"shipped_shape0.5",0.0382775119617225
"shipped_shape0.5",0.0040650406504065
"shipped_shape0.5",0.119341563786008
"shipped_shape0.5",0.42051282051282
"shipped_shape0.5",0.110552763819095
"shipped_shape0.5",0.439252336448598
"shipped_shape0.5",0.0765765765765766
"shipped_shape0.5",0.484276729559748
"shipped_shape0.5",0.15695067264574
"shipped_shape0.5",0.369369369369369
"shipped_shape0.5",0.0134529147982063
"shipped_shape0.5",0.877551020408163
"shipped_shape0.5",0.502392344497608
"shipped_shape0.5",0.0512820512820513
"shipped_shape0.5",0.239234449760766
"shipped_shape0.5",0.453416149068323
"shipped_shape0.5",0.478468899521531
"shipped_shape0.5",0.281553398058252
"shipped_shape0.5",0.162037037037037
"shipped_shape0.5",0
"shipped_shape0.5",0.0871794871794872
"shipped_shape0.5",0.131313131313131
"shipped_shape0.5",0.293532338308458
"shipped_shape0.5",0.495327102803738
"shipped_shape0.5",0.514018691588785
"shipped_shape0.5",0
"shipped_shape0.5",0
"shipped_shape0.5",0.111801242236025
"shipped_shape0.5",0.0232558139534884
"shipped_shape0.5",0.00454545454545455
"shipped_shape0.5",0.334841628959276
"shipped_shape0.5",0.72
"shipped_shape0.5",0.206730769230769
"shipped_shape0.5",0.953271028037383
"shipped_shape0.5",0.409937888198758
"shipped_shape0.5",0.487562189054726
"shipped_shape0.5",0.368421052631579
"shipped_shape0.5",0.0869565217391304
"shipped_shape0.5",0.392523364485981
"shipped_shape0.5",0.0509259259259259
"shipped_shape0.5",0
"shipped_shape0.5",0.0769230769230769
"shipped_shape0.5",0
"shipped_shape0.5",0.169230769230769
"shipped_shape0.5",0.0226244343891403
"shipped_shape0.5",0.105590062111801
"shipped_shape0.5",0.053941908713693
"shipped_shape0.5",0.110576923076923
"shipped_shape0.5",0.018018018018018
"shipped_shape0.5",0
"shipped_shape0.5",0.005
"shipped_shape0.5",0.114832535885167
"shipped_shape0.5",0.129353233830846
"shipped_shape0.5",0.393939393939394
"shipped_shape0.5",0.114427860696517
"shipped_shape0.5",0.0430622009569378
"shipped_shape0.5",0.172248803827751
"shipped_shape0.5",0.728971962616822
"shipped_shape0.5",0.2
"shipped_shape0.5",0.269058295964126
"shipped_shape0.5",0.005
"shipped_shape0.5",0.264227642276423
"shipped_shape0.5",0.19375
"shipped_shape0.5",0
"shipped_shape0.5",0.883408071748879
"shipped_shape0.5",0.00467289719626168
"shipped_shape0.5",0.731481481481482
"shipped_shape0.5",0.031055900621118
"shipped_shape0.5",0.354545454545455
"shipped_shape0.5",0.51207729468599
"shipped_shape0.5",0.00925925925925926
"shipped_shape0.5",0.051063829787234
"shipped_shape0.5",0.138888888888889
"shipped_shape0.5",0.00478468899521531
"shipped_shape0.5",0.0202020202020202
"shipped_shape0.5",0.152777777777778
"shipped_shape0.5",0.347826086956522
"shipped_shape0.5",0.00485436893203883
"shipped_shape0.5",0.0143540669856459
"shipped_shape0.5",0.0576923076923077
"shipped_shape0.5",0.154228855721393
"shipped_shape0.5",0.00961538461538462
"shipped_shape0.5",0.405
"shipped_shape0.5",0.0307692307692308
"shipped_shape0.5",0.0205128205128205
"shipped_shape0.5",0.105769230769231
"shipped_shape0.5",0.279503105590062
"shipped_shape0.5",0.285714285714286
"shipped_shape0.5",0.656565656565657
"shipped_shape0.5",0.077319587628866
"shipped_shape0.5",0.598130841121495
"shipped_shape0.5",0.0240384615384615
"shipped_shape0.5",0.25462962962963
"shipped_shape0.5",0.0941704035874439
"shipped_shape0.5",0.575757575757576
"shipped_shape0.5",0.235576923076923
"shipped_shape0.5",0.364485981308411
"shipped_shape0.5",0.259259259259259
"shipped_shape0.5",0.401913875598086
"shipped_shape0.5",0.825
"shipped_shape0.5",0.125
"shipped_shape0.5",0.118012422360248
"shipped_shape0.5",0.2
"shipped_shape0.5",0.00478468899521531
"shipped_shape0.5",0.0511627906976744
"shipped_shape0.5",0.025
"shipped_shape0.5",0.0588235294117647
"shipped_shape0.5",0.962616822429907
"shipped_shape0.5",0.138461538461538
"shipped_shape0.5",0.005
"shipped_shape0.5",0.17910447761194
"shipped_shape0.5",0.138888888888889
"shipped_shape0.5",0.857142857142857
"shipped_shape0.5",0.00480769230769231
"shipped_shape0.5",0.0923076923076923
"shipped_shape0.5",0.467289719626168
"shipped_shape0.5",0.20125786163522
"shipped_shape0.5",0.658653846153846
"shipped_shape0.5",0.0153846153846154
"shipped_shape0.5",0.0287081339712919
"shipped_shape0.5",0.40251572327044
"shipped_shape0.5",0.0308370044052863
"shipped_shape0.5",0.101010101010101
"shipped_shape0.5",0.385
"shipped_shape0.5",0.797979797979798
"shipped_shape0.5",0.0421052631578947
"shipped_shape0.5",0.00480769230769231
"shipped_shape0.5",0.865853658536585
"shipped_shape0.5",0
"shipped_shape0.5",0.409090909090909
"shipped_shape0.5",0.0224215246636771
"shipped_shape0.5",0.101522842639594
"shipped_shape0.5",0.727272727272727
"shipped_shape0.5",0.260869565217391
"shipped_shape0.5",0.0943396226415094
"shipped_shape0.5",0.0651162790697674
"shipped_shape0.5",0.105590062111801
"shipped_shape0.5",0.0740740740740741
"shipped_shape0.5",0.205607476635514
"shipped_shape0.5",0.103092783505155
"shipped_shape0.5",0
"shipped_shape0.5",0
"shipped_shape0.5",0.184466019417476
"shipped_shape0.5",0.00448430493273543
"shipped_shape0.5",0.055
"shipped_shape0.5",0.0373831775700935
"shipped_shape0.5",0.115740740740741
"shipped_shape0.5",0.0315315315315315
"shipped_shape0.5",0.0382775119617225
"shipped_shape0.5",0.231481481481481
"shipped_shape0.5",0.246636771300448
"shipped_shape0.5",0.260869565217391
"shipped_shape0.5",0.292929292929293
"shipped_shape0.5",0
"shipped_shape0.5",0.731481481481482
"shipped_shape0.5",0.0186915887850467
"shipped_shape0.5",0.225
"shipped_shape0.5",0.328282828282828
"shipped_shape0.5",0.368421052631579
"shipped_shape0.5",0.354260089686099
"shipped_shape0.5",0
"shipped_shape0.5",0
"shipped_shape0.5",0.261682242990654
"shipped_shape0.5",0.220095693779904
"shipped_shape0.5",0.041025641025641
"shipped_shape0.5",0.82741116751269
"shipped_shape0.5",0.0382775119617225
"shipped_shape0.5",0.126262626262626
"shipped_shape0.5",0
"shipped_shape0.5",0.0582959641255605
"shipped_shape0.5",0
"shipped_shape0.5",0.8
"shipped_shape0.5",0.0384615384615385
"shipped_shape0.5",0.577405857740586
"shipped_shape0.5",0.0179372197309417
"shipped_shape0.5",0.607476635514019
"shipped_shape0.5",0
"shipped_shape0.5",0.0560747663551402
"shipped_shape0.5",0
"shipped_shape0.5",0.0576923076923077
"shipped_shape0.5",0.0192307692307692
"shipped_shape0.5",0.130841121495327
"shipped_shape0.5",0.00480769230769231
"shipped_shape0.5",0.124401913875598
"shipped_shape0.5",0.144329896907216
"shipped_shape0.5",0.274590163934426
"shipped_shape0.5",0.151515151515152
"shipped_shape0.5",0.0480769230769231
"shipped_shape0.5",0
"shipped_shape0.5",0.548543689320388
"shipped_shape0.5",0.0185185185185185
"shipped_shape0.5",0.622641509433962
"shipped_shape0.5",0.31063829787234
"shipped_shape0.5",0.005
"shipped_shape0.5",0.00934579439252336
"shipped_shape0.5",0.0564102564102564
"shipped_shape0.5",0.102803738317757
"shipped_shape0.5",0.243781094527363
"shipped_shape0.5",0.668161434977579
"shipped_shape0.5",0.565656565656566
"shipped_shape0.5",0.03
"shipped_shape0.5",0.770334928229665
"shipped_shape0.5",0.18974358974359
"shipped_shape0.5",0
"shipped_shape0.5",0.194871794871795
"shipped_shape0.5",0.0934959349593496
"shipped_shape0.5",0.66497461928934
"shipped_shape0.5",0
"shipped_shape0.5",0.502487562189055
"shipped_shape0.5",0.168269230769231
"shipped_shape0.5",0.545045045045045
"shipped_shape0.5",0.101851851851852
"shipped_shape0.5",0.651741293532338
"shipped_shape0.5",0.293269230769231
"shipped_shape0.5",0.03125
"shipped_shape0.5",0.818181818181818
"shipped_shape0.5",0.0448430493273543
"shipped_shape0.5",0.0298507462686567
"shipped_shape0.5",0.0462962962962963
"shipped_shape0.5",0.108247422680412
"shipped_shape0.5",0.172897196261682
"shipped_shape0.5",0.154471544715447
"shipped_shape0.5",0.228855721393035
"shipped_shape0.5",0.142857142857143
"shipped_shape0.5",0.10062893081761
"shipped_shape0.5",0
"shipped_shape0.5",0.00497512437810945
"shipped_shape0.5",0.252525252525253
"shipped_shape0.5",0.727272727272727
"shipped_shape0.5",0.119617224880383
"shipped_shape0.5",0.331838565022422
"shipped_shape0.5",0.0361990950226244
"shipped_shape0.5",0.31578947368421
"shipped_shape0.5",0.833333333333333
"shipped_shape0.5",0
"shipped_shape0.5",0.600896860986547
"shipped_shape0.5",0
"shipped_shape0.5",0.00510204081632653
"shipped_shape0.5",0.00505050505050505
"shipped_shape0.5",0.0717488789237668
"shipped_shape0.5",0
"shipped_shape0.5",0.0404040404040404
"shipped_shape0.5",0.206730769230769
"shipped_shape0.5",0.461538461538462
"shipped_shape0.5",0
"shipped_shape0.5",0.344497607655502
"shipped_shape0.5",0.0717703349282297
"shipped_shape0.5",0.00896860986547085
"shipped_shape0.5",0
"shipped_shape0.5",0.0205128205128205
"shipped_shape0.5",0.262886597938144
"shipped_shape0.5",0.0224215246636771
"shipped_shape0.5",0.228699551569507
"shipped_shape0.5",0.0205128205128205
"shipped_shape0.5",0.541666666666667
"shipped_shape0.5",0.00480769230769231
"shipped_shape0.5",0.130841121495327
"shipped_shape0.5",0.716417910447761
"shipped_shape0.5",0.247474747474747
"shipped_shape0.5",0.037037037037037
"shipped_shape0.5",0.0448430493273543
"shipped_shape0.5",0.502487562189055
"shipped_shape0.5",0.00478468899521531
"shipped_shape0.5",0.0253807106598985
"shipped_shape0.5",0.00625
"shipped_shape0.5",0.041025641025641
"shipped_shape0.5",0.0398009950248756
"shipped_shape0.5",0.054726368159204
"shipped_shape0.5",0.341614906832298
"shipped_shape0.5",0.37962962962963
"shipped_shape0.5",0.681614349775785
"shipped_shape0.5",0
"shipped_shape0.5",0.0404040404040404
"shipped_shape0.5",0.0358974358974359
"shipped_shape0.5",0.149253731343284
"shipped_shape0.5",0.461538461538462
"shipped_shape0.5",0.0865384615384615
"shipped_shape0.5",0.310185185185185
"shipped_shape0.5",0.126016260162602
"shipped_shape0.5",0.451282051282051
"shipped_shape0.5",0.12962962962963
"shipped_shape0.5",0.216346153846154
"shipped_shape0.5",0.0144230769230769
"shipped_shape0.5",0.735849056603774
"shipped_shape0.5",0.57948717948718
"shipped_shape0.5",0.0721153846153846
"shipped_shape0.5",0.283653846153846
"shipped_shape0.5",0.54726368159204
"shipped_shape0.5",0.432098765432099
"shipped_shape0.5",0.18
"shipped_shape0.5",0.0808080808080808
"shipped_shape0.5",0
"shipped_shape0.5",0.0480769230769231
"shipped_shape0.5",0.125581395348837
"shipped_shape0.5",0.226851851851852
"shipped_shape0.5",0.334928229665072
"shipped_shape0.5",0.482051282051282
"shipped_shape0.5",0
"shipped_shape0.5",0
"shipped_shape0.5",0.105263157894737
"shipped_shape0.5",0.101851851851852
"shipped_shape0.5",0.00934579439252336
"shipped_shape0.5",0.192307692307692
"shipped_shape0.5",0.739583333333333
"shipped_shape0.5",0.149253731343284
"shipped_shape0.5",0.870646766169154
"shipped_shape0.5",0.312820512820513
"shipped_shape0.5",0.439814814814815
"shipped_shape0.5",0.496894409937888
"shipped_shape0.5",0.0666666666666667
"shipped_shape0.5",0.327102803738318
"shipped_shape0.5",0.0138888888888889
"shipped_shape0.5",0
"shipped_shape0.5",0.106060606060606
"shipped_shape0.5",0
"shipped_shape0.5",0.235576923076923
"shipped_shape0.5",0.0454545454545455
"shipped_shape0.5",0.148325358851675
"shipped_shape0.5",0.0336538461538462
"shipped_shape0.5",0.405797101449275
"shipped_shape0.5",0.0134529147982063
"shipped_shape0.5",0
"shipped_shape0.5",0
"shipped_shape0.5",0.0497512437810945
"shipped_shape0.5",0.0358974358974359
"shipped_shape0.5",0.37037037037037
"shipped_shape0.5",0.0144230769230769
"shipped_shape0.5",0.0192307692307692
"shipped_shape0.5",0.143497757847534
"shipped_shape0.5",0.67479674796748
"shipped_shape0.5",0.271028037383178
"shipped_shape0.5",0.411483253588517
"shipped_shape0.5",0.0654205607476635
"shipped_shape0.5",0.326315789473684
"shipped_shape0.5",0.130841121495327
"shipped_shape0.5",0
"shipped_shape0.5",0.934579439252336
"shipped_shape0.5",0.0099502487562189
"shipped_shape0.5",0.865384615384615
"shipped_shape0.5",0.00970873786407767
"shipped_shape0.5",0.458333333333333
"shipped_shape0.5",0.597222222222222
"shipped_shape0.5",0
"shipped_shape0.5",0.0509259259259259
"shipped_shape0.5",0.168421052631579
"shipped_shape0.5",0.0151515151515152
"shipped_shape0.5",0.080168776371308
"shipped_shape0.5",0.107692307692308
"shipped_shape0.5",0.430894308943089
"shipped_shape0.5",0.0463917525773196
"shipped_shape0.5",0.0144230769230769
"shipped_shape0.5",0.0747663551401869
"shipped_shape0.5",0.273291925465839
"shipped_shape0.5",0.0149253731343284
"shipped_shape0.5",0.45
"shipped_shape0.5",0.0505050505050505
"shipped_shape0.5",0.280612244897959
"shipped_shape0.5",0.120772946859903
"shipped_shape0.5",0.164179104477612
"shipped_shape0.5",0.177884615384615
"shipped_shape0.5",0.62051282051282
"shipped_shape0.5",0.0808080808080808
"shipped_shape0.5",0.378048780487805
"shipped_shape0.5",0.0105263157894737
"shipped_shape0.5",0.303482587064677
"shipped_shape0.5",0.0382775119617225
"shipped_shape0.5",0.385093167701863
"shipped_shape0.5",0.100478468899522
"shipped_shape0.5",0.26457399103139
"shipped_shape0.5",0.20627802690583
"shipped_shape0.5",0.299065420560748
"shipped_shape0.5",0.873737373737374
"shipped_shape0.5",0.0821256038647343
"shipped_shape0.5",0.0942622950819672
"shipped_shape0.5",0.254716981132075
"shipped_shape0.5",0.00505050505050505
"shipped_shape0.5",0.00961538461538462
"shipped_shape0.5",0.0315789473684211
"shipped_shape0.5",0.0102564102564103
"shipped_shape0.5",0.899038461538462
"shipped_shape0.5",0.062780269058296
"shipped_shape0.5",0
"shipped_shape0.5",0.152777777777778
"shipped_shape0.5",0.205607476635514
"shipped_shape0.5",0.893004115226337
"shipped_shape0.5",0.0062111801242236
"shipped_shape0.5",0.129807692307692
"shipped_shape0.5",0.54066985645933
"shipped_shape0.5",0.29
"shipped_shape0.5",0.733009708737864
"shipped_shape0.5",0.0144230769230769
"shipped_shape0.5",0
"shipped_shape0.5",0.430894308943089
"shipped_shape0.5",0.0280373831775701
"shipped_shape0.5",0.0707070707070707
"shipped_shape0.5",0.242424242424242
"shipped_shape0.5",0.808080808080808
"shipped_shape0.5",0.041025641025641
"shipped_shape0.5",0.00480769230769231
"shipped_shape0.5",0.751196172248804
"shipped_shape0.5",0
"shipped_shape0.5",0.423076923076923
"shipped_shape0.5",0.018018018018018
"shipped_shape0.5",0.0775510204081633
"shipped_shape0.5",0.649746192893401
"shipped_shape0.5",0.526315789473684
"shipped_shape0.5",0.168421052631579
"shipped_shape0.5",0.0941704035874439
"shipped_shape0.5",0.177664974619289
"shipped_shape0.5",0.0819672131147541
"shipped_shape0.5",0.157407407407407
"shipped_shape0.5",0.076555023923445
"shipped_shape0.5",0
"shipped_shape0.5",0.00930232558139535
"shipped_shape0.5",0.285
"shipped_shape0.5",0
"shipped_shape0.5",0.095959595959596
"shipped_shape0.5",0.0287081339712919
"shipped_shape0.5",0.0972222222222222
"shipped_shape0.5",0.0505050505050505
"shipped_shape0.5",0.031390134529148
"shipped_shape0.5",0.29951690821256
"shipped_shape0.5",0.135
"shipped_shape0.5",0.288461538461538
"shipped_shape0.5",0.236024844720497
"shipped_shape0.5",0.065
"shipped_shape0.5",0.711442786069652
"shipped_shape0.5",0
"shipped_shape0.5",0.335051546391753
"shipped_shape0.5",0.347826086956522
"shipped_shape0.5",0.333333333333333
"shipped_shape0.5",0.384615384615385
"shipped_shape0.5",0.0202020202020202
"shipped_shape0.5",0
"shipped_shape0.5",0.294685990338164
"shipped_shape0.5",0.11219512195122
"shipped_shape0.5",0.11734693877551
"shipped_shape0.5",0.845528455284553
"shipped_shape0.5",0.0812182741116751
"shipped_shape0.5",0.0514018691588785
"shipped_shape0.5",0.00465116279069767
"shipped_shape0.5",0.086734693877551
"shipped_shape0.5",0
"shipped_shape0.5",0.808612440191388
"shipped_shape0.5",0.0462962962962963
"shipped_shape0.5",0.420168067226891
"shipped_shape0.5",0
"shipped_shape0.5",0.774590163934426
"shipped_shape0.5",0
"shipped_shape0.5",0.0154639175257732
"shipped_shape0.5",0.0314465408805031
"shipped_shape0.5",0.041025641025641
"shipped_shape0.5",0.0136363636363636
"shipped_shape0.5",0.126530612244898
"shipped_shape0.5",0
"shipped_shape0.5",0.105820105820106
"shipped_shape0.5",0.118012422360248
"shipped_shape0.5",0.364485981308411
"shipped_shape0.5",0.202020202020202
"shipped_shape0.5",0.0185185185185185
"shipped_shape0.5",0
"shipped_shape0.5",0.443946188340807
"shipped_shape0.5",0.0288461538461538
"shipped_shape0.5",0.641666666666667
"shipped_shape0.5",0.383177570093458
"shipped_shape0.5",0
"shipped_shape0.5",0.0144927536231884
"shipped_shape0.5",0.0807453416149068
"shipped_shape0.5",0.0654205607476635
"shipped_shape0.5",0.144230769230769
"shipped_shape0.5",0.800995024875622
"shipped_shape0.5",0.697115384615385
"shipped_shape0.5",0.0248756218905473
"shipped_shape0.5",0.85929648241206
"shipped_shape0.5",0.0747663551401869
"shipped_shape0.5",0
"shipped_shape0.5",0.22
"shipped_shape0.5",0.116161616161616
"shipped_shape0.5",0.366834170854271
"shipped_shape0.5",0
"shipped_shape0.5",0.792792792792793
"shipped_shape0.5",0.230769230769231
"shipped_shape0.5",0.606965174129353
"shipped_shape0.5",0.0456852791878173
"shipped_shape0.5",0.58130081300813
"shipped_shape0.5",0.336538461538462
"shipped_shape0.5",0.0202020202020202
"shipped_shape0.5",0.751243781094527
"shipped_shape0.5",0
"shipped_shape0.5",0.0240384615384615
"shipped_shape0.5",0.0228571428571429
"shipped_shape0.5",0.0625
"shipped_shape0.5",0.142857142857143
"shipped_shape0.5",0.158653846153846
"shipped_shape0.5",0.22360248447205
"shipped_shape0.5",0.236024844720497
"shipped_shape0.5",0.171945701357466
"shipped_shape0.5",0.00448430493273543
"shipped_shape0.5",0
"shipped_shape0.5",0.282828282828283
"shipped_shape0.5",0.611111111111111
"shipped_shape0.5",0.0829493087557604
"shipped_shape0.5",0.282511210762332
"shipped_shape0.5",0.0842105263157895
"shipped_shape0.5",0.351219512195122
"shipped_shape0.5",0.888888888888889
"shipped_shape0.5",0
"shipped_shape0.5",0.482233502538071
"shipped_shape0.5",0.00934579439252336
"shipped_shape0.5",0.0203045685279188
"shipped_shape0.5",0
"shipped_shape0.5",0.100961538461538
"shipped_shape0.5",0
"shipped_shape0.5",0.0191387559808612
"shipped_shape0.5",0.451776649746193
"shipped_shape0.5",0.555023923444976
"shipped_shape0.5",0
"shipped_shape0.5",0.217592592592593
"shipped_shape0.5",0.133971291866029
"shipped_shape0.5",0
"shipped_shape0.5",0.00961538461538462
"shipped_shape0.5",0.00512820512820513
"shipped_shape0.5",0.220095693779904
"shipped_shape0.5",0.0452674897119342
"shipped_shape0.5",0.223350253807107
"shipped_shape0.5",0.0334928229665072
"shipped_shape0.5",0.583732057416268
"shipped_shape0.5",0
"shipped_shape0.5",0.117948717948718
"shipped_shape0.5",0.670807453416149
"shipped_shape0.5",0.314814814814815
"shipped_shape0.5",0.0461538461538462
"shipped_shape0.5",0.0253164556962025
"shipped_shape0.5",0.492462311557789
"shipped_shape0.5",0.00956937799043062
"shipped_shape0.5",0.0062111801242236
"shipped_shape0.5",0.0528846153846154
"shipped_shape0.5",0.0193236714975845
"shipped_shape0.5",0.0625
"shipped_shape0.5",0.312820512820513
"shipped_shape0.5",0.531531531531532
"shipped_shape0.5",0.350515463917526
"shipped_shape0.5",0.804081632653061
"shipped_shape0.5",0.00512820512820513
"shipped_shape0.5",0.0710659898477157
"shipped_shape0.5",0.005
"shipped_shape0.5",0.484472049689441
"shipped_shape0.5",0.32
"shipped_shape0.5",0.148148148148148
"shipped_shape0.5",0.296296296296296
"shipped_shape0.5",0.151515151515152
"shipped_shape0.5",0.54040404040404
"shipped_shape0.5",0.173913043478261
"shipped_shape0.5",0.339622641509434
"shipped_shape0.5",0.0338164251207729
"shipped_shape0.5",0.702020202020202
"shipped_shape0.5",0.610859728506787
"shipped_shape0.5",0.0603015075376884
"shipped_shape0.5",0.273542600896861
"shipped_shape0.5",0.521531100478469
"shipped_shape0.5",0.44949494949495
"shipped_shape0.5",0.194029850746269
"shipped_shape0.5",0.11214953271028
"shipped_shape0.5",0
"shipped_shape0.5",0.0651162790697674
"shipped_shape0.5",0.110576923076923
"shipped_shape0.5",0.307692307692308
"shipped_shape0.5",0.400900900900901
"shipped_shape0.5",0.754807692307692
"shipped_shape0.5",0.0144927536231884
"shipped_shape0.5",0.00490196078431373
"shipped_shape0.5",0.130841121495327
"shipped_shape0.5",0.0505050505050505
"shipped_shape0.5",0
"shipped_shape0.5",0.230769230769231
"shipped_shape0.5",0.862944162436548
"shipped_shape0.5",0.201030927835052
"shipped_shape0.5",0.850931677018634
"shipped_shape0.5",0.327272727272727
"shipped_shape0.5",0.336322869955157
"shipped_shape0.5",0.359832635983264
"shipped_shape0.5",0.106122448979592
"shipped_shape0.5",0.388888888888889
"shipped_shape0.5",0.0348258706467662
"shipped_shape0.5",0
"shipped_shape0.5",0.114427860696517
"shipped_shape0.5",0
"shipped_shape0.5",0.0808080808080808
"shipped_shape0.5",0.0571428571428571
"shipped_shape0.5",0.15625
"shipped_shape0.5",0
"shipped_shape0.5",0.186915887850467
"shipped_shape0.5",0.0432692307692308
"shipped_shape0.5",0
"shipped_shape0.5",0.00632911392405063
"shipped_shape0.5",0.0388349514563107
"shipped_shape0.5",0.133333333333333
"shipped_shape0.5",0.291666666666667
"shipped_shape0.5",0.0654205607476635
"shipped_shape0.5",0.0869565217391304
"shipped_shape0.5",0.133971291866029
"shipped_shape0.5",0.744394618834081
"shipped_shape0.5",0.205741626794258
"shipped_shape0.5",0.369230769230769
"shipped_shape0.5",0
"shipped_shape0.5",0.314720812182741
"shipped_shape0.5",0.0440251572327044
"shipped_shape0.5",0
"shipped_shape0.5",0.907692307692308
"shipped_shape0.5",0.012448132780083
"shipped_shape0.5",0.767441860465116
"shipped_shape0.5",0.005
"shipped_shape0.5",0.427835051546392
"shipped_shape0.5",0.483253588516746
"shipped_shape0.5",0.00961538461538462
"shipped_shape0.5",0.0747663551401869
"shipped_shape0.5",0.15625
"shipped_shape0.5",0.0403587443946188
"shipped_shape0.5",0.0231481481481481
"shipped_shape0.5",0.207547169811321
"shipped_shape0.5",0.493273542600897
"shipped_shape0.5",0.0231481481481481
"shipped_shape0.5",0.00934579439252336
"shipped_shape0.5",0.027027027027027
"shipped_shape0.5",0.29559748427673
"shipped_shape0.5",0.005
"shipped_shape0.5",0.497512437810945
"shipped_shape0.5",0.062780269058296
"shipped_shape0.5",0.0401785714285714
"shipped_shape0.5",0.0974358974358974
"shipped_shape0.5",0.14018691588785
"shipped_shape0.5",0.377450980392157
"shipped_shape0.5",0.6318407960199
"shipped_shape0.5",0.0294117647058824
"shipped_shape0.5",0.289719626168224
"shipped_shape0.5",0.0144230769230769
"shipped_shape0.5",0.168776371308017
"shipped_shape0.5",0.119170984455959
"shipped_shape0.5",0.289308176100629
"shipped_shape0.5",0.0841121495327103
"shipped_shape0.5",0.269767441860465
"shipped_shape0.5",0.342592592592593
"shipped_shape0.5",0.252336448598131
"shipped_shape0.5",0.788819875776398
"shipped_shape0.5",0.0434782608695652
"shipped_shape0.5",0.0731707317073171
"shipped_shape0.5",0.383177570093458
"shipped_shape0.5",0.00896860986547085
"shipped_shape0.5",0.00505050505050505
"shipped_shape0.5",0.0100502512562814
"shipped_shape0.5",0.0248756218905473
"shipped_shape0.5",0.915422885572139
"shipped_shape0.5",0.0956937799043062
"shipped_shape0.5",0
"shipped_shape0.5",0.157232704402516
"shipped_shape0.5",0.129807692307692
"shipped_shape0.5",0.856410256410256
"shipped_shape0.5",0
"shipped_shape0.5",0.106060606060606
"shipped_shape0.5",0.774358974358974
"shipped_shape0.5",0.203252032520325
"shipped_shape0.5",0.714953271028037
"shipped_shape0.5",0
"shipped_shape0.5",0.029126213592233
"shipped_shape0.5",0.323232323232323
"shipped_shape0.5",0.0440251572327044
"shipped_shape0.5",0.0496894409937888
"shipped_shape0.5",0.333333333333333
"shipped_shape0.5",0.85981308411215
"shipped_shape0.5",0.015
"shipped_shape0.5",0
"shipped_shape0.5",0.850467289719626
"shipped_shape0.5",0
"shipped_shape0.5",0.308411214953271
"shipped_shape0.5",0.0377358490566038
"shipped_shape0.5",0.0772727272727273
"shipped_shape0.5",0.584615384615385
"shipped_shape0.5",0.204651162790698
"shipped_shape0.5",0.0945945945945946
"shipped_shape0.5",0.0257731958762887
"shipped_shape0.5",0.0398009950248756
"shipped_shape0.5",0.0869565217391304
"shipped_shape0.5",0.100961538461538
"shipped_shape0.5",0.0467289719626168
"shipped_shape0.5",0
"shipped_shape0.5",0.00478468899521531
"shipped_shape0.5",0.167701863354037
"shipped_shape0.5",0
"shipped_shape0.5",0.120331950207469
"shipped_shape0.5",0.093167701863354
"shipped_shape0.5",0.116751269035533
"shipped_shape0.5",0.0144927536231884
"shipped_shape0.5",0.0256410256410256
"shipped_shape0.5",0.278026905829596
"shipped_shape0.5",0.272357723577236
"shipped_shape0.5",0.202702702702703
"shipped_shape0.5",0.222222222222222
"shipped_shape0.5",0
"shipped_shape0.5",0.711382113821138
"shipped_shape0.5",0
"shipped_shape0.5",0.3125
"shipped_shape0.5",0.333333333333333
"shipped_shape0.5",0.224390243902439
"shipped_shape0.5",0.308411214953271
"shipped_shape0.5",0
"shipped_shape0.5",0
"shipped_shape0.5",0.366459627329193
"shipped_shape0.5",0.202020202020202
"shipped_shape0.5",0.032258064516129
"shipped_shape0.5",0.864077669902913
"shipped_shape0.5",0.0509259259259259
"shipped_shape0.5",0.035
"shipped_shape0.5",0.0303030303030303
"shipped_shape0.5",0.126315789473684
"shipped_shape0.5",0
"shipped_shape0.5",0.83739837398374
"shipped_shape0.5",0.0122448979591837
"shipped_shape0.5",0.486111111111111
"shipped_shape0.5",0.0153846153846154
"shipped_shape0.5",0.792792792792793
"shipped_shape0.5",0
"shipped_shape0.5",0.0280373831775701
"shipped_shape0.5",0.00961538461538462
"shipped_shape0.5",0.0358744394618834
"shipped_shape0.5",0.0140845070422535
"shipped_shape0.5",0.105263157894737
"shipped_shape0.5",0
"shipped_shape0.5",0.126903553299492
"shipped_shape0.5",0.157894736842105
"shipped_shape0.5",0.336538461538462
"shipped_shape0.5",0.138755980861244
"shipped_shape0.5",0.0144230769230769
"shipped_shape0.5",0.00408163265306122
"shipped_shape0.5",0.45045045045045
"shipped_shape0.5",0.0467289719626168
"shipped_shape0.5",0.476635514018692
"shipped_shape0.5",0.368421052631579
"shipped_shape0.5",0
"shipped_shape0.5",0.0226244343891403
"shipped_shape0.5",0.0528846153846154
"shipped_shape0.5",0.0280373831775701
"shipped_shape0.5",0.165919282511211
"shipped_shape0.5",0.683229813664596
"shipped_shape0.5",0.751552795031056
"shipped_shape0.5",0.0362694300518135
"shipped_shape0.5",0.795031055900621
"shipped_shape0.5",0.0841121495327103
"shipped_shape0.5",0.0144230769230769
"shipped_shape0.5",0.205741626794258
"shipped_shape0.5",0.139423076923077
"shipped_shape0.5",0.405405405405405
"shipped_shape0.5",0
"shipped_shape0.5",0.476923076923077
"shipped_shape0.5",0.194871794871795
"shipped_shape0.5",0.514563106796116
"shipped_shape0.5",0.0650406504065041
"shipped_shape0.5",0.644329896907217
"shipped_shape0.5",0.344497607655502
"shipped_shape0.5",0.0480769230769231
"shipped_shape0.5",0.704035874439462
"shipped_shape0.5",0
"shipped_shape0.5",0.0412371134020619
"shipped_shape0.5",0.0153846153846154
"shipped_shape0.5",0.0852017937219731
"shipped_shape0.5",0.119402985074627
"shipped_shape0.5",0.260869565217391
"shipped_shape0.5",0.14375
"shipped_shape0.5",0.164179104477612
"shipped_shape0.5",0.139303482587065
"shipped_shape0.5",0.0101010101010101
"shipped_shape0.5",0
"shipped_shape0.5",0.364485981308411
"shipped_shape0.5",0.758974358974359
"shipped_shape0.5",0.11875
"shipped_shape0.5",0.365740740740741
"shipped_shape0.5",0.121212121212121
"shipped_shape0.5",0.320754716981132
"shipped_shape0.5",0.945945945945946
"shipped_shape0.5",0
"shipped_shape0.5",0.497757847533632
"shipped_shape0.5",0.0248447204968944
"shipped_shape0.5",0
"shipped_shape0.5",0.00512820512820513
"shipped_shape0.5",0.0731707317073171
"shipped_shape0.5",0
"shipped_shape0.5",0.0144230769230769
"shipped_shape0.5",0.165898617511521
"shipped_shape0.5",0.532994923857868
"shipped_shape0.5",0
"shipped_shape0.5",0.184615384615385
"shipped_shape0.5",0.110576923076923
"shipped_shape0.5",0
"shipped_shape0.5",0.00934579439252336
"shipped_shape0.5",0.00925925925925926
"shipped_shape0.5",0.209302325581395
"shipped_shape0.5",0.0239234449760766
"shipped_shape0.5",0.258706467661692
"shipped_shape0.5",0.0675675675675676
"shipped_shape0.5",0.586538461538462
"shipped_shape0.5",0.0151515151515152
"shipped_shape0.5",0.0869565217391304
"shipped_shape0.5",0.681818181818182
"shipped_shape0.5",0.343434343434343
"shipped_shape0.5",0.0769230769230769
"shipped_shape0.5",0.0572687224669604
"shipped_shape0.5",0.606060606060606
"shipped_shape0.5",0.00408163265306122
"shipped_shape0.5",0
"shipped_shape0.5",0.0144230769230769
"shipped_shape0.5",0.0179372197309417
"shipped_shape0.5",0.0564102564102564
"shipped_shape0.5",0.0559006211180124
"shipped_shape0.5",0.475961538461538
"shipped_shape0.5",0.323383084577114
"shipped_shape0.5",0.78
"shipped_shape0.5",0.0186335403726708
"shipped_shape0.5",0.0448430493273543
"shipped_shape0.5",0.031055900621118
"shipped_shape0.5",0.176767676767677
"shipped_shape0.5",0.384615384615385
"shipped_shape0.5",0.189054726368159
"shipped_shape0.5",0.285
"shipped_shape0.5",0.0717703349282297
"shipped_shape0.5",0.403846153846154
"shipped_shape0.5",0.204968944099379
"shipped_shape0.5",0.21608040201005
"shipped_shape0.5",0.0103092783505155
"shipped_shape0.5",0.866028708133971
"shipped_shape0.5",0.6
"shipped_shape0.5",0.139013452914798
"shipped_shape0.5",0.18974358974359
"shipped_shape0.5",0.545454545454545
"shipped_shape0.5",0.451923076923077
"shipped_shape0.5",0.177570093457944
"shipped_shape0.5",0.163461538461538
"shipped_shape0.5",0
"shipped_shape0.5",0.0862944162436548
"shipped_shape0.5",0.214953271028037
"shipped_shape0.5",0.328828828828829
"shipped_shape0.5",0.343283582089552
"shipped_shape0.5",0.613821138211382
"shipped_shape0.5",0.00628930817610063
"shipped_shape0.5",0
"shipped_shape0.5",0.207729468599034
"shipped_shape0.5",0.0398009950248756
"shipped_shape0.5",0
"shipped_shape0.5",0.264423076923077
"shipped_shape0.5",0.875776397515528
"shipped_shape0.5",0.199186991869919
"shipped_shape0.5",0.872340425531915
"shipped_shape0.5",0.243781094527363
"shipped_shape0.5",0.507692307692308
"shipped_shape0.5",0.451219512195122
"shipped_shape0.5",0.146341463414634
"shipped_shape0.5",0.356481481481481
"shipped_shape0.5",0.0432692307692308
"shipped_shape0.5",0
"shipped_shape0.5",0.041025641025641
"shipped_shape0.5",0
"shipped_shape0.5",0.170212765957447
"shipped_shape0.5",0.015
"shipped_shape0.5",0.13953488372093
"shipped_shape0.5",0.0483091787439614
"shipped_shape0.5",0.101851851851852
"shipped_shape0.5",0.0154639175257732
"shipped_shape0.5",0
"shipped_shape0.5",0
"shipped_shape0.5",0.0717703349282297
"shipped_shape0.5",0.0654205607476635
"shipped_shape0.5",0.337962962962963
"shipped_shape0.5",0.062200956937799
"shipped_shape0.5",0.0379746835443038
"shipped_shape0.5",0.12962962962963
"shipped_shape0.5",0.587628865979381
"shipped_shape0.5",0.373983739837398
"shipped_shape0.5",0.392523364485981
"shipped_shape0.5",0
"shipped_shape0.5",0.237668161434978
"shipped_shape0.5",0.139423076923077
"shipped_shape0.5",0
"shipped_shape0.5",0.932692307692308
"shipped_shape0.5",0.00909090909090909
"shipped_shape0.5",0.824120603015075
"shipped_shape0.5",0.0124223602484472
"shipped_shape0.5",0.391304347826087
"shipped_shape0.5",0.410569105691057
"shipped_shape0.5",0.00925925925925926
"shipped_shape0.5",0.0757575757575758
"shipped_shape0.5",0.102803738317757
"shipped_shape0.5",0.0289855072463768
"shipped_shape0.5",0.0913461538461538
"shipped_shape0.5",0.141414141414141
"shipped_shape0.5",0.336538461538462
"shipped_shape0.5",0.0192307692307692
"shipped_shape0.5",0.0467289719626168
"shipped_shape0.5",0.0740740740740741
"fitted_shape",1
"fitted_shape",0
"fitted_shape",1
"fitted_shape",0
"fitted_shape",0.005
"fitted_shape",0
"fitted_shape",0
"fitted_shape",0.177570093457944
"fitted_shape",0.266331658291457
"fitted_shape",0.00896860986547085
"fitted_shape",1
"fitted_shape",0.0186915887850467
"fitted_shape",0.248803827751196
"fitted_shape",0
"fitted_shape",0.118012422360248
"fitted_shape",0.00465116279069767
"fitted_shape",1
"fitted_shape",0.674641148325359
"fitted_shape",0.0048780487804878
"fitted_shape",0.974226804123711
"fitted_shape",0
"fitted_shape",0
"fitted_shape",0.102803738317757
"fitted_shape",0
"fitted_shape",0
"fitted_shape",0
"fitted_shape",0.00505050505050505
"fitted_shape",0.528662420382166
"fitted_shape",0
"fitted_shape",0
"fitted_shape",0
"fitted_shape",0
"fitted_shape",1
"fitted_shape",0
"fitted_shape",0.00448430493273543
"fitted_shape",0.361111111111111
"fitted_shape",0.0232558139534884
"fitted_shape",0.0373831775700935
"fitted_shape",0
"fitted_shape",0
"fitted_shape",0.959090909090909
"fitted_shape",0
"fitted_shape",0
"fitted_shape",1
"fitted_shape",0.251282051282051
"fitted_shape",0.00448430493273543
"fitted_shape",0
"fitted_shape",0.543269230769231
"fitted_shape",0.0192307692307692
"fitted_shape",1
"fitted_shape",0.00925925925925926
"fitted_shape",0
"fitted_shape",0.0628019323671498
"fitted_shape",0.0388349514563107
"fitted_shape",0.050761421319797
"fitted_shape",0
"fitted_shape",0
"fitted_shape",0
"fitted_shape",0
"fitted_shape",0
"fitted_shape",0
"fitted_shape",0
"fitted_shape",0.739130434782609
"fitted_shape",0
"fitted_shape",0
"fitted_shape",0
"fitted_shape",0
"fitted_shape",0
"fitted_shape",0
"fitted_shape",0.902439024390244
"fitted_shape",0.527777777777778
"fitted_shape",0.272727272727273
"fitted_shape",0.7375
"fitted_shape",0
"fitted_shape",1
"fitted_shape",0
"fitted_shape",0.315315315315315
"fitted_shape",1
"fitted_shape",0.985576923076923
"fitted_shape",0.031390134529148
"fitted_shape",0
"fitted_shape",0
"fitted_shape",0.98974358974359
"fitted_shape",0
"fitted_shape",0
"fitted_shape",0.0947368421052632
"fitted_shape",0
"fitted_shape",0
"fitted_shape",0
"fitted_shape",0
"fitted_shape",0
"fitted_shape",0.130044843049327
"fitted_shape",0
"fitted_shape",1
"fitted_shape",0
"fitted_shape",0.0548523206751055
"fitted_shape",0
"fitted_shape",0
"fitted_shape",0
"fitted_shape",0
"fitted_shape",0
"fitted_shape",1
"fitted_shape",0
"fitted_shape",0
"fitted_shape",0
"fitted_shape",0.195121951219512
"fitted_shape",0
"fitted_shape",0
"fitted_shape",0
"fitted_shape",0.289719626168224
"fitted_shape",0.0153846153846154
"fitted_shape",0.980769230769231
"fitted_shape",0.974874371859296
"fitted_shape",0
"fitted_shape",0.131979695431472
"fitted_shape",0
"fitted_shape",0
"fitted_shape",1
"fitted_shape",0.345794392523364
"fitted_shape",0.912820512820513
"fitted_shape",0
"fitted_shape",0.322981366459627
"fitted_shape",0
"fitted_shape",0
"fitted_shape",0.125
"fitted_shape",0
"fitted_shape",1
"fitted_shape",0
"fitted_shape",0.0358744394618834
"fitted_shape",0.735576923076923
"fitted_shape",0.962264150943396
"fitted_shape",0
"fitted_shape",0.712918660287081
"fitted_shape",0.224137931034483
"fitted_shape",0
"fitted_shape",0.936936936936937
"fitted_shape",0.0231481481481481
"fitted_shape",0.0143540669856459
"fitted_shape",0
"fitted_shape",0.00497512437810945
"fitted_shape",0.00478468899521531
"fitted_shape",0
"fitted_shape",1
"fitted_shape",0.764705882352941
"fitted_shape",0
"fitted_shape",0
"fitted_shape",0
"fitted_shape",0.358851674641148
"fitted_shape",0.072463768115942
"fitted_shape",0
"fitted_shape",0.304932735426009
"fitted_shape",0
"fitted_shape",0.145569620253165
"fitted_shape",1
"fitted_shape",0
"fitted_shape",0.0625
"fitted_shape",0
"fitted_shape",0
"fitted_shape",0
"fitted_shape",0
"fitted_shape",0
"fitted_shape",0
"fitted_shape",1
"fitted_shape",1
"fitted_shape",0.00478468899521531
"fitted_shape",0.312820512820513
"fitted_shape",0
"fitted_shape",0
"fitted_shape",0
"fitted_shape",0
"fitted_shape",0.225961538461538
"fitted_shape",0
"fitted_shape",0.88785046728972
"fitted_shape",0
"fitted_shape",0.124401913875598
"fitted_shape",0
"fitted_shape",0
"fitted_shape",0.932735426008969
"fitted_shape",0.84472049689441
"fitted_shape",0
"fitted_shape",0.0355329949238579
"fitted_shape",0.967479674796748
"fitted_shape",0
"fitted_shape",0.00625
"fitted_shape",0.031055900621118
"fitted_shape",0
"fitted_shape",0
"fitted_shape",0
"fitted_shape",0.822966507177033
"fitted_shape",0.801242236024845
"fitted_shape",0.46583850931677
"fitted_shape",0.005
"fitted_shape",0
"fitted_shape",0
"fitted_shape",0.761194029850746
"fitted_shape",0.627329192546584
"fitted_shape",0
"fitted_shape",0.285714285714286
"fitted_shape",0
"fitted_shape",0.336585365853659
"fitted_shape",0
"fitted_shape",0.104477611940299
"fitted_shape",0
"fitted_shape",1
"fitted_shape",1
"fitted_shape",0
"fitted_shape",1
"fitted_shape",0.0945945945945946
"fitted_shape",0.799043062200957
"fitted_shape",0.982062780269058
"fitted_shape",0
"fitted_shape",0
"fitted_shape",0
"fitted_shape",0
"fitted_shape",0.374358974358974
"fitted_shape",1
"fitted_shape",0.959349593495935
"fitted_shape",0.0731707317073171
"fitted_shape",0
"fitted_shape",0
"fitted_shape",0
"fitted_shape",0
"fitted_shape",1
"fitted_shape",0.271028037383178
"fitted_shape",1
"fitted_shape",0.145631067961165
"fitted_shape",1
"fitted_shape",0.471153846153846
"fitted_shape",0.912037037037037
"fitted_shape",0.0287081339712919
"fitted_shape",0.205607476635514
"fitted_shape",0
"fitted_shape",0
"fitted_shape",0
"fitted_shape",0.00448430493273543
"fitted_shape",0
"fitted_shape",0
"fitted_shape",0.0373831775700935
"fitted_shape",0
"fitted_shape",0
"fitted_shape",0
"fitted_shape",0
"fitted_shape",0
"fitted_shape",0
"fitted_shape",0.00512820512820513
"fitted_shape",1
"fitted_shape",0
"fitted_shape",0
"fitted_shape",0
"fitted_shape",1
"fitted_shape",0.0571428571428571
"fitted_shape",0.99537037037037
"fitted_shape",0
"fitted_shape",0.784140969162996
"fitted_shape",0
"fitted_shape",0
"fitted_shape",0.132075471698113
"fitted_shape",0
"fitted_shape",0.165919282511211
"fitted_shape",0
"fitted_shape",0.344660194174757
"fitted_shape",0.403846153846154
"fitted_shape",0.0269058295964126
"fitted_shape",0
"fitted_shape",0
"fitted_shape",0
"fitted_shape",0.0153061224489796
"fitted_shape",0
"fitted_shape",0.195121951219512
"fitted_shape",0
"fitted_shape",0
"fitted_shape",0
"fitted_shape",1
"fitted_shape",0
"fitted_shape",1
"fitted_shape",0
"fitted_shape",0
"fitted_shape",0
"fitted_shape",0
"fitted_shape",0.136842105263158
"fitted_shape",0.4
"fitted_shape",0.00934579439252336
"fitted_shape",1
"fitted_shape",0.00480769230769231
"fitted_shape",0.225225225225225
"fitted_shape",0
"fitted_shape",0.230769230769231
"fitted_shape",0.00483091787439614
"fitted_shape",1
"fitted_shape",0.692307692307692
"fitted_shape",0.0434782608695652
"fitted_shape",0.991031390134529
"fitted_shape",0
"fitted_shape",0
"fitted_shape",0.062780269058296
"fitted_shape",0
"fitted_shape",0
"fitted_shape",0
"fitted_shape",0.0708333333333333
"fitted_shape",0.392523364485981
"fitted_shape",0
"fitted_shape",0
"fitted_shape",0
"fitted_shape",0
"fitted_shape",1
"fitted_shape",0
"fitted_shape",0.0252525252525253
"fitted_shape",0.231958762886598
"fitted_shape",0.0454545454545455
"fitted_shape",0.0307692307692308
"fitted_shape",0
"fitted_shape",0
"fitted_shape",0.960199004975124
"fitted_shape",0
"fitted_shape",0
"fitted_shape",1
"fitted_shape",0.300925925925926
"fitted_shape",0.0248756218905473
"fitted_shape",0
"fitted_shape",0.391891891891892
"fitted_shape",0.00480769230769231
"fitted_shape",1
"fitted_shape",0
"fitted_shape",0
"fitted_shape",0.0224215246636771
"fitted_shape",0.130841121495327
"fitted_shape",0.0480769230769231
"fitted_shape",0
"fitted_shape",0
"fitted_shape",0
"fitted_shape",0
"fitted_shape",0
"fitted_shape",0
"fitted_shape",0
"fitted_shape",0.647058823529412
"fitted_shape",0
"fitted_shape",0
"fitted_shape",0
"fitted_shape",0
"fitted_shape",0
"fitted_shape",0
"fitted_shape",0.894230769230769
"fitted_shape",0.558558558558559
"fitted_shape",0.236111111111111
"fitted_shape",0.77511961722488
"fitted_shape",0
"fitted_shape",0.995934959349594
"fitted_shape",0
"fitted_shape",0.609865470852018
"fitted_shape",0.995515695067265
"fitted_shape",0.991031390134529
"fitted_shape",0.0505050505050505
"fitted_shape",0
"fitted_shape",0
"fitted_shape",1
"fitted_shape",0
"fitted_shape",0
"fitted_shape",0.0769230769230769
"fitted_shape",0
"fitted_shape",0
"fitted_shape",0
"fitted_shape",0
"fitted_shape",0
"fitted_shape",0.143497757847534
"fitted_shape",0
"fitted_shape",1
"fitted_shape",0
"fitted_shape",0.062200956937799
"fitted_shape",0
"fitted_shape",0
"fitted_shape",0
"fitted_shape",0
"fitted_shape",0
"fitted_shape",1
"fitted_shape",0
"fitted_shape",0
"fitted_shape",0
"fitted_shape",0.203619909502262
"fitted_shape",0
"fitted_shape",0
"fitted_shape",0
"fitted_shape",0.375510204081633
"fitted_shape",0.0101010101010101
"fitted_shape",0.995215311004785
"fitted_shape",0.993788819875776
"fitted_shape",0
"fitted_shape",0.0185185185185185
"fitted_shape",0
"fitted_shape",0
"fitted_shape",1
"fitted_shape",0.324324324324324
"fitted_shape",0.856502242152466
"fitted_shape",0
"fitted_shape",0.274111675126904
"fitted_shape",0.00518134715025907
"fitted_shape",0
"fitted_shape",0.186915887850467
"fitted_shape",0
"fitted_shape",1
"fitted_shape",0
"fitted_shape",0.0101522842639594
"fitted_shape",0.75
"fitted_shape",1
"fitted_shape",0
"fitted_shape",0.757847533632287
"fitted_shape",0.183856502242152
"fitted_shape",0
"fitted_shape",0.919282511210762
"fitted_shape",0.0192307692307692
"fitted_shape",0
"fitted_shape",0
"fitted_shape",0
"fitted_shape",0
"fitted_shape",0
"fitted_shape",1
"fitted_shape",0.731481481481482
"fitted_shape",0
"fitted_shape",0
"fitted_shape",0
"fitted_shape",0.38755980861244
"fitted_shape",0.065
"fitted_shape",0
"fitted_shape",0.483253588516746
"fitted_shape",0
"fitted_shape",0.153846153846154
"fitted_shape",1
"fitted_shape",0
"fitted_shape",0.101851851851852
"fitted_shape",0
"fitted_shape",0
"fitted_shape",0
"fitted_shape",0
"fitted_shape",0
"fitted_shape",0
"fitted_shape",1
"fitted_shape",0.985645933014354
"fitted_shape",0
"fitted_shape",0.38974358974359
"fitted_shape",0
"fitted_shape",0
"fitted_shape",0
"fitted_shape",0
"fitted_shape",0.26875
"fitted_shape",0
"fitted_shape",0.792929292929293
"fitted_shape",0
"fitted_shape",0.117948717948718
"fitted_shape",0
"fitted_shape",0
"fitted_shape",0.855345911949686
"fitted_shape",0.698564593301435
"fitted_shape",0
"fitted_shape",0.0493273542600897
"fitted_shape",0.980769230769231
"fitted_shape",0
"fitted_shape",0.0334928229665072
"fitted_shape",0.0153846153846154
"fitted_shape",0
"fitted_shape",0
"fitted_shape",0
"fitted_shape",0.856410256410256
"fitted_shape",0.784552845528455
"fitted_shape",0.528846153846154
"fitted_shape",0
"fitted_shape",0
"fitted_shape",0
"fitted_shape",0.782608695652174
"fitted_shape",0.533632286995516
"fitted_shape",0
"fitted_shape",0.300448430493274
"fitted_shape",0
"fitted_shape",0.289719626168224
"fitted_shape",0.0467289719626168
"fitted_shape",0.177570093457944
"fitted_shape",0
"fitted_shape",1
"fitted_shape",1
"fitted_shape",0
"fitted_shape",1
"fitted_shape",0.144278606965174
"fitted_shape",0.712918660287081
"fitted_shape",0.974358974358974
"fitted_shape",0
"fitted_shape",0
"fitted_shape",0
"fitted_shape",0
"fitted_shape",0.422360248447205
"fitted_shape",1
"fitted_shape",0.940298507462687
"fitted_shape",0.0480769230769231
"fitted_shape",0
"fitted_shape",0.03
"fitted_shape",0
"fitted_shape",0
"fitted_shape",1
"fitted_shape",0.63677130044843
"fitted_shape",1
"fitted_shape",0.177570093457944
"fitted_shape",1
"fitted_shape",0.252525252525253
"fitted_shape",0.858333333333333
"fitted_shape",0.0244897959183673
"fitted_shape",0.145
"fitted_shape",0
"fitted_shape",0
"fitted_shape",0
"fitted_shape",0.00840336134453781
"fitted_shape",0
"fitted_shape",0
"fitted_shape",0.120192307692308
"fitted_shape",0
"fitted_shape",0
"fitted_shape",0
"fitted_shape",0
"fitted_shape",0
"fitted_shape",0
"fitted_shape",0.0242718446601942
"fitted_shape",1
"fitted_shape",0
"fitted_shape",0
"fitted_shape",0.00961538461538462
"fitted_shape",1
"fitted_shape",0.065
"fitted_shape",1
"fitted_shape",0.0153846153846154
"fitted_shape",0.778846153846154
"fitted_shape",0.00896860986547085
"fitted_shape",0
"fitted_shape",0.0966183574879227
"fitted_shape",0
"fitted_shape",0.105042016806723
"fitted_shape",0
"fitted_shape",0.277777777777778
"fitted_shape",0.326923076923077
"fitted_shape",0.0210526315789474
"fitted_shape",0
"fitted_shape",0
"fitted_shape",0
"fitted_shape",0.0269058295964126
"fitted_shape",0
"fitted_shape",0.178861788617886
"fitted_shape",0
"fitted_shape",0
"fitted_shape",0
"fitted_shape",1
"fitted_shape",0
"fitted_shape",1
"fitted_shape",0
"fitted_shape",0
"fitted_shape",0
"fitted_shape",0
"fitted_shape",0.138755980861244
"fitted_shape",0.345794392523364
"fitted_shape",0.00934579439252336
"fitted_shape",1
"fitted_shape",0.0186915887850467
"fitted_shape",0.266331658291457
"fitted_shape",0
"fitted_shape",0.155339805825243
"fitted_shape",0.00515463917525773
"fitted_shape",1
"fitted_shape",0.668161434977579
"fitted_shape",0.0447761194029851
"fitted_shape",0.979508196721312
"fitted_shape",0
"fitted_shape",0
"fitted_shape",0.0618556701030928
"fitted_shape",0
"fitted_shape",0
"fitted_shape",0
"fitted_shape",0
"fitted_shape",0.398148148148148
"fitted_shape",0
"fitted_shape",0
"fitted_shape",0
"fitted_shape",0
"fitted_shape",1
"fitted_shape",0
"fitted_shape",0.00896860986547085
"fitted_shape",0.264227642276423
"fitted_shape",0.0284552845528455
"fitted_shape",0.117948717948718
"fitted_shape",0
"fitted_shape",0
"fitted_shape",0.962962962962963
"fitted_shape",0
"fitted_shape",0
"fitted_shape",1
"fitted_shape",0.348258706467662
"fitted_shape",0
"fitted_shape",0
"fitted_shape",0.449760765550239
"fitted_shape",0.00505050505050505
"fitted_shape",1
"fitted_shape",0.0239234449760766
"fitted_shape",0
"fitted_shape",0.0404040404040404
"fitted_shape",0.0467289719626168
"fitted_shape",0.0375
"fitted_shape",0
"fitted_shape",0
"fitted_shape",0
"fitted_shape",0
"fitted_shape",0
"fitted_shape",0
"fitted_shape",0
"fitted_shape",0.682242990654206
"fitted_shape",0
"fitted_shape",0
"fitted_shape",0
"fitted_shape",0
"fitted_shape",0
"fitted_shape",0
"fitted_shape",0.860696517412935
"fitted_shape",0.515695067264574
"fitted_shape",0.31390134529148
"fitted_shape",0.84472049689441
"fitted_shape",0
"fitted_shape",1
"fitted_shape",0
"fitted_shape",0.43298969072165
"fitted_shape",1
"fitted_shape",0.96969696969697
"fitted_shape",0.0353535353535354
"fitted_shape",0
"fitted_shape",0
"fitted_shape",1
"fitted_shape",0
"fitted_shape",0
"fitted_shape",0.0434782608695652
"fitted_shape",0
"fitted_shape",0
"fitted_shape",0
"fitted_shape",0
"fitted_shape",0
"fitted_shape",0.180672268907563
"fitted_shape",0
"fitted_shape",1
"fitted_shape",0
"fitted_shape",0.0625
"fitted_shape",0
"fitted_shape",0
"fitted_shape",0
"fitted_shape",0
"fitted_shape",0
"fitted_shape",1
"fitted_shape",0
"fitted_shape",0
"fitted_shape",0
"fitted_shape",0.158878504672897
"fitted_shape",0
"fitted_shape",0
"fitted_shape",0
"fitted_shape",0.278026905829596
"fitted_shape",0.0483091787439614
"fitted_shape",0.969072164948454
"fitted_shape",0.993670886075949
"fitted_shape",0
"fitted_shape",0.0493827160493827
"fitted_shape",0
"fitted_shape",0
"fitted_shape",1
"fitted_shape",0.342592592592593
"fitted_shape",0.94811320754717
"fitted_shape",0
"fitted_shape",0.257575757575758
"fitted_shape",0
"fitted_shape",0
"fitted_shape",0.0961538461538462
"fitted_shape",0
"fitted_shape",1
"fitted_shape",0
"fitted_shape",0.0403587443946188
"fitted_shape",0.746411483253589
"fitted_shape",0.977578475336323
"fitted_shape",0
"fitted_shape",0.717948717948718
"fitted_shape",0.199074074074074
"fitted_shape",0
"fitted_shape",0.898989898989899
"fitted_shape",0.0151515151515152
"fitted_shape",0
"fitted_shape",0
"fitted_shape",0
"fitted_shape",0
"fitted_shape",0
"fitted_shape",1
"fitted_shape",0.758974358974359
"fitted_shape",0
"fitted_shape",0
"fitted_shape",0
"fitted_shape",0.4375
"fitted_shape",0.0776699029126214
"fitted_shape",0.00896860986547085
"fitted_shape",0.369369369369369
"fitted_shape",0
"fitted_shape",0.147982062780269
"fitted_shape",1
"fitted_shape",0
"fitted_shape",0.0769230769230769
"fitted_shape",0
"fitted_shape",0
"fitted_shape",0.00480769230769231
"fitted_shape",0
"fitted_shape",0
"fitted_shape",0
"fitted_shape",1
"fitted_shape",0.985576923076923
"fitted_shape",0.00416666666666667
"fitted_shape",0.280373831775701
"fitted_shape",0
"fitted_shape",0
"fitted_shape",0
"fitted_shape",0
"fitted_shape",0.259615384615385
"fitted_shape",0
"fitted_shape",0.848484848484849
"fitted_shape",0
"fitted_shape",0.188679245283019
"fitted_shape",0
"fitted_shape",0
"fitted_shape",0.878504672897196
"fitted_shape",0.7
"fitted_shape",0
"fitted_shape",0.0186915887850467
"fitted_shape",0.96734693877551
"fitted_shape",0
"fitted_shape",0.0269058295964126
"fitted_shape",0.0101522842639594
"fitted_shape",0
"fitted_shape",0
"fitted_shape",0
"fitted_shape",0.77027027027027
"fitted_shape",0.850931677018634
"fitted_shape",0.43125
"fitted_shape",0
"fitted_shape",0
"fitted_shape",0
"fitted_shape",0.81025641025641
"fitted_shape",0.461883408071749
"fitted_shape",0
"fitted_shape",0.378787878787879
"fitted_shape",0
"fitted_shape",0.30188679245283
"fitted_shape",0.0358744394618834
"fitted_shape",0.149068322981366
"fitted_shape",0
"fitted_shape",1
"fitted_shape",1
"fitted_shape",0
"fitted_shape",1
"fitted_shape",0.0569948186528497
"fitted_shape",0.664596273291925
"fitted_shape",0.970149253731343
"fitted_shape",0
"fitted_shape",0
"fitted_shape",0
"fitted_shape",0
"fitted_shape",0.304347826086957
"fitted_shape",1
"fitted_shape",0.938461538461538
"fitted_shape",0.222222222222222
"fitted_shape",0
"fitted_shape",0.0124223602484472
"fitted_shape",0
"fitted_shape",0
"fitted_shape",1
"fitted_shape",0.579439252336449
"fitted_shape",1
"fitted_shape",0.161434977578475
"fitted_shape",1
"fitted_shape",0.48792270531401
"fitted_shape",0.882051282051282
"fitted_shape",0.062111801242236
"fitted_shape",0.186335403726708
"fitted_shape",0
"fitted_shape",0
"fitted_shape",0
"fitted_shape",0.00934579439252336
"fitted_shape",0
"fitted_shape",0
"fitted_shape",0.0666666666666667
"fitted_shape",0
"fitted_shape",0
"fitted_shape",0
"fitted_shape",0
"fitted_shape",0
"fitted_shape",0.0186915887850467
"fitted_shape",0.0099502487562189
"fitted_shape",1
"fitted_shape",0
"fitted_shape",0
"fitted_shape",0
"fitted_shape",1
"fitted_shape",0.0408163265306122
"fitted_shape",0.990384615384615
"fitted_shape",0.0311111111111111
"fitted_shape",0.737373737373737
"fitted_shape",0
"fitted_shape",0
"fitted_shape",0.0883720930232558
"fitted_shape",0
"fitted_shape",0.212121212121212
"fitted_shape",0
"fitted_shape",0.340807174887892
"fitted_shape",0.346153846153846
"fitted_shape",0.029126213592233
"fitted_shape",0.00448430493273543
"fitted_shape",0
"fitted_shape",0
"fitted_shape",0.0248756218905473
"fitted_shape",0
"fitted_shape",0.161434977578475
"fitted_shape",0.00483091787439614
"fitted_shape",0
"fitted_shape",0
"fitted_shape",1
"fitted_shape",0
"fitted_shape",1
"fitted_shape",0
"fitted_shape",0
"fitted_shape",0
"fitted_shape",0
"fitted_shape",0.189473684210526
"fitted_shape",0.306122448979592
"fitted_shape",0.0248756218905473
"fitted_shape",1
"fitted_shape",0.245
"fitted_shape",0.221719457013575
"fitted_shape",0
"fitted_shape",0.23265306122449
"fitted_shape",0
"fitted_shape",1
"fitted_shape",0.767676767676768
"fitted_shape",0.0134529147982063
"fitted_shape",0.985645933014354
"fitted_shape",0
"fitted_shape",0
"fitted_shape",0.0813397129186603
"fitted_shape",0
"fitted_shape",0
"fitted_shape",0
"fitted_shape",0
"fitted_shape",0.365740740740741
"fitted_shape",0
"fitted_shape",0
"fitted_shape",0
"fitted_shape",0
"fitted_shape",1
"fitted_shape",0
"fitted_shape",0.0151515151515152
"fitted_shape",0.292452830188679
"fitted_shape",0.075
"fitted_shape",0.041025641025641
"fitted_shape",0
"fitted_shape",0
"fitted_shape",0.959641255605381
"fitted_shape",0
"fitted_shape",0
"fitted_shape",1
"fitted_shape",0.36322869955157
"fitted_shape",0.00896860986547085
"fitted_shape",0
"fitted_shape",0.456730769230769
"fitted_shape",0.00961538461538462
"fitted_shape",1
"fitted_shape",0.013953488372093
"fitted_shape",0
"fitted_shape",0.115789473684211
"fitted_shape",0.0509259259259259
"fitted_shape",0.0144927536231884
"fitted_shape",0
"fitted_shape",0
"fitted_shape",0
"fitted_shape",0
"fitted_shape",0
"fitted_shape",0
"fitted_shape",0
"fitted_shape",0.717592592592593
"fitted_shape",0
"fitted_shape",0
"fitted_shape",0
"fitted_shape",0
"fitted_shape",0
"fitted_shape",0
"fitted_shape",0.872427983539095
"fitted_shape",0.537688442211055
"fitted_shape",0.188340807174888
"fitted_shape",0.802030456852792
"fitted_shape",0
"fitted_shape",0.990909090909091
"fitted_shape",0
"fitted_shape",0.3875
"fitted_shape",0.990654205607477
"fitted_shape",0.981132075471698
"fitted_shape",0.0497512437810945
"fitted_shape",0
"fitted_shape",0
"fitted_shape",0.986111111111111
"fitted_shape",0.00961538461538462
"fitted_shape",0
"fitted_shape",0.118012422360248
"fitted_shape",0
"fitted_shape",0
"fitted_shape",0
"fitted_shape",0
"fitted_shape",0
"fitted_shape",0.227272727272727
"fitted_shape",0
"fitted_shape",1
"fitted_shape",0
"fitted_shape",0.0696517412935323
"fitted_shape",0
"fitted_shape",0
"fitted_shape",0
"fitted_shape",0
"fitted_shape",0
"fitted_shape",1
"fitted_shape",0
"fitted_shape",0
"fitted_shape",0
"fitted_shape",0.118012422360248
"fitted_shape",0
"fitted_shape",0
"fitted_shape",0
"fitted_shape",0.446153846153846
"fitted_shape",0.0497512437810945
"fitted_shape",0.966507177033493
"fitted_shape",0.98
"fitted_shape",0
"fitted_shape",0.0269058295964126
"fitted_shape",0
"fitted_shape",0
"fitted_shape",1
"fitted_shape",0.409090909090909
"fitted_shape",0.875
"fitted_shape",0
"fitted_shape",0.272727272727273
"fitted_shape",0.0186915887850467
"fitted_shape",0
"fitted_shape",0.139175257731959
"fitted_shape",0
"fitted_shape",1
"fitted_shape",0
"fitted_shape",0.0182648401826484
"fitted_shape",0.666666666666667
"fitted_shape",0.963963963963964
"fitted_shape",0
"fitted_shape",0.766393442622951
"fitted_shape",0.168224299065421
"fitted_shape",0
"fitted_shape",0.937799043062201
"fitted_shape",0.00813008130081301
"fitted_shape",0.00480769230769231
"fitted_shape",0
"fitted_shape",0
"fitted_shape",0
"fitted_shape",0
"fitted_shape",1
"fitted_shape",0.705
"fitted_shape",0
"fitted_shape",0
"fitted_shape",0
"fitted_shape",0.395833333333333
"fitted_shape",0.0564102564102564
"fitted_shape",0.00934579439252336
"fitted_shape",0.588785046728972
"fitted_shape",0
"fitted_shape",0.0895522388059701
"fitted_shape",1
"fitted_shape",0
"fitted_shape",0.0900900900900901
"fitted_shape",0
"fitted_shape",0
"fitted_shape",0
"fitted_shape",0
"fitted_shape",0
"fitted_shape",0
"fitted_shape",1
"fitted_shape",0.985645933014354
"fitted_shape",0.00462962962962963
"fitted_shape",0.507177033492823
"fitted_shape",0
"fitted_shape",0
"fitted_shape",0
"fitted_shape",0
"fitted_shape",0.31055900621118
"fitted_shape",0
"fitted_shape",0.840796019900497
"fitted_shape",0
"fitted_shape",0.0880503144654088
"fitted_shape",0
"fitted_shape",0
"fitted_shape",0.94392523364486
"fitted_shape",0.682692307692308
"fitted_shape",0
"fitted_shape",0.0923076923076923
"fitted_shape",0.965
"fitted_shape",0
"fitted_shape",0.0144230769230769
"fitted_shape",0.00813008130081301
"fitted_shape",0
"fitted_shape",0
"fitted_shape",0
"fitted_shape",0.846846846846847
"fitted_shape",0.840579710144927
"fitted_shape",0.569377990430622
"fitted_shape",0.041025641025641
"fitted_shape",0
"fitted_shape",0
"fitted_shape",0.779874213836478
"fitted_shape",0.52020202020202
"fitted_shape",0
"fitted_shape",0.305
"fitted_shape",0
"fitted_shape",0.188340807174888
"fitted_shape",0.0191387559808612
"fitted_shape",0.0807174887892377
"fitted_shape",0
"fitted_shape",1
"fitted_shape",1
"fitted_shape",0
"fitted_shape",1
"fitted_shape",0.06875
"fitted_shape",0.77948717948718
"fitted_shape",0.981308411214953
"fitted_shape",0
"fitted_shape",0
"fitted_shape",0
"fitted_shape",0
"fitted_shape",0.288557213930348
"fitted_shape",0.995515695067265
"fitted_shape",0.905405405405405
"fitted_shape",0.032520325203252
"fitted_shape",0
"fitted_shape",0.06
"fitted_shape",0
"fitted_shape",0
"fitted_shape",0.995495495495496
"fitted_shape",0.390134529147982
"fitted_shape",1
"fitted_shape",0.143589743589744
"fitted_shape",1
"fitted_shape",0.358208955223881
"fitted_shape",0.83732057416268
"fitted_shape",0.0336538461538462
"fitted_shape",0.116591928251121
"fitted_shape",0
"fitted_shape",0
"fitted_shape",0.00625
"fitted_shape",0.0144927536231884
"fitted_shape",0
"fitted_shape",0
"fitted_shape",0.106060606060606
"fitted_shape",0
"fitted_shape",0
"fitted_shape",0
"fitted_shape",0
"fitted_shape",0
"fitted_shape",0
"fitted_shape",0
"fitted_shape",1
"fitted_shape",0
"fitted_shape",0
"fitted_shape",0
"fitted_shape",1
"fitted_shape",0.102325581395349
"fitted_shape",1
"fitted_shape",0.025
"fitted_shape",0.744394618834081
"fitted_shape",0.00934579439252336
"fitted_shape",0
"fitted_shape",0.0648148148148148
"fitted_shape",0
"fitted_shape",0.242990654205607
"fitted_shape",0
"fitted_shape",0.241545893719807
"fitted_shape",0.307692307692308
"fitted_shape",0.0121951219512195
"fitted_shape",0
"fitted_shape",0
"fitted_shape",0
"fitted_shape",0.0256410256410256
"fitted_shape",0
"fitted_shape",0.177664974619289
"fitted_shape",0
"fitted_shape",0
"fitted_shape",0
"fitted_shape",1
"fitted_shape",0
"fitted_shape",1
"fitted_shape",0
"fitted_shape",0.00462962962962963
"fitted_shape",0
"fitted_shape",0
"fitted_shape",0.109452736318408
"fitted_shape",0.26865671641791
"fitted_shape",0.0143540669856459
"fitted_shape",1
"fitted_shape",0.031390134529148
"fitted_shape",0.30622009569378
"fitted_shape",0
"fitted_shape",0.170731707317073
"fitted_shape",0
"fitted_shape",1
"fitted_shape",0.785046728971963
"fitted_shape",0.0231481481481481
"fitted_shape",0.994949494949495
"fitted_shape",0
"fitted_shape",0
"fitted_shape",0.0609137055837563
"fitted_shape",0
"fitted_shape",0
"fitted_shape",0
"fitted_shape",0
"fitted_shape",0.508130081300813
"fitted_shape",0
"fitted_shape",0
"fitted_shape",0
"fitted_shape",0
"fitted_shape",1
"fitted_shape",0
"fitted_shape",0
"fitted_shape",0.282511210762332
"fitted_shape",0.045
"fitted_shape",0.0555555555555556
"fitted_shape",0
"fitted_shape",0
"fitted_shape",0.978947368421053
"fitted_shape",0
"fitted_shape",0
"fitted_shape",1
"fitted_shape",0.369230769230769
"fitted_shape",0.00900900900900901
"fitted_shape",0
"fitted_shape",0.517766497461929
"fitted_shape",0.0373831775700935
"fitted_shape",1
"fitted_shape",0.0210526315789474
"fitted_shape",0
"fitted_shape",0.0336538461538462
"fitted_shape",0.105769230769231
"fitted_shape",0.0124223602484472
"fitted_shape",0
"fitted_shape",0
"fitted_shape",0
"fitted_shape",0
"fitted_shape",0
"fitted_shape",0
"fitted_shape",0
"fitted_shape",0.697435897435897
"fitted_shape",0
"fitted_shape",0
"fitted_shape",0
"fitted_shape",0
"fitted_shape",0
"fitted_shape",0
"fitted_shape",0.82051282051282
"fitted_shape",0.523364485981308
"fitted_shape",0.229813664596273
"fitted_shape",0.793269230769231
"fitted_shape",0
"fitted_shape",0.990384615384615
"fitted_shape",0
"fitted_shape",0.434782608695652
"fitted_shape",0.995515695067265
"fitted_shape",0.982062780269058
"fitted_shape",0.0480769230769231
"fitted_shape",0
"fitted_shape",0
"fitted_shape",0.990430622009569
"fitted_shape",0
"fitted_shape",0
"fitted_shape",0.0675675675675676
"fitted_shape",0
"fitted_shape",0
"fitted_shape",0
"fitted_shape",0
"fitted_shape",0
"fitted_shape",0.141414141414141
"fitted_shape",0
"fitted_shape",1
"fitted_shape",0
"fitted_shape",0.0861244019138756
"fitted_shape",0
"fitted_shape",0
"fitted_shape",0
"fitted_shape",0
"fitted_shape",0
"fitted_shape",1
"fitted_shape",0
"fitted_shape",0
"fitted_shape",0
"fitted_shape",0.22
"fitted_shape",0
"fitted_shape",0
"fitted_shape",0
"fitted_shape",0.424242424242424
"fitted_shape",0.0191387559808612
"fitted_shape",0.991031390134529
"fitted_shape",1
"fitted_shape",0
"fitted_shape",0.0280373831775701
"fitted_shape",0
"fitted_shape",0
"fitted_shape",1
"fitted_shape",0.375
"fitted_shape",0.975155279503106
"fitted_shape",0
"fitted_shape",0.302564102564103
"fitted_shape",0
"fitted_shape",0
"fitted_shape",0.139423076923077
"fitted_shape",0.00423728813559322
"fitted_shape",1
"fitted_shape",0.00420168067226891
"fitted_shape",0.143497757847534
"fitted_shape",0.642105263157895
"fitted_shape",0.963414634146341
"fitted_shape",0
"fitted_shape",0.763975155279503
"fitted_shape",0.210762331838565
"fitted_shape",0
"fitted_shape",0.920398009950249
"fitted_shape",0.0307692307692308
"fitted_shape",0
"fitted_shape",0
"fitted_shape",0
"fitted_shape",0.00505050505050505
"fitted_shape",0
"fitted_shape",1
"fitted_shape",0.626865671641791
"fitted_shape",0
"fitted_shape",0.062111801242236
"fitted_shape",0
"fitted_shape",0.308411214953271
"fitted_shape",0.2
"fitted_shape",0
"fitted_shape",0.387755102040816
"fitted_shape",0
"fitted_shape",0.11
"fitted_shape",1
"fitted_shape",0
"fitted_shape",0.0656565656565657
"fitted_shape",0
"fitted_shape",0
"fitted_shape",0
"fitted_shape",0
"fitted_shape",0
"fitted_shape",0
"fitted_shape",1
"fitted_shape",0.995495495495496
"fitted_shape",0
"fitted_shape",0.29
"fitted_shape",0
"fitted_shape",0
"fitted_shape",0
"fitted_shape",0
"fitted_shape",0.373831775700935
"fitted_shape",0
"fitted_shape",0.75462962962963
"fitted_shape",0
"fitted_shape",0.0656565656565657
"fitted_shape",0
"fitted_shape",0
"fitted_shape",0.934579439252336
"fitted_shape",0.631578947368421
"fitted_shape",0
"fitted_shape",0.0414507772020725
"fitted_shape",0.984848484848485
"fitted_shape",0
"fitted_shape",0.00497512437810945
"fitted_shape",0.0358744394618834
"fitted_shape",0
"fitted_shape",0
"fitted_shape",0
"fitted_shape",0.833333333333333
"fitted_shape",0.8625
"fitted_shape",0.66875
"fitted_shape",0
"fitted_shape",0
"fitted_shape",0
"fitted_shape",0.799043062200957
"fitted_shape",0.586538461538462
"fitted_shape",0
"fitted_shape",0.337962962962963
"fitted_shape",0
"fitted_shape",0.210762331838565
"fitted_shape",0.0186046511627907
"fitted_shape",0.0934579439252336
"fitted_shape",0
"fitted_shape",1
"fitted_shape",1
"fitted_shape",0
"fitted_shape",1
"fitted_shape",0.0974358974358974
"fitted_shape",0.81025641025641
"fitted_shape",0.96969696969697
"fitted_shape",0
"fitted_shape",0
"fitted_shape",0
"fitted_shape",0
"fitted_shape",0.505050505050505
"fitted_shape",1
"fitted_shape",0.917874396135266
"fitted_shape",0.025
"fitted_shape",0
"fitted_shape",0.0134529147982063
"fitted_shape",0
"fitted_shape",0
"fitted_shape",1
"fitted_shape",0.387755102040816
"fitted_shape",1
"fitted_shape",0.153846153846154
"fitted_shape",1
"fitted_shape",0.372093023255814
"fitted_shape",0.91866028708134
"fitted_shape",0.0153846153846154
"fitted_shape",0.206730769230769
"fitted_shape",0
"fitted_shape",0
"fitted_shape",0
"fitted_shape",0.0253807106598985
"fitted_shape",0
"fitted_shape",0
"fitted_shape",0.065989847715736
"fitted_shape",0
"fitted_shape",0
"fitted_shape",0
"fitted_shape",0
"fitted_shape",0
"fitted_shape",0
"fitted_shape",0
"fitted_shape",1
"fitted_shape",0
"fitted_shape",0
"fitted_shape",0
"fitted_shape",1
"fitted_shape",0.0609756097560976
"fitted_shape",1
"fitted_shape",0
"fitted_shape",0.788461538461538
"fitted_shape",0.0288461538461538
"fitted_shape",0
"fitted_shape",0.0625
"fitted_shape",0
"fitted_shape",0.252336448598131
"fitted_shape",0
"fitted_shape",0.293814432989691
"fitted_shape",0.338383838383838
"fitted_shape",0.00497512437810945
"fitted_shape",0
"fitted_shape",0
"fitted_shape",0
"fitted_shape",0.0406091370558376
"fitted_shape",0
"fitted_shape",0.11214953271028
"fitted_shape",0
"fitted_shape",0
"fitted_shape",0
"fitted_shape",1
"fitted_shape",0
"fitted_shape",1
"fitted_shape",0
"fitted_shape",0.00925925925925926
"fitted_shape",0
"fitted_shape",0
"fitted_shape",0.215447154471545
"fitted_shape",0.333333333333333
"fitted_shape",0.00497512437810945
"fitted_shape",1
"fitted_shape",0.0372093023255814
"fitted_shape",0.315315315315315
"fitted_shape",0
"fitted_shape",0.157360406091371
"fitted_shape",0
"fitted_shape",1
"fitted_shape",0.77
"fitted_shape",0.054726368159204
"fitted_shape",0.975155279503106
"fitted_shape",0
"fitted_shape",0
"fitted_shape",0.162679425837321
"fitted_shape",0
"fitted_shape",0
"fitted_shape",0
"fitted_shape",0.00478468899521531
"fitted_shape",0.379746835443038
"fitted_shape",0
"fitted_shape",0
"fitted_shape",0
"fitted_shape",0
"fitted_shape",1
"fitted_shape",0
"fitted_shape",0.0125
"fitted_shape",0.235897435897436
"fitted_shape",0.041025641025641
"fitted_shape",0.056701030927835
"fitted_shape",0
"fitted_shape",0
"fitted_shape",0.980769230769231
"fitted_shape",0
"fitted_shape",0
"fitted_shape",1
"fitted_shape",0.278846153846154
"fitted_shape",0.00483091787439614
"fitted_shape",0
"fitted_shape",0.484472049689441
"fitted_shape",0.00934579439252336
"fitted_shape",1
"fitted_shape",0
"fitted_shape",0
"fitted_shape",0.0875
"fitted_shape",0.0666666666666667
"fitted_shape",0.0124223602484472
"fitted_shape",0
"fitted_shape",0
"fitted_shape",0
"fitted_shape",0
"fitted_shape",0
"fitted_shape",0
"fitted_shape",0
"fitted_shape",0.791836734693877
"fitted_shape",0
"fitted_shape",0
"fitted_shape",0
"fitted_shape",0
"fitted_shape",0
"fitted_shape",0
"fitted_shape",0.821256038647343
"fitted_shape",0.468599033816425
"fitted_shape",0.522522522522523
"fitted_shape",0.720496894409938
"fitted_shape",0
"fitted_shape",1
"fitted_shape",0.00512820512820513
"fitted_shape",0.55050505050505
"fitted_shape",0.995515695067265
"fitted_shape",0.979381443298969
"fitted_shape",0.0408163265306122
"fitted_shape",0
"fitted_shape",0
"fitted_shape",0.995024875621891
"fitted_shape",0
"fitted_shape",0
"fitted_shape",0.110576923076923
"fitted_shape",0
"fitted_shape",0
"fitted_shape",0
"fitted_shape",0
"fitted_shape",0
"fitted_shape",0.177570093457944
"fitted_shape",0
"fitted_shape",1
"fitted_shape",0
"fitted_shape",0.121951219512195
"fitted_shape",0
"fitted_shape",0
"fitted_shape",0
"fitted_shape",0
"fitted_shape",0
"fitted_shape",1
"fitted_shape",0
"fitted_shape",0
"fitted_shape",0
"fitted_shape",0.285714285714286
"fitted_shape",0
"fitted_shape",0
"fitted_shape",0
"fitted_shape",0.42
"fitted_shape",0.0372670807453416
"fitted_shape",0.995515695067265
"fitted_shape",0.984848484848485
"fitted_shape",0
"fitted_shape",0.00448430493273543
"fitted_shape",0
"fitted_shape",0
"fitted_shape",1
"fitted_shape",0.289719626168224
"fitted_shape",0.87
"fitted_shape",0
"fitted_shape",0.307692307692308
"fitted_shape",0
"fitted_shape",0
"fitted_shape",0.203980099502488
"fitted_shape",0.00497512437810945
"fitted_shape",1
"fitted_shape",0
"fitted_shape",0.0353535353535354
"fitted_shape",0.791044776119403
"fitted_shape",0.945273631840796
"fitted_shape",0
"fitted_shape",0.747474747474748
"fitted_shape",0.208955223880597
"fitted_shape",0
"fitted_shape",0.862944162436548
"fitted_shape",0.0232558139534884
"fitted_shape",0.0360824742268041
"fitted_shape",0.00480769230769231
"fitted_shape",0
"fitted_shape",0.0099502487562189
"fitted_shape",0
"fitted_shape",1
"fitted_shape",0.647342995169082
"fitted_shape",0
"fitted_shape",0
"fitted_shape",0
"fitted_shape",0.356481481481481
"fitted_shape",0.0841121495327103
"fitted_shape",0
"fitted_shape",0.33953488372093
"fitted_shape",0
"fitted_shape",0.0913461538461538
"fitted_shape",1
"fitted_shape",0
"fitted_shape",0.103092783505155
"fitted_shape",0
"fitted_shape",0
"fitted_shape",0
"fitted_shape",0
"fitted_shape",0
"fitted_shape",0
"fitted_shape",1
"fitted_shape",0.990384615384615
"fitted_shape",0
"fitted_shape",0.423255813953488
"fitted_shape",0
"fitted_shape",0
"fitted_shape",0
"fitted_shape",0
"fitted_shape",0.369230769230769
"fitted_shape",0
"fitted_shape",0.799043062200957
"fitted_shape",0
"fitted_shape",0.121495327102804
"fitted_shape",0
"fitted_shape",0
"fitted_shape",0.85929648241206
"fitted_shape",0.798076923076923
"fitted_shape",0
"fitted_shape",0.0205128205128205
"fitted_shape",0.964467005076142
"fitted_shape",0
"fitted_shape",0.00480769230769231
"fitted_shape",0.00934579439252336
"fitted_shape",0
"fitted_shape",0
"fitted_shape",0
"fitted_shape",0.79
"fitted_shape",0.831775700934579
"fitted_shape",0.52020202020202
"fitted_shape",0
"fitted_shape",0
"fitted_shape",0
"fitted_shape",0.853535353535353
"fitted_shape",0.569506726457399
"fitted_shape",0
"fitted_shape",0.293532338308458
"fitted_shape",0
"fitted_shape",0.231707317073171
"fitted_shape",0.0248756218905473
"fitted_shape",0.0375
"fitted_shape",0
"fitted_shape",1
"fitted_shape",1
"fitted_shape",0
"fitted_shape",1
"fitted_shape",0.0841121495327103
"fitted_shape",0.748717948717949
"fitted_shape",0.995024875621891
"fitted_shape",0
"fitted_shape",0
"fitted_shape",0
"fitted_shape",0
"fitted_shape",0.509259259259259
"fitted_shape",1
"fitted_shape",0.921296296296296
"fitted_shape",0.0186915887850467
"fitted_shape",0
"fitted_shape",0.0336538461538462
"fitted_shape",0
"fitted_shape",0
"fitted_shape",1
"fitted_shape",0.432692307692308
"fitted_shape",1
"fitted_shape",0.125
"fitted_shape",1
"fitted_shape",0.341346153846154
"fitted_shape",0.845771144278607
"fitted_shape",0.0210526315789474
"fitted_shape",0.232323232323232
"fitted_shape",0
"fitted_shape",0
"fitted_shape",0.0248756218905473
"fitted_shape",0.012396694214876
"fitted_shape",0
"fitted_shape",0
"fitted_shape",0.0858585858585859
"fitted_shape",0
"fitted_shape",0
"fitted_shape",0.00462962962962963
"fitted_shape",0
"fitted_shape",0
"fitted_shape",0
"fitted_shape",0.0251572327044025
"fitted_shape",1
"fitted_shape",0
"fitted_shape",0
"fitted_shape",0
"fitted_shape",1
"fitted_shape",0.0559006211180124
"fitted_shape",0.980861244019139
"fitted_shape",0.01
"fitted_shape",0.807106598984772
"fitted_shape",0.0050761421319797
"fitted_shape",0
"fitted_shape",0.135265700483092
"fitted_shape",0
"fitted_shape",0.136752136752137
"fitted_shape",0
"fitted_shape",0.335403726708075
"fitted_shape",0.221052631578947
"fitted_shape",0.00512820512820513
"fitted_shape",0
"fitted_shape",0
"fitted_shape",0
"fitted_shape",0.0917874396135266
"fitted_shape",0
"fitted_shape",0.15311004784689
"fitted_shape",0
"fitted_shape",0
"fitted_shape",0
"fitted_shape",1
"fitted_shape",0
"fitted_shape",1
"fitted_shape",0
"fitted_shape",0.00408163265306122
"fitted_shape",0
"fitted_shape",0
"fitted_shape",0.235576923076923
"fitted_shape",0.401869158878505
"fitted_shape",0.0235849056603774
"fitted_shape",1
"fitted_shape",0.0062111801242236
"fitted_shape",0.225641025641026
"fitted_shape",0
"fitted_shape",0.144186046511628
"fitted_shape",0
"fitted_shape",1
"fitted_shape",0.564102564102564
"fitted_shape",0.0509259259259259
"fitted_shape",0.985074626865672
"fitted_shape",0
"fitted_shape",0
"fitted_shape",0.0336538461538462
"fitted_shape",0
"fitted_shape",0
"fitted_shape",0
"fitted_shape",0
"fitted_shape",0.430493273542601
"fitted_shape",0
"fitted_shape",0
"fitted_shape",0
"fitted_shape",0
"fitted_shape",1
"fitted_shape",0
"fitted_shape",0.00480769230769231
"fitted_shape",0.299492385786802
"fitted_shape",0.0298507462686567
"fitted_shape",0.0505050505050505
"fitted_shape",0
"fitted_shape",0
"fitted_shape",0.936651583710407
"fitted_shape",0
"fitted_shape",0
"fitted_shape",1
"fitted_shape",0.388059701492537
"fitted_shape",0
"fitted_shape",0
"fitted_shape",0.3681592039801
"fitted_shape",0.0206185567010309
"fitted_shape",1
"fitted_shape",0.0253807106598985
"fitted_shape",0
"fitted_shape",0.0277777777777778
"fitted_shape",0.0745341614906832
"fitted_shape",0.0252525252525253
"fitted_shape",0
"fitted_shape",0
"fitted_shape",0
"fitted_shape",0
"fitted_shape",0
"fitted_shape",0
"fitted_shape",0
"fitted_shape",0.658653846153846
"fitted_shape",0
"fitted_shape",0
"fitted_shape",0
"fitted_shape",0
"fitted_shape",0
"fitted_shape",0
"fitted_shape",0.889952153110048
"fitted_shape",0.517412935323383
"fitted_shape",0.212962962962963
"fitted_shape",0.830769230769231
"fitted_shape",0
"fitted_shape",0.985645933014354
"fitted_shape",0
"fitted_shape",0.477611940298507
"fitted_shape",0.990654205607477
"fitted_shape",0.961352657004831
"fitted_shape",0.0202020202020202
"fitted_shape",0
"fitted_shape",0
"fitted_shape",1
"fitted_shape",0.00462962962962963
"fitted_shape",0
"fitted_shape",0.0612244897959184
"fitted_shape",0
"fitted_shape",0
"fitted_shape",0
"fitted_shape",0
"fitted_shape",0
"fitted_shape",0.117117117117117
"fitted_shape",0
"fitted_shape",1
"fitted_shape",0
"fitted_shape",0.0721153846153846
"fitted_shape",0
"fitted_shape",0
"fitted_shape",0
"fitted_shape",0
"fitted_shape",0
"fitted_shape",1
"fitted_shape",0
"fitted_shape",0
"fitted_shape",0
"fitted_shape",0.253588516746411
"fitted_shape",0
"fitted_shape",0
"fitted_shape",0
"fitted_shape",0.403587443946188
"fitted_shape",0.0143540669856459
"fitted_shape",0.978813559322034
"fitted_shape",0.995495495495496
"fitted_shape",0
"fitted_shape",0.005
"fitted_shape",0
"fitted_shape",0
"fitted_shape",1
"fitted_shape",0.432692307692308
"fitted_shape",0.894230769230769
"fitted_shape",0
"fitted_shape",0.4
"fitted_shape",0
"fitted_shape",0
"fitted_shape",0.257918552036199
"fitted_shape",0.00896860986547085
"fitted_shape",1
"fitted_shape",0
"fitted_shape",0.0324074074074074
"fitted_shape",0.703517587939699
"fitted_shape",0.953271028037383
"fitted_shape",0
"fitted_shape",0.704663212435233
"fitted_shape",0.180412371134021
"fitted_shape",0
"fitted_shape",0.934959349593496
"fitted_shape",0.0186335403726708
"fitted_shape",0.00478468899521531
"fitted_shape",0
"fitted_shape",0
"fitted_shape",0
"fitted_shape",0
"fitted_shape",1
"fitted_shape",0.633540372670807
"fitted_shape",0
"fitted_shape",0
"fitted_shape",0
"fitted_shape",0.444444444444444
"fitted_shape",0.186046511627907
"fitted_shape",0.0045045045045045
"fitted_shape",0.464114832535885
"fitted_shape",0
"fitted_shape",0.205741626794258
"fitted_shape",1
"fitted_shape",0
"fitted_shape",0.0694444444444444
"fitted_shape",0
"fitted_shape",0
"fitted_shape",0.0124223602484472
"fitted_shape",0
"fitted_shape",0
"fitted_shape",0
"fitted_shape",1
"fitted_shape",0.995327102803738
"fitted_shape",0
"fitted_shape",0.334728033472803
"fitted_shape",0
"fitted_shape",0
"fitted_shape",0
"fitted_shape",0
"fitted_shape",0.276923076923077
"fitted_shape",0
"fitted_shape",0.735
"fitted_shape",0
"fitted_shape",0.318181818181818
"fitted_shape",0
"fitted_shape",0
"fitted_shape",0.916279069767442
"fitted_shape",0.769230769230769
"fitted_shape",0.0062111801242236
"fitted_shape",0.0372670807453416
"fitted_shape",1
"fitted_shape",0
"fitted_shape",0
"fitted_shape",0.0122448979591837
"fitted_shape",0
"fitted_shape",0
"fitted_shape",0
"fitted_shape",0.791666666666667
"fitted_shape",0.784688995215311
"fitted_shape",0.55
"fitted_shape",0
"fitted_shape",0
"fitted_shape",0
"fitted_shape",0.876543209876543
"fitted_shape",0.594871794871795
"fitted_shape",0.0552763819095477
"fitted_shape",0.280373831775701
"fitted_shape",0
"fitted_shape",0.433962264150943
"fitted_shape",0.00448430493273543
"fitted_shape",0.0855855855855856
"fitted_shape",0
"fitted_shape",1
"fitted_shape",1
"fitted_shape",0
"fitted_shape",1
"fitted_shape",0.105590062111801
"fitted_shape",0.803827751196172
"fitted_shape",0.990291262135922
"fitted_shape",0
"fitted_shape",0
"fitted_shape",0.00512820512820513
"fitted_shape",0
"fitted_shape",0.323383084577114
"fitted_shape",1
"fitted_shape",0.934579439252336
"fitted_shape",0.0199004975124378
"fitted_shape",0
"fitted_shape",0.0248447204968944
"fitted_shape",0
"fitted_shape",0
"fitted_shape",1
"fitted_shape",0.415
"fitted_shape",1
"fitted_shape",0.11214953271028
"fitted_shape",1
"fitted_shape",0.412935323383085
"fitted_shape",0.889952153110048
"fitted_shape",0.031055900621118
"fitted_shape",0.186915887850467
"fitted_shape",0
"fitted_shape",0
"fitted_shape",0.0102564102564103
"fitted_shape",0.0134529147982063
"fitted_shape",0
"fitted_shape",0
"fitted_shape",0.0745341614906832
"fitted_shape",0
"fitted_shape",0
"fitted_shape",0
"fitted_shape",0
"fitted_shape",0
"fitted_shape",0
"fitted_shape",0.0348258706467662
"fitted_shape",1
"fitted_shape",0
"fitted_shape",0
"fitted_shape",0.0287081339712919
"fitted_shape",1
"fitted_shape",0.0315789473684211
"fitted_shape",1
"fitted_shape",0.025
"fitted_shape",0.768292682926829
"fitted_shape",0
"fitted_shape",0
"fitted_shape",0.0762331838565022
"fitted_shape",0
"fitted_shape",0.157407407407407
"fitted_shape",0
"fitted_shape",0.459090909090909
"fitted_shape",0.391304347826087
"fitted_shape",0.00462962962962963
"fitted_shape",0
"fitted_shape",0
"fitted_shape",0
"fitted_shape",0
"fitted_shape",0
"fitted_shape",0.142857142857143
"fitted_shape",0
"fitted_shape",0
"fitted_shape",0
"fitted_shape",1
"fitted_shape",0
"fitted_shape",1
"fitted_shape",0
"fitted_shape",0
"fitted_shape",0
"fitted_shape",0
"fitted_shape",0.130434782608696
"fitted_shape",0.580808080808081
"fitted_shape",0.00515463917525773
"fitted_shape",1
"fitted_shape",0.0144230769230769
"fitted_shape",0.222222222222222
"fitted_shape",0
"fitted_shape",0.116161616161616
"fitted_shape",0
"fitted_shape",1
"fitted_shape",0.763888888888889
"fitted_shape",0.0526315789473684
"fitted_shape",0.995
"fitted_shape",0
"fitted_shape",0
"fitted_shape",0.115789473684211
"fitted_shape",0
"fitted_shape",0
"fitted_shape",0
"fitted_shape",0
"fitted_shape",0.373831775700935
"fitted_shape",0
"fitted_shape",0
"fitted_shape",0
"fitted_shape",0
"fitted_shape",1
"fitted_shape",0
"fitted_shape",0
"fitted_shape",0.514018691588785
"fitted_shape",0.050314465408805
"fitted_shape",0.0432692307692308
"fitted_shape",0
"fitted_shape",0
"fitted_shape",0.987421383647799
"fitted_shape",0
"fitted_shape",0
"fitted_shape",1
"fitted_shape",0.303030303030303
"fitted_shape",0
"fitted_shape",0
"fitted_shape",0.609756097560976
"fitted_shape",0.0191387559808612
"fitted_shape",1
"fitted_shape",0.00448430493273543
"fitted_shape",0
"fitted_shape",0.0202020202020202
"fitted_shape",0.204968944099379
"fitted_shape",0.0314465408805031
"fitted_shape",0
"fitted_shape",0
"fitted_shape",0
"fitted_shape",0
"fitted_shape",0
"fitted_shape",0
"fitted_shape",0
"fitted_shape",0.650485436893204
"fitted_shape",0
"fitted_shape",0
"fitted_shape",0
"fitted_shape",0
"fitted_shape",0
"fitted_shape",0
"fitted_shape",0.935185185185185
"fitted_shape",0.390134529147982
"fitted_shape",0.217391304347826
"fitted_shape",0.717171717171717
"fitted_shape",0
"fitted_shape",0.990740740740741
"fitted_shape",0
"fitted_shape",0.5
"fitted_shape",0.98989898989899
"fitted_shape",0.995215311004785
"fitted_shape",0.0672645739910314
"fitted_shape",0
"fitted_shape",0
"fitted_shape",0.990654205607477
"fitted_shape",0
"fitted_shape",0
"fitted_shape",0.0913705583756345
"fitted_shape",0
"fitted_shape",0
"fitted_shape",0
"fitted_shape",0
"fitted_shape",0
"fitted_shape",0.11
"fitted_shape",0
"fitted_shape",1
"fitted_shape",0
"fitted_shape",0.130841121495327
"fitted_shape",0
"fitted_shape",0
"fitted_shape",0
"fitted_shape",0
"fitted_shape",0
"fitted_shape",1
"fitted_shape",0
"fitted_shape",0
"fitted_shape",0
"fitted_shape",0.155737704918033
"fitted_shape",0
"fitted_shape",0
"fitted_shape",0
"fitted_shape",0.388349514563107
"fitted_shape",0.00925925925925926
"fitted_shape",0.981132075471698
"fitted_shape",0.987234042553191
"fitted_shape",0
"fitted_shape",0
"fitted_shape",0
"fitted_shape",0
"fitted_shape",1
"fitted_shape",0.403587443946188
"fitted_shape",0.878787878787879
"fitted_shape",0
"fitted_shape",0.215311004784689
"fitted_shape",0.00512820512820513
"fitted_shape",0
"fitted_shape",0.123076923076923
"fitted_shape",0
"fitted_shape",1
"fitted_shape",0
"fitted_shape",0.0199004975124378
"fitted_shape",0.658653846153846
"fitted_shape",0.981981981981982
"fitted_shape",0
"fitted_shape",0.681592039800995
"fitted_shape",0.288461538461538
"fitted_shape",0
"fitted_shape",0.894736842105263
"fitted_shape",0.031390134529148
"fitted_shape",0.0099502487562189
"fitted_shape",0.00925925925925926
"fitted_shape",0
"fitted_shape",0.00934579439252336
"fitted_shape",0
"fitted_shape",1
"fitted_shape",0.683229813664596
"fitted_shape",0
"fitted_shape",0.00505050505050505
"fitted_shape",0
"fitted_shape",0.404040404040404
"fitted_shape",0.0956937799043062
"fitted_shape",0
"fitted_shape",0.551569506726457
"fitted_shape",0
"fitted_shape",0.231578947368421
"fitted_shape",1
"fitted_shape",0
"fitted_shape",0.062780269058296
"fitted_shape",0
"fitted_shape",0
"fitted_shape",0
"fitted_shape",0
"fitted_shape",0
"fitted_shape",0
"fitted_shape",1
"fitted_shape",0.995192307692308
"fitted_shape",0
"fitted_shape",0.421052631578947
"fitted_shape",0
"fitted_shape",0
"fitted_shape",0
"fitted_shape",0
"fitted_shape",0.27319587628866
"fitted_shape",0
"fitted_shape",0.780269058295964
"fitted_shape",0
"fitted_shape",0.143518518518519
"fitted_shape",0
"fitted_shape",0
"fitted_shape",0.955223880597015
"fitted_shape",0.661616161616162
"fitted_shape",0
"fitted_shape",0.0807174887892377
"fitted_shape",0.980099502487562
"fitted_shape",0
"fitted_shape",0.0203045685279188
"fitted_shape",0.025
"fitted_shape",0
"fitted_shape",0
"fitted_shape",0
"fitted_shape",0.838509316770186
"fitted_shape",0.787037037037037
"fitted_shape",0.336322869955157
"fitted_shape",0.00480769230769231
"fitted_shape",0
"fitted_shape",0
"fitted_shape",0.825870646766169
"fitted_shape",0.487179487179487
"fitted_shape",0
"fitted_shape",0.305555555555556
"fitted_shape",0
"fitted_shape",0.276923076923077
"fitted_shape",0.0231481481481481
"fitted_shape",0.0865384615384615
"fitted_shape",0
"fitted_shape",1
"fitted_shape",1
"fitted_shape",0
"fitted_shape",1
"fitted_shape",0.169154228855721
"fitted_shape",0.823045267489712
"fitted_shape",0.985
"fitted_shape",0
"fitted_shape",0
"fitted_shape",0.00480769230769231
"fitted_shape",0
"fitted_shape",0.398148148148148
"fitted_shape",1
"fitted_shape",0.943589743589744
"fitted_shape",0.015
"fitted_shape",0
"fitted_shape",0.0191387559808612
"fitted_shape",0
"fitted_shape",0
"fitted_shape",1
"fitted_shape",0.364583333333333
"fitted_shape",1
"fitted_shape",0.218905472636816
"fitted_shape",1
"fitted_shape",0.412037037037037
"fitted_shape",0.850931677018634
"fitted_shape",0.0307692307692308
"fitted_shape",0.280373831775701
"fitted_shape",0
"fitted_shape",0
"fitted_shape",0
"fitted_shape",0.0360824742268041
"fitted_shape",0
"fitted_shape",0
"fitted_shape",0.157894736842105
"fitted_shape",0
"fitted_shape",0
"fitted_shape",0
"fitted_shape",0
"fitted_shape",0
"fitted_shape",0.0099502487562189
"fitted_shape",0.0102564102564103
"fitted_shape",1
"fitted_shape",0
"fitted_shape",0
"fitted_shape",0.00896860986547085
"fitted_shape",1
"fitted_shape",0.0373831775700935
"fitted_shape",0.985645933014354
"fitted_shape",0.0747663551401869
"fitted_shape",0.652631578947368
"fitted_shape",0.00934579439252336
"fitted_shape",0
"fitted_shape",0.158878504672897
"fitted_shape",0
"fitted_shape",0.197115384615385
"fitted_shape",0
"fitted_shape",0.222222222222222
"fitted_shape",0.481481481481481
"fitted_shape",0.01875
"fitted_shape",0
"fitted_shape",0
"fitted_shape",0
"fitted_shape",0.00843881856540084
"fitted_shape",0
"fitted_shape",0.154471544715447
"fitted_shape",0
"fitted_shape",0
"fitted_shape",0
"fitted_shape",1
"fitted_shape",0
"fitted_shape",1
"fitted_shape",0
"fitted_shape",0.00510204081632653
"fitted_shape",0
"fitted_shape",0
"fitted_shape",0.163461538461538
"fitted_shape",0.348717948717949
"fitted_shape",0.0101010101010101
"fitted_shape",1
"fitted_shape",0.0210526315789474
"fitted_shape",0.323383084577114
"fitted_shape",0
"fitted_shape",0.118012422360248
"fitted_shape",0.00478468899521531
"fitted_shape",1
"fitted_shape",0.829596412556054
"fitted_shape",0.0654205607476635
"fitted_shape",0.96969696969697
"fitted_shape",0
"fitted_shape",0
"fitted_shape",0.0754716981132075
"fitted_shape",0
"fitted_shape",0
"fitted_shape",0
"fitted_shape",0.0358974358974359
"fitted_shape",0.4375
"fitted_shape",0
"fitted_shape",0
"fitted_shape",0
"fitted_shape",0
"fitted_shape",1
"fitted_shape",0
"fitted_shape",0.00480769230769231
"fitted_shape",0.272727272727273
"fitted_shape",0.045
"fitted_shape",0.0194174757281553
"fitted_shape",0
"fitted_shape",0
"fitted_shape",0.947154471544715
"fitted_shape",0
"fitted_shape",0
"fitted_shape",1
"fitted_shape",0.388888888888889
"fitted_shape",0.0102564102564103
"fitted_shape",0
"fitted_shape",0.488038277511962
"fitted_shape",0.0269058295964126
"fitted_shape",1
"fitted_shape",0.00900900900900901
"fitted_shape",0
"fitted_shape",0.0558375634517767
"fitted_shape",0.062200956937799
"fitted_shape",0.0105263157894737
"fitted_shape",0
"fitted_shape",0
"fitted_shape",0
"fitted_shape",0
"fitted_shape",0
"fitted_shape",0
"fitted_shape",0
"fitted_shape",0.84
"fitted_shape",0
"fitted_shape",0
"fitted_shape",0
"fitted_shape",0
"fitted_shape",0
"fitted_shape",0
"fitted_shape",0.879227053140097
"fitted_shape",0.415
"fitted_shape",0.225961538461538
"fitted_shape",0.751552795031056
"fitted_shape",0
"fitted_shape",1
"fitted_shape",0
"fitted_shape",0.56701030927835
"fitted_shape",1
"fitted_shape",0.964646464646465
"fitted_shape",0.0384615384615385
"fitted_shape",0
"fitted_shape",0
"fitted_shape",0.995169082125604
"fitted_shape",0
"fitted_shape",0
"fitted_shape",0.0731707317073171
"fitted_shape",0
"fitted_shape",0
"fitted_shape",0
"fitted_shape",0
"fitted_shape",0
"fitted_shape",0.215311004784689
"fitted_shape",0
"fitted_shape",1
"fitted_shape",0
"fitted_shape",0.0655737704918033
"fitted_shape",0
"fitted_shape",0
"fitted_shape",0
"fitted_shape",0
"fitted_shape",0
"fitted_shape",1
"fitted_shape",0
"fitted_shape",0
"fitted_shape",0
"fitted_shape",0.186915887850467
"fitted_shape",0
"fitted_shape",0
"fitted_shape",0
"fitted_shape",0.417040358744395
"fitted_shape",0.0288461538461538
"fitted_shape",0.975
"fitted_shape",1
"fitted_shape",0
"fitted_shape",0.0241545893719807
"fitted_shape",0
"fitted_shape",0
"fitted_shape",1
"fitted_shape",0.616915422885572
"fitted_shape",0.870192307692308
"fitted_shape",0
"fitted_shape",0.336683417085427
"fitted_shape",0
"fitted_shape",0
"fitted_shape",0.135
"fitted_shape",0.0101010101010101
"fitted_shape",1
"fitted_shape",0
"fitted_shape",0.0135135135135135
"fitted_shape",0.702564102564103
"fitted_shape",0.945273631840796
"fitted_shape",0
"fitted_shape",0.552845528455285
"fitted_shape",0.139423076923077
"fitted_shape",0
"fitted_shape",0.930348258706468
"fitted_shape",0.0252525252525253
"fitted_shape",0.00480769230769231
"fitted_shape",0
"fitted_shape",0
"fitted_shape",0
"fitted_shape",0
"fitted_shape",1
"fitted_shape",0.614906832298137
"fitted_shape",0
"fitted_shape",0.00448430493273543
"fitted_shape",0
"fitted_shape",0.388888888888889
"fitted_shape",0.12962962962963
"fitted_shape",0.00460829493087558
"fitted_shape",0.466367713004484
"fitted_shape",0
"fitted_shape",0.185365853658537
"fitted_shape",1
"fitted_shape",0
"fitted_shape",0.0862944162436548
"fitted_shape",0
"fitted_shape",0
"fitted_shape",0.00480769230769231
"fitted_shape",0
"fitted_shape",0
"fitted_shape",0
"fitted_shape",1
"fitted_shape",1
"fitted_shape",0
"fitted_shape",0.300925925925926
"fitted_shape",0
"fitted_shape",0
"fitted_shape",0
"fitted_shape",0
"fitted_shape",0.263157894736842
"fitted_shape",0
"fitted_shape",0.822335025380711
"fitted_shape",0
"fitted_shape",0.133971291866029
"fitted_shape",0
"fitted_shape",0
"fitted_shape",0.869565217391304
"fitted_shape",0.675925925925926
"fitted_shape",0.00512820512820513
"fitted_shape",0.0443037974683544
"fitted_shape",0.974874371859296
"fitted_shape",0
"fitted_shape",0
"fitted_shape",0.0240384615384615
"fitted_shape",0
"fitted_shape",0
"fitted_shape",0
"fitted_shape",0.801801801801802
"fitted_shape",0.783505154639175
"fitted_shape",0.4
"fitted_shape",0.00512820512820513
"fitted_shape",0
"fitted_shape",0
"fitted_shape",0.863354037267081
"fitted_shape",0.475
"fitted_shape",0
"fitted_shape",0.509259259259259
"fitted_shape",0
"fitted_shape",0.373737373737374
"fitted_shape",0.0124223602484472
"fitted_shape",0.113207547169811
"fitted_shape",0
"fitted_shape",1
"fitted_shape",1
"fitted_shape",0
"fitted_shape",1
"fitted_shape",0.0909090909090909
"fitted_shape",0.676767676767677
"fitted_shape",0.970149253731343
"fitted_shape",0
"fitted_shape",0
"fitted_shape",0
"fitted_shape",0
"fitted_shape",0.307692307692308
"fitted_shape",1
"fitted_shape",0.918269230769231
"fitted_shape",0.0193236714975845
"fitted_shape",0
"fitted_shape",0.0560747663551402
"fitted_shape",0.0101010101010101
"fitted_shape",0.00478468899521531
"fitted_shape",1
"fitted_shape",0.32994923857868
"fitted_shape",1
"fitted_shape",0.15527950310559
"fitted_shape",1
"fitted_shape",0.291479820627803
"fitted_shape",0.836820083682008
"fitted_shape",0.0408163265306122
"fitted_shape",0.240740740740741
"fitted_shape",0
"fitted_shape",0
"fitted_shape",0.0199004975124378
"fitted_shape",0.0315789473684211
"fitted_shape",0
"fitted_shape",0
"fitted_shape",0.0625
"fitted_shape",0
"fitted_shape",0
"fitted_shape",0.00480769230769231
"fitted_shape",0
"fitted_shape",0
"fitted_shape",0
"fitted_shape",0.00512820512820513
"fitted_shape",1
"fitted_shape",0
"fitted_shape",0
"fitted_shape",0
"fitted_shape",1
"fitted_shape",0.0526315789473684
"fitted_shape",0.994871794871795
"fitted_shape",0.0099502487562189
"fitted_shape",0.766497461928934
"fitted_shape",0.00628930817610063
"fitted_shape",0
"fitted_shape",0.0871794871794872
"fitted_shape",0
"fitted_shape",0.158139534883721
"fitted_shape",0
"fitted_shape",0.293814432989691
"fitted_shape",0.334928229665072
"fitted_shape",0.0144230769230769
"fitted_shape",0
"fitted_shape",0
"fitted_shape",0
"fitted_shape",0.0185185185185185
"fitted_shape",0
"fitted_shape",0.139013452914798
"fitted_shape",0
"fitted_shape",0
"fitted_shape",0
"fitted_shape",1
"fitted_shape",0
"fitted_shape",1
"fitted_shape",0
"fitted_shape",0.00446428571428571
"fitted_shape",0
"fitted_shape",0
"fitted_shape",0.245098039215686
"fitted_shape",0.45273631840796
"fitted_shape",0.00840336134453781
"fitted_shape",1
"fitted_shape",0.00480769230769231
"fitted_shape",0.350210970464135
"fitted_shape",0
"fitted_shape",0.207547169811321
"fitted_shape",0
"fitted_shape",1
"fitted_shape",0.791666666666667
"fitted_shape",0.0560747663551402
"fitted_shape",0.993788819875776
"fitted_shape",0
"fitted_shape",0.0040650406504065
"fitted_shape",0.0747663551401869
"fitted_shape",0
"fitted_shape",0
"fitted_shape",0
"fitted_shape",0
"fitted_shape",0.338308457711443
"fitted_shape",0
"fitted_shape",0
"fitted_shape",0
"fitted_shape",0
"fitted_shape",1
"fitted_shape",0
"fitted_shape",0.00505050505050505
"fitted_shape",0.384615384615385
"fitted_shape",0.0447154471544715
"fitted_shape",0.0467289719626168
"fitted_shape",0
"fitted_shape",0
"fitted_shape",0.924242424242424
"fitted_shape",0
"fitted_shape",0
"fitted_shape",1
"fitted_shape",0.383177570093458
"fitted_shape",0.045
"fitted_shape",0
"fitted_shape",0.514018691588785
"fitted_shape",0.0287081339712919
"fitted_shape",1
"fitted_shape",0.00943396226415094
"fitted_shape",0
"fitted_shape",0.0153846153846154
"fitted_shape",0.0558139534883721
"fitted_shape",0.0990990990990991
"fitted_shape",0
"fitted_shape",0
"fitted_shape",0
"fitted_shape",0
"fitted_shape",0
"fitted_shape",0
"fitted_shape",0
"fitted_shape",0.77639751552795
"fitted_shape",0.00478468899521531
"fitted_shape",0
"fitted_shape",0
"fitted_shape",0
"fitted_shape",0
"fitted_shape",0
"fitted_shape",0.7847533632287
"fitted_shape",0.41869918699187
"fitted_shape",0.198198198198198
"fitted_shape",0.787037037037037
"fitted_shape",0
"fitted_shape",0.98780487804878
"fitted_shape",0
"fitted_shape",0.514423076923077
"fitted_shape",0.994871794871795
"fitted_shape",0.980487804878049
"fitted_shape",0.0654205607476635
"fitted_shape",0
"fitted_shape",0
"fitted_shape",0.975155279503106
"fitted_shape",0
"fitted_shape",0
"fitted_shape",0.0194174757281553
"fitted_shape",0
"fitted_shape",0
"fitted_shape",0
"fitted_shape",0
"fitted_shape",0
"fitted_shape",0.247967479674797
"fitted_shape",0
"fitted_shape",1
"fitted_shape",0
"fitted_shape",0.0720720720720721
"fitted_shape",0
"fitted_shape",0
"fitted_shape",0
"fitted_shape",0
"fitted_shape",0
"fitted_shape",1
"fitted_shape",0
"fitted_shape",0
"fitted_shape",0
"fitted_shape",0.139423076923077
"fitted_shape",0
"fitted_shape",0
"fitted_shape",0
"fitted_shape",0.342342342342342
"fitted_shape",0.0186915887850467
"fitted_shape",0.94392523364486
"fitted_shape",0.985645933014354
"fitted_shape",0
"fitted_shape",0.0407239819004525
"fitted_shape",0
"fitted_shape",0
"fitted_shape",1
"fitted_shape",0.335403726708075
"fitted_shape",0.950310559006211
"fitted_shape",0
"fitted_shape",0.360248447204969
"fitted_shape",0.00934579439252336
"fitted_shape",0
"fitted_shape",0.22488038277512
"fitted_shape",0.00961538461538462
"fitted_shape",1
"fitted_shape",0
"fitted_shape",0.0461538461538462
"fitted_shape",0.666666666666667
"fitted_shape",0.922330097087379
"fitted_shape",0
"fitted_shape",0.690721649484536
"fitted_shape",0.430622009569378
"fitted_shape",0
"fitted_shape",0.919282511210762
"fitted_shape",0.0566037735849057
"fitted_shape",0
"fitted_shape",0
"fitted_shape",0.00448430493273543
"fitted_shape",0
"fitted_shape",0
"fitted_shape",1
"fitted_shape",0.676616915422886
"fitted_shape",0
"fitted_shape",0
"fitted_shape",0
"fitted_shape",0.485981308411215
"fitted_shape",0.0974358974358974
"fitted_shape",0
"fitted_shape",0.337962962962963
"fitted_shape",0
"fitted_shape",0.150943396226415
"fitted_shape",1
"fitted_shape",0
"fitted_shape",0.112107623318386
"fitted_shape",0
"fitted_shape",0
"fitted_shape",0
"fitted_shape",0
"fitted_shape",0
"fitted_shape",0
"fitted_shape",1
"fitted_shape",0.989847715736041
"fitted_shape",0
"fitted_shape",0.328205128205128
"fitted_shape",0
"fitted_shape",0
"fitted_shape",0
"fitted_shape",0
"fitted_shape",0.311627906976744
"fitted_shape",0
"fitted_shape",0.82089552238806
"fitted_shape",0
"fitted_shape",0.0673076923076923
"fitted_shape",0
"fitted_shape",0
"fitted_shape",0.904040404040404
"fitted_shape",0.707070707070707
"fitted_shape",0.00480769230769231
"fitted_shape",0.0352422907488987
"fitted_shape",0.974747474747475
"fitted_shape",0
"fitted_shape",0
"fitted_shape",0.0480769230769231
"fitted_shape",0
"fitted_shape",0
"fitted_shape",0
"fitted_shape",0.802884615384615
"fitted_shape",0.810945273631841
"fitted_shape",0.515
"fitted_shape",0.0124223602484472
"fitted_shape",0
"fitted_shape",0
"fitted_shape",0.787878787878788
"fitted_shape",0.495192307692308
"fitted_shape",0
"fitted_shape",0.275
"fitted_shape",0
"fitted_shape",0.221153846153846
"fitted_shape",0.0124223602484472
"fitted_shape",0.0753768844221105
"fitted_shape",0
"fitted_shape",1
"fitted_shape",1
"fitted_shape",0
"fitted_shape",1
"fitted_shape",0.166666666666667
"fitted_shape",0.740384615384615
"fitted_shape",1
"fitted_shape",0
"fitted_shape",0
"fitted_shape",0
"fitted_shape",0
"fitted_shape",0.400900900900901
"fitted_shape",1
"fitted_shape",0.926829268292683
"fitted_shape",0.0440251572327044
"fitted_shape",0
"fitted_shape",0.0338164251207729
"fitted_shape",0.00497512437810945
"fitted_shape",0
"fitted_shape",1
"fitted_shape",0.391304347826087
"fitted_shape",1
"fitted_shape",0.212765957446809
"fitted_shape",1
"fitted_shape",0.451282051282051
"fitted_shape",0.955284552845528
"fitted_shape",0.0203252032520325
"fitted_shape",0.268518518518519
"fitted_shape",0
"fitted_shape",0
"fitted_shape",0
"fitted_shape",0.0277777777777778
"fitted_shape",0
"fitted_shape",0
"fitted_shape",0.12093023255814
"fitted_shape",0
"fitted_shape",0
"fitted_shape",0
"fitted_shape",0
"fitted_shape",0
"fitted_shape",0.00478468899521531
"fitted_shape",0.0186915887850467
"fitted_shape",1
"fitted_shape",0
"fitted_shape",0
"fitted_shape",0.0138888888888889
"fitted_shape",1
"fitted_shape",0.0447154471544715
"fitted_shape",0.990654205607477
"fitted_shape",0.0240384615384615
"fitted_shape",0.73542600896861
"fitted_shape",0
"fitted_shape",0
"fitted_shape",0.0913461538461538
"fitted_shape",0
"fitted_shape",0.155778894472362
"fitted_shape",0
"fitted_shape",0.254658385093168
"fitted_shape",0.227642276422764
"fitted_shape",0.0231481481481481
"fitted_shape",0
"fitted_shape",0
"fitted_shape",0
"fitted_shape",0.0625
"fitted_shape",0
"fitted_shape",0.120192307692308
"fitted_shape",0
"fitted_shape",0
"fitted_shape",0
