"configuration","editing_rate"
"reference",0.0416666666666667
"reference",0.995934959349594
"reference",0.174528301886792
"reference",0.0546218487394958
"reference",0.995934959349594
"reference",0.820754716981132
"reference",0.41340782122905
"reference",0.0040650406504065
"reference",0
"reference",1
"reference",0.9581589958159
"reference",0.00813008130081301
"reference",0
"reference",0.0122448979591837
"reference",0.970588235294118
"reference",0.131818181818182
"reference",0.00819672131147541
"reference",0.0122448979591837
"reference",0
"reference",0.0208333333333333
"reference",1
"reference",0.155555555555556
"reference",1
"reference",0.170403587443946
"reference",0.00826446280991736
"reference",0
"reference",0
"reference",1
"reference",0.983539094650206
"reference",0.00819672131147541
"reference",0.0169491525423729
"reference",0
"reference",0.00816326530612245
"reference",0.0122950819672131
"reference",0.983471074380165
"reference",0.291666666666667
"reference",0.05
"reference",0
"reference",0.991836734693878
"reference",0.175115207373272
"reference",0.717703349282297
"reference",0.343137254901961
"reference",0
"reference",0
"reference",0
"reference",0.987603305785124
"reference",0.171945701357466
"reference",0.0040650406504065
"reference",0.0164609053497942
"reference",0
"reference",0.0040650406504065
"reference",0.860262008733624
"reference",0.0969162995594714
"reference",0.114537444933921
"reference",0.00416666666666667
"reference",0
"reference",0
"reference",0.931034482758621
"reference",0.945147679324895
"reference",0.0376569037656904
"reference",0.0333333333333333
"reference",0.0040650406504065
"reference",0
"reference",0.0550847457627119
"reference",0.513227513227513
"reference",0.524590163934426
"reference",0.678391959798995
"reference",0.0420168067226891
"reference",0
"reference",0.895454545454546
"reference",0.882096069868996
"reference",0.663366336633663
"reference",0
"reference",0
"reference",0.00816326530612245
"reference",1
"reference",0.0163265306122449
"reference",0.0630252100840336
"reference",0.55026455026455
"reference",0
"reference",0
"reference",0
"reference",0
"reference",0
"reference",0.267942583732057
"reference",0.962655601659751
"reference",0.665
"reference",0.0464135021097046
"reference",0.0168776371308017
"reference",0.893333333333333
"reference",0.0468085106382979
"reference",0.00819672131147541
"reference",0.0040983606557377
"reference",0.00816326530612245
"reference",0
"reference",0
"reference",0.0040650406504065
"reference",1
"reference",0.657458563535912
"reference",0
"reference",0
"reference",0.859090909090909
"reference",1
"reference",0
"reference",1
"reference",0.0941704035874439
"reference",0
"reference",0
"reference",0
"reference",0.88
"reference",0.130044843049327
"reference",0
"reference",0.0163265306122449
"reference",0
"reference",0.53125
"reference",1
"reference",0.743961352657005
"reference",0.0493827160493827
"reference",0.0123456790123457
"reference",1
"reference",0.437158469945355
"reference",0.632768361581921
"reference",0.0765957446808511
"reference",0.0040650406504065
"reference",0
"reference",0.0292887029288703
"reference",0
"reference",0.949579831932773
"reference",0.228971962616822
"reference",0.757425742574257
"reference",0.421875
"reference",0.240740740740741
"reference",0.0040983606557377
"reference",1
"reference",0.84375
"reference",0
"reference",0
"reference",0
"reference",0
"reference",0
"reference",1
"reference",1
"reference",0.200913242009132
"reference",0
"reference",0.376811594202899
"reference",0.140350877192982
"reference",0.0786026200873362
"reference",0.0040650406504065
"reference",0
"reference",1
"reference",0.0122950819672131
"reference",1
"reference",0.00819672131147541
"reference",0
"reference",0
"reference",0
"reference",0
"reference",1
"reference",0.357541899441341
"reference",0.628571428571429
"reference",0
"reference",0
"reference",1
"reference",0.053941908713693
"reference",0.0121951219512195
"reference",0
"reference",1
"reference",0.531914893617021
"reference",0.767123287671233
"reference",0
"reference",0.0378151260504202
"reference",0.0040983606557377
"reference",1
"reference",1
"reference",0.0163265306122449
"reference",0
"reference",1
"reference",1
"reference",1
"reference",0.00829875518672199
"reference",0.00813008130081301
"reference",0
"reference",0.882608695652174
"reference",1
"reference",0
"reference",0.819047619047619
"reference",0.485714285714286
"reference",0.0209205020920502
"reference",0.033195020746888
"reference",0.446601941747573
"reference",0.883408071748879
"reference",0.417840375586854
"reference",0
"reference",1
"reference",0.426470588235294
"reference",0.0515021459227468
"reference",0
"reference",0
"reference",0
"reference",0.991769547325103
"reference",0.779816513761468
"reference",0
"reference",0
"reference",0
"reference",0.016597510373444
"reference",0.0040983606557377
"reference",1
"reference",0.0896860986547085
"reference",0.0460251046025105
"reference",0
"reference",0
"reference",0
"reference",0.00411522633744856
"reference",1
"reference",0.30188679245283
"reference",0.004149377593361
"reference",0.00408163265306122
"reference",1
"reference",0.275229357798165
"reference",0.164383561643836
"reference",0.00816326530612245
"reference",0
"reference",1
"reference",0.0512820512820513
"reference",0.0121951219512195
"reference",0.0206611570247934
"reference",0
"reference",0
"reference",0.0040650406504065
"reference",0.303482587064677
"reference",1
"reference",0.110576923076923
"reference",0.00816326530612245
"reference",1
"reference",1
"reference",0.0122950819672131
"reference",0
"reference",0
"reference",0.844444444444444
"reference",0.754807692307692
"reference",0
"reference",0.00833333333333333
"reference",1
"reference",1
"reference",0
"reference",0.0125
"reference",1
"reference",0
"reference",0.0040650406504065
"reference",0.0040650406504065
"reference",0.00819672131147541
"reference",0.895196506550218
"reference",0.328358208955224
"reference",0.774038461538462
"reference",0.303921568627451
"reference",0.0245901639344262
"reference",0
"reference",1
"reference",0.99163179916318
"reference",0
"reference",0
"reference",0
"reference",1
"reference",0.966666666666667
"reference",0
"reference",0
"reference",0
"reference",0
"reference",0.657004830917874
"reference",1
"reference",0.029535864978903
"reference",0
"reference",0.0448430493273543
"reference",1
"reference",0.18018018018018
"reference",0.10762331838565
"reference",0.995515695067265
"reference",0.782805429864253
"reference",0.0585585585585586
"reference",0.00448430493273543
"reference",0
"reference",0.995515695067265
"reference",0.972972972972973
"reference",0
"reference",0.00448430493273543
"reference",0.00900900900900901
"reference",0.995515695067265
"reference",0.157657657657658
"reference",0.0135135135135135
"reference",0.0269058295964126
"reference",0
"reference",0.0269058295964126
"reference",1
"reference",1
"reference",0.995515695067265
"reference",0.00896860986547085
"reference",0.0179372197309417
"reference",0
"reference",0.00448430493273543
"reference",0.995515695067265
"reference",0.995515695067265
"reference",0.0045045045045045
"reference",0
"reference",0.00448430493273543
"reference",0.00896860986547085
"reference",0.0269058295964126
"reference",0.964125560538117
"reference",0.439461883408072
"reference",0.0493273542600897
"reference",0.00448430493273543
"reference",1
"reference",0.995515695067265
"reference",0.991031390134529
"reference",0.0134529147982063
"reference",0.00448430493273543
"reference",0
"reference",0.00448430493273543
"reference",0.991031390134529
"reference",0.269406392694064
"reference",0.00448430493273543
"reference",0.027027027027027
"reference",0.00448430493273543
"reference",0
"reference",0.506787330316742
"reference",0.0179372197309417
"reference",0
"reference",0.00448430493273543
"reference",0.00448430493273543
"reference",0
"reference",0.556561085972851
"reference",0.418918918918919
"reference",0.991031390134529
"reference",0.031390134529148
"reference",0.00896860986547085
"reference",0.00448430493273543
"reference",0.00448430493273543
"reference",0.122727272727273
"reference",0.0807174887892377
"reference",0.0135135135135135
"reference",0.103603603603604
"reference",0
"reference",0.995515695067265
"reference",0.995515695067265
"reference",1
"reference",0
"reference",0
"reference",0.0134529147982063
"reference",1
"reference",0.0852017937219731
"reference",0.177272727272727
"reference",0.230769230769231
"reference",0
"reference",0
"reference",0
"reference",0.0045045045045045
"reference",0.0045045045045045
"reference",0.995495495495496
"reference",1
"reference",0.0225225225225225
"reference",0.0315315315315315
"reference",0.171945701357466
"reference",0.378995433789954
"reference",0.117647058823529
"reference",0.027027027027027
"reference",0
"reference",0.0135135135135135
"reference",0
"reference",0.0315315315315315
"reference",0.0135746606334842
"reference",0.990990990990991
"reference",0.0405405405405405
"reference",0.0045045045045045
"reference",0.0045045045045045
"reference",0.686363636363636
"reference",1
"reference",0
"reference",1
"reference",0.0818181818181818
"reference",0
"reference",0.00896860986547085
"reference",0
"reference",0.477272727272727
"reference",0.484162895927602
"reference",0
"reference",0.00896860986547085
"reference",0.00448430493273543
"reference",0.40990990990991
"reference",0.995515695067265
"reference",0.221719457013575
"reference",0.116591928251121
"reference",0.00896860986547085
"reference",1
"reference",0.995515695067265
"reference",0.0134529147982063
"reference",0.0224215246636771
"reference",0
"reference",0.00896860986547085
"reference",0.031390134529148
"reference",0.00448430493273543
"reference",0.995515695067265
"reference",0.995515695067265
"reference",0.991031390134529
"reference",0.00448430493273543
"reference",0.0269058295964126
"reference",0
"reference",0.837837837837838
"reference",0.731818181818182
"reference",0.018018018018018
"reference",0.00448430493273543
"reference",0
"reference",0.00896860986547085
"reference",0.00448430493273543
"reference",1
"reference",0.995515695067265
"reference",0.027027027027027
"reference",0
"reference",0.384615384615385
"reference",0.0448430493273543
"reference",0.0855855855855856
"reference",0
"reference",0
"reference",0.878923766816143
"reference",0.292792792792793
"reference",0.579185520361991
"reference",0.0769230769230769
"reference",0.0269058295964126
"reference",0.00448430493273543
"reference",0
"reference",0
"reference",0.982062780269058
"reference",0.0582959641255605
"reference",0.0358744394618834
"reference",0.00448430493273543
"reference",0.00896860986547085
"reference",0.995515695067265
"reference",0.00896860986547085
"reference",0
"reference",0.00448430493273543
"reference",0.6289592760181
"reference",0.85
"reference",0.103603603603604
"reference",0
"reference",0.00448430493273543
"reference",0.00896860986547085
"reference",1
"reference",0.995515695067265
"reference",0.00452488687782805
"reference",0
"reference",1
"reference",0.995515695067265
"reference",0.995515695067265
"reference",0.0134529147982063
"reference",0.00448430493273543
"reference",0
"reference",0.773755656108597
"reference",0.887892376681614
"reference",0.00448430493273543
"reference",0.702702702702703
"reference",0.693693693693694
"reference",0.0810810810810811
"reference",0.0493273542600897
"reference",0.937219730941704
"reference",0.14027149321267
"reference",0.0269058295964126
"reference",0.00896860986547085
"reference",0.995495495495496
"reference",0.298642533936652
"reference",0.0540540540540541
"reference",0.0045045045045045
"reference",0
"reference",0.0045045045045045
"reference",0.833333333333333
"reference",0.878378378378378
"reference",0.018018018018018
"reference",0.085972850678733
"reference",0
"reference",0.027027027027027
"reference",0.036036036036036
"reference",0.828828828828829
"reference",0.312217194570136
"reference",0.0407239819004525
"reference",0
"reference",0
"reference",0.00896860986547085
"reference",0.0224215246636771
"reference",0.995515695067265
"reference",0.234234234234234
"reference",0.0134529147982063
"reference",0
"reference",0.995515695067265
"reference",0.221719457013575
"reference",0.0358744394618834
"reference",0
"reference",0
"reference",0.755656108597285
"reference",0.288288288288288
"reference",0.0134529147982063
"reference",0.0405405405405405
"reference",0
"reference",0.00448430493273543
"reference",0.0224215246636771
"reference",0.256756756756757
"reference",0.828828828828829
"reference",0.306306306306306
"reference",0.00448430493273543
"reference",1
"reference",0.995515695067265
"reference",0.031390134529148
"reference",0
"reference",0
"reference",0.672645739910314
"reference",0.820627802690583
"reference",0
"reference",0.0179372197309417
"reference",0.618181818181818
"reference",0.995515695067265
"reference",0.00448430493273543
"reference",0.0672645739910314
"reference",0.995515695067265
"reference",0.00448430493273543
"reference",0
"reference",0
"reference",0.0179372197309417
"reference",0.990990990990991
"reference",0.031390134529148
"reference",0.18552036199095
"reference",0.0179372197309417
"reference",0
"reference",0.00448430493273543
"reference",0.995495495495496
"reference",0.995495495495496
"reference",0
"reference",0
"reference",0.00448430493273543
"reference",1
"reference",0.631336405529954
"reference",0.00896860986547085
"reference",0.00448430493273543
"reference",0
"reference",0.00448430493273543
"reference",0.995495495495496
"reference",0.642201834862385
"reference",0.0179372197309417
"reference",0.00448430493273543
"reference",0.0416666666666667
"reference",1
"reference",0.208333333333333
"reference",0.0934579439252336
"reference",0.99537037037037
"reference",0.629107981220657
"reference",0.0930232558139535
"reference",0.00925925925925926
"reference",0
"reference",0.99537037037037
"reference",0.851851851851852
"reference",0
"reference",0.00462962962962963
"reference",0.00462962962962963
"reference",0.847222222222222
"reference",0.211267605633803
"reference",0.0185185185185185
"reference",0.013953488372093
"reference",0
"reference",0.0277777777777778
"reference",1
"reference",0.958333333333333
"reference",0.421296296296296
"reference",0.00925925925925926
"reference",0
"reference",0
"reference",0.00462962962962963
"reference",0.958333333333333
"reference",0.981481481481482
"reference",0.0324074074074074
"reference",0
"reference",0.00925925925925926
"reference",0.00925925925925926
"reference",0.0185185185185185
"reference",0.953703703703704
"reference",0.483720930232558
"reference",0.0462962962962963
"reference",0.00462962962962963
"reference",0.99537037037037
"reference",0.134259259259259
"reference",0.50462962962963
"reference",0.0601851851851852
"reference",0.00462962962962963
"reference",0
"reference",0.0138888888888889
"reference",0.803738317757009
"reference",0.194444444444444
"reference",0
"reference",0.0416666666666667
"reference",0.0138888888888889
"reference",0
"reference",1
"reference",0.32093023255814
"reference",0.0277777777777778
"reference",0.0324074074074074
"reference",0.00462962962962963
"reference",0
"reference",0.989473684210526
"reference",0.578947368421053
"reference",0.0421052631578947
"reference",0.0736842105263158
"reference",0.0105263157894737
"reference",0.0105263157894737
"reference",0.0631578947368421
"reference",0.326315789473684
"reference",0.905263157894737
"reference",0.157894736842105
"reference",0.0957446808510638
"reference",0
"reference",1
"reference",0.0105263157894737
"reference",1
"reference",0
"reference",0
"reference",0.0315789473684211
"reference",1
"reference",0
"reference",0.178947368421053
"reference",0.170212765957447
"reference",0
"reference",0
"reference",0
"reference",0.0105263157894737
"reference",0.00462962962962963
"reference",0.578947368421053
"reference",0.412037037037037
"reference",0.166666666666667
"reference",0.125
"reference",0.181395348837209
"reference",0.548837209302326
"reference",0.111111111111111
"reference",0.0231481481481481
"reference",0.00462962962962963
"reference",0.0231481481481481
"reference",0
"reference",0.0138888888888889
"reference",0.0138888888888889
"reference",1
"reference",1
"reference",0.00462962962962963
"reference",0.00462962962962963
"reference",0.888372093023256
"reference",1
"reference",0
"reference",1
"reference",0.302325581395349
"reference",0
"reference",0.00462962962962963
"reference",0
"reference",0.666666666666667
"reference",0.251162790697674
"reference",0
"reference",0.0138888888888889
"reference",0
"reference",0.0972222222222222
"reference",0.99537037037037
"reference",0.55607476635514
"reference",0.0462962962962963
"reference",0.00925925925925926
"reference",1
"reference",0.99537037037037
"reference",0.0138888888888889
"reference",0.0555555555555556
"reference",0
"reference",0
"reference",0.0604651162790698
"reference",0.00462962962962963
"reference",0.726415094339623
"reference",0.0700934579439252
"reference",0.0976744186046512
"reference",0.0277777777777778
"reference",0.0558139534883721
"reference",0
"reference",0.372093023255814
"reference",0.925581395348837
"reference",0
"reference",0.00465116279069767
"reference",0
"reference",0
"reference",0.00465116279069767
"reference",1
"reference",0.995348837209302
"reference",0.0231481481481481
"reference",0
"reference",0.302325581395349
"reference",0.0604651162790698
"reference",0.199074074074074
"reference",0.00925925925925926
"reference",0
"reference",0.99537037037037
"reference",0.99537037037037
"reference",0.99537037037037
"reference",0
"reference",0
"reference",0.00462962962962963
"reference",0
"reference",0
"reference",0.990740740740741
"reference",0.180555555555556
"reference",0.689814814814815
"reference",0.00462962962962963
"reference",0.00462962962962963
"reference",0.865740740740741
"reference",0.560185185185185
"reference",0
"reference",0.00462962962962963
"reference",0.777777777777778
"reference",0.462962962962963
"reference",0.537037037037037
"reference",0
"reference",0
"reference",0.00925925925925926
"reference",0.831775700934579
"reference",0.99537037037037
"reference",0.0976744186046512
"reference",0.00462962962962963
"reference",0.995348837209302
"reference",0.725581395348837
"reference",0.990697674418605
"reference",0.00930232558139535
"reference",0.00930232558139535
"reference",0
"reference",1
"reference",0.0558139534883721
"reference",0.00930232558139535
"reference",0.274418604651163
"reference",0.827102803738318
"reference",0.102325581395349
"reference",0.0560747663551402
"reference",0.66046511627907
"reference",0.795348837209302
"reference",0.106481481481481
"reference",0.00462962962962963
"reference",0.99537037037037
"reference",0.75462962962963
"reference",0.0325581395348837
"reference",0
"reference",0
"reference",0.00462962962962963
"reference",0.967592592592593
"reference",0.976851851851852
"reference",0.0138888888888889
"reference",0.00925925925925926
"reference",0
"reference",0.0277777777777778
"reference",0.00462962962962963
"reference",0.888372093023256
"reference",0.0416666666666667
"reference",0.0138888888888889
"reference",0
"reference",0.00925925925925926
"reference",0
"reference",0.282407407407407
"reference",0.990740740740741
"reference",0.579439252336449
"reference",0.00462962962962963
"reference",0
"reference",1
"reference",0.486111111111111
"reference",0.0648148148148148
"reference",0
"reference",0
"reference",0.962962962962963
"reference",0.106976744186047
"reference",0.0186046511627907
"reference",0.0277777777777778
"reference",0
"reference",0
"reference",0
"reference",0.293023255813953
"reference",0.53953488372093
"reference",0.560185185185185
"reference",0
"reference",1
"reference",0.99537037037037
"reference",0.990740740740741
"reference",0
"reference",0.00462962962962963
"reference",0.787037037037037
"reference",0.319444444444444
"reference",0
"reference",0.0511627906976744
"reference",0.99537037037037
"reference",0.99537037037037
"reference",0.00462962962962963
"reference",0.013953488372093
"reference",0.99537037037037
"reference",0.00462962962962963
"reference",0
"reference",0
"reference",0.0277777777777778
"reference",0.675925925925926
"reference",0.138888888888889
"reference",0.967592592592593
"reference",0.0277777777777778
"reference",0
"reference",0.00462962962962963
"reference",0.87962962962963
"reference",0.976851851851852
"reference",0
"reference",0.00462962962962963
"reference",0.00462962962962963
"reference",1
"reference",0.99537037037037
"reference",0
"reference",0
"reference",0.00462962962962963
"reference",0.00462962962962963
"reference",0.990740740740741
"reference",0.981481481481482
"reference",0.0324074074074074
"reference",0.00925925925925926
"reference",0.0143540669856459
"reference",1
"reference",0.995215311004785
"reference",0.00478468899521531
"reference",0.995215311004785
"reference",0.671497584541063
"reference",0.105263157894737
"reference",0.0191387559808612
"reference",0
"reference",0.995215311004785
"reference",0.91866028708134
"reference",0
"reference",0.00478468899521531
"reference",0
"reference",0.995215311004785
"reference",0.0772946859903382
"reference",0.0143540669856459
"reference",0.00956937799043062
"reference",0.00478468899521531
"reference",0.00956937799043062
"reference",1
"reference",0.990430622009569
"reference",0.0625
"reference",0.0287081339712919
"reference",0.00478468899521531
"reference",0
"reference",0.00956937799043062
"reference",0.995215311004785
"reference",0.00961538461538462
"reference",1
"reference",0
"reference",0.00478468899521531
"reference",0
"reference",0.00956937799043062
"reference",0.971291866028708
"reference",0.370192307692308
"reference",0.0288461538461538
"reference",0.00480769230769231
"reference",0.995192307692308
"reference",0.211538461538462
"reference",0.352657004830918
"reference",0.0625
"reference",0.00483091787439614
"reference",0.00483091787439614
"reference",0.00483091787439614
"reference",0.848780487804878
"reference",0.995145631067961
"reference",0
"reference",0.00970873786407767
"reference",0.00485436893203883
"reference",0
"reference",1
"reference",0.0780487804878049
"reference",0.0536585365853659
"reference",0.0390243902439024
"reference",0.00970873786407767
"reference",0
"reference",1
"reference",0.995169082125604
"reference",0.0338164251207729
"reference",0.0144927536231884
"reference",0.00483091787439614
"reference",0.00483091787439614
"reference",0.0772946859903382
"reference",0.241545893719807
"reference",0.869565217391304
"reference",0.256038647342995
"reference",0.135265700483092
"reference",0
"reference",0.0240384615384615
"reference",0.0240384615384615
"reference",1
"reference",0
"reference",0
"reference",0.0143540669856459
"reference",1
"reference",0.0191387559808612
"reference",0.120772946859903
"reference",0.177033492822967
"reference",0
"reference",0.00478468899521531
"reference",0
"reference",0.00956937799043062
"reference",0
"reference",0.421052631578947
"reference",0.629807692307692
"reference",0.660287081339713
"reference",0.0384615384615385
"reference",0.27536231884058
"reference",0.276699029126214
"reference",0.205741626794258
"reference",0.0478468899521531
"reference",0
"reference",0.00478468899521531
"reference",0
"reference",0.00956937799043062
"reference",0.0191387559808612
"reference",0.995215311004785
"reference",0.0526315789473684
"reference",0.00478468899521531
"reference",0.00478468899521531
"reference",0.875598086124402
"reference",1
"reference",0.00478468899521531
"reference",1
"reference",0.995215311004785
"reference",0
"reference",0.00478468899521531
"reference",0
"reference",0.995215311004785
"reference",0.0334928229665072
"reference",0
"reference",0.00956937799043062
"reference",0
"reference",0.0239234449760766
"reference",1
"reference",1
"reference",0
"reference",0.00478468899521531
"reference",1
"reference",0.995215311004785
"reference",1
"reference",0.00956937799043062
"reference",0
"reference",0
"reference",0.00478468899521531
"reference",0.00478468899521531
"reference",0.995215311004785
"reference",0.0861244019138756
"reference",0.995215311004785
"reference",0.0239234449760766
"reference",0.139423076923077
"reference",0
"reference",0.995215311004785
"reference",0.995215311004785
"reference",0.00478468899521531
"reference",0.00478468899521531
"reference",0
"reference",0.00956937799043062
"reference",0.00478468899521531
"reference",1
"reference",1
"reference",1
"reference",0
"reference",0.593301435406699
"reference",0.100961538461538
"reference",0.0961538461538462
"reference",0
"reference",0
"reference",0.995215311004785
"reference",0.0287081339712919
"reference",0.990430622009569
"reference",0.00956937799043062
"reference",0
"reference",0
"reference",0
"reference",0
"reference",1
"reference",0.990430622009569
"reference",0.00478468899521531
"reference",0
"reference",0.00478468899521531
"reference",0.995215311004785
"reference",0.0192307692307692
"reference",0.00478468899521531
"reference",0.00478468899521531
"reference",0.0239234449760766
"reference",1
"reference",0.995215311004785
"reference",0
"reference",0.00478468899521531
"reference",0.00478468899521531
"reference",1
"reference",0.995215311004785
"reference",0.0191387559808612
"reference",0
"reference",1
"reference",0.995215311004785
"reference",0.995215311004785
"reference",0.00478468899521531
"reference",0.00478468899521531
"reference",0
"reference",1
"reference",0.0669856459330144
"reference",0.0334928229665072
"reference",0.0432692307692308
"reference",0.995215311004785
"reference",0.00956937799043062
"reference",0.00480769230769231
"reference",0.990430622009569
"reference",1
"reference",0.990430622009569
"reference",0.00478468899521531
"reference",1
"reference",0.995215311004785
"reference",0.0478468899521531
"reference",0
"reference",0.00478468899521531
"reference",0.00478468899521531
"reference",1
"reference",1
"reference",0.00478468899521531
"reference",0
"reference",0
"reference",0.00956937799043062
"reference",0.00478468899521531
"reference",0.995215311004785
"reference",0.139423076923077
"reference",0.0956937799043062
"reference",0
"reference",0.00956937799043062
"reference",0
"reference",0.0334928229665072
"reference",0.995215311004785
"reference",0.278846153846154
"reference",0.0382775119617225
"reference",0.00478468899521531
"reference",1
"reference",0.383495145631068
"reference",0.062200956937799
"reference",0.00478468899521531
"reference",0.00478468899521531
"reference",0.545893719806763
"reference",0.490291262135922
"reference",0.0382775119617225
"reference",0.0382775119617225
"reference",0
"reference",0
"reference",0.00956937799043062
"reference",0.0478468899521531
"reference",0.995215311004785
"reference",0.00478468899521531
"reference",0
"reference",0.283653846153846
"reference",0.995215311004785
"reference",0.0861244019138756
"reference",0
"reference",0.00478468899521531
"reference",0.966507177033493
"reference",0.442307692307692
"reference",0
"reference",0.0334928229665072
"reference",0.995215311004785
"reference",0.430622009569378
"reference",0.00478468899521531
"reference",0.00956937799043062
"reference",0.995215311004785
"reference",0.00956937799043062
"reference",0
"reference",0
"reference",0.0191387559808612
"reference",0.990430622009569
"reference",0.0239234449760766
"reference",0.248803827751196
"reference",0.0287081339712919
"reference",0.00478468899521531
"reference",0.00478468899521531
"reference",0.995215311004785
"reference",0.995215311004785
"reference",0
"reference",0
"reference",0.0143540669856459
"reference",1
"reference",0.669856459330144
"reference",0
"reference",0
"reference",0
"reference",0.00478468899521531
"reference",0.937799043062201
"reference",0.976076555023923
"reference",0.00961538461538462
"reference",0.00478468899521531
"reference",0.0384615384615385
"reference",1
"reference",0.164251207729469
"reference",0.0625
"reference",1
"reference",0.516908212560386
"reference",0.111650485436893
"reference",0.00961538461538462
"reference",0.00480769230769231
"reference",1
"reference",0.836538461538462
"reference",0
"reference",0
"reference",0.0144230769230769
"reference",0.558252427184466
"reference",0.576923076923077
"reference",0.0193236714975845
"reference",0.0144230769230769
"reference",0.00480769230769231
"reference",0.0192307692307692
"reference",1
"reference",1
"reference",1
"reference",0.00480769230769231
"reference",0.00961538461538462
"reference",0
"reference",0
"reference",1
"reference",1
"reference",0
"reference",0
"reference",0.0192307692307692
"reference",0.00480769230769231
"reference",0.0192307692307692
"reference",0.947115384615385
"reference",0.364077669902913
"reference",0.0721153846153846
"reference",0
"reference",0.985576923076923
"reference",0.168269230769231
"reference",0.408653846153846
"reference",0.0772946859903382
"reference",0
"reference",0
"reference",0.0144230769230769
"reference",1
"reference",0.202898550724638
"reference",0
"reference",0.0288461538461538
"reference",0.00480769230769231
"reference",0
"reference",1
"reference",0.0917874396135266
"reference",0.0432692307692308
"reference",0.0192307692307692
"reference",0.00480769230769231
"reference",0
"reference",0.686274509803922
"reference",0.24390243902439
"reference",1
"reference",0.0388349514563107
"reference",0.00480769230769231
"reference",0
"reference",0.0288461538461538
"reference",0.0628019323671498
"reference",1
"reference",0.0528846153846154
"reference",0.0485436893203883
"reference",0
"reference",0.0386473429951691
"reference",0.00483091787439614
"reference",1
"reference",0
"reference",0
"reference",0.00480769230769231
"reference",1
"reference",0
"reference",0
"reference",1
"reference",0
"reference",0
"reference",0
"reference",0.00480769230769231
"reference",0
"reference",0.454106280193237
"reference",0.753623188405797
"reference",0.492753623188406
"reference",0.0480769230769231
"reference",0.158653846153846
"reference",0.288461538461538
"reference",0.168269230769231
"reference",0.0576923076923077
"reference",0.00480769230769231
"reference",0.0192307692307692
"reference",0
"reference",0.0192307692307692
"reference",0.0192307692307692
"reference",0.975961538461538
"reference",0.894230769230769
"reference",0.00480769230769231
"reference",0
"reference",1
"reference",1
"reference",0
"reference",1
"reference",0.174757281553398
"reference",0
"reference",0
"reference",0
"reference",0.718446601941748
"reference",0.207729468599034
"reference",0
"reference",0.00480769230769231
"reference",0
"reference",0.188405797101449
"reference",1
"reference",0.252427184466019
"reference",0.120772946859903
"reference",0.0288461538461538
"reference",1
"reference",1
"reference",0.00961538461538462
"reference",0.0336538461538462
"reference",0.00480769230769231
"reference",0
"reference",0.00966183574879227
"reference",0
"reference",1
"reference",0.193236714975845
"reference",0.400966183574879
"reference",0.0338164251207729
"reference",0.263414634146341
"reference",0
"reference",0.757281553398058
"reference",0.807692307692308
"reference",0
"reference",0
"reference",0
"reference",0
"reference",0
"reference",1
"reference",1
"reference",0.0432692307692308
"reference",0
"reference",0.51980198019802
"reference",0.197115384615385
"reference",0.115384615384615
"reference",0
"reference",0
"reference",1
"reference",0.00480769230769231
"reference",1
"reference",1
"reference",0
"reference",0.00480769230769231
"reference",0
"reference",0
"reference",1
"reference",1
"reference",0.00480769230769231
"reference",0
"reference",0.00480769230769231
"reference",1
"reference",0.0192307692307692
"reference",0
"reference",0
"reference",1
"reference",0.681159420289855
"reference",0.153846153846154
"reference",0.00961538461538462
"reference",0
"reference",0.0144230769230769
"reference",1
"reference",1
"reference",0
"reference",0.00483091787439614
"reference",1
"reference",1
"reference",1
"reference",0
"reference",0.00480769230769231
"reference",0
"reference",1
"reference",0.178743961352657
"reference",0.00480769230769231
"reference",0.439613526570048
"reference",0.703883495145631
"reference",0.222222222222222
"reference",0.0336538461538462
"reference",1
"reference",1
"reference",0.00480769230769231
"reference",0.00480769230769231
"reference",1
"reference",1
"reference",0.00480769230769231
"reference",0
"reference",0
"reference",0
"reference",0.689320388349515
"reference",1
"reference",0.00480769230769231
"reference",0.0288461538461538
"reference",0.00483091787439614
"reference",0.0384615384615385
"reference",0.00480769230769231
"reference",1
"reference",0.0865384615384615
"reference",0.0769230769230769
"reference",0.00961538461538462
"reference",0
"reference",0.00480769230769231
"reference",0
"reference",1
"reference",0.27536231884058
"reference",0.0144230769230769
"reference",0
"reference",1
"reference",0.333333333333333
"reference",0.0338164251207729
"reference",0.00961538461538462
"reference",0.00480769230769231
"reference",0.492753623188406
"reference",0.509615384615385
"reference",0.221153846153846
"reference",0.0240384615384615
"reference",0
"reference",0
"reference",0
"reference",0.00961538461538462
"reference",1
"reference",1
"reference",0
"reference",1
"reference",1
"reference",0.00480769230769231
"reference",0
"reference",0
"reference",0.966346153846154
"reference",0.524038461538462
"reference",0
"reference",0.201923076923077
"reference",1
"reference",0.341346153846154
"reference",0
"reference",0.0240384615384615
"reference",1
"reference",0
"reference",0
"reference",0
"reference",0.00966183574879227
"reference",1
"reference",0.00480769230769231
"reference",1
"reference",0
"reference",0
"reference",0
"reference",1
"reference",1
"reference",0
"reference",0
"reference",0.00480769230769231
"reference",1
"reference",0.839805825242718
"reference",0.0384615384615385
"reference",0.00480769230769231
"reference",0
"reference",0
"reference",0.754807692307692
"reference",0.975961538461538
"reference",0.00961538461538462
"reference",0
"reference",0.111675126903553
"reference",1
"reference",0.198979591836735
"reference",0.0761421319796954
"reference",0.98989898989899
"reference",0.668367346938776
"reference",0.0862944162436548
"reference",0.0151515151515152
"reference",0
"reference",0.98989898989899
"reference",0.974747474747475
"reference",0
"reference",0.0101010101010101
"reference",0.00505050505050505
"reference",0.98989898989899
"reference",0.0913705583756345
"reference",0.0252525252525253
"reference",0.0252525252525253
"reference",0.00505050505050505
"reference",0.0151515151515152
"reference",1
"reference",0.994949494949495
"reference",0.136363636363636
"reference",0.0101010101010101
"reference",0.00505050505050505
"reference",0.0101010101010101
"reference",0.0101010101010101
"reference",0.98989898989899
"reference",0.98989898989899
"reference",0.0101010101010101
"reference",0
"reference",0.00505050505050505
"reference",0.0101010101010101
"reference",0.0303030303030303
"reference",0.994949494949495
"reference",0.279187817258883
"reference",0.0609137055837563
"reference",0.0101010101010101
"reference",0.994949494949495
"reference",0.48989898989899
"reference",0.378787878787879
"reference",0.0404040404040404
"reference",0.0101010101010101
"reference",0
"reference",0.0101010101010101
"reference",0.98989898989899
"reference",0.360406091370558
"reference",0
"reference",0.0101010101010101
"reference",0
"reference",0
"reference",1
"reference",0.0202020202020202
"reference",0.98989898989899
"reference",0.00505050505050505
"reference",0.0101010101010101
"reference",0
"reference",0.994949494949495
"reference",0.336734693877551
"reference",0.0858585858585859
"reference",0.0454545454545455
"reference",0.0101010101010101
"reference",0.0101010101010101
"reference",0.0202020202020202
"reference",0.0858585858585859
"reference",0.98989898989899
"reference",0.0406091370558376
"reference",0.290816326530612
"reference",0
"reference",0.0404040404040404
"reference",1
"reference",1
"reference",0
"reference",0
"reference",0.0303030303030303
"reference",1
"reference",0.0252525252525253
"reference",0.116751269035533
"reference",0.186868686868687
"reference",0.00505050505050505
"reference",0
"reference",0
"reference",0.0101010101010101
"reference",0.00505050505050505
"reference",0.232323232323232
"reference",0.388888888888889
"reference",0.101010101010101
"reference",1
"reference",0.0252525252525253
"reference",0.0505050505050505
"reference",0.98989898989899
"reference",0.0101010101010101
"reference",0
"reference",0
"reference",0.00505050505050505
"reference",0
"reference",0.0303030303030303
"reference",1
"reference",1
"reference",0.0101010101010101
"reference",0.0101010101010101
"reference",0.898477157360406
"reference",1
"reference",0
"reference",1
"reference",0.192893401015228
"reference",0
"reference",0.0101010101010101
"reference",0
"reference",0.535353535353535
"reference",0.343434343434343
"reference",0.00505050505050505
"reference",0.0404040404040404
"reference",0
"reference",0.217171717171717
"reference",0.994949494949495
"reference",0.270408163265306
"reference",0.0808080808080808
"reference",0.0151515151515152
"reference",0.994949494949495
"reference",0.843434343434343
"reference",0.308080808080808
"reference",0.050761421319797
"reference",0.0101010101010101
"reference",0.00505050505050505
"reference",0.0456852791878173
"reference",0.0101010101010101
"reference",0.98989898989899
"reference",1
"reference",0.98989898989899
"reference",0.98989898989899
"reference",0.0303030303030303
"reference",0.0101010101010101
"reference",0.98989898989899
"reference",0.661616161616162
"reference",0
"reference",0.0101010101010101
"reference",0.00505050505050505
"reference",0.0151515151515152
"reference",0.0101010101010101
"reference",1
"reference",0.98989898989899
"reference",0.0303030303030303
"reference",0
"reference",0.413265306122449
"reference",0.0761421319796954
"reference",0.0710659898477157
"reference",0.0101010101010101
"reference",0
"reference",0.98989898989899
"reference",0.0202020202020202
"reference",0.98989898989899
"reference",0.0101010101010101
"reference",0
"reference",0
"reference",0
"reference",0
"reference",1
"reference",0.98989898989899
"reference",0.0151515151515152
"reference",0
"reference",0.0101010101010101
"reference",0.98989898989899
"reference",0.0353535353535354
"reference",0.0101010101010101
"reference",0.0101010101010101
"reference",1
"reference",0.868686868686869
"reference",0.0303030303030303
"reference",0
"reference",0
"reference",0
"reference",0.939086294416244
"reference",0.98989898989899
"reference",0.0252525252525253
"reference",0
"reference",1
"reference",1
"reference",0.98989898989899
"reference",0.00505050505050505
"reference",0.0101010101010101
"reference",0
"reference",1
"reference",0.050761421319797
"reference",0.0151515151515152
"reference",0.720812182741117
"reference",0.360406091370558
"reference",0.494949494949495
"reference",0.0404040404040404
"reference",0.604060913705584
"reference",0.989847715736041
"reference",0.0357142857142857
"reference",0.0102040816326531
"reference",0.989847715736041
"reference",0.223350253807107
"reference",0.121827411167513
"reference",0
"reference",0
"reference",0.0101522842639594
"reference",0.673469387755102
"reference",1
"reference",0.121827411167513
"reference",0.0152284263959391
"reference",0
"reference",0.0406091370558376
"reference",0.0152284263959391
"reference",0.989847715736041
"reference",0.147959183673469
"reference",0.065989847715736
"reference",0
"reference",0
"reference",0.0050761421319797
"reference",0.0101522842639594
"reference",0.989847715736041
"reference",0.459183673469388
"reference",0.0152284263959391
"reference",0
"reference",0.989847715736041
"reference",0.423469387755102
"reference",0.050761421319797
"reference",0.0050761421319797
"reference",0.0050761421319797
"reference",0.182741116751269
"reference",0.913705583756345
"reference",0.0456852791878173
"reference",0.00510204081632653
"reference",0
"reference",0.0050761421319797
"reference",0
"reference",0.888324873096447
"reference",0.989847715736041
"reference",0
"reference",0
"reference",1
"reference",0.98989898989899
"reference",0.0555555555555556
"reference",0
"reference",0.0101010101010101
"reference",0.696969696969697
"reference",0.888888888888889
"reference",0
"reference",0.0404040404040404
"reference",1
"reference",0.98989898989899
"reference",0.0101010101010101
"reference",0.0252525252525253
"reference",0.98989898989899
"reference",0.0101010101010101
"reference",0
"reference",0
"reference",0.0101010101010101
"reference",0.253807106598985
"reference",0.0202020202020202
"reference",0.98989898989899
"reference",0.00505050505050505
"reference",0
"reference",0.0101010101010101
"reference",0.651282051282051
"reference",0.98989898989899
"reference",0.00505050505050505
"reference",0
"reference",0.0152284263959391
"reference",1
"reference",0.98989898989899
"reference",0
"reference",0
"reference",0
"reference",0.0101010101010101
"reference",1
"reference",0.904040404040404
"reference",0.0202020202020202
"reference",0.0101010101010101
"reference",0.0099502487562189
"reference",1
"reference",0.995024875621891
"reference",0.0199004975124378
"reference",0.995024875621891
"reference",0.995024875621891
"reference",0.0646766169154229
"reference",0.0099502487562189
"reference",0
"reference",0.995024875621891
"reference",0.995024875621891
"reference",0
"reference",0.00497512437810945
"reference",0.0298507462686567
"reference",0.995024875621891
"reference",0.175
"reference",0.0199004975124378
"reference",0.0199004975124378
"reference",0
"reference",0.0199004975124378
"reference",1
"reference",0.995024875621891
"reference",0.0248756218905473
"reference",0.0248756218905473
"reference",0.00497512437810945
"reference",0
"reference",0.00497512437810945
"reference",0.995024875621891
"reference",0.995024875621891
"reference",0.00497512437810945
"reference",0
"reference",0.00497512437810945
"reference",0.00497512437810945
"reference",0.0199004975124378
"reference",0
"reference",0.0696517412935323
"reference",0.054726368159204
"reference",0.0149253731343284
"reference",0.995024875621891
"reference",0.0149253731343284
"reference",0.995024875621891
"reference",0.0447761194029851
"reference",0.00497512437810945
"reference",0
"reference",0.00497512437810945
"reference",0.995024875621891
"reference",0.36318407960199
"reference",0.0099502487562189
"reference",0.0199004975124378
"reference",0
"reference",0.00497512437810945
"reference",1
"reference",0.0497512437810945
"reference",0.442786069651741
"reference",0.0298507462686567
"reference",0.00497512437810945
"reference",0
"reference",1
"reference",0.56
"reference",0.105
"reference",0.085
"reference",0.01
"reference",0.005
"reference",0.025
"reference",0.075
"reference",0.995
"reference",0.32
"reference",0.05
"reference",0
"reference",0.04
"reference",0.0452261306532663
"reference",1
"reference",0
"reference",0
"reference",0.015
"reference",1
"reference",0.025
"reference",0.44
"reference",0.525
"reference",0
"reference",0
"reference",0
"reference",0.01
"reference",0.005
"reference",1
"reference",1
"reference",0.995
"reference",0.085
"reference",0.005
"reference",0.0251256281407035
"reference",0.995
"reference",0.005
"reference",0.005
"reference",0.01
"reference",0
"reference",0
"reference",0.01
"reference",0.995
"reference",0.195
"reference",0.035
"reference",0.005
"reference",1
"reference",1
"reference",0.00497512437810945
"reference",1
"reference",0.651741293532338
"reference",0
"reference",0.00497512437810945
"reference",0
"reference",0.995024875621891
"reference",0.03
"reference",0
"reference",0.0149253731343284
"reference",0
"reference",0.253731343283582
"reference",1
"reference",0.4
"reference",0.109452736318408
"reference",0.01
"reference",1
"reference",0.995024875621891
"reference",0.00497512437810945
"reference",0.0398009950248756
"reference",0
"reference",0
"reference",0.0497512437810945
"reference",0
"reference",0.557213930348259
"reference",0.139303482587065
"reference",0.437810945273632
"reference",0.00497512437810945
"reference",0.054726368159204
"reference",0.0099502487562189
"reference",0.995024875621891
"reference",0.28643216080402
"reference",0.00497512437810945
"reference",0.00497512437810945
"reference",0
"reference",0.0099502487562189
"reference",0.00497512437810945
"reference",1
"reference",0.995024875621891
"reference",0.0447761194029851
"reference",0
"reference",0.398009950248756
"reference",0.0199004975124378
"reference",0.0995024875621891
"reference",0
"reference",0
"reference",0.995024875621891
"reference",0.0099502487562189
"reference",0.995024875621891
"reference",0.00497512437810945
"reference",0
"reference",0
"reference",0
"reference",0
"reference",0.995
"reference",0.0351758793969849
"reference",0.035
"reference",0
"reference",0.005
"reference",0.995
"reference",0.09
"reference",0.01
"reference",0.005
"reference",1
"reference",0.995
"reference",0.02
"reference",0
"reference",0
"reference",0.01
"reference",0.819095477386935
"reference",0.995
"reference",0.135
"reference",0
"reference",1
"reference",1
"reference",0.995024875621891
"reference",0.0099502487562189
"reference",0.0099502487562189
"reference",0
"reference",1
"reference",0.04
"reference",0.0149253731343284
"reference",0.373134328358209
"reference",0.751243781094527
"reference",0.154228855721393
"reference",0.0348258706467662
"reference",0.06
"reference",0
"reference",0.01
"reference",0
"reference",1
"reference",0.225
"reference",0.095
"reference",0
"reference",0
"reference",0
"reference",0.535353535353535
"reference",1
"reference",0.01
"reference",0.05
"reference",0.01
"reference",0.035
"reference",0
"reference",1
"reference",0.095
"reference",0.0703517587939698
"reference",0
"reference",0.005
"reference",0
"reference",0.01
"reference",1
"reference",0.306532663316583
"reference",0.0099502487562189
"reference",0
"reference",1
"reference",0.323383084577114
"reference",0.0845771144278607
"reference",0.0099502487562189
"reference",0
"reference",0.00497512437810945
"reference",0.995024875621891
"reference",0.995024875621891
"reference",0.00497512437810945
"reference",0
"reference",0.00497512437810945
"reference",0.0149253731343284
"reference",0.995024875621891
"reference",0.154228855721393
"reference",0.00497512437810945
"reference",0
"reference",0.303482587064677
"reference",0.995024875621891
"reference",0.129353233830846
"reference",0.00497512437810945
"reference",0.005
"reference",0.995024875621891
"reference",0.0149253731343284
"reference",0.00497512437810945
"reference",0.0149253731343284
"reference",0.995024875621891
"reference",0.781094527363184
"reference",0.00497512437810945
"reference",0.990049751243781
"reference",0.990049751243781
"reference",0.00497512437810945
"reference",0.990049751243781
"reference",0.00497512437810945
"reference",0.0149253731343284
"reference",0.865671641791045
"reference",0.159203980099502
"reference",0.915422885572139
"reference",0.0199004975124378
"reference",0
"reference",0.00497512437810945
"reference",0.990049751243781
"reference",0.990049751243781
"reference",0
"reference",0
"reference",0.00497512437810945
"reference",0.995024875621891
"reference",0.990049751243781
"reference",0
"reference",0
"reference",0
"reference",0.00497512437810945
"reference",0.995024875621891
"reference",0.990049751243781
"reference",0.0199004975124378
"reference",0.00497512437810945
"reference",0.0461538461538462
"reference",0.994871794871795
"reference",0.225641025641026
"reference",0.0871794871794872
"reference",0.994871794871795
"reference",0.597938144329897
"reference",0.0615384615384615
"reference",0.0153846153846154
"reference",0.00512820512820513
"reference",0.98974358974359
"reference",0.98974358974359
"reference",0.0102564102564103
"reference",0.0102564102564103
"reference",0
"reference",0.98974358974359
"reference",0.0979381443298969
"reference",0.0102564102564103
"reference",0.0153846153846154
"reference",0.0153846153846154
"reference",0.00515463917525773
"reference",0.494845360824742
"reference",0.530927835051546
"reference",0.169230769230769
"reference",0.0461538461538462
"reference",0
"reference",0
"reference",0.0102564102564103
"reference",0.887179487179487
"reference",0.98974358974359
"reference",0.0153846153846154
"reference",0.00512820512820513
"reference",0
"reference",0.0358974358974359
"reference",0.0153846153846154
"reference",0.963917525773196
"reference",0.353846153846154
"reference",0.0205128205128205
"reference",0.00512820512820513
"reference",0.98974358974359
"reference",0.149484536082474
"reference",0.328205128205128
"reference",0.0769230769230769
"reference",0.00515463917525773
"reference",0
"reference",0.00512820512820513
"reference",0.742268041237113
"reference",0.98974358974359
"reference",0
"reference",0.00512820512820513
"reference",0
"reference",0
"reference",0.994871794871795
"reference",0.153846153846154
"reference",0.0564102564102564
"reference",0.0307692307692308
"reference",0.0205128205128205
"reference",0.00512820512820513
"reference",0.994871794871795
"reference",0.994871794871795
"reference",0.00512820512820513
"reference",0.994871794871795
"reference",0.00512820512820513
"reference",0.0102564102564103
"reference",0.0974358974358974
"reference",0.278350515463918
"reference",0.635897435897436
"reference",0.594871794871795
"reference",0.0871794871794872
"reference",0
"reference",0.0670103092783505
"reference",0.0358974358974359
"reference",1
"reference",0
"reference",0.00512820512820513
"reference",0.0205128205128205
"reference",0.958974358974359
"reference",0.0461538461538462
"reference",0.153846153846154
"reference",0.489690721649485
"reference",0
"reference",0
"reference",0
"reference",0.0205128205128205
"reference",0.00512820512820513
"reference",0.302564102564103
"reference",0.882051282051282
"reference",0.494845360824742
"reference",0.0358974358974359
"reference",0.153846153846154
"reference",0.22051282051282
"reference",0.2
"reference",0.0358974358974359
"reference",0.0153846153846154
"reference",0.0205128205128205
"reference",0.0307692307692308
"reference",0.0257731958762887
"reference",0.0461538461538462
"reference",0.969230769230769
"reference",0.743589743589744
"reference",0.0153846153846154
"reference",0.0102564102564103
"reference",0.769230769230769
"reference",1
"reference",0.00512820512820513
"reference",0.994871794871795
"reference",0.138461538461538
"reference",0
"reference",0.00512820512820513
"reference",0
"reference",0.564102564102564
"reference",0.435897435897436
"reference",0
"reference",0.0256410256410256
"reference",0.00512820512820513
"reference",0.153846153846154
"reference",0.994871794871795
"reference",0.324742268041237
"reference",0.102564102564103
"reference",0.0102564102564103
"reference",1
"reference",0.994845360824742
"reference",0.00515463917525773
"reference",0.0257731958762887
"reference",0
"reference",0
"reference",0.0309278350515464
"reference",0.00515463917525773
"reference",0.938144329896907
"reference",0.731958762886598
"reference",0.180412371134021
"reference",0.0154639175257732
"reference",0.201030927835052
"reference",0.00515463917525773
"reference",0.809278350515464
"reference",0.730569948186529
"reference",0.00515463917525773
"reference",0.00515463917525773
"reference",0
"reference",0
"reference",0.00515463917525773
"reference",1
"reference",1
"reference",1
"reference",0
"reference",0.65979381443299
"reference",0.0670103092783505
"reference",0.0829015544041451
"reference",0
"reference",0
"reference",0.994845360824742
"reference",0.0206185567010309
"reference",0.0721649484536082
"reference",0.994818652849741
"reference",0.00515463917525773
"reference",0
"reference",0
"reference",0
"reference",0.927461139896373
"reference",0.458762886597938
"reference",0.278350515463918
"reference",0
"reference",0.0103092783505155
"reference",0.94300518134715
"reference",0.170984455958549
"reference",0.0103092783505155
"reference",0.00518134715025907
"reference",0.709844559585492
"reference",0.492227979274611
"reference",0.440414507772021
"reference",0
"reference",0
"reference",0.00515463917525773
"reference",0.77948717948718
"reference",0.98974358974359
"reference",0.0512820512820513
"reference",0
"reference",0.994871794871795
"reference",0.38659793814433
"reference",0.994871794871795
"reference",0.0512820512820513
"reference",0.0153846153846154
"reference",0
"reference",0.994871794871795
"reference",0.0615384615384615
"reference",0.00512820512820513
"reference",0.728205128205128
"reference",0.774358974358974
"reference",0.0564102564102564
"reference",0.0256410256410256
"reference",0.615384615384615
"reference",0.748717948717949
"reference",0.487179487179487
"reference",0.00512820512820513
"reference",0.994871794871795
"reference",0.98974358974359
"reference",0.0205128205128205
"reference",0
"reference",0.00512820512820513
"reference",0.0102564102564103
"reference",0.757731958762887
"reference",0.994871794871795
"reference",0.0102564102564103
"reference",0.0205128205128205
"reference",0
"reference",0.292307692307692
"reference",0.0102564102564103
"reference",0.98974358974359
"reference",0.134020618556701
"reference",0.0256410256410256
"reference",0
"reference",0.00512820512820513
"reference",0.00512820512820513
"reference",0.0102564102564103
"reference",0.98974358974359
"reference",0.343589743589744
"reference",0.0102564102564103
"reference",0.00512820512820513
"reference",0.98974358974359
"reference",0.360824742268041
"reference",0.0666666666666667
"reference",0
"reference",0
"reference",0.964102564102564
"reference",0.435233160621762
"reference",0.0256410256410256
"reference",0.0205128205128205
"reference",0
"reference",0.00512820512820513
"reference",0.0256410256410256
"reference",0.108247422680412
"reference",0.984615384615385
"reference",0.0205128205128205
"reference",0
"reference",0.994871794871795
"reference",0.933333333333333
"reference",0.4
"reference",0
"reference",0.00512820512820513
"reference",0.97948717948718
"reference",0.107692307692308
"reference",0.00512820512820513
"reference",0.0564102564102564
"reference",0.994871794871795
"reference",0.764102564102564
"reference",0.00512820512820513
"reference",0.0153846153846154
"reference",0.98974358974359
"reference",0.00512820512820513
"reference",0
"reference",0
"reference",0
"reference",0.041025641025641
"reference",0.887179487179487
"reference",0.989690721649485
"reference",0
"reference",0
"reference",0.0102564102564103
"reference",0.994871794871795
"reference",0.994871794871795
"reference",0.0102564102564103
"reference",0
"reference",0.0153846153846154
"reference",0.994818652849741
"reference",0.805128205128205
"reference",0
"reference",0
"reference",0.00512820512820513
"reference",0.0102564102564103
"reference",0.994871794871795
"reference",0.98974358974359
"reference",0.0153846153846154
"reference",0.00512820512820513
"reference",1
"reference",1
"reference",0.0248447204968944
"reference",0.0124223602484472
"reference",0.993788819875776
"reference",0.784810126582278
"reference",0.0372670807453416
"reference",0.0062111801242236
"reference",0.0062111801242236
"reference",0.993788819875776
"reference",0.836477987421384
"reference",0
"reference",0.0062111801242236
"reference",0.0062111801242236
"reference",0.84375
"reference",0.320754716981132
"reference",0.1875
"reference",0.01875
"reference",0
"reference",0.0186335403726708
"reference",0.993788819875776
"reference",1
"reference",1
"reference",0.0062111801242236
"reference",0
"reference",0
"reference",0.0062111801242236
"reference",0.993788819875776
"reference",0.993788819875776
"reference",0.0124223602484472
"reference",0.0062111801242236
"reference",0.031055900621118
"reference",0
"reference",0.0434782608695652
"reference",1
"reference",1
"reference",0.0062111801242236
"reference",0.0062111801242236
"reference",0.993788819875776
"reference",0.0880503144654088
"reference",0.8125
"reference",0.0375
"reference",0.0062111801242236
"reference",0
"reference",0.0062111801242236
"reference",0.993788819875776
"reference",0.245283018867925
"reference",0
"reference",0.025
"reference",0
"reference",0
"reference",1
"reference",0.170886075949367
"reference",0.0759493670886076
"reference",0.0248447204968944
"reference",0.0062111801242236
"reference",0
"reference",1
"reference",0.34375
"reference",0.0496894409937888
"reference",0.0683229813664596
"reference",0.0062111801242236
"reference",0.0062111801242236
"reference",0.0566037735849057
"reference",0.40251572327044
"reference",0.475
"reference",0.4
"reference",0.220125786163522
"reference",0
"reference",0.993788819875776
"reference",0.118012422360248
"reference",0.417721518987342
"reference",0
"reference",0
"reference",0.0124223602484472
"reference",1
"reference",0.05625
"reference",0.169811320754717
"reference",0.238993710691824
"reference",0
"reference",0
"reference",0
"reference",0.0062111801242236
"reference",0.0062111801242236
"reference",1
"reference",1
"reference",0.99375
"reference",0.00625
"reference",0.278481012658228
"reference",0.392405063291139
"reference",0.119496855345912
"reference",0.03125
"reference",0.00625
"reference",0
"reference",0
"reference",0.0251572327044025
"reference",0.0125
"reference",1
"reference",0.0828025477707006
"reference",0.00625
"reference",0.00625
"reference",1
"reference",1
"reference",0
"reference",1
"reference",0.993788819875776
"reference",0
"reference",0.0062111801242236
"reference",0
"reference",0.761006289308176
"reference",0.341772151898734
"reference",0
"reference",0.0062111801242236
"reference",0
"reference",0.99375
"reference",0.993788819875776
"reference",0.0248447204968944
"reference",0
"reference",0
"reference",1
"reference",0.95
"reference",0.119496855345912
"reference",0.0625
"reference",0
"reference",0.0062111801242236
"reference",0.0745341614906832
"reference",0.0062111801242236
"reference",0.981366459627329
"reference",0.093167701863354
"reference",0.440251572327044
"reference",0.0124223602484472
"reference",0.394904458598726
"reference",0.0062111801242236
"reference",0.993788819875776
"reference",0.4125
"reference",0
"reference",0.0062111801242236
"reference",0
"reference",0.00625
"reference",0.00625
"reference",1
"reference",1
"reference",0.987421383647799
"reference",0
"reference",0.4
"reference",0.0754716981132075
"reference",0.0759493670886076
"reference",0
"reference",0
"reference",0.993788819875776
"reference",0.031055900621118
"reference",0.993788819875776
"reference",0.0124223602484472
"reference",0
"reference",0
"reference",0
"reference",0
"reference",0.981366459627329
"reference",0.138364779874214
"reference",0.0496894409937888
"reference",0
"reference",0.0124223602484472
"reference",0.993788819875776
"reference",0.0062111801242236
"reference",0.0062111801242236
"reference",0.0062111801242236
"reference",1
"reference",0.739130434782609
"reference",0.0683229813664596
"reference",0.0062111801242236
"reference",0
"reference",0.0124223602484472
"reference",0.9
"reference",0.993788819875776
"reference",0.08125
"reference",0
"reference",1
"reference",0.987577639751553
"reference",0.881987577639752
"reference",0.0186335403726708
"reference",0.0124223602484472
"reference",0
"reference",1
"reference",0.124223602484472
"reference",0.0124223602484472
"reference",0.987577639751553
"reference",0.981366459627329
"reference",0
"reference",0.0124223602484472
"reference",0.77639751552795
"reference",0.981366459627329
"reference",0.43125
"reference",0.0062111801242236
"reference",1
"reference",0.869565217391304
"reference",0.0434782608695652
"reference",0
"reference",0
"reference",0.00625
"reference",0.993788819875776
"reference",1
"reference",0
"reference",0.0186335403726708
"reference",0
"reference",0.0124223602484472
"reference",0.0062111801242236
"reference",1
"reference",0.993788819875776
"reference",0.857142857142857
"reference",0
"reference",0
"reference",0
"reference",0.0124223602484472
"reference",0.993788819875776
"reference",0.40506329113924
"reference",0.0062111801242236
"reference",0.0062111801242236
"reference",1
"reference",0.391025641025641
"reference",0.10625
"reference",0.0062111801242236
"reference",0
"reference",0.987577639751553
"reference",0.993788819875776
"reference",0.0062111801242236
"reference",0.0124223602484472
"reference",0
"reference",0.0062111801242236
"reference",0
"reference",1
"reference",0.981366459627329
"reference",0
"reference",0
"reference",0.993788819875776
"reference",0.993788819875776
"reference",0.993788819875776
"reference",0
"reference",0.0062111801242236
"reference",0.993788819875776
"reference",0.0691823899371069
"reference",0
"reference",0.0869565217391304
"reference",1
"reference",0.987577639751553
"reference",0.0062111801242236
"reference",0.0124223602484472
"reference",0.993788819875776
"reference",0.0062111801242236
"reference",0.0062111801242236
"reference",0
"reference",0.0248447204968944
"reference",0.173913043478261
"reference",0.0372670807453416
"reference",0.993788819875776
"reference",0
"reference",0
"reference",0.0062111801242236
"reference",0.689873417721519
"reference",0.993788819875776
"reference",0
"reference",0
"reference",0.0062111801242236
"reference",0.85
"reference",0.993788819875776
"reference",0
"reference",0
"reference",0
"reference",0.0062111801242236
"reference",1
"reference",0.825
"reference",0.01875
"reference",0.0062111801242236
"reference",0.0373831775700935
"reference",1
"reference",0.196261682242991
"reference",0.0467289719626168
"reference",1
"reference",0.504672897196262
"reference",0.594339622641509
"reference",0.00934579439252336
"reference",0
"reference",1
"reference",0.85981308411215
"reference",0.00934579439252336
"reference",0
"reference",0.0186915887850467
"reference",0.850467289719626
"reference",0.542056074766355
"reference",0.0186915887850467
"reference",0.0283018867924528
"reference",0
"reference",0
"reference",1
"reference",1
"reference",0.0280373831775701
"reference",0
"reference",0
"reference",0
"reference",0
"reference",1
"reference",1
"reference",0.00934579439252336
"reference",0
"reference",0
"reference",0.00934579439252336
"reference",0.0373831775700935
"reference",0.962616822429907
"reference",0.30188679245283
"reference",0.0560747663551402
"reference",0
"reference",0.504672897196262
"reference",0.0283018867924528
"reference",0.0654205607476635
"reference",1
"reference",0
"reference",0
"reference",0.00934579439252336
"reference",1
"reference",0.0841121495327103
"reference",0.00934579439252336
"reference",0.0186915887850467
"reference",0
"reference",0
"reference",1
"reference",0.0934579439252336
"reference",0.0934579439252336
"reference",0.0280373831775701
"reference",0
"reference",0
"reference",0.962616822429907
"reference",0.794392523364486
"reference",0.0934579439252336
"reference",0.224299065420561
"reference",0.00934579439252336
"reference",0
"reference",0.0467289719626168
"reference",0.0467289719626168
"reference",1
"reference",0.121495327102804
"reference",0.0560747663551402
"reference",0
"reference",0.121495327102804
"reference",1
"reference",0.214953271028037
"reference",0
"reference",0
"reference",0
"reference",1
"reference",0
"reference",1
"reference",0.0280373831775701
"reference",0
"reference",0
"reference",0
"reference",0
"reference",0
"reference",1
"reference",1
"reference",0.00934579439252336
"reference",0
"reference",0.11214953271028
"reference",0.392523364485981
"reference",0.168224299065421
"reference",0.0373831775700935
"reference",0
"reference",0.00934579439252336
"reference",0
"reference",0.0280373831775701
"reference",0
"reference",0.121495327102804
"reference",1
"reference",0
"reference",0
"reference",1
"reference",1
"reference",0
"reference",1
"reference",0.121495327102804
"reference",0
"reference",0
"reference",0
"reference",0.94392523364486
"reference",0.121495327102804
"reference",0
"reference",0.00934579439252336
"reference",0
"reference",0.261682242990654
"reference",1
"reference",0.317757009345794
"reference",0.130841121495327
"reference",0.0280373831775701
"reference",1
"reference",1
"reference",0
"reference",0.00952380952380952
"reference",0
"reference",0
"reference",0.00934579439252336
"reference",0
"reference",0.990654205607477
"reference",0.0841121495327103
"reference",0.738317757009346
"reference",0.00934579439252336
"reference",0.635514018691589
"reference",0
"reference",0.962616822429907
"reference",0.551401869158878
"reference",0.00934579439252336
"reference",0
"reference",0
"reference",0.0280373831775701
"reference",0
"reference",1
"reference",1
"reference",0
"reference",0
"reference",0.523364485981308
"reference",0.102803738317757
"reference",0.0467289719626168
"reference",0
"reference",0
"reference",1
"reference",0.145631067961165
"reference",0.446601941747573
"reference",0.0776699029126214
"reference",0.0388349514563107
"reference",0
"reference",0
"reference",0
"reference",0.970873786407767
"reference",0.663551401869159
"reference",0
"reference",0
"reference",0
"reference",0.953271028037383
"reference",0.205607476635514
"reference",0
"reference",0
"reference",1
"reference",0.619047619047619
"reference",0.0566037735849057
"reference",0
"reference",0
"reference",0
"reference",1
"reference",1
"reference",0.0186915887850467
"reference",0
"reference",0.660377358490566
"reference",1
"reference",0.570093457943925
"reference",0.0186915887850467
"reference",0.0373831775700935
"reference",0
"reference",1
"reference",0.0747663551401869
"reference",0.00934579439252336
"reference",0.85981308411215
"reference",0.336448598130841
"reference",0.0373831775700935
"reference",0.0280373831775701
"reference",0.377358490566038
"reference",0.858490566037736
"reference",0.10377358490566
"reference",0
"reference",0.990566037735849
"reference",0.672897196261682
"reference",0.0654205607476635
"reference",0
"reference",0
"reference",0
"reference",0.355140186915888
"reference",1
"reference",0
"reference",0
"reference",0.0373831775700935
"reference",0
"reference",0.0467289719626168
"reference",0
"reference",0.0280373831775701
"reference",0.0186915887850467
"reference",0
"reference",0
"reference",0
"reference",0.0373831775700935
"reference",0.990654205607477
"reference",0.224299065420561
"reference",0
"reference",0
"reference",1
"reference",0.235849056603774
"reference",0.0560747663551402
"reference",0
"reference",0
"reference",0.691588785046729
"reference",0.186915887850467
"reference",0.0654205607476635
"reference",0.0186915887850467
"reference",0
"reference",0
"reference",0.0186915887850467
"reference",0.261682242990654
"reference",0.766355140186916
"reference",0.0280373831775701
"reference",0.00934579439252336
"reference",0.719626168224299
"reference",0.850467289719626
"reference",0.214953271028037
"reference",0
"reference",0
"reference",0.560747663551402
"reference",0.121495327102804
"reference",0
"reference",0
"reference",0.561904761904762
"reference",0.373831775700935
"reference",0
"reference",0.607476635514019
"reference",0.925233644859813
"reference",0
"reference",0
"reference",0
"reference",0.00934579439252336
"reference",1
"reference",1
"reference",1
"reference",0
"reference",0
"reference",0
"reference",0.867924528301887
"reference",1
"reference",0
"reference",0
"reference",0
"reference",1
"reference",0.495327102803738
"reference",0
"reference",0.00934579439252336
"reference",0
"reference",0
"reference",0.981308411214953
"reference",0.839622641509434
"reference",0
"reference",0
"fitted_shape",0.0248756218905473
"fitted_shape",0
"fitted_shape",0.0186335403726708
"fitted_shape",0.263888888888889
"fitted_shape",0
"fitted_shape",0.242718446601942
"fitted_shape",0
"fitted_shape",0.650943396226415
"fitted_shape",0.407407407407407
"fitted_shape",0
"fitted_shape",0
"fitted_shape",0.506976744186047
"fitted_shape",0
"fitted_shape",0
"fitted_shape",1
"fitted_shape",1
"fitted_shape",0.91866028708134
"fitted_shape",0
"fitted_shape",0
"fitted_shape",0
"fitted_shape",0.0134529147982063
"fitted_shape",0
"fitted_shape",0
"fitted_shape",0
"fitted_shape",0
"fitted_shape",0
"fitted_shape",0.267676767676768
"fitted_shape",0.755
"fitted_shape",0
"fitted_shape",0
"fitted_shape",0
"fitted_shape",0
"fitted_shape",0
"fitted_shape",0
"fitted_shape",0
"fitted_shape",0
"fitted_shape",0
"fitted_shape",0
"fitted_shape",1
"fitted_shape",0.00961538461538462
"fitted_shape",0
"fitted_shape",0.466321243523316
"fitted_shape",0
"fitted_shape",0
"fitted_shape",0
"fitted_shape",0
"fitted_shape",0
"fitted_shape",0
"fitted_shape",0
"fitted_shape",0
"fitted_shape",1
"fitted_shape",0
"fitted_shape",0
"fitted_shape",0.0615384615384615
"fitted_shape",0
"fitted_shape",0
"fitted_shape",0
"fitted_shape",0
"fitted_shape",0
"fitted_shape",0.109704641350211
"fitted_shape",0.201793721973094
"fitted_shape",1
"fitted_shape",0.976076555023923
"fitted_shape",0
"fitted_shape",0
"fitted_shape",0
"fitted_shape",0
"fitted_shape",0.00448430493273543
"fitted_shape",0
"fitted_shape",0.0252525252525253
"fitted_shape",1
"fitted_shape",0.282296650717703
"fitted_shape",0
"fitted_shape",0
"fitted_shape",0
"fitted_shape",0.113122171945701
"fitted_shape",1
"fitted_shape",0.0841121495327103
"fitted_shape",1
"fitted_shape",0.0358974358974359
"fitted_shape",0.238805970149254
"fitted_shape",0.0654205607476635
"fitted_shape",0.00970873786407767
"fitted_shape",0
"fitted_shape",0.621890547263682
"fitted_shape",0
"fitted_shape",0
"fitted_shape",0
"fitted_shape",0
"fitted_shape",0.472636815920398
"fitted_shape",0.630769230769231
"fitted_shape",1
"fitted_shape",0
"fitted_shape",0.426008968609865
"fitted_shape",0
"fitted_shape",0
"fitted_shape",0
"fitted_shape",0.00515463917525773
"fitted_shape",0.21025641025641
"fitted_shape",0.89
"fitted_shape",0.0151515151515152
"fitted_shape",0.0478468899521531
"fitted_shape",0
"fitted_shape",0.963963963963964
"fitted_shape",0.496894409937888
"fitted_shape",0
"fitted_shape",0.252336448598131
"fitted_shape",0.0287081339712919
"fitted_shape",0.0705394190871369
"fitted_shape",0
"fitted_shape",0
"fitted_shape",0
"fitted_shape",0.317948717948718
"fitted_shape",0
"fitted_shape",0
"fitted_shape",1
"fitted_shape",0
"fitted_shape",1
"fitted_shape",0.00448430493273543
"fitted_shape",0
"fitted_shape",0
"fitted_shape",0.12037037037037
"fitted_shape",1
"fitted_shape",0
"fitted_shape",0.728971962616822
"fitted_shape",0
"fitted_shape",0.744394618834081
"fitted_shape",0.195876288659794
"fitted_shape",0
"fitted_shape",0.403846153846154
"fitted_shape",0
"fitted_shape",0
"fitted_shape",0
"fitted_shape",0
"fitted_shape",0.0202020202020202
"fitted_shape",0
"fitted_shape",1
"fitted_shape",1
"fitted_shape",1
"fitted_shape",0.0287081339712919
"fitted_shape",0.218905472636816
"fitted_shape",0
"fitted_shape",0.0288461538461538
"fitted_shape",0
"fitted_shape",0.235897435897436
"fitted_shape",0.12962962962963
"fitted_shape",0
"fitted_shape",0.485
"fitted_shape",0.53
"fitted_shape",0
"fitted_shape",0.0252525252525253
"fitted_shape",0.989795918367347
"fitted_shape",0.395918367346939
"fitted_shape",0
"fitted_shape",1
"fitted_shape",0.218905472636816
"fitted_shape",1
"fitted_shape",0
"fitted_shape",0.164179104477612
"fitted_shape",0
"fitted_shape",0
"fitted_shape",0
"fitted_shape",0
"fitted_shape",0.848484848484849
"fitted_shape",0
"fitted_shape",0.358585858585859
"fitted_shape",0.218905472636816
"fitted_shape",0.0298507462686567
"fitted_shape",0.981308411214953
"fitted_shape",0.208955223880597
"fitted_shape",0
"fitted_shape",0
"fitted_shape",0
"fitted_shape",1
"fitted_shape",0.0203252032520325
"fitted_shape",0.203703703703704
"fitted_shape",0.0252525252525253
"fitted_shape",1
"fitted_shape",0
"fitted_shape",0
"fitted_shape",0
"fitted_shape",0
"fitted_shape",0
"fitted_shape",0.103139013452915
"fitted_shape",0.416149068322981
"fitted_shape",0
"fitted_shape",0
"fitted_shape",1
"fitted_shape",0.968325791855204
"fitted_shape",0
"fitted_shape",0
"fitted_shape",0.951219512195122
"fitted_shape",0
"fitted_shape",0.378109452736318
"fitted_shape",0
"fitted_shape",0
"fitted_shape",0
"fitted_shape",0
"fitted_shape",0
"fitted_shape",0
"fitted_shape",0
"fitted_shape",0.138461538461538
"fitted_shape",1
"fitted_shape",0
"fitted_shape",0
"fitted_shape",0
"fitted_shape",0.291866028708134
"fitted_shape",0.96969696969697
"fitted_shape",0.532994923857868
"fitted_shape",0.321608040201005
"fitted_shape",0.336322869955157
"fitted_shape",0.181818181818182
"fitted_shape",0.411483253588517
"fitted_shape",0
"fitted_shape",0
"fitted_shape",0.0440251572327044
"fitted_shape",0
"fitted_shape",1
"fitted_shape",0
"fitted_shape",1
"fitted_shape",0
"fitted_shape",0.406698564593301
"fitted_shape",0
"fitted_shape",0
"fitted_shape",0.148717948717949
"fitted_shape",0
"fitted_shape",0
"fitted_shape",0
"fitted_shape",0
"fitted_shape",0
"fitted_shape",0
"fitted_shape",0
"fitted_shape",0
"fitted_shape",0.0102564102564103
"fitted_shape",0.630769230769231
"fitted_shape",0.115740740740741
"fitted_shape",1
"fitted_shape",0
"fitted_shape",0
"fitted_shape",0
"fitted_shape",0.298076923076923
"fitted_shape",0.476851851851852
"fitted_shape",0
"fitted_shape",1
"fitted_shape",1
"fitted_shape",0
"fitted_shape",1
"fitted_shape",0.0880829015544041
"fitted_shape",0
"fitted_shape",0.00505050505050505
"fitted_shape",0
"fitted_shape",0
"fitted_shape",0.543269230769231
"fitted_shape",0
"fitted_shape",0
"fitted_shape",0.00925925925925926
"fitted_shape",0.267080745341615
"fitted_shape",0
"fitted_shape",0
"fitted_shape",1
"fitted_shape",0
"fitted_shape",0.53416149068323
"fitted_shape",0.325358851674641
"fitted_shape",0.311004784688995
"fitted_shape",0
"fitted_shape",0.815315315315315
"fitted_shape",0.00478468899521531
"fitted_shape",0.217391304347826
"fitted_shape",0.00448430493273543
"fitted_shape",0
"fitted_shape",1
"fitted_shape",0.0202020202020202
"fitted_shape",0.0199004975124378
"fitted_shape",0
"fitted_shape",0.0324074074074074
"fitted_shape",0.36036036036036
"fitted_shape",0
"fitted_shape",0.191056910569106
"fitted_shape",0
"fitted_shape",0.69377990430622
"fitted_shape",0.54040404040404
"fitted_shape",0
"fitted_shape",0
"fitted_shape",0.545454545454545
"fitted_shape",0
"fitted_shape",0
"fitted_shape",1
"fitted_shape",1
"fitted_shape",0.856459330143541
"fitted_shape",0
"fitted_shape",0
"fitted_shape",0
"fitted_shape",0
"fitted_shape",0
"fitted_shape",0
"fitted_shape",0
"fitted_shape",0
"fitted_shape",0
"fitted_shape",0.251207729468599
"fitted_shape",0.717488789237668
"fitted_shape",0
"fitted_shape",0
"fitted_shape",0
"fitted_shape",0.00934579439252336
"fitted_shape",0
"fitted_shape",0
"fitted_shape",0
"fitted_shape",0
"fitted_shape",0
"fitted_shape",0
"fitted_shape",1
"fitted_shape",0
"fitted_shape",0
"fitted_shape",0.494949494949495
"fitted_shape",0
"fitted_shape",0
"fitted_shape",0
"fitted_shape",0
"fitted_shape",0.00478468899521531
"fitted_shape",0
"fitted_shape",0
"fitted_shape",0
"fitted_shape",0.990654205607477
"fitted_shape",0
"fitted_shape",0
"fitted_shape",0.144278606965174
"fitted_shape",0
"fitted_shape",0
"fitted_shape",0
"fitted_shape",0
"fitted_shape",0
"fitted_shape",0.0769230769230769
"fitted_shape",0.196261682242991
"fitted_shape",1
"fitted_shape",0.994818652849741
"fitted_shape",0
"fitted_shape",0
"fitted_shape",0
"fitted_shape",0
"fitted_shape",0
"fitted_shape",0
"fitted_shape",0.0986547085201794
"fitted_shape",1
"fitted_shape",0.201923076923077
"fitted_shape",0
"fitted_shape",0
"fitted_shape",0
"fitted_shape",0.159203980099502
"fitted_shape",1
"fitted_shape",0.102803738317757
"fitted_shape",1
"fitted_shape",0.0558375634517767
"fitted_shape",0.25462962962963
"fitted_shape",0.0894308943089431
"fitted_shape",0
"fitted_shape",0.00961538461538462
"fitted_shape",0.622448979591837
"fitted_shape",0
"fitted_shape",0
"fitted_shape",0
"fitted_shape",0
"fitted_shape",0.504807692307692
"fitted_shape",0.658653846153846
"fitted_shape",1
"fitted_shape",0
"fitted_shape",0.43265306122449
"fitted_shape",0
"fitted_shape",0
"fitted_shape",0
"fitted_shape",0.00505050505050505
"fitted_shape",0.329896907216495
"fitted_shape",0.940298507462687
"fitted_shape",0.00505050505050505
"fitted_shape",0.0202020202020202
"fitted_shape",0
"fitted_shape",0.981308411214953
"fitted_shape",0.407216494845361
"fitted_shape",0
"fitted_shape",0.302564102564103
"fitted_shape",0.025
"fitted_shape",0.199186991869919
"fitted_shape",0
"fitted_shape",0
"fitted_shape",0
"fitted_shape",0.400966183574879
"fitted_shape",0
"fitted_shape",0
"fitted_shape",1
"fitted_shape",0
"fitted_shape",1
"fitted_shape",0
"fitted_shape",0
"fitted_shape",0
"fitted_shape",0.0448979591836735
"fitted_shape",1
"fitted_shape",0
"fitted_shape",0.443089430894309
"fitted_shape",0
"fitted_shape",0.74375
"fitted_shape",0.186868686868687
"fitted_shape",0
"fitted_shape",0.440993788819876
"fitted_shape",0
"fitted_shape",0
"fitted_shape",0
"fitted_shape",0
"fitted_shape",0.0923076923076923
"fitted_shape",0
"fitted_shape",1
"fitted_shape",1
"fitted_shape",1
"fitted_shape",0.0386473429951691
"fitted_shape",0.0975609756097561
"fitted_shape",0.0151515151515152
"fitted_shape",0.0179372197309417
"fitted_shape",0
"fitted_shape",0.149038461538462
"fitted_shape",0.130081300813008
"fitted_shape",0
"fitted_shape",0.421296296296296
"fitted_shape",0.542713567839196
"fitted_shape",0
"fitted_shape",0.00480769230769231
"fitted_shape",1
"fitted_shape",0.5311004784689
"fitted_shape",0
"fitted_shape",1
"fitted_shape",0.225641025641026
"fitted_shape",1
"fitted_shape",0
"fitted_shape",0.175
"fitted_shape",0
"fitted_shape",0
"fitted_shape",0
"fitted_shape",0
"fitted_shape",0.848484848484849
"fitted_shape",0
"fitted_shape",0.388888888888889
"fitted_shape",0.285714285714286
"fitted_shape",0.0404040404040404
"fitted_shape",0.995192307692308
"fitted_shape",0.0461538461538462
"fitted_shape",0
"fitted_shape",0
"fitted_shape",0
"fitted_shape",1
"fitted_shape",0
"fitted_shape",0.342995169082126
"fitted_shape",0.0186335403726708
"fitted_shape",1
"fitted_shape",0.00480769230769231
"fitted_shape",0
"fitted_shape",0
"fitted_shape",0.0224215246636771
"fitted_shape",0
"fitted_shape",0.279816513761468
"fitted_shape",0.32579185520362
"fitted_shape",0
"fitted_shape",0
"fitted_shape",1
"fitted_shape",0.914798206278027
"fitted_shape",0
"fitted_shape",0
"fitted_shape",0.95850622406639
"fitted_shape",0
"fitted_shape",0.151639344262295
"fitted_shape",0
"fitted_shape",0
"fitted_shape",0
"fitted_shape",0
"fitted_shape",0
"fitted_shape",0
"fitted_shape",0
"fitted_shape",0.177884615384615
"fitted_shape",1
"fitted_shape",0
"fitted_shape",0
"fitted_shape",0
"fitted_shape",0.167464114832536
"fitted_shape",0.979338842975207
"fitted_shape",0.702020202020202
"fitted_shape",0.289795918367347
"fitted_shape",0.322981366459627
"fitted_shape",0.222222222222222
"fitted_shape",0.55050505050505
"fitted_shape",0.0153061224489796
"fitted_shape",0
"fitted_shape",0.0144927536231884
"fitted_shape",0
"fitted_shape",1
"fitted_shape",0
"fitted_shape",1
"fitted_shape",0
"fitted_shape",0.385
"fitted_shape",0
"fitted_shape",0
"fitted_shape",0.162679425837321
"fitted_shape",0
"fitted_shape",0
"fitted_shape",0
"fitted_shape",0
"fitted_shape",0
"fitted_shape",0
"fitted_shape",0
"fitted_shape",0
"fitted_shape",0
"fitted_shape",0.5
"fitted_shape",0.0558375634517767
"fitted_shape",1
"fitted_shape",0
"fitted_shape",0
"fitted_shape",0
"fitted_shape",0.188405797101449
"fitted_shape",0.466666666666667
"fitted_shape",0
"fitted_shape",1
"fitted_shape",1
"fitted_shape",0
"fitted_shape",1
"fitted_shape",0.0398009950248756
"fitted_shape",0
"fitted_shape",0.0045045045045045
"fitted_shape",0
"fitted_shape",0
"fitted_shape",0.583732057416268
"fitted_shape",0.00462962962962963
"fitted_shape",0
"fitted_shape",0.0315789473684211
"fitted_shape",0.16597510373444
"fitted_shape",0
"fitted_shape",0
"fitted_shape",1
"fitted_shape",0
"fitted_shape",0.49537037037037
"fitted_shape",0.208333333333333
"fitted_shape",0.35
"fitted_shape",0
"fitted_shape",0.900497512437811
"fitted_shape",0.00480769230769231
"fitted_shape",0.129807692307692
"fitted_shape",0
"fitted_shape",0.00888888888888889
"fitted_shape",1
"fitted_shape",0.00497512437810945
"fitted_shape",0.0124223602484472
"fitted_shape",0
"fitted_shape",0.0240384615384615
"fitted_shape",0.463157894736842
"fitted_shape",0
"fitted_shape",0.175
"fitted_shape",0
"fitted_shape",0.807453416149068
"fitted_shape",0.382775119617225
"fitted_shape",0
"fitted_shape",0
"fitted_shape",0.495327102803738
"fitted_shape",0
"fitted_shape",0
"fitted_shape",1
"fitted_shape",1
"fitted_shape",0.841346153846154
"fitted_shape",0
"fitted_shape",0
"fitted_shape",0
"fitted_shape",0.00625
"fitted_shape",0
"fitted_shape",0
"fitted_shape",0
"fitted_shape",0
"fitted_shape",0
"fitted_shape",0.315068493150685
"fitted_shape",0.641025641025641
"fitted_shape",0
"fitted_shape",0
"fitted_shape",0
"fitted_shape",0.0138888888888889
"fitted_shape",0
"fitted_shape",0
"fitted_shape",0
"fitted_shape",0
"fitted_shape",0
"fitted_shape",0
"fitted_shape",1
"fitted_shape",0
"fitted_shape",0
"fitted_shape",0.612612612612613
"fitted_shape",0
"fitted_shape",0
"fitted_shape",0
"fitted_shape",0
"fitted_shape",0
"fitted_shape",0
"fitted_shape",0
"fitted_shape",0
"fitted_shape",1
"fitted_shape",0
"fitted_shape",0
"fitted_shape",0.106060606060606
"fitted_shape",0
"fitted_shape",0
"fitted_shape",0
"fitted_shape",0
"fitted_shape",0
"fitted_shape",0.0964467005076142
"fitted_shape",0.25
"fitted_shape",1
"fitted_shape",0.987577639751553
"fitted_shape",0
"fitted_shape",0
"fitted_shape",0
"fitted_shape",0
"fitted_shape",0
"fitted_shape",0
"fitted_shape",0.0964467005076142
"fitted_shape",1
"fitted_shape",0.353233830845771
"fitted_shape",0
"fitted_shape",0
"fitted_shape",0
"fitted_shape",0.0990990990990991
"fitted_shape",1
"fitted_shape",0.0876288659793814
"fitted_shape",1
"fitted_shape",0.183856502242152
"fitted_shape",0.131221719457014
"fitted_shape",0.0101010101010101
"fitted_shape",0.050251256281407
"fitted_shape",0
"fitted_shape",0.615
"fitted_shape",0
"fitted_shape",0
"fitted_shape",0
"fitted_shape",0
"fitted_shape",0.4375
"fitted_shape",0.686868686868687
"fitted_shape",0.995192307692308
"fitted_shape",0
"fitted_shape",0.327102803738318
"fitted_shape",0
"fitted_shape",0
"fitted_shape",0
"fitted_shape",0
"fitted_shape",0.158653846153846
"fitted_shape",0.933962264150943
"fitted_shape",0.04
"fitted_shape",0.0480769230769231
"fitted_shape",0
"fitted_shape",0.97979797979798
"fitted_shape",0.513888888888889
"fitted_shape",0
"fitted_shape",0.156424581005587
"fitted_shape",0.0186335403726708
"fitted_shape",0.1256038647343
"fitted_shape",0
"fitted_shape",0
"fitted_shape",0.00462962962962963
"fitted_shape",0.398148148148148
"fitted_shape",0
"fitted_shape",0
"fitted_shape",1
"fitted_shape",0
"fitted_shape",0.993788819875776
"fitted_shape",0.0454545454545455
"fitted_shape",0
"fitted_shape",0
"fitted_shape",0.196261682242991
"fitted_shape",1
"fitted_shape",0
"fitted_shape",0.408653846153846
"fitted_shape",0
"fitted_shape",0.774038461538462
"fitted_shape",0.338308457711443
"fitted_shape",0
"fitted_shape",0.57948717948718
"fitted_shape",0
"fitted_shape",0
"fitted_shape",0
"fitted_shape",0
"fitted_shape",0.0736842105263158
"fitted_shape",0
"fitted_shape",1
"fitted_shape",1
"fitted_shape",1
"fitted_shape",0.01
"fitted_shape",0.11214953271028
"fitted_shape",0.00505050505050505
"fitted_shape",0.0170212765957447
"fitted_shape",0
"fitted_shape",0.242718446601942
"fitted_shape",0.136645962732919
"fitted_shape",0
"fitted_shape",0.523148148148148
"fitted_shape",0.53030303030303
"fitted_shape",0
"fitted_shape",0
"fitted_shape",0.994818652849741
"fitted_shape",0.50462962962963
"fitted_shape",0.005
"fitted_shape",1
"fitted_shape",0.319444444444444
"fitted_shape",0.995305164319249
"fitted_shape",0
"fitted_shape",0.133640552995392
"fitted_shape",0
"fitted_shape",0
"fitted_shape",0
"fitted_shape",0
"fitted_shape",0.816326530612245
"fitted_shape",0
"fitted_shape",0.398373983739837
"fitted_shape",0.354037267080745
"fitted_shape",0.0298507462686567
"fitted_shape",1
"fitted_shape",0.0636363636363636
"fitted_shape",0
"fitted_shape",0
"fitted_shape",0
"fitted_shape",1
"fitted_shape",0.0102564102564103
"fitted_shape",0.254658385093168
"fitted_shape",0.0287081339712919
"fitted_shape",1
"fitted_shape",0.0654205607476635
"fitted_shape",0
"fitted_shape",0
"fitted_shape",0
"fitted_shape",0
"fitted_shape",0.305555555555556
"fitted_shape",0.399103139013453
"fitted_shape",0
"fitted_shape",0
"fitted_shape",1
"fitted_shape",0.948717948717949
"fitted_shape",0
"fitted_shape",0
"fitted_shape",0.990430622009569
"fitted_shape",0
"fitted_shape",0.199004975124378
"fitted_shape",0
"fitted_shape",0
"fitted_shape",0
"fitted_shape",0
"fitted_shape",0
"fitted_shape",0
"fitted_shape",0
"fitted_shape",0.076555023923445
"fitted_shape",1
"fitted_shape",0
"fitted_shape",0
"fitted_shape",0
"fitted_shape",0.197309417040359
"fitted_shape",0.986046511627907
"fitted_shape",0.581730769230769
"fitted_shape",0.511627906976744
"fitted_shape",0.382857142857143
"fitted_shape",0.221153846153846
"fitted_shape",0.4625
"fitted_shape",0
"fitted_shape",0
"fitted_shape",0.0101010101010101
"fitted_shape",0
"fitted_shape",1
"fitted_shape",0
"fitted_shape",1
"fitted_shape",0
"fitted_shape",0.443089430894309
"fitted_shape",0
"fitted_shape",0
"fitted_shape",0.191919191919192
"fitted_shape",0
"fitted_shape",0
"fitted_shape",0
"fitted_shape",0
"fitted_shape",0
"fitted_shape",0
"fitted_shape",0
"fitted_shape",0
"fitted_shape",0.00505050505050505
"fitted_shape",0.560606060606061
"fitted_shape",0.0558375634517767
"fitted_shape",1
"fitted_shape",0
"fitted_shape",0
"fitted_shape",0
"fitted_shape",0.306010928961749
"fitted_shape",0.497607655502392
"fitted_shape",0
"fitted_shape",1
"fitted_shape",1
"fitted_shape",0
"fitted_shape",1
"fitted_shape",0.0607476635514019
"fitted_shape",0
"fitted_shape",0.0205128205128205
"fitted_shape",0
"fitted_shape",0
"fitted_shape",0.365
"fitted_shape",0
"fitted_shape",0
"fitted_shape",0.0540540540540541
"fitted_shape",0.263157894736842
"fitted_shape",0
"fitted_shape",0
"fitted_shape",1
"fitted_shape",0
"fitted_shape",0.582089552238806
"fitted_shape",0.369918699186992
"fitted_shape",0.343589743589744
"fitted_shape",0
"fitted_shape",0.810945273631841
"fitted_shape",0
"fitted_shape",0.139303482587065
"fitted_shape",0.00462962962962963
"fitted_shape",0.0186335403726708
"fitted_shape",1
"fitted_shape",0
"fitted_shape",0
"fitted_shape",0
"fitted_shape",0.0358974358974359
"fitted_shape",0.395480225988701
"fitted_shape",0
"fitted_shape",0.201923076923077
"fitted_shape",0
"fitted_shape",0.68421052631579
"fitted_shape",0.456730769230769
"fitted_shape",0
"fitted_shape",0
"fitted_shape",0.56875
"fitted_shape",0.00462962962962963
"fitted_shape",0
"fitted_shape",1
"fitted_shape",1
"fitted_shape",0.888888888888889
"fitted_shape",0
"fitted_shape",0
"fitted_shape",0
"fitted_shape",0.00930232558139535
"fitted_shape",0
"fitted_shape",0
"fitted_shape",0
"fitted_shape",0
"fitted_shape",0
"fitted_shape",0.368421052631579
"fitted_shape",0.626168224299065
"fitted_shape",0
"fitted_shape",0
"fitted_shape",0
"fitted_shape",0
"fitted_shape",0
"fitted_shape",0
"fitted_shape",0
"fitted_shape",0
"fitted_shape",0
"fitted_shape",0
"fitted_shape",1
"fitted_shape",0
"fitted_shape",0
"fitted_shape",0.62111801242236
"fitted_shape",0
"fitted_shape",0
"fitted_shape",0
"fitted_shape",0
"fitted_shape",0
"fitted_shape",0
"fitted_shape",0
"fitted_shape",0
"fitted_shape",1
"fitted_shape",0.00478468899521531
"fitted_shape",0
"fitted_shape",0.0560747663551402
"fitted_shape",0
"fitted_shape",0
"fitted_shape",0
"fitted_shape",0
"fitted_shape",0
"fitted_shape",0.116591928251121
"fitted_shape",0.304932735426009
"fitted_shape",1
"fitted_shape",0.990384615384615
"fitted_shape",0
"fitted_shape",0
"fitted_shape",0
"fitted_shape",0
"fitted_shape",0
"fitted_shape",0
"fitted_shape",0.0462962962962963
"fitted_shape",1
"fitted_shape",0.28
"fitted_shape",0
"fitted_shape",0
"fitted_shape",0
"fitted_shape",0.0995024875621891
"fitted_shape",1
"fitted_shape",0.111675126903553
"fitted_shape",1
"fitted_shape",0.062200956937799
"fitted_shape",0.221153846153846
"fitted_shape",0.025
"fitted_shape",0.00478468899521531
"fitted_shape",0
"fitted_shape",0.663551401869159
"fitted_shape",0
"fitted_shape",0
"fitted_shape",0
"fitted_shape",0
"fitted_shape",0.459627329192547
"fitted_shape",0.61025641025641
"fitted_shape",1
"fitted_shape",0
"fitted_shape",0.337962962962963
"fitted_shape",0
"fitted_shape",0
"fitted_shape",0
"fitted_shape",0.00512820512820513
"fitted_shape",0.269230769230769
"fitted_shape",0.928205128205128
"fitted_shape",0
"fitted_shape",0.0358744394618834
"fitted_shape",0
"fitted_shape",0.990384615384615
"fitted_shape",0.358585858585859
"fitted_shape",0
"fitted_shape",0.335403726708075
"fitted_shape",0.0283018867924528
"fitted_shape",0.0601851851851852
"fitted_shape",0
"fitted_shape",0
"fitted_shape",0
"fitted_shape",0.341666666666667
"fitted_shape",0
"fitted_shape",0
"fitted_shape",1
"fitted_shape",0
"fitted_shape",0.990243902439024
"fitted_shape",0
"fitted_shape",0
"fitted_shape",0
"fitted_shape",0.0934579439252336
"fitted_shape",1
"fitted_shape",0
"fitted_shape",0.349775784753363
"fitted_shape",0
"fitted_shape",0.66260162601626
"fitted_shape",0.181818181818182
"fitted_shape",0
"fitted_shape",0.440993788819876
"fitted_shape",0
"fitted_shape",0
"fitted_shape",0
"fitted_shape",0
"fitted_shape",0.0239234449760766
"fitted_shape",0
"fitted_shape",1
"fitted_shape",1
"fitted_shape",1
"fitted_shape",0.0454545454545455
"fitted_shape",0.196261682242991
"fitted_shape",0
"fitted_shape",0.0304568527918782
"fitted_shape",0
"fitted_shape",0.133333333333333
"fitted_shape",0.177570093457944
"fitted_shape",0
"fitted_shape",0.392344497607655
"fitted_shape",0.682692307692308
"fitted_shape",0
"fitted_shape",0.0192307692307692
"fitted_shape",0.991836734693878
"fitted_shape",0.421052631578947
"fitted_shape",0.0248447204968944
"fitted_shape",1
"fitted_shape",0.292929292929293
"fitted_shape",0.99375
"fitted_shape",0
"fitted_shape",0.299065420560748
"fitted_shape",0
"fitted_shape",0
"fitted_shape",0
"fitted_shape",0
"fitted_shape",0.88421052631579
"fitted_shape",0
"fitted_shape",0.358208955223881
"fitted_shape",0.291925465838509
"fitted_shape",0.093167701863354
"fitted_shape",1
"fitted_shape",0.0754716981132075
"fitted_shape",0
"fitted_shape",0
"fitted_shape",0
"fitted_shape",1
"fitted_shape",0.00448430493273543
"fitted_shape",0.300448430493274
"fitted_shape",0.0124223602484472
"fitted_shape",1
"fitted_shape",0
"fitted_shape",0
"fitted_shape",0
"fitted_shape",0
"fitted_shape",0
"fitted_shape",0.15527950310559
"fitted_shape",0.409090909090909
"fitted_shape",0
"fitted_shape",0
"fitted_shape",1
"fitted_shape",0.916201117318436
"fitted_shape",0
"fitted_shape",0
"fitted_shape",0.959641255605381
"fitted_shape",0
"fitted_shape",0.211180124223602
"fitted_shape",0
"fitted_shape",0
"fitted_shape",0
"fitted_shape",0
"fitted_shape",0
"fitted_shape",0
"fitted_shape",0
"fitted_shape",0.115384615384615
"fitted_shape",1
"fitted_shape",0
"fitted_shape",0
"fitted_shape",0
"fitted_shape",0.298076923076923
"fitted_shape",0.958974358974359
"fitted_shape",0.59375
"fitted_shape",0.22360248447205
"fitted_shape",0.392523364485981
"fitted_shape",0.248756218905473
"fitted_shape",0.412037037037037
"fitted_shape",0.00505050505050505
"fitted_shape",0
"fitted_shape",0.0040650406504065
"fitted_shape",0
"fitted_shape",1
"fitted_shape",0
"fitted_shape",1
"fitted_shape",0
"fitted_shape",0.35
"fitted_shape",0
"fitted_shape",0
"fitted_shape",0.352380952380952
"fitted_shape",0
"fitted_shape",0
"fitted_shape",0
"fitted_shape",0
"fitted_shape",0
"fitted_shape",0
"fitted_shape",0
"fitted_shape",0
"fitted_shape",0.0134529147982063
"fitted_shape",0.509615384615385
"fitted_shape",0.158878504672897
"fitted_shape",1
"fitted_shape",0
"fitted_shape",0
"fitted_shape",0
"fitted_shape",0.143540669856459
"fitted_shape",0.524271844660194
"fitted_shape",0
"fitted_shape",1
"fitted_shape",1
"fitted_shape",0
"fitted_shape",1
"fitted_shape",0.0231481481481481
"fitted_shape",0
"fitted_shape",0.0239234449760766
"fitted_shape",0
"fitted_shape",0
"fitted_shape",0.657407407407407
"fitted_shape",0
"fitted_shape",0
"fitted_shape",0.00434782608695652
"fitted_shape",0.284552845528455
"fitted_shape",0
"fitted_shape",0
"fitted_shape",1
"fitted_shape",0
"fitted_shape",0.479638009049774
"fitted_shape",0.43298969072165
"fitted_shape",0.524038461538462
"fitted_shape",0
"fitted_shape",0.900621118012422
"fitted_shape",0.00497512437810945
"fitted_shape",0.170403587443946
"fitted_shape",0.00934579439252336
"fitted_shape",0
"fitted_shape",1
"fitted_shape",0.0151515151515152
"fitted_shape",0.0151515151515152
"fitted_shape",0
"fitted_shape",0.0467289719626168
"fitted_shape",0.254658385093168
"fitted_shape",0
"fitted_shape",0.394230769230769
"fitted_shape",0
"fitted_shape",0.685534591194969
"fitted_shape",0.477611940298507
"fitted_shape",0
"fitted_shape",0
"fitted_shape",0.666666666666667
"fitted_shape",0
"fitted_shape",0
"fitted_shape",1
"fitted_shape",1
"fitted_shape",0.788461538461538
"fitted_shape",0
"fitted_shape",0
"fitted_shape",0
"fitted_shape",0
"fitted_shape",0
"fitted_shape",0
"fitted_shape",0
"fitted_shape",0
"fitted_shape",0
"fitted_shape",0.235897435897436
"fitted_shape",0.813084112149533
"fitted_shape",0
"fitted_shape",0
"fitted_shape",0
"fitted_shape",0.00975609756097561
"fitted_shape",0
"fitted_shape",0
"fitted_shape",0
"fitted_shape",0
"fitted_shape",0
"fitted_shape",0
"fitted_shape",1
"fitted_shape",0
"fitted_shape",0
"fitted_shape",0.527777777777778
"fitted_shape",0
"fitted_shape",0
"fitted_shape",0
"fitted_shape",0
"fitted_shape",0
"fitted_shape",0
"fitted_shape",0
"fitted_shape",0
"fitted_shape",1
"fitted_shape",0
"fitted_shape",0
"fitted_shape",0.0619047619047619
"fitted_shape",0
"fitted_shape",0
"fitted_shape",0
"fitted_shape",0
"fitted_shape",0
"fitted_shape",0.0833333333333333
"fitted_shape",0.142857142857143
"fitted_shape",1
"fitted_shape",0.975609756097561
"fitted_shape",0
"fitted_shape",0
"fitted_shape",0
"fitted_shape",0
"fitted_shape",0.0122950819672131
"fitted_shape",0
"fitted_shape",0.111111111111111
"fitted_shape",1
"fitted_shape",0.228571428571429
"fitted_shape",0
"fitted_shape",0.00478468899521531
"fitted_shape",0
"fitted_shape",0.0717948717948718
"fitted_shape",1
"fitted_shape",0.0526315789473684
"fitted_shape",1
"fitted_shape",0.0287081339712919
"fitted_shape",0.393518518518519
"fitted_shape",0.0101010101010101
"fitted_shape",0
"fitted_shape",0
"fitted_shape",0.545
"fitted_shape",0
"fitted_shape",0
"fitted_shape",0
"fitted_shape",0
"fitted_shape",0.58974358974359
"fitted_shape",0.62200956937799
"fitted_shape",0.994949494949495
"fitted_shape",0
"fitted_shape",0.492822966507177
"fitted_shape",0
"fitted_shape",0
"fitted_shape",0
"fitted_shape",0
"fitted_shape",0.208888888888889
"fitted_shape",0.869369369369369
"fitted_shape",0
"fitted_shape",0.0707070707070707
"fitted_shape",0
"fitted_shape",0.983673469387755
"fitted_shape",0.409090909090909
"fitted_shape",0
"fitted_shape",0.217391304347826
"fitted_shape",0.0294117647058824
"fitted_shape",0.130434782608696
"fitted_shape",0
"fitted_shape",0
"fitted_shape",0
"fitted_shape",0.302040816326531
"fitted_shape",0
"fitted_shape",0
"fitted_shape",1
"fitted_shape",0
"fitted_shape",0.993788819875776
"fitted_shape",0.0192307692307692
"fitted_shape",0
"fitted_shape",0
"fitted_shape",0.0210526315789474
"fitted_shape",1
"fitted_shape",0
"fitted_shape",0.422330097087379
"fitted_shape",0
"fitted_shape",0.682051282051282
"fitted_shape",0.267676767676768
"fitted_shape",0
"fitted_shape",0.471153846153846
"fitted_shape",0
"fitted_shape",0
"fitted_shape",0
"fitted_shape",0
"fitted_shape",0.062111801242236
"fitted_shape",0
"fitted_shape",1
"fitted_shape",1
"fitted_shape",1
"fitted_shape",0.02
"fitted_shape",0.157407407407407
"fitted_shape",0
"fitted_shape",0.0376569037656904
"fitted_shape",0
"fitted_shape",0.225641025641026
"fitted_shape",0.119617224880383
"fitted_shape",0
"fitted_shape",0.402777777777778
"fitted_shape",0.559808612440191
"fitted_shape",0
"fitted_shape",0.015
"fitted_shape",0.981132075471698
"fitted_shape",0.398148148148148
"fitted_shape",0.00478468899521531
"fitted_shape",1
"fitted_shape",0.425837320574163
"fitted_shape",1
"fitted_shape",0
"fitted_shape",0.162037037037037
"fitted_shape",0
"fitted_shape",0
"fitted_shape",0
"fitted_shape",0
"fitted_shape",0.831775700934579
"fitted_shape",0
"fitted_shape",0.335
"fitted_shape",0.430894308943089
"fitted_shape",0.0384615384615385
"fitted_shape",1
"fitted_shape",0.0625
"fitted_shape",0
"fitted_shape",0
"fitted_shape",0
"fitted_shape",1
"fitted_shape",0.00625
"fitted_shape",0.375
"fitted_shape",0.0315315315315315
"fitted_shape",0.985294117647059
"fitted_shape",0.0480769230769231
"fitted_shape",0
"fitted_shape",0
"fitted_shape",0.00480769230769231
"fitted_shape",0.00478468899521531
"fitted_shape",0.111801242236025
"fitted_shape",0.376681614349776
"fitted_shape",0.025
"fitted_shape",0
"fitted_shape",1
"fitted_shape",0.987577639751553
"fitted_shape",0
"fitted_shape",0
"fitted_shape",0.994949494949495
"fitted_shape",0
"fitted_shape",0.226851851851852
"fitted_shape",0
"fitted_shape",0
"fitted_shape",0
"fitted_shape",0
"fitted_shape",0
"fitted_shape",0
"fitted_shape",0
"fitted_shape",0.0829015544041451
"fitted_shape",1
"fitted_shape",0
"fitted_shape",0
"fitted_shape",0
"fitted_shape",0.189054726368159
"fitted_shape",0.977578475336323
"fitted_shape",0.611650485436893
"fitted_shape",0.2152466367713
"fitted_shape",0.353658536585366
"fitted_shape",0.146464646464646
"fitted_shape",0.299065420560748
"fitted_shape",0.005
"fitted_shape",0
"fitted_shape",0.01
"fitted_shape",0
"fitted_shape",1
"fitted_shape",0
"fitted_shape",1
"fitted_shape",0
"fitted_shape",0.442786069651741
"fitted_shape",0
"fitted_shape",0
"fitted_shape",0.331838565022422
"fitted_shape",0
"fitted_shape",0
"fitted_shape",0
"fitted_shape",0
"fitted_shape",0
"fitted_shape",0
"fitted_shape",0
"fitted_shape",0
"fitted_shape",0.0105263157894737
"fitted_shape",0.475609756097561
"fitted_shape",0.0972222222222222
"fitted_shape",1
"fitted_shape",0
"fitted_shape",0
"fitted_shape",0
"fitted_shape",0.191919191919192
"fitted_shape",0.440993788819876
"fitted_shape",0
"fitted_shape",1
"fitted_shape",1
"fitted_shape",0
"fitted_shape",1
"fitted_shape",0.0585585585585586
"fitted_shape",0
"fitted_shape",0.0144230769230769
"fitted_shape",0
"fitted_shape",0
"fitted_shape",0.424242424242424
"fitted_shape",0
"fitted_shape",0
"fitted_shape",0.027027027027027
"fitted_shape",0.328358208955224
"fitted_shape",0
"fitted_shape",0
"fitted_shape",1
"fitted_shape",0
"fitted_shape",0.533632286995516
"fitted_shape",0.328205128205128
"fitted_shape",0.409326424870466
"fitted_shape",0
"fitted_shape",0.779904306220096
"fitted_shape",0
"fitted_shape",0.093167701863354
"fitted_shape",0
"fitted_shape",0
"fitted_shape",1
"fitted_shape",0.00925925925925926
"fitted_shape",0.0576923076923077
"fitted_shape",0
"fitted_shape",0.050761421319797
"fitted_shape",0.330188679245283
"fitted_shape",0
"fitted_shape",0.182692307692308
"fitted_shape",0
"fitted_shape",0.738693467336683
"fitted_shape",0.413461538461538
"fitted_shape",0
"fitted_shape",0
"fitted_shape",0.484472049689441
"fitted_shape",0
"fitted_shape",0
"fitted_shape",1
"fitted_shape",1
"fitted_shape",0.857142857142857
"fitted_shape",0
"fitted_shape",0
"fitted_shape",0
"fitted_shape",0
"fitted_shape",0
"fitted_shape",0
"fitted_shape",0
"fitted_shape",0
"fitted_shape",0
"fitted_shape",0.233502538071066
"fitted_shape",0.696517412935323
"fitted_shape",0
"fitted_shape",0
"fitted_shape",0
"fitted_shape",0
"fitted_shape",0
"fitted_shape",0
"fitted_shape",0
"fitted_shape",0
"fitted_shape",0
"fitted_shape",0
"fitted_shape",1
"fitted_shape",0
"fitted_shape",0
"fitted_shape",0.514018691588785
"fitted_shape",0
"fitted_shape",0
"fitted_shape",0
"fitted_shape",0
"fitted_shape",0
"fitted_shape",0
"fitted_shape",0
"fitted_shape",0
"fitted_shape",1
"fitted_shape",0
"fitted_shape",0
"fitted_shape",0.0769230769230769
"fitted_shape",0
"fitted_shape",0
"fitted_shape",0
"fitted_shape",0
"fitted_shape",0
"fitted_shape",0.0995024875621891
"fitted_shape",0.196581196581197
"fitted_shape",1
"fitted_shape",0.981481481481482
"fitted_shape",0
"fitted_shape",0
"fitted_shape",0
"fitted_shape",0
"fitted_shape",0.00956937799043062
"fitted_shape",0
"fitted_shape",0.189473684210526
"fitted_shape",1
"fitted_shape",0.351851851851852
"fitted_shape",0
"fitted_shape",0
"fitted_shape",0
"fitted_shape",0.126262626262626
"fitted_shape",1
"fitted_shape",0.0762331838565022
"fitted_shape",1
"fitted_shape",0.054726368159204
"fitted_shape",0.177884615384615
"fitted_shape",0.0248447204968944
"fitted_shape",0.00505050505050505
"fitted_shape",0
"fitted_shape",0.666666666666667
"fitted_shape",0
"fitted_shape",0
"fitted_shape",0
"fitted_shape",0
"fitted_shape",0.542986425339366
"fitted_shape",0.630769230769231
"fitted_shape",1
"fitted_shape",0
"fitted_shape",0.411483253588517
"fitted_shape",0
"fitted_shape",0
"fitted_shape",0
"fitted_shape",0
"fitted_shape",0.228855721393035
"fitted_shape",0.956730769230769
"fitted_shape",0
"fitted_shape",0.0355329949238579
"fitted_shape",0
"fitted_shape",0.980861244019139
"fitted_shape",0.686868686868687
"fitted_shape",0
"fitted_shape",0.192307692307692
"fitted_shape",0.0277777777777778
"fitted_shape",0.126126126126126
"fitted_shape",0
"fitted_shape",0
"fitted_shape",0
"fitted_shape",0.316939890710383
"fitted_shape",0
"fitted_shape",0
"fitted_shape",1
"fitted_shape",0
"fitted_shape",1
"fitted_shape",0
"fitted_shape",0
"fitted_shape",0
"fitted_shape",0.0972222222222222
"fitted_shape",0.990049751243781
"fitted_shape",0
"fitted_shape",0.388349514563107
"fitted_shape",0
"fitted_shape",0.70625
"fitted_shape",0.307692307692308
"fitted_shape",0
"fitted_shape",0.466019417475728
"fitted_shape",0
"fitted_shape",0
"fitted_shape",0
"fitted_shape",0
"fitted_shape",0.0273972602739726
"fitted_shape",0
"fitted_shape",1
"fitted_shape",1
"fitted_shape",1
"fitted_shape",0.012396694214876
"fitted_shape",0.141414141414141
"fitted_shape",0
"fitted_shape",0.00448430493273543
"fitted_shape",0
"fitted_shape",0.167464114832536
"fitted_shape",0.162037037037037
"fitted_shape",0
"fitted_shape",0.493273542600897
"fitted_shape",0.484018264840183
"fitted_shape",0
"fitted_shape",0.0404040404040404
"fitted_shape",0.970833333333333
"fitted_shape",0.428571428571429
"fitted_shape",0.0673076923076923
"fitted_shape",1
"fitted_shape",0.360248447204969
"fitted_shape",1
"fitted_shape",0
"fitted_shape",0.146892655367232
"fitted_shape",0
"fitted_shape",0
"fitted_shape",0
"fitted_shape",0
"fitted_shape",0.863636363636364
"fitted_shape",0
"fitted_shape",0.42152466367713
"fitted_shape",0.350961538461538
"fitted_shape",0.0630630630630631
"fitted_shape",1
"fitted_shape",0.0467289719626168
"fitted_shape",0
"fitted_shape",0
"fitted_shape",0
"fitted_shape",1
"fitted_shape",0
"fitted_shape",0.235
"fitted_shape",0.0480769230769231
"fitted_shape",1
"fitted_shape",0.0143540669856459
"fitted_shape",0
"fitted_shape",0
"fitted_shape",0
"fitted_shape",0
"fitted_shape",0.101626016260163
"fitted_shape",0.373831775700935
"fitted_shape",0
"fitted_shape",0
"fitted_shape",1
"fitted_shape",0.935185185185185
"fitted_shape",0
"fitted_shape",0
"fitted_shape",0.976744186046512
"fitted_shape",0
"fitted_shape",0.233830845771144
"fitted_shape",0
"fitted_shape",0
"fitted_shape",0
"fitted_shape",0
"fitted_shape",0
"fitted_shape",0
"fitted_shape",0
"fitted_shape",0.174129353233831
"fitted_shape",1
"fitted_shape",0.00469483568075117
"fitted_shape",0
"fitted_shape",0
"fitted_shape",0.0876288659793814
"fitted_shape",0.975
"fitted_shape",0.587443946188341
"fitted_shape",0.338461538461538
"fitted_shape",0.333333333333333
"fitted_shape",0.26457399103139
"fitted_shape",0.427860696517413
"fitted_shape",0
"fitted_shape",0
"fitted_shape",0.00813008130081301
"fitted_shape",0
"fitted_shape",1
"fitted_shape",0
"fitted_shape",1
"fitted_shape",0
"fitted_shape",0.439393939393939
"fitted_shape",0
"fitted_shape",0
"fitted_shape",0.105726872246696
"fitted_shape",0
"fitted_shape",0
"fitted_shape",0
"fitted_shape",0
"fitted_shape",0
"fitted_shape",0
"fitted_shape",0
"fitted_shape",0
"fitted_shape",0.00497512437810945
"fitted_shape",0.577639751552795
"fitted_shape",0.13125
"fitted_shape",1
"fitted_shape",0
"fitted_shape",0
"fitted_shape",0
"fitted_shape",0.13963963963964
"fitted_shape",0.376569037656904
"fitted_shape",0
"fitted_shape",1
"fitted_shape",1
"fitted_shape",0
"fitted_shape",1
"fitted_shape",0.0432692307692308
"fitted_shape",0
"fitted_shape",0.0151515151515152
"fitted_shape",0
"fitted_shape",0
"fitted_shape",0.464114832535885
"fitted_shape",0.00896860986547085
"fitted_shape",0
"fitted_shape",0.0124223602484472
"fitted_shape",0.217592592592593
"fitted_shape",0
"fitted_shape",0
"fitted_shape",1
"fitted_shape",0
"fitted_shape",0.486111111111111
"fitted_shape",0.214953271028037
"fitted_shape",0.37378640776699
"fitted_shape",0
"fitted_shape",0.743589743589744
"fitted_shape",0.0062111801242236
"fitted_shape",0.143518518518519
"fitted_shape",0
"fitted_shape",0
"fitted_shape",1
"fitted_shape",0.0205128205128205
"fitted_shape",0.02
"fitted_shape",0
"fitted_shape",0.0324074074074074
"fitted_shape",0.62037037037037
"fitted_shape",0
"fitted_shape",0.383177570093458
"fitted_shape",0
"fitted_shape",0.677884615384615
"fitted_shape",0.328205128205128
"fitted_shape",0
"fitted_shape",0
"fitted_shape",0.467592592592593
"fitted_shape",0
"fitted_shape",0
"fitted_shape",1
"fitted_shape",1
"fitted_shape",0.875621890547264
"fitted_shape",0
"fitted_shape",0
"fitted_shape",0
"fitted_shape",0
"fitted_shape",0
"fitted_shape",0
"fitted_shape",0
"fitted_shape",0
"fitted_shape",0
"fitted_shape",0.259615384615385
"fitted_shape",0.841346153846154
"fitted_shape",0
"fitted_shape",0.0045045045045045
"fitted_shape",0
"fitted_shape",0
"fitted_shape",0
"fitted_shape",0
"fitted_shape",0
"fitted_shape",0
"fitted_shape",0
"fitted_shape",0
"fitted_shape",1
"fitted_shape",0
"fitted_shape",0
"fitted_shape",0.807692307692308
"fitted_shape",0
"fitted_shape",0
"fitted_shape",0.00483091787439614
"fitted_shape",0
"fitted_shape",0
"fitted_shape",0
"fitted_shape",0
"fitted_shape",0
"fitted_shape",1
"fitted_shape",0
"fitted_shape",0
"fitted_shape",0.144278606965174
"fitted_shape",0
"fitted_shape",0
"fitted_shape",0
"fitted_shape",0
"fitted_shape",0
"fitted_shape",0.147982062780269
"fitted_shape",0.263681592039801
"fitted_shape",1
"fitted_shape",0.991111111111111
"fitted_shape",0
"fitted_shape",0
"fitted_shape",0
"fitted_shape",0
"fitted_shape",0
"fitted_shape",0
"fitted_shape",0.102040816326531
"fitted_shape",1
"fitted_shape",0.244343891402715
"fitted_shape",0
"fitted_shape",0
"fitted_shape",0
"fitted_shape",0.325358851674641
"fitted_shape",1
"fitted_shape",0.101010101010101
"fitted_shape",1
"fitted_shape",0.0280373831775701
"fitted_shape",0.134020618556701
"fitted_shape",0.024390243902439
"fitted_shape",0
"fitted_shape",0
"fitted_shape",0.614349775784753
"fitted_shape",0
"fitted_shape",0
"fitted_shape",0
"fitted_shape",0
"fitted_shape",0.689795918367347
"fitted_shape",0.752577319587629
"fitted_shape",1
"fitted_shape",0
"fitted_shape",0.51875
"fitted_shape",0
"fitted_shape",0
"fitted_shape",0
"fitted_shape",0
"fitted_shape",0.235576923076923
"fitted_shape",0.93
"fitted_shape",0.0124223602484472
"fitted_shape",0.0353535353535354
"fitted_shape",0
"fitted_shape",0.990654205607477
"fitted_shape",0.54040404040404
"fitted_shape",0
"fitted_shape",0.22
"fitted_shape",0.0151515151515152
"fitted_shape",0.186915887850467
"fitted_shape",0
"fitted_shape",0
"fitted_shape",0.0454545454545455
"fitted_shape",0.543589743589744
"fitted_shape",0
"fitted_shape",0
"fitted_shape",1
"fitted_shape",0
"fitted_shape",1
"fitted_shape",0.0192307692307692
"fitted_shape",0
"fitted_shape",0
"fitted_shape",0.0576923076923077
"fitted_shape",1
"fitted_shape",0
"fitted_shape",0.39344262295082
"fitted_shape",0
"fitted_shape",0.627329192546584
"fitted_shape",0.316872427983539
"fitted_shape",0
"fitted_shape",0.58974358974359
"fitted_shape",0
"fitted_shape",0
"fitted_shape",0
"fitted_shape",0
"fitted_shape",0.104477611940299
"fitted_shape",0
"fitted_shape",1
"fitted_shape",1
"fitted_shape",1
"fitted_shape",0.00896860986547085
"fitted_shape",0.161490683229814
"fitted_shape",0.0192307692307692
"fitted_shape",0.0717703349282297
"fitted_shape",0
"fitted_shape",0.365482233502538
"fitted_shape",0.13953488372093
"fitted_shape",0
"fitted_shape",0.353535353535354
"fitted_shape",0.61244019138756
"fitted_shape",0
"fitted_shape",0.0143540669856459
"fitted_shape",0.987577639751553
"fitted_shape",0.497607655502392
"fitted_shape",0.0201005025125628
"fitted_shape",1
"fitted_shape",0.291866028708134
"fitted_shape",0.994949494949495
"fitted_shape",0
"fitted_shape",0.2018779342723
"fitted_shape",0
"fitted_shape",0
"fitted_shape",0
"fitted_shape",0
"fitted_shape",0.824074074074074
"fitted_shape",0
"fitted_shape",0.323383084577114
"fitted_shape",0.394871794871795
"fitted_shape",0.0532786885245902
"fitted_shape",0.990338164251208
"fitted_shape",0.0408163265306122
"fitted_shape",0
"fitted_shape",0
"fitted_shape",0
"fitted_shape",1
"fitted_shape",0.0150753768844221
"fitted_shape",0.252525252525253
"fitted_shape",0.0135746606334842
"fitted_shape",1
"fitted_shape",0.0511627906976744
"fitted_shape",0
"fitted_shape",0
"fitted_shape",0
"fitted_shape",0
"fitted_shape",0.149532710280374
"fitted_shape",0.34
"fitted_shape",0
"fitted_shape",0
"fitted_shape",1
"fitted_shape",0.876923076923077
"fitted_shape",0
"fitted_shape",0
"fitted_shape",0.962616822429907
"fitted_shape",0
"fitted_shape",0.177570093457944
"fitted_shape",0
"fitted_shape",0
"fitted_shape",0
"fitted_shape",0
"fitted_shape",0
"fitted_shape",0
"fitted_shape",0
"fitted_shape",0.0895522388059701
"fitted_shape",1
"fitted_shape",0
"fitted_shape",0
"fitted_shape",0
"fitted_shape",0.145
"fitted_shape",0.962732919254658
"fitted_shape",0.663551401869159
"fitted_shape",0.407960199004975
"fitted_shape",0.278846153846154
"fitted_shape",0.218274111675127
"fitted_shape",0.366459627329193
"fitted_shape",0
"fitted_shape",0
"fitted_shape",0.0304568527918782
"fitted_shape",0
"fitted_shape",1
"fitted_shape",0
"fitted_shape",1
"fitted_shape",0
"fitted_shape",0.555
"fitted_shape",0
"fitted_shape",0
"fitted_shape",0.207317073170732
"fitted_shape",0
"fitted_shape",0
"fitted_shape",0
"fitted_shape",0
"fitted_shape",0
"fitted_shape",0
"fitted_shape",0
"fitted_shape",0
"fitted_shape",0.0124223602484472
"fitted_shape",0.484276729559748
"fitted_shape",0.0747663551401869
"fitted_shape",1
"fitted_shape",0
"fitted_shape",0
"fitted_shape",0
"fitted_shape",0.166666666666667
"fitted_shape",0.424242424242424
"fitted_shape",0
"fitted_shape",1
"fitted_shape",1
"fitted_shape",0
"fitted_shape",1
"fitted_shape",0.0787037037037037
"fitted_shape",0
"fitted_shape",0.0324074074074074
"fitted_shape",0
"fitted_shape",0
"fitted_shape",0.600961538461538
"fitted_shape",0
"fitted_shape",0
"fitted_shape",0.0102564102564103
"fitted_shape",0.220095693779904
"fitted_shape",0
"fitted_shape",0
"fitted_shape",1
"fitted_shape",0
"fitted_shape",0.702564102564103
"fitted_shape",0.253731343283582
"fitted_shape",0.406698564593301
"fitted_shape",0
"fitted_shape",0.759183673469388
"fitted_shape",0.0280373831775701
"fitted_shape",0.0913461538461538
"fitted_shape",0
"fitted_shape",0.00478468899521531
"fitted_shape",1
"fitted_shape",0
"fitted_shape",0.0497512437810945
"fitted_shape",0
"fitted_shape",0.08
"fitted_shape",0.5
"fitted_shape",0
"fitted_shape",0.226415094339623
"fitted_shape",0
"fitted_shape",0.783653846153846
"fitted_shape",0.425925925925926
"fitted_shape",0
"fitted_shape",0
"fitted_shape",0.509615384615385
"fitted_shape",0
"fitted_shape",0
"fitted_shape",1
"fitted_shape",1
"fitted_shape",0.841025641025641
"fitted_shape",0
"fitted_shape",0
"fitted_shape",0
"fitted_shape",0.00505050505050505
"fitted_shape",0
"fitted_shape",0
"fitted_shape",0
"fitted_shape",0
"fitted_shape",0
"fitted_shape",0.333333333333333
"fitted_shape",0.688995215311005
"fitted_shape",0
"fitted_shape",0
"fitted_shape",0
"fitted_shape",0
"fitted_shape",0
"fitted_shape",0
"fitted_shape",0
"fitted_shape",0
"fitted_shape",0
"fitted_shape",0
"fitted_shape",1
"fitted_shape",0
"fitted_shape",0
"fitted_shape",0.739130434782609
"fitted_shape",0
"fitted_shape",0
"fitted_shape",0.01
"fitted_shape",0
"fitted_shape",0.0050761421319797
"fitted_shape",0
"fitted_shape",0
"fitted_shape",0
"fitted_shape",1
"fitted_shape",0
"fitted_shape",0
"fitted_shape",0.0683229813664596
"fitted_shape",0
"fitted_shape",0
"fitted_shape",0
"fitted_shape",0
"fitted_shape",0
"fitted_shape",0.0956937799043062
"fitted_shape",0.105590062111801
"fitted_shape",1
"fitted_shape",0.98989898989899
"fitted_shape",0
"fitted_shape",0
"fitted_shape",0
"fitted_shape",0
"fitted_shape",0.00934579439252336
"fitted_shape",0
"fitted_shape",0.20625
"fitted_shape",1
"fitted_shape",0.143518518518519
"fitted_shape",0
"fitted_shape",0
"fitted_shape",0
"fitted_shape",0.0842105263157895
"fitted_shape",1
"fitted_shape",0.125
"fitted_shape",1
"fitted_shape",0.0461538461538462
"fitted_shape",0.205
"fitted_shape",0.00418410041841004
"fitted_shape",0
"fitted_shape",0
"fitted_shape",0.658385093167702
"fitted_shape",0
"fitted_shape",0
"fitted_shape",0
"fitted_shape",0
"fitted_shape",0.540540540540541
"fitted_shape",0.634517766497462
"fitted_shape",0.995192307692308
"fitted_shape",0
"fitted_shape",0.267515923566879
"fitted_shape",0
"fitted_shape",0
"fitted_shape",0
"fitted_shape",0
"fitted_shape",0.169154228855721
"fitted_shape",0.95959595959596
"fitted_shape",0.00480769230769231
"fitted_shape",0.0240384615384615
"fitted_shape",0
"fitted_shape",0.97196261682243
"fitted_shape",0.388059701492537
"fitted_shape",0
"fitted_shape",0.23125
"fitted_shape",0.0143540669856459
"fitted_shape",0.15311004784689
"fitted_shape",0
"fitted_shape",0
"fitted_shape",0.0101522842639594
"fitted_shape",0.295081967213115
"fitted_shape",0
"fitted_shape",0
"fitted_shape",1
"fitted_shape",0
"fitted_shape",1
"fitted_shape",0
"fitted_shape",0
"fitted_shape",0
"fitted_shape",0.0447761194029851
"fitted_shape",0.994818652849741
"fitted_shape",0
"fitted_shape",0.48989898989899
"fitted_shape",0
"fitted_shape",0.826086956521739
"fitted_shape",0.248803827751196
"fitted_shape",0
"fitted_shape",0.476635514018692
"fitted_shape",0
"fitted_shape",0
"fitted_shape",0
"fitted_shape",0
"fitted_shape",0.0358744394618834
"fitted_shape",0
"fitted_shape",1
"fitted_shape",1
"fitted_shape",1
"fitted_shape",0
"fitted_shape",0.148148148148148
"fitted_shape",0
"fitted_shape",0.0334928229665072
"fitted_shape",0
"fitted_shape",0.165919282511211
"fitted_shape",0.15695067264574
"fitted_shape",0
"fitted_shape",0.457943925233645
"fitted_shape",0.688995215311005
"fitted_shape",0
"fitted_shape",0.0062111801242236
"fitted_shape",0.990338164251208
"fitted_shape",0.65
"fitted_shape",0.0050761421319797
"fitted_shape",1
"fitted_shape",0.299065420560748
"fitted_shape",1
"fitted_shape",0
"fitted_shape",0.0654205607476635
"fitted_shape",0
"fitted_shape",0
"fitted_shape",0
"fitted_shape",0
"fitted_shape",0.88659793814433
"fitted_shape",0
"fitted_shape",0.403726708074534
"fitted_shape",0.241545893719807
"fitted_shape",0.0618556701030928
"fitted_shape",0.994871794871795
"fitted_shape",0.0808080808080808
"fitted_shape",0
"fitted_shape",0
"fitted_shape",0
"fitted_shape",1
"fitted_shape",0.0193236714975845
"fitted_shape",0.335403726708075
"fitted_shape",0.0462962962962963
"fitted_shape",0.995169082125604
"fitted_shape",0.00497512437810945
"fitted_shape",0
"fitted_shape",0
"fitted_shape",0
"fitted_shape",0.00497512437810945
"fitted_shape",0.166666666666667
"fitted_shape",0.42051282051282
"fitted_shape",0
"fitted_shape",0
"fitted_shape",1
"fitted_shape",0.923766816143498
"fitted_shape",0
"fitted_shape",0
"fitted_shape",0.950248756218905
"fitted_shape",0
"fitted_shape",0.192546583850932
"fitted_shape",0
"fitted_shape",0
"fitted_shape",0
"fitted_shape",0
"fitted_shape",0
"fitted_shape",0
"fitted_shape",0
"fitted_shape",0.122171945701357
"fitted_shape",1
"fitted_shape",0
"fitted_shape",0
"fitted_shape",0
"fitted_shape",0.121495327102804
"fitted_shape",0.989949748743719
"fitted_shape",0.574162679425837
"fitted_shape",0.258883248730964
"fitted_shape",0.46583850931677
"fitted_shape",0.279503105590062
"fitted_shape",0.389423076923077
"fitted_shape",0
"fitted_shape",0
"fitted_shape",0.00512820512820513
"fitted_shape",0
"fitted_shape",1
"fitted_shape",0
"fitted_shape",1
"fitted_shape",0
"fitted_shape",0.44
"fitted_shape",0
"fitted_shape",0
"fitted_shape",0.186915887850467
"fitted_shape",0
"fitted_shape",0
"fitted_shape",0
"fitted_shape",0
"fitted_shape",0
"fitted_shape",0
"fitted_shape",0
"fitted_shape",0
"fitted_shape",0.00497512437810945
"fitted_shape",0.578947368421053
"fitted_shape",0.225
"fitted_shape",1
"fitted_shape",0
"fitted_shape",0
"fitted_shape",0
"fitted_shape",0.254658385093168
"fitted_shape",0.462311557788945
"fitted_shape",0
"fitted_shape",1
"fitted_shape",1
"fitted_shape",0
"fitted_shape",1
"fitted_shape",0.0430622009569378
"fitted_shape",0
"fitted_shape",0.0398009950248756
"fitted_shape",0
"fitted_shape",0
"fitted_shape",0.401869158878505
"fitted_shape",0
"fitted_shape",0
"fitted_shape",0.0231481481481481
"fitted_shape",0.310204081632653
"fitted_shape",0
"fitted_shape",0
"fitted_shape",1
"fitted_shape",0
"fitted_shape",0.519230769230769
"fitted_shape",0.242105263157895
"fitted_shape",0.476635514018692
"fitted_shape",0
"fitted_shape",0.695431472081218
"fitted_shape",0
"fitted_shape",0.0471698113207547
"fitted_shape",0
"fitted_shape",0.01
"fitted_shape",1
"fitted_shape",0
"fitted_shape",0
"fitted_shape",0
"fitted_shape",0.0512820512820513
"fitted_shape",0.225225225225225
"fitted_shape",0
"fitted_shape",0.21025641025641
"fitted_shape",0
"fitted_shape",0.731707317073171
"fitted_shape",0.409937888198758
"fitted_shape",0
"fitted_shape",0
"fitted_shape",0.414634146341463
"fitted_shape",0
"fitted_shape",0
"fitted_shape",1
"fitted_shape",1
"fitted_shape",0.908653846153846
"fitted_shape",0
"fitted_shape",0
"fitted_shape",0
"fitted_shape",0.0101010101010101
"fitted_shape",0
"fitted_shape",0
"fitted_shape",0
"fitted_shape",0
"fitted_shape",0
"fitted_shape",0.357723577235772
"fitted_shape",0.755
"fitted_shape",0
"fitted_shape",0
"fitted_shape",0
"fitted_shape",0
"fitted_shape",0
"fitted_shape",0
"fitted_shape",0
"fitted_shape",0
"fitted_shape",0
"fitted_shape",0
"fitted_shape",1
"fitted_shape",0
"fitted_shape",0
"fitted_shape",0.478468899521531
"fitted_shape",0
"fitted_shape",0
"fitted_shape",0.0101522842639594
"fitted_shape",0
"fitted_shape",0.00483091787439614
"fitted_shape",0
"fitted_shape",0
"fitted_shape",0
"fitted_shape",0.995024875621891
"fitted_shape",0
"fitted_shape",0
"fitted_shape",0.149484536082474
"fitted_shape",0
"fitted_shape",0
"fitted_shape",0
"fitted_shape",0
"fitted_shape",0
"fitted_shape",0.0871794871794872
"fitted_shape",0.171171171171171
"fitted_shape",1
"fitted_shape",0.986111111111111
"fitted_shape",0
"fitted_shape",0
"fitted_shape",0
"fitted_shape",0
"fitted_shape",0
"fitted_shape",0
"fitted_shape",0.0813397129186603
"fitted_shape",1
"fitted_shape",0.260869565217391
"fitted_shape",0
"fitted_shape",0
"fitted_shape",0
"fitted_shape",0.177884615384615
"fitted_shape",1
"fitted_shape",0.129186602870813
"fitted_shape",1
"fitted_shape",0.0615384615384615
"fitted_shape",0.204081632653061
"fitted_shape",0.0358974358974359
"fitted_shape",0
"fitted_shape",0
"fitted_shape",0.671717171717172
"fitted_shape",0
"fitted_shape",0
"fitted_shape",0
"fitted_shape",0
"fitted_shape",0.512690355329949
"fitted_shape",0.682242990654206
"fitted_shape",1
"fitted_shape",0
"fitted_shape",0.360824742268041
"fitted_shape",0
"fitted_shape",0
"fitted_shape",0
"fitted_shape",0
"fitted_shape",0.31981981981982
"fitted_shape",0.990430622009569
"fitted_shape",0.0134529147982063
"fitted_shape",0.0144230769230769
"fitted_shape",0
"fitted_shape",0.963963963963964
"fitted_shape",0.421052631578947
"fitted_shape",0
"fitted_shape",0.347826086956522
"fitted_shape",0.016260162601626
"fitted_shape",0.102564102564103
"fitted_shape",0
"fitted_shape",0
"fitted_shape",0.0179372197309417
"fitted_shape",0.393034825870647
"fitted_shape",0
"fitted_shape",0
"fitted_shape",1
"fitted_shape",0
"fitted_shape",1
"fitted_shape",0.0099502487562189
"fitted_shape",0
"fitted_shape",0
"fitted_shape",0.0405405405405405
"fitted_shape",1
"fitted_shape",0
"fitted_shape",0.419191919191919
"fitted_shape",0
"fitted_shape",0.720496894409938
"fitted_shape",0.30188679245283
"fitted_shape",0
"fitted_shape",0.393518518518519
"fitted_shape",0
"fitted_shape",0
"fitted_shape",0
"fitted_shape",0
"fitted_shape",0.0576923076923077
"fitted_shape",0
"fitted_shape",1
"fitted_shape",1
"fitted_shape",1
"fitted_shape",0.015
"fitted_shape",0.158536585365854
"fitted_shape",0.00448430493273543
"fitted_shape",0.0062111801242236
"fitted_shape",0
"fitted_shape",0.402777777777778
"fitted_shape",0.130434782608696
"fitted_shape",0
"fitted_shape",0.395
"fitted_shape",0.558558558558559
"fitted_shape",0
"fitted_shape",0.00900900900900901
"fitted_shape",1
"fitted_shape",0.426829268292683
"fitted_shape",0.00462962962962963
"fitted_shape",1
"fitted_shape",0.263888888888889
"fitted_shape",1
"fitted_shape",0
"fitted_shape",0.143589743589744
"fitted_shape",0
"fitted_shape",0
"fitted_shape",0
"fitted_shape",0
"fitted_shape",0.823255813953488
"fitted_shape",0
"fitted_shape",0.378600823045267
"fitted_shape",0.195
"fitted_shape",0.0315315315315315
"fitted_shape",1
"fitted_shape",0.0585585585585586
"fitted_shape",0
"fitted_shape",0
"fitted_shape",0
"fitted_shape",1
"fitted_shape",0
"fitted_shape",0.283653846153846
"fitted_shape",0.0538116591928251
"fitted_shape",0.991769547325103
"fitted_shape",0.00448430493273543
"fitted_shape",0
"fitted_shape",0
"fitted_shape",0
"fitted_shape",0
"fitted_shape",0.0909090909090909
"fitted_shape",0.382775119617225
"fitted_shape",0.00448430493273543
"fitted_shape",0
"fitted_shape",1
"fitted_shape",0.953271028037383
"fitted_shape",0
"fitted_shape",0
"fitted_shape",0.958974358974359
"fitted_shape",0
"fitted_shape",0.36
"fitted_shape",0
"fitted_shape",0
"fitted_shape",0
"fitted_shape",0
"fitted_shape",0
"fitted_shape",0
"fitted_shape",0
"fitted_shape",0.0813008130081301
"fitted_shape",1
"fitted_shape",0
"fitted_shape",0
"fitted_shape",0
"fitted_shape",0.16734693877551
"fitted_shape",0.95360824742268
"fitted_shape",0.605381165919282
"fitted_shape",0.208955223880597
"fitted_shape",0.306532663316583
"fitted_shape",0.327102803738318
"fitted_shape",0.2625
"fitted_shape",0.0303030303030303
"fitted_shape",0
"fitted_shape",0.00462962962962963
"fitted_shape",0
"fitted_shape",1
"fitted_shape",0
"fitted_shape",1
"fitted_shape",0
"fitted_shape",0.567961165048544
"fitted_shape",0
"fitted_shape",0
"fitted_shape",0.383495145631068
"fitted_shape",0
"fitted_shape",0
"fitted_shape",0
"fitted_shape",0
"fitted_shape",0
"fitted_shape",0
"fitted_shape",0
"fitted_shape",0
"fitted_shape",0.0153846153846154
"fitted_shape",0.617777777777778
"fitted_shape",0.105263157894737
"fitted_shape",1
"fitted_shape",0
"fitted_shape",0
"fitted_shape",0
"fitted_shape",0.467289719626168
"fitted_shape",0.515527950310559
"fitted_shape",0
"fitted_shape",1
"fitted_shape",1
"fitted_shape",0
"fitted_shape",1
"fitted_shape",0.116161616161616
"fitted_shape",0
"fitted_shape",0.17948717948718
"fitted_shape",0
"fitted_shape",0
"fitted_shape",0.439461883408072
"fitted_shape",0
"fitted_shape",0
"fitted_shape",0.0179372197309417
"fitted_shape",0.253588516746411
"fitted_shape",0
"fitted_shape",0
"fitted_shape",1
"fitted_shape",0
"fitted_shape",0.62037037037037
"fitted_shape",0.263157894736842
"fitted_shape",0.229665071770335
"fitted_shape",0
"fitted_shape",0.739130434782609
"fitted_shape",0
"fitted_shape",0.0416666666666667
"fitted_shape",0
"fitted_shape",0.0194174757281553
"fitted_shape",1
"fitted_shape",0.01875
"fitted_shape",0.00961538461538462
"fitted_shape",0
"fitted_shape",0.0377358490566038
"fitted_shape",0.418604651162791
"fitted_shape",0
"fitted_shape",0.123711340206186
"fitted_shape",0
"fitted_shape",0.716494845360825
"fitted_shape",0.565656565656566
"fitted_shape",0
"fitted_shape",0
"fitted_shape",0.417040358744395
"fitted_shape",0
"fitted_shape",0
"fitted_shape",1
"fitted_shape",1
"fitted_shape",0.890547263681592
"fitted_shape",0
"fitted_shape",0
"fitted_shape",0
"fitted_shape",0
"fitted_shape",0
"fitted_shape",0
"fitted_shape",0
"fitted_shape",0
"fitted_shape",0
"fitted_shape",0.256038647342995
"fitted_shape",0.748878923766816
"fitted_shape",0
"fitted_shape",0
"fitted_shape",0
"fitted_shape",0
"fitted_shape",0
"fitted_shape",0
"fitted_shape",0
"fitted_shape",0
"fitted_shape",0
"fitted_shape",0
"fitted_shape",1
"fitted_shape",0
"fitted_shape",0
"fitted_shape",0.552795031055901
"fitted_shape",0
"fitted_shape",0
"fitted_shape",0
"fitted_shape",0
"fitted_shape",0.00512820512820513
"fitted_shape",0
"fitted_shape",0
"fitted_shape",0
"fitted_shape",1
"fitted_shape",0
"fitted_shape",0
"fitted_shape",0.169230769230769
"fitted_shape",0
"fitted_shape",0
"fitted_shape",0
"fitted_shape",0
"fitted_shape",0
"fitted_shape",0.0841121495327103
"fitted_shape",0.204968944099379
"fitted_shape",1
"fitted_shape",0.980769230769231
"fitted_shape",0
"fitted_shape",0
"fitted_shape",0
"fitted_shape",0
"fitted_shape",0.00956937799043062
"fitted_shape",0
"fitted_shape",0.104477611940299
"fitted_shape",1
"fitted_shape",0.176229508196721
"fitted_shape",0
"fitted_shape",0.0062111801242236
"fitted_shape",0
"fitted_shape",0.115384615384615
"fitted_shape",1
"fitted_shape",0.0559006211180124
"fitted_shape",1
"fitted_shape",0.0153846153846154
"fitted_shape",0.533632286995516
"fitted_shape",0
"fitted_shape",0
"fitted_shape",0
"fitted_shape",0.47979797979798
"fitted_shape",0
"fitted_shape",0
"fitted_shape",0
"fitted_shape",0
"fitted_shape",0.558974358974359
"fitted_shape",0.644859813084112
"fitted_shape",1
"fitted_shape",0
"fitted_shape",0.497607655502392
"fitted_shape",0
"fitted_shape",0
"fitted_shape",0
"fitted_shape",0.0040650406504065
"fitted_shape",0.342342342342342
"fitted_shape",0.934343434343434
"fitted_shape",0.0133333333333333
"fitted_shape",0.0239234449760766
"fitted_shape",0
"fitted_shape",0.994949494949495
"fitted_shape",0.364779874213836
"fitted_shape",0
"fitted_shape",0.145
"fitted_shape",0.0384615384615385
"fitted_shape",0.0757575757575758
"fitted_shape",0
"fitted_shape",0
"fitted_shape",0.005
"fitted_shape",0.526315789473684
"fitted_shape",0
"fitted_shape",0
"fitted_shape",1
"fitted_shape",0
"fitted_shape",0.990430622009569
"fitted_shape",0
"fitted_shape",0
"fitted_shape",0
"fitted_shape",0.0731707317073171
"fitted_shape",0.990654205607477
"fitted_shape",0
"fitted_shape",0.35981308411215
"fitted_shape",0
"fitted_shape",0.732057416267943
"fitted_shape",0.392344497607655
"fitted_shape",0
"fitted_shape",0.68609865470852
"fitted_shape",0
"fitted_shape",0
"fitted_shape",0
"fitted_shape",0
"fitted_shape",0.101010101010101
"fitted_shape",0
"fitted_shape",1
"fitted_shape",1
"fitted_shape",1
"fitted_shape",0.0512820512820513
"fitted_shape",0.289719626168224
"fitted_shape",0.0050761421319797
"fitted_shape",0.00448430493273543
"fitted_shape",0
"fitted_shape",0.196261682242991
"fitted_shape",0.176744186046512
"fitted_shape",0
"fitted_shape",0.502202643171806
"fitted_shape",0.535
"fitted_shape",0
"fitted_shape",0.00900900900900901
"fitted_shape",1
"fitted_shape",0.474747474747475
"fitted_shape",0.0206185567010309
"fitted_shape",1
"fitted_shape",0.228699551569507
"fitted_shape",0.975609756097561
"fitted_shape",0
"fitted_shape",0.0972222222222222
"fitted_shape",0
"fitted_shape",0
"fitted_shape",0
"fitted_shape",0
"fitted_shape",0.925465838509317
"fitted_shape",0
"fitted_shape",0.384615384615385
"fitted_shape",0.354368932038835
"fitted_shape",0.0945273631840796
"fitted_shape",1
"fitted_shape",0.101851851851852
"fitted_shape",0
"fitted_shape",0
"fitted_shape",0
"fitted_shape",1
"fitted_shape",0.045
"fitted_shape",0.342995169082126
"fitted_shape",0.0186915887850467
"fitted_shape",1
"fitted_shape",0.0110497237569061
"fitted_shape",0
"fitted_shape",0
"fitted_shape",0
"fitted_shape",0
"fitted_shape",0.109756097560976
"fitted_shape",0.467592592592593
"fitted_shape",0
"fitted_shape",0
"fitted_shape",1
"fitted_shape",0.963414634146341
"fitted_shape",0
"fitted_shape",0
"fitted_shape",0.994871794871795
"fitted_shape",0
"fitted_shape",0.242424242424242
"fitted_shape",0
"fitted_shape",0
"fitted_shape",0
"fitted_shape",0
"fitted_shape",0
"fitted_shape",0
"fitted_shape",0
"fitted_shape",0.0841121495327103
"fitted_shape",1
"fitted_shape",0
"fitted_shape",0
"fitted_shape",0
"fitted_shape",0.201923076923077
"fitted_shape",0.953703703703704
"fitted_shape",0.525252525252525
"fitted_shape",0.299065420560748
"fitted_shape",0.307377049180328
"fitted_shape",0.23444976076555
"fitted_shape",0.467289719626168
"fitted_shape",0.00497512437810945
"fitted_shape",0
"fitted_shape",0.0314465408805031
"fitted_shape",0
"fitted_shape",1
"fitted_shape",0
"fitted_shape",1
"fitted_shape",0
"fitted_shape",0.441025641025641
"fitted_shape",0
"fitted_shape",0
"fitted_shape",0.282407407407407
"fitted_shape",0
"fitted_shape",0
"fitted_shape",0
"fitted_shape",0
"fitted_shape",0
"fitted_shape",0
"fitted_shape",0
"fitted_shape",0
"fitted_shape",0.00975609756097561
"fitted_shape",0.511210762331839
"fitted_shape",0.136842105263158
"fitted_shape",1
"fitted_shape",0
"fitted_shape",0
"fitted_shape",0
"fitted_shape",0.141414141414141
"fitted_shape",0.432558139534884
"fitted_shape",0
"fitted_shape",1
"fitted_shape",1
"fitted_shape",0
"fitted_shape",1
"fitted_shape",0.0606060606060606
"fitted_shape",0
"fitted_shape",0.00505050505050505
"fitted_shape",0
"fitted_shape",0
"fitted_shape",0.504672897196262
"fitted_shape",0.0134529147982063
"fitted_shape",0
"fitted_shape",0.0134529147982063
"fitted_shape",0.166666666666667
"fitted_shape",0
"fitted_shape",0
"fitted_shape",1
"fitted_shape",0
"fitted_shape",0.742424242424242
"fitted_shape",0.31390134529148
"fitted_shape",0.351851851851852
"fitted_shape",0
"fitted_shape",0.788461538461538
"fitted_shape",0
"fitted_shape",0.0691056910569106
"fitted_shape",0.0040650406504065
"fitted_shape",0
"fitted_shape",1
"fitted_shape",0
"empirical_rates",0
"empirical_rates",0
"empirical_rates",0.0062111801242236
"empirical_rates",0.0185185185185185
"empirical_rates",0.985645933014354
"empirical_rates",0.116504854368932
"empirical_rates",0
"empirical_rates",0.216981132075472
"empirical_rates",0
"empirical_rates",0
"empirical_rates",0.888888888888889
"empirical_rates",0.986046511627907
"empirical_rates",0.869565217391304
"empirical_rates",0.480769230769231
"empirical_rates",0.99537037037037
"empirical_rates",0.00512820512820513
"empirical_rates",0.162679425837321
"empirical_rates",0
"empirical_rates",0
"empirical_rates",0.0191387559808612
"empirical_rates",0
"empirical_rates",0.00934579439252336
"empirical_rates",0.230769230769231
"empirical_rates",0.753363228699552
"empirical_rates",0.703349282296651
"empirical_rates",0.180124223602484
"empirical_rates",0.97979797979798
"empirical_rates",0
"empirical_rates",0
"empirical_rates",0.0315315315315315
"empirical_rates",0
"empirical_rates",0.30327868852459
"empirical_rates",0.985576923076923
"empirical_rates",0.31578947368421
"empirical_rates",0
"empirical_rates",0
"empirical_rates",0.0199004975124378
"empirical_rates",0
"empirical_rates",0.495327102803738
"empirical_rates",1
"empirical_rates",0
"empirical_rates",0.0207253886010363
"empirical_rates",0.975961538461538
"empirical_rates",0
"empirical_rates",0.990654205607477
"empirical_rates",0.00478468899521531
"empirical_rates",0.0430622009569378
"empirical_rates",0.979381443298969
"empirical_rates",0.0199004975124378
"empirical_rates",0.410377358490566
"empirical_rates",0.0336538461538462
"empirical_rates",0
"empirical_rates",0
"empirical_rates",0.994871794871795
"empirical_rates",0.995215311004785
"empirical_rates",0.00480769230769231
"empirical_rates",0
"empirical_rates",0.027027027027027
"empirical_rates",0
"empirical_rates",0.0970464135021097
"empirical_rates",0.986547085201794
"empirical_rates",0
"empirical_rates",0.0191387559808612
"empirical_rates",0
"empirical_rates",0.947115384615385
"empirical_rates",0.0559006211180124
"empirical_rates",0.962732919254658
"empirical_rates",0.00448430493273543
"empirical_rates",0.00448430493273543
"empirical_rates",0.0151515151515152
"empirical_rates",0
"empirical_rates",0
"empirical_rates",0.0723981900452489
"empirical_rates",0.00454545454545455
"empirical_rates",0.341346153846154
"empirical_rates",0.995475113122172
"empirical_rates",0
"empirical_rates",0.0280373831775701
"empirical_rates",0
"empirical_rates",0
"empirical_rates",0.766169154228856
"empirical_rates",0
"empirical_rates",0
"empirical_rates",0
"empirical_rates",0.995024875621891
"empirical_rates",0.697095435684647
"empirical_rates",0.978947368421053
"empirical_rates",0
"empirical_rates",0.987577639751553
"empirical_rates",0.970149253731343
"empirical_rates",0.61025641025641
"empirical_rates",0.403726708074534
"empirical_rates",0.192307692307692
"empirical_rates",0.300448430493274
"empirical_rates",0
"empirical_rates",0
"empirical_rates",0
"empirical_rates",0
"empirical_rates",0
"empirical_rates",0
"empirical_rates",0.0252525252525253
"empirical_rates",0.0143540669856459
"empirical_rates",0.894409937888199
"empirical_rates",0
"empirical_rates",0.422360248447205
"empirical_rates",0.115789473684211
"empirical_rates",0
"empirical_rates",0.363636363636364
"empirical_rates",0
"empirical_rates",0.0533980582524272
"empirical_rates",0.00966183574879227
"empirical_rates",0
"empirical_rates",0.328205128205128
"empirical_rates",0.164102564102564
"empirical_rates",0.0144230769230769
"empirical_rates",0.0135135135135135
"empirical_rates",0.0186915887850467
"empirical_rates",0.0315789473684211
"empirical_rates",0.282511210762332
"empirical_rates",0.995192307692308
"empirical_rates",0.329192546583851
"empirical_rates",0.231481481481481
"empirical_rates",0.2125
"empirical_rates",0
"empirical_rates",0.00934579439252336
"empirical_rates",0.991031390134529
"empirical_rates",0.00896860986547085
"empirical_rates",0
"empirical_rates",0.045
"empirical_rates",0.0913461538461538
"empirical_rates",0.0186915887850467
"empirical_rates",0.947115384615385
"empirical_rates",0.0224215246636771
"empirical_rates",0.220125786163522
"empirical_rates",0
"empirical_rates",1
"empirical_rates",0.22680412371134
"empirical_rates",0.00505050505050505
"empirical_rates",0.5
"empirical_rates",0.291866028708134
"empirical_rates",0.0746268656716418
"empirical_rates",0
"empirical_rates",0.995192307692308
"empirical_rates",0.239234449760766
"empirical_rates",0.112820512820513
"empirical_rates",0.00462962962962963
"empirical_rates",0.980582524271845
"empirical_rates",0.005
"empirical_rates",0
"empirical_rates",0.991031390134529
"empirical_rates",0.303030303030303
"empirical_rates",0
"empirical_rates",0
"empirical_rates",0.237704918032787
"empirical_rates",0.986111111111111
"empirical_rates",1
"empirical_rates",0
"empirical_rates",0.00505050505050505
"empirical_rates",0.328358208955224
"empirical_rates",0
"empirical_rates",0.0143540669856459
"empirical_rates",0.327272727272727
"empirical_rates",0.456730769230769
"empirical_rates",0.641414141414141
"empirical_rates",0.00925925925925926
"empirical_rates",0.00505050505050505
"empirical_rates",0.995024875621891
"empirical_rates",0.00497512437810945
"empirical_rates",0.0186915887850467
"empirical_rates",0.985074626865672
"empirical_rates",0.015
"empirical_rates",0.645739910313901
"empirical_rates",0.024390243902439
"empirical_rates",0
"empirical_rates",0.016260162601626
"empirical_rates",0.967592592592593
"empirical_rates",0.0101010101010101
"empirical_rates",0.94392523364486
"empirical_rates",0.962732919254658
"empirical_rates",0
"empirical_rates",0.0101010101010101
"empirical_rates",0.937238493723849
"empirical_rates",1
"empirical_rates",0.20627802690583
"empirical_rates",0
"empirical_rates",0.0062111801242236
"empirical_rates",0
"empirical_rates",0.025
"empirical_rates",0.00452488687782805
"empirical_rates",0.995283018867924
"empirical_rates",0.00497512437810945
"empirical_rates",0.0040650406504065
"empirical_rates",0.990566037735849
"empirical_rates",0.810945273631841
"empirical_rates",0
"empirical_rates",0.0307692307692308
"empirical_rates",0
"empirical_rates",0.975609756097561
"empirical_rates",0.029126213592233
"empirical_rates",0.748878923766816
"empirical_rates",0.994949494949495
"empirical_rates",0.0923076923076923
"empirical_rates",0
"empirical_rates",0
"empirical_rates",1
"empirical_rates",0.995515695067265
"empirical_rates",0
"empirical_rates",0.0202020202020202
"empirical_rates",0.685279187817259
"empirical_rates",0.336683417085427
"empirical_rates",0.748878923766816
"empirical_rates",0
"empirical_rates",0.00956937799043062
"empirical_rates",0.032520325203252
"empirical_rates",0.0697674418604651
"empirical_rates",0.220125786163522
"empirical_rates",0.0925925925925926
"empirical_rates",0.0430622009569378
"empirical_rates",0
"empirical_rates",0
"empirical_rates",0.313131313131313
"empirical_rates",0
"empirical_rates",0.0560747663551402
"empirical_rates",0.909090909090909
"empirical_rates",0
"empirical_rates",0.98989898989899
"empirical_rates",0
"empirical_rates",0.0186915887850467
"empirical_rates",0
"empirical_rates",0.981308411214953
"empirical_rates",0.0145631067961165
"empirical_rates",0.989473684210526
"empirical_rates",0.00478468899521531
"empirical_rates",0.0153846153846154
"empirical_rates",0.0153846153846154
"empirical_rates",0.541666666666667
"empirical_rates",0.91588785046729
"empirical_rates",0.986486486486487
"empirical_rates",0.976076555023923
"empirical_rates",0.0186915887850467
"empirical_rates",0.177884615384615
"empirical_rates",0.00462962962962963
"empirical_rates",0
"empirical_rates",0
"empirical_rates",0.00478468899521531
"empirical_rates",0.251282051282051
"empirical_rates",0.0191387559808612
"empirical_rates",0.0207253886010363
"empirical_rates",0.27906976744186
"empirical_rates",0
"empirical_rates",0
"empirical_rates",0.0040650406504065
"empirical_rates",0.235576923076923
"empirical_rates",0.00934579439252336
"empirical_rates",0
"empirical_rates",0.550925925925926
"empirical_rates",0.0124223602484472
"empirical_rates",0.983333333333333
"empirical_rates",0.157894736842105
"empirical_rates",0.00505050505050505
"empirical_rates",0.00497512437810945
"empirical_rates",0.993788819875776
"empirical_rates",0.339712918660287
"empirical_rates",0
"empirical_rates",0
"empirical_rates",0
"empirical_rates",0
"empirical_rates",0.968944099378882
"empirical_rates",0
"empirical_rates",0.106060606060606
"empirical_rates",0
"empirical_rates",0.994949494949495
"empirical_rates",0
"empirical_rates",0
"empirical_rates",0.00462962962962963
"empirical_rates",0.036036036036036
"empirical_rates",0.966346153846154
"empirical_rates",0.00813008130081301
"empirical_rates",0
"empirical_rates",0.272727272727273
"empirical_rates",0
"empirical_rates",0
"empirical_rates",0.818181818181818
"empirical_rates",1
"empirical_rates",0.960199004975124
"empirical_rates",0.61244019138756
"empirical_rates",0.980769230769231
"empirical_rates",0.0144230769230769
"empirical_rates",0.0239234449760766
"empirical_rates",0
"empirical_rates",0
"empirical_rates",0.0398009950248756
"empirical_rates",0
"empirical_rates",0.00505050505050505
"empirical_rates",0.225961538461538
"empirical_rates",0.819875776397516
"empirical_rates",0.587755102040816
"empirical_rates",0.172248803827751
"empirical_rates",0.995169082125604
"empirical_rates",0
"empirical_rates",0
"empirical_rates",0.0191387559808612
"empirical_rates",0
"empirical_rates",0.214953271028037
"empirical_rates",0.994845360824742
"empirical_rates",0.219730941704036
"empirical_rates",0.369230769230769
"empirical_rates",0
"empirical_rates",0.0149253731343284
"empirical_rates",0.00478468899521531
"empirical_rates",0.569506726457399
"empirical_rates",0.976851851851852
"empirical_rates",0
"empirical_rates",0
"empirical_rates",0.97196261682243
"empirical_rates",0
"empirical_rates",0.981981981981982
"empirical_rates",0
"empirical_rates",0.0478468899521531
"empirical_rates",0.989949748743719
"empirical_rates",0.0325581395348837
"empirical_rates",0.296296296296296
"empirical_rates",0
"empirical_rates",0
"empirical_rates",0
"empirical_rates",0.985074626865672
"empirical_rates",0.975961538461538
"empirical_rates",0
"empirical_rates",0
"empirical_rates",0.0555555555555556
"empirical_rates",0.0040983606557377
"empirical_rates",0.100961538461538
"empirical_rates",0.981308411214953
"empirical_rates",0
"empirical_rates",0.0362694300518135
"empirical_rates",0.00961538461538462
"empirical_rates",0.880382775119617
"empirical_rates",0
"empirical_rates",0.985849056603774
"empirical_rates",0
"empirical_rates",0.0841121495327103
"empirical_rates",0.0493273542600897
"empirical_rates",0
"empirical_rates",0
"empirical_rates",0.00478468899521531
"empirical_rates",0
"empirical_rates",0.297435897435897
"empirical_rates",0.995024875621891
"empirical_rates",0
"empirical_rates",0.0467289719626168
"empirical_rates",0.0040650406504065
"empirical_rates",0
"empirical_rates",0.675925925925926
"empirical_rates",0
"empirical_rates",0
"empirical_rates",0
"empirical_rates",1
"empirical_rates",0.532710280373832
"empirical_rates",0.990654205607477
"empirical_rates",0.00505050505050505
"empirical_rates",0.993788819875776
"empirical_rates",0.918269230769231
"empirical_rates",0.283653846153846
"empirical_rates",0.382775119617225
"empirical_rates",0.406698564593301
"empirical_rates",0.151020408163265
"empirical_rates",0.00934579439252336
"empirical_rates",0.0193236714975845
"empirical_rates",0.00478468899521531
"empirical_rates",0
"empirical_rates",0
"empirical_rates",0
"empirical_rates",0
"empirical_rates",0.0101010101010101
"empirical_rates",0.953271028037383
"empirical_rates",0
"empirical_rates",0.556701030927835
"empirical_rates",0.136363636363636
"empirical_rates",0
"empirical_rates",0.49
"empirical_rates",0
"empirical_rates",0.0143540669856459
"empirical_rates",0
"empirical_rates",0
"empirical_rates",0.478260869565217
"empirical_rates",0.175675675675676
"empirical_rates",0.0478468899521531
"empirical_rates",0.00462962962962963
"empirical_rates",0.0045045045045045
"empirical_rates",0.00813008130081301
"empirical_rates",0.345
"empirical_rates",0.990049751243781
"empirical_rates",0.369294605809129
"empirical_rates",0.473469387755102
"empirical_rates",0.231884057971014
"empirical_rates",0.00448430493273543
"empirical_rates",0.00813008130081301
"empirical_rates",0.995121951219512
"empirical_rates",0.025
"empirical_rates",0
"empirical_rates",0.0103626943005181
"empirical_rates",0.0434782608695652
"empirical_rates",0.0339805825242718
"empirical_rates",0.986111111111111
"empirical_rates",0
"empirical_rates",0.112107623318386
"empirical_rates",0
"empirical_rates",0.984615384615385
"empirical_rates",0.148717948717949
"empirical_rates",0.00462962962962963
"empirical_rates",0.59375
"empirical_rates",0.405797101449275
"empirical_rates",0.032520325203252
"empirical_rates",0
"empirical_rates",0.995515695067265
"empirical_rates",0.236024844720497
"empirical_rates",0.153846153846154
"empirical_rates",0.032520325203252
"empirical_rates",0.986111111111111
"empirical_rates",0.00462962962962963
"empirical_rates",0
"empirical_rates",0.981308411214953
"empirical_rates",0.182692307692308
"empirical_rates",0
"empirical_rates",0
"empirical_rates",0.130841121495327
"empirical_rates",0.986547085201794
"empirical_rates",1
"empirical_rates",0
"empirical_rates",0.0040650406504065
"empirical_rates",0.19375
"empirical_rates",0
"empirical_rates",0.0280373831775701
"empirical_rates",0.288461538461538
"empirical_rates",0.560185185185185
"empirical_rates",0.636363636363636
"empirical_rates",0.00512820512820513
"empirical_rates",0.00505050505050505
"empirical_rates",0.993788819875776
"empirical_rates",0
"empirical_rates",0.0480769230769231
"empirical_rates",0.994871794871795
"empirical_rates",0.0707070707070707
"empirical_rates",0.634259259259259
"empirical_rates",0.0309278350515464
"empirical_rates",0.0205128205128205
"empirical_rates",0.0289855072463768
"empirical_rates",1
"empirical_rates",0.0186335403726708
"empirical_rates",0.98989898989899
"empirical_rates",0.990384615384615
"empirical_rates",0
"empirical_rates",0.0462962962962963
"empirical_rates",0.959641255605381
"empirical_rates",0.98780487804878
"empirical_rates",0.197247706422018
"empirical_rates",0.00452488687782805
"empirical_rates",0.00515463917525773
"empirical_rates",0
"empirical_rates",0.0153846153846154
"empirical_rates",0.00896860986547085
"empirical_rates",0.990740740740741
"empirical_rates",0
"empirical_rates",0
"empirical_rates",0.984615384615385
"empirical_rates",0.549180327868853
"empirical_rates",0.00480769230769231
"empirical_rates",0.019047619047619
"empirical_rates",0
"empirical_rates",0.995594713656388
"empirical_rates",0.0434782608695652
"empirical_rates",0.814814814814815
"empirical_rates",0.965714285714286
"empirical_rates",0.115384615384615
"empirical_rates",0.0062111801242236
"empirical_rates",0
"empirical_rates",0.975155279503106
"empirical_rates",1
"empirical_rates",0
"empirical_rates",0.0371900826446281
"empirical_rates",0.575757575757576
"empirical_rates",0.493877551020408
"empirical_rates",0.708074534161491
"empirical_rates",0
"empirical_rates",0.00505050505050505
"empirical_rates",0
"empirical_rates",0.00934579439252336
"empirical_rates",0.14975845410628
"empirical_rates",0.0384615384615385
"empirical_rates",0
"empirical_rates",0
"empirical_rates",0
"empirical_rates",0.338383838383838
"empirical_rates",0.02
"empirical_rates",0.0723981900452489
"empirical_rates",0.771300448430493
"empirical_rates",0
"empirical_rates",0.989473684210526
"empirical_rates",0
"empirical_rates",0.0656565656565657
"empirical_rates",0.00448430493273543
"empirical_rates",1
"empirical_rates",0
"empirical_rates",0.990338164251208
"empirical_rates",0
"empirical_rates",0
"empirical_rates",0.05625
"empirical_rates",0.67005076142132
"empirical_rates",1
"empirical_rates",0.995192307692308
"empirical_rates",0.984848484848485
"empirical_rates",0
"empirical_rates",0.352657004830918
"empirical_rates",0.0153846153846154
"empirical_rates",0.00505050505050505
"empirical_rates",0
"empirical_rates",0
"empirical_rates",0.423236514522822
"empirical_rates",0.0126582278481013
"empirical_rates",0.0348258706467662
"empirical_rates",0.364485981308411
"empirical_rates",0
"empirical_rates",0
"empirical_rates",0
"empirical_rates",0.172248803827751
"empirical_rates",0.0138888888888889
"empirical_rates",0
"empirical_rates",0.48421052631579
"empirical_rates",0
"empirical_rates",0.964125560538117
"empirical_rates",0.135135135135135
"empirical_rates",0.0126582278481013
"empirical_rates",0.00512820512820513
"empirical_rates",0.935185185185185
"empirical_rates",0.490740740740741
"empirical_rates",0
"empirical_rates",0
"empirical_rates",0
"empirical_rates",0
"empirical_rates",0.985576923076923
"empirical_rates",0
"empirical_rates",0.128888888888889
"empirical_rates",0.00934579439252336
"empirical_rates",0.995024875621891
"empirical_rates",0
"empirical_rates",0
"empirical_rates",0
"empirical_rates",0.0631578947368421
"empirical_rates",0.995215311004785
"empirical_rates",0
"empirical_rates",0
"empirical_rates",0.167701863354037
"empirical_rates",0
"empirical_rates",0
"empirical_rates",0.823899371069182
"empirical_rates",0.990654205607477
"empirical_rates",0.91588785046729
"empirical_rates",0.394871794871795
"empirical_rates",0.984848484848485
"empirical_rates",0
"empirical_rates",0.0240384615384615
"empirical_rates",0.00961538461538462
"empirical_rates",0
"empirical_rates",0.0654205607476635
"empirical_rates",0
"empirical_rates",0.0152284263959391
"empirical_rates",0.15625
"empirical_rates",0.736111111111111
"empirical_rates",0.478260869565217
"empirical_rates",0.241206030150754
"empirical_rates",0.981735159817352
"empirical_rates",0.00512820512820513
"empirical_rates",0
"empirical_rates",0.00625
"empirical_rates",0
"empirical_rates",0.314814814814815
"empirical_rates",0.995348837209302
"empirical_rates",0.293532338308458
"empirical_rates",0.0144230769230769
"empirical_rates",0
"empirical_rates",0.0144230769230769
"empirical_rates",0
"empirical_rates",0.48559670781893
"empirical_rates",1
"empirical_rates",0
"empirical_rates",0.0135135135135135
"empirical_rates",0.990430622009569
"empirical_rates",0
"empirical_rates",0.995495495495496
"empirical_rates",0
"empirical_rates",0.0186915887850467
"empirical_rates",0.995515695067265
"empirical_rates",0.0298507462686567
"empirical_rates",0.4
"empirical_rates",0.0149253731343284
"empirical_rates",0
"empirical_rates",0.0101010101010101
"empirical_rates",0.984848484848485
"empirical_rates",0.979591836734694
"empirical_rates",0.0186335403726708
"empirical_rates",0
"empirical_rates",0
"empirical_rates",0.0040650406504065
"empirical_rates",0.065989847715736
"empirical_rates",1
"empirical_rates",0
"empirical_rates",0.031055900621118
"empirical_rates",0
"empirical_rates",0.900621118012422
"empirical_rates",0.0186335403726708
"empirical_rates",1
"empirical_rates",0.00480769230769231
"empirical_rates",0
"empirical_rates",0.0304568527918782
"empirical_rates",0
"empirical_rates",0
"empirical_rates",0.00970873786407767
"empirical_rates",0.00816326530612245
"empirical_rates",0.282828282828283
"empirical_rates",1
"empirical_rates",0
"empirical_rates",0
"empirical_rates",0.00480769230769231
"empirical_rates",0
"empirical_rates",0.796380090497738
"empirical_rates",0
"empirical_rates",0
"empirical_rates",0
"empirical_rates",0.995
"empirical_rates",0.626168224299065
"empirical_rates",0.991869918699187
"empirical_rates",0.0124223602484472
"empirical_rates",0.985576923076923
"empirical_rates",0.894230769230769
"empirical_rates",0.343434343434343
"empirical_rates",0.509615384615385
"empirical_rates",0.118012422360248
"empirical_rates",0.271028037383178
"empirical_rates",0
"empirical_rates",0.0124223602484472
"empirical_rates",0
"empirical_rates",0
"empirical_rates",0
"empirical_rates",0
"empirical_rates",0
"empirical_rates",0
"empirical_rates",0.927884615384615
"empirical_rates",0
"empirical_rates",0.541666666666667
"empirical_rates",0.141414141414141
"empirical_rates",0
"empirical_rates",0.279503105590062
"empirical_rates",0
"empirical_rates",0.0144230769230769
"empirical_rates",0.0045045045045045
"empirical_rates",0
"empirical_rates",0.430555555555556
"empirical_rates",0.17948717948718
"empirical_rates",0.0125
"empirical_rates",0.075
"empirical_rates",0.00934579439252336
"empirical_rates",0
"empirical_rates",0.318181818181818
"empirical_rates",0.985576923076923
"empirical_rates",0.423255813953488
"empirical_rates",0.308411214953271
"empirical_rates",0.158139534883721
"empirical_rates",0
"empirical_rates",0
"empirical_rates",0.995024875621891
"empirical_rates",0
"empirical_rates",0.0099502487562189
"empirical_rates",0.0405405405405405
"empirical_rates",0.0615384615384615
"empirical_rates",0.0869565217391304
"empirical_rates",0.971544715447154
"empirical_rates",0.126903553299492
"empirical_rates",0.167400881057269
"empirical_rates",0
"empirical_rates",0.986486486486487
"empirical_rates",0.217171717171717
"empirical_rates",0.00478468899521531
"empirical_rates",0.651515151515151
"empirical_rates",0.33
"empirical_rates",0.0280373831775701
"empirical_rates",0.00505050505050505
"empirical_rates",0.995744680851064
"empirical_rates",0.159203980099502
"empirical_rates",0.155339805825243
"empirical_rates",0.0124223602484472
"empirical_rates",0.986363636363636
"empirical_rates",0.0787037037037037
"empirical_rates",0.0101010101010101
"empirical_rates",0.9875
"empirical_rates",0.113207547169811
"empirical_rates",0
"empirical_rates",0
"empirical_rates",0.245
"empirical_rates",0.952380952380952
"empirical_rates",0.99537037037037
"empirical_rates",0
"empirical_rates",0.316326530612245
"empirical_rates",0.23963133640553
"empirical_rates",0
"empirical_rates",0.0186335403726708
"empirical_rates",0.38125
"empirical_rates",0.292792792792793
"empirical_rates",0.571428571428571
"empirical_rates",0.0186915887850467
"empirical_rates",0.0040650406504065
"empirical_rates",0.981366459627329
"empirical_rates",0
"empirical_rates",0.0324074074074074
"empirical_rates",0.981818181818182
"empirical_rates",0.00505050505050505
"empirical_rates",0.803827751196172
"empirical_rates",0.00448430493273543
"empirical_rates",0
"empirical_rates",0.0102564102564103
"empirical_rates",0.993788819875776
"empirical_rates",0.00478468899521531
"empirical_rates",0.994871794871795
"empirical_rates",0.981308411214953
"empirical_rates",0
"empirical_rates",0.04
"empirical_rates",0.982062780269058
"empirical_rates",0.985074626865672
"empirical_rates",0.180555555555556
"empirical_rates",0
"empirical_rates",0
"empirical_rates",0.00934579439252336
"empirical_rates",0.0384615384615385
"empirical_rates",0.0256410256410256
"empirical_rates",0.980769230769231
"empirical_rates",0
"empirical_rates",0.00478468899521531
"empirical_rates",0.981366459627329
"empirical_rates",0.626865671641791
"empirical_rates",0
"empirical_rates",0.0430622009569378
"empirical_rates",0
"empirical_rates",0.955284552845528
"empirical_rates",0.0372670807453416
"empirical_rates",0.845771144278607
"empirical_rates",0.980769230769231
"empirical_rates",0.114832535885167
"empirical_rates",0.0040650406504065
"empirical_rates",0
"empirical_rates",0.966507177033493
"empirical_rates",0.990654205607477
"empirical_rates",0.00448430493273543
"empirical_rates",0.00930232558139535
"empirical_rates",0.634615384615385
"empirical_rates",0.26046511627907
"empirical_rates",0.737142857142857
"empirical_rates",0.00480769230769231
"empirical_rates",0.04375
"empirical_rates",0
"empirical_rates",0.0307692307692308
"empirical_rates",0.212121212121212
"empirical_rates",0.0467289719626168
"empirical_rates",0.0353535353535354
"empirical_rates",0
"empirical_rates",0
"empirical_rates",0.323232323232323
"empirical_rates",0.0040650406504065
"empirical_rates",0.0721153846153846
"empirical_rates",0.945
"empirical_rates",0
"empirical_rates",0.995
"empirical_rates",0.00483091787439614
"empirical_rates",0.0124223602484472
"empirical_rates",0
"empirical_rates",0.985645933014354
"empirical_rates",0.00408163265306122
"empirical_rates",0.97196261682243
"empirical_rates",0.0125
"empirical_rates",0
"empirical_rates",0.0202020202020202
"empirical_rates",0.82741116751269
"empirical_rates",0.928934010152284
"empirical_rates",0.995192307692308
"empirical_rates",0.984848484848485
"empirical_rates",0.00900900900900901
"empirical_rates",0.278688524590164
"empirical_rates",0
"empirical_rates",0
"empirical_rates",0
"empirical_rates",0
"empirical_rates",0.224299065420561
"empirical_rates",0
"empirical_rates",0.0747663551401869
"empirical_rates",0.269230769230769
"empirical_rates",0.00512820512820513
"empirical_rates",0
"empirical_rates",0
"empirical_rates",0.23
"empirical_rates",0.109452736318408
"empirical_rates",0
"empirical_rates",0.324324324324324
"empirical_rates",0.00478468899521531
"empirical_rates",0.990430622009569
"empirical_rates",0.108247422680412
"empirical_rates",0
"empirical_rates",0
"empirical_rates",0.970149253731343
"empirical_rates",0.422764227642276
"empirical_rates",0.00512820512820513
"empirical_rates",0
"empirical_rates",0
"empirical_rates",0
"empirical_rates",0.995024875621891
"empirical_rates",0
"empirical_rates",0.105590062111801
"empirical_rates",0.00632911392405063
"empirical_rates",0.981366459627329
"empirical_rates",0
"empirical_rates",0.00512820512820513
"empirical_rates",0
"empirical_rates",0
"empirical_rates",0.995215311004785
"empirical_rates",0
"empirical_rates",0
"empirical_rates",0.363636363636364
"empirical_rates",0
"empirical_rates",0
"empirical_rates",0.857142857142857
"empirical_rates",0.99375
"empirical_rates",0.888888888888889
"empirical_rates",0.450819672131148
"empirical_rates",0.991031390134529
"empirical_rates",0.0062111801242236
"empirical_rates",0.0303030303030303
"empirical_rates",0.0103092783505155
"empirical_rates",0
"empirical_rates",0.0462962962962963
"empirical_rates",0.0186046511627907
"empirical_rates",0.00478468899521531
"empirical_rates",0.432835820895522
"empirical_rates",0.797979797979798
"empirical_rates",0.698564593301435
"empirical_rates",0.154545454545455
"empirical_rates",0.989473684210526
"empirical_rates",0.00934579439252336
"empirical_rates",0
"empirical_rates",0
"empirical_rates",0
"empirical_rates",0.191387559808612
"empirical_rates",0.962962962962963
"empirical_rates",0.348717948717949
"empirical_rates",0.00425531914893617
"empirical_rates",0
"empirical_rates",0.0194174757281553
"empirical_rates",0.00436681222707424
"empirical_rates",0.44375
"empirical_rates",0.984848484848485
"empirical_rates",0
"empirical_rates",0.0248447204968944
"empirical_rates",0.986111111111111
"empirical_rates",0
"empirical_rates",0.968944099378882
"empirical_rates",0
"empirical_rates",0.0511627906976744
"empirical_rates",0.994949494949495
"empirical_rates",0.0285714285714286
"empirical_rates",0.418269230769231
"empirical_rates",0.0179372197309417
"empirical_rates",0.00478468899521531
"empirical_rates",0.0288461538461538
"empirical_rates",0.990654205607477
"empirical_rates",0.989473684210526
"empirical_rates",0.0045045045045045
"empirical_rates",0
"empirical_rates",0.0138888888888889
"empirical_rates",0
"empirical_rates",0.134529147982063
"empirical_rates",0.991031390134529
"empirical_rates",0.00478468899521531
"empirical_rates",0.0144230769230769
"empirical_rates",0.00480769230769231
"empirical_rates",0.872427983539095
"empirical_rates",0.00497512437810945
"empirical_rates",0.995169082125604
"empirical_rates",0.00478468899521531
"empirical_rates",0
"empirical_rates",0.037037037037037
"empirical_rates",0.00512820512820513
"empirical_rates",0
"empirical_rates",0.02
"empirical_rates",0.00505050505050505
"empirical_rates",0.335403726708075
"empirical_rates",0.975124378109453
"empirical_rates",0
"empirical_rates",0.0203045685279188
"empirical_rates",0
"empirical_rates",0
"empirical_rates",0.754807692307692
"empirical_rates",0
"empirical_rates",0
"empirical_rates",0
"empirical_rates",0.97196261682243
"empirical_rates",0.555555555555556
"empirical_rates",0.968944099378882
"empirical_rates",0
"empirical_rates",0.964467005076142
"empirical_rates",0.84472049689441
"empirical_rates",0.333333333333333
"empirical_rates",0.304878048780488
"empirical_rates",0.261682242990654
"empirical_rates",0.157407407407407
"empirical_rates",0.00418410041841004
"empirical_rates",0.029126213592233
"empirical_rates",0
"empirical_rates",0
"empirical_rates",0
"empirical_rates",0
"empirical_rates",0
"empirical_rates",0.0224215246636771
"empirical_rates",0.953271028037383
"empirical_rates",0
"empirical_rates",0.404040404040404
"empirical_rates",0.158878504672897
"empirical_rates",0
"empirical_rates",0.575471698113208
"empirical_rates",0
"empirical_rates",0.0358744394618834
"empirical_rates",0.00934579439252336
"empirical_rates",0.0590909090909091
"empirical_rates",0.558333333333333
"empirical_rates",0.173913043478261
"empirical_rates",0.0138888888888889
"empirical_rates",0.0384615384615385
"empirical_rates",0.00478468899521531
"empirical_rates",0.0048780487804878
"empirical_rates",0.293532338308458
"empirical_rates",0.981308411214953
"empirical_rates",0.328703703703704
"empirical_rates",0.439252336448598
"empirical_rates",0.226415094339623
"empirical_rates",0.00462962962962963
"empirical_rates",0
"empirical_rates",0.987577639751553
"empirical_rates",0.0203252032520325
"empirical_rates",0.00505050505050505
"empirical_rates",0.0336538461538462
"empirical_rates",0.093167701863354
"empirical_rates",0
"empirical_rates",0.98974358974359
"empirical_rates",0.0186915887850467
"empirical_rates",0.175925925925926
"empirical_rates",0
"empirical_rates",0.99537037037037
"empirical_rates",0.279503105590062
"empirical_rates",0
"empirical_rates",0.555555555555556
"empirical_rates",0.333333333333333
"empirical_rates",0.00934579439252336
"empirical_rates",0
"empirical_rates",0.989847715736041
"empirical_rates",0.2
"empirical_rates",0.133333333333333
"empirical_rates",0.0747663551401869
"empirical_rates",1
"empirical_rates",0.0526315789473684
"empirical_rates",0
"empirical_rates",1
"empirical_rates",0.206730769230769
"empirical_rates",0.00408163265306122
"empirical_rates",0
"empirical_rates",0.304347826086957
"empirical_rates",0.986363636363636
"empirical_rates",1
"empirical_rates",0.01875
"empirical_rates",0
"empirical_rates",0.186915887850467
"empirical_rates",0.0101010101010101
"empirical_rates",0
"empirical_rates",0.226851851851852
"empirical_rates",0.373737373737374
"empirical_rates",0.6
"empirical_rates",0.0205128205128205
"empirical_rates",0.00497512437810945
"empirical_rates",1
"empirical_rates",0
"empirical_rates",0.0336538461538462
"empirical_rates",0.990566037735849
"empirical_rates",0.0186046511627907
"empirical_rates",0.588516746411483
"empirical_rates",0.0205128205128205
"empirical_rates",0.0099502487562189
"empirical_rates",0.0179372197309417
"empirical_rates",0.986547085201794
"empirical_rates",0
"empirical_rates",0.99492385786802
"empirical_rates",0.962732919254658
"empirical_rates",0.0050761421319797
"empirical_rates",0.00956937799043062
"empirical_rates",0.98974358974359
"empirical_rates",0.974747474747475
"empirical_rates",0.192546583850932
"empirical_rates",0.00505050505050505
"empirical_rates",0.00512820512820513
"empirical_rates",0
"empirical_rates",0.0280373831775701
"empirical_rates",0.00558659217877095
"empirical_rates",0.961538461538462
"empirical_rates",0
"empirical_rates",0.00448430493273543
"empirical_rates",0.990740740740741
"empirical_rates",0.546583850931677
"empirical_rates",0.00480769230769231
"empirical_rates",0
"empirical_rates",0
"empirical_rates",0.982062780269058
"empirical_rates",0.00966183574879227
"empirical_rates",0.865470852017937
"empirical_rates",0.985576923076923
"empirical_rates",0.0384615384615385
"empirical_rates",0
"empirical_rates",0.00462962962962963
"empirical_rates",0.97948717948718
"empirical_rates",0.977578475336323
"empirical_rates",0
"empirical_rates",0.041025641025641
"empirical_rates",0.8
"empirical_rates",0.31055900621118
"empirical_rates",0.775700934579439
"empirical_rates",0
"empirical_rates",0.0185185185185185
"empirical_rates",0
"empirical_rates",0.0143540669856459
"empirical_rates",0.365853658536585
"empirical_rates",0.128630705394191
"empirical_rates",0.0122448979591837
"empirical_rates",0.0050761421319797
"empirical_rates",0
"empirical_rates",0.360169491525424
"empirical_rates",0.00625
"empirical_rates",0.0559006211180124
"empirical_rates",0.882882882882883
"empirical_rates",0
"empirical_rates",0.950310559006211
"empirical_rates",0
"empirical_rates",0
"empirical_rates",0
"empirical_rates",0.972972972972973
"empirical_rates",0.00512820512820513
"empirical_rates",1
"empirical_rates",0.0151515151515152
"empirical_rates",0
"empirical_rates",0.00961538461538462
"empirical_rates",0.691588785046729
"empirical_rates",0.950617283950617
"empirical_rates",0.962962962962963
"empirical_rates",0.987421383647799
"empirical_rates",0.01
"empirical_rates",0.325358851674641
"empirical_rates",0
"empirical_rates",0
"empirical_rates",0
"empirical_rates",0
"empirical_rates",0.329192546583851
"empirical_rates",0.118012422360248
"empirical_rates",0.0555555555555556
"empirical_rates",0.313131313131313
"empirical_rates",0
"empirical_rates",0.00512820512820513
"empirical_rates",0.00478468899521531
"empirical_rates",0.138888888888889
"empirical_rates",0
"empirical_rates",0
"empirical_rates",0.395652173913043
"empirical_rates",0.0040650406504065
"empirical_rates",1
"empirical_rates",0.108108108108108
"empirical_rates",0.0284552845528455
"empirical_rates",0
"empirical_rates",0.959276018099548
"empirical_rates",0.505154639175258
"empirical_rates",0
"empirical_rates",0
"empirical_rates",0
"empirical_rates",0
"empirical_rates",0.973094170403587
"empirical_rates",0
"empirical_rates",0.104477611940299
"empirical_rates",0
"empirical_rates",0.994949494949495
"empirical_rates",0.00505050505050505
"empirical_rates",0
"empirical_rates",0
"empirical_rates",0
"empirical_rates",0.984771573604061
"empirical_rates",0
"empirical_rates",0
"empirical_rates",0.245283018867925
"empirical_rates",0
"empirical_rates",0
"empirical_rates",0.781094527363184
"empirical_rates",0.97948717948718
"empirical_rates",0.91
"empirical_rates",0.490683229813665
"empirical_rates",1
"empirical_rates",0.0144230769230769
"empirical_rates",0.0384615384615385
"empirical_rates",0.00497512437810945
"empirical_rates",0
"empirical_rates",0.0191387559808612
"empirical_rates",0
"empirical_rates",0.0045662100456621
"empirical_rates",0.321243523316062
"empirical_rates",0.774038461538462
"empirical_rates",0.508196721311475
"empirical_rates",0.149532710280374
"empirical_rates",0.98974358974359
"empirical_rates",0
"empirical_rates",0
"empirical_rates",0.031055900621118
"empirical_rates",0
"empirical_rates",0.321951219512195
"empirical_rates",0.971544715447154
"empirical_rates",0.408071748878924
"empirical_rates",0.0327868852459016
"empirical_rates",0
"empirical_rates",0.0101010101010101
"empirical_rates",0
"empirical_rates",0.374358974358974
"empirical_rates",0.984536082474227
"empirical_rates",0
"empirical_rates",0.00925925925925926
"empirical_rates",0.987421383647799
"empirical_rates",0
"empirical_rates",0.990049751243781
"empirical_rates",0
"empirical_rates",0.00628930817610063
"empirical_rates",0.986111111111111
"empirical_rates",0.0432692307692308
"empirical_rates",0.350467289719626
"empirical_rates",0
"empirical_rates",0.00961538461538462
"empirical_rates",0
"empirical_rates",1
"empirical_rates",0.96969696969697
"empirical_rates",0
"empirical_rates",0
"empirical_rates",0.0478468899521531
"empirical_rates",0
"empirical_rates",0.263888888888889
"empirical_rates",0.993788819875776
"empirical_rates",0
"empirical_rates",0.0731707317073171
"empirical_rates",0.00956937799043062
"empirical_rates",0.902439024390244
"empirical_rates",0.00480769230769231
"empirical_rates",1
"empirical_rates",0
"empirical_rates",0.00505050505050505
"empirical_rates",0.0241545893719807
"empirical_rates",0.00512820512820513
"empirical_rates",0
"empirical_rates",0.0050761421319797
"empirical_rates",0
"empirical_rates",0.399103139013453
"empirical_rates",0.994871794871795
"empirical_rates",0
"empirical_rates",0
"empirical_rates",0
"empirical_rates",0
"empirical_rates",0.791666666666667
"empirical_rates",0
"empirical_rates",0
"empirical_rates",0.00896860986547085
"empirical_rates",0.99
"empirical_rates",0.635514018691589
"empirical_rates",0.98974358974359
"empirical_rates",0
"empirical_rates",0.981308411214953
"empirical_rates",0.974358974358974
"empirical_rates",0.339712918660287
"empirical_rates",0.580808080808081
"empirical_rates",0.274774774774775
"empirical_rates",0.200956937799043
"empirical_rates",0.00505050505050505
"empirical_rates",0.0288461538461538
"empirical_rates",0
"empirical_rates",0
"empirical_rates",0.00444444444444444
"empirical_rates",0
"empirical_rates",0
"empirical_rates",0.0151515151515152
"empirical_rates",0.952153110047847
"empirical_rates",0
"empirical_rates",0.535353535353535
"empirical_rates",0.199004975124378
"empirical_rates",0
"empirical_rates",0.57563025210084
"empirical_rates",0
"empirical_rates",0.0154639175257732
"empirical_rates",0.330232558139535
"empirical_rates",0.124401913875598
"empirical_rates",0.43265306122449
"empirical_rates",0.13953488372093
"empirical_rates",0.0241545893719807
"empirical_rates",0.0192307692307692
"empirical_rates",0
"empirical_rates",0.0124223602484472
"empirical_rates",0.375
"empirical_rates",0.98989898989899
"empirical_rates",0.502564102564103
"empirical_rates",0.326315789473684
"empirical_rates",0.142857142857143
"empirical_rates",0
"empirical_rates",0
"empirical_rates",0.990384615384615
"empirical_rates",0.00512820512820513
"empirical_rates",0
"empirical_rates",0.0224215246636771
"empirical_rates",0.0528846153846154
"empirical_rates",0.00956937799043062
"empirical_rates",0.980769230769231
"empirical_rates",0.0298507462686567
"empirical_rates",0.207253886010363
"empirical_rates",0
"empirical_rates",0.990049751243781
"empirical_rates",0.168224299065421
"empirical_rates",0
"empirical_rates",0.470588235294118
"empirical_rates",0.255
"empirical_rates",0.0231481481481481
"empirical_rates",0
"empirical_rates",0.98744769874477
"empirical_rates",0.2625
"empirical_rates",0.164102564102564
"empirical_rates",0.0191387559808612
"empirical_rates",0.995024875621891
"empirical_rates",0.0601851851851852
"empirical_rates",0
"empirical_rates",0.985074626865672
"empirical_rates",0.215
"empirical_rates",0
"empirical_rates",0
"empirical_rates",0.200956937799043
"empirical_rates",1
"empirical_rates",0.990430622009569
"empirical_rates",0
"empirical_rates",0.00480769230769231
"empirical_rates",0.217592592592593
"empirical_rates",0
"empirical_rates",0
"empirical_rates",0.323232323232323
"empirical_rates",0.420168067226891
"empirical_rates",0.663551401869159
"empirical_rates",0.0451612903225806
"empirical_rates",0.005
"empirical_rates",0.979674796747967
"empirical_rates",0
"empirical_rates",0.0224215246636771
"empirical_rates",1
"empirical_rates",0.00462962962962963
"empirical_rates",0.558558558558559
"empirical_rates",0.0191387559808612
"empirical_rates",0.00452488687782805
"empirical_rates",0.075
"empirical_rates",0.99375
"empirical_rates",0.0135135135135135
"empirical_rates",0.975490196078431
"empirical_rates",0.980769230769231
"empirical_rates",0
"empirical_rates",0.0205128205128205
"empirical_rates",0.975961538461538
"empirical_rates",0.995215311004785
"empirical_rates",0.161490683229814
"empirical_rates",0.0448430493273543
"empirical_rates",0.005
"empirical_rates",0
"empirical_rates",0
"empirical_rates",0.0186335403726708
"empirical_rates",0.959641255605381
"empirical_rates",0
"empirical_rates",0
"empirical_rates",0.98780487804878
"empirical_rates",0.62962962962963
"empirical_rates",0
"empirical_rates",0.0099502487562189
"empirical_rates",0
"empirical_rates",0.961722488038278
"empirical_rates",0.0151515151515152
"empirical_rates",0.860576923076923
"empirical_rates",0.991031390134529
"empirical_rates",0.0414507772020725
"empirical_rates",0
"empirical_rates",0
"empirical_rates",0.98
"empirical_rates",1
"empirical_rates",0
"empirical_rates",0.0448430493273543
"empirical_rates",0.733009708737864
"empirical_rates",0.273542600896861
"empirical_rates",0.731707317073171
"empirical_rates",0.00505050505050505
"empirical_rates",0.0934579439252336
"empirical_rates",0
"empirical_rates",0.0241545893719807
"empirical_rates",0.16
"empirical_rates",0.0858585858585859
"empirical_rates",0.0202020202020202
"empirical_rates",0
"empirical_rates",0
"empirical_rates",0.323232323232323
"empirical_rates",0.0149253731343284
"empirical_rates",0.0454545454545455
"empirical_rates",0.889952153110048
"empirical_rates",0
"empirical_rates",0.982062780269058
"empirical_rates",0
"empirical_rates",0.0615384615384615
"empirical_rates",0
"empirical_rates",0.981308411214953
"empirical_rates",0.00471698113207547
"empirical_rates",0.985645933014354
"empirical_rates",0.00930232558139535
"empirical_rates",0.0315789473684211
"empirical_rates",0.0772357723577236
"empirical_rates",0.689814814814815
"empirical_rates",0.995515695067265
"empirical_rates",1
"empirical_rates",0.995515695067265
"empirical_rates",0.0307692307692308
"empirical_rates",0.242424242424242
"empirical_rates",0
"empirical_rates",0.00448430493273543
"empirical_rates",0
"empirical_rates",0
"empirical_rates",0.158878504672897
"empirical_rates",0.00497512437810945
"empirical_rates",0.00900900900900901
"empirical_rates",0.327354260089686
"empirical_rates",0
"empirical_rates",0
"empirical_rates",0.0050251256281407
"empirical_rates",0.161616161616162
"empirical_rates",0
"empirical_rates",0
"empirical_rates",0.441441441441441
"empirical_rates",0
"empirical_rates",0.97948717948718
"empirical_rates",0.1256038647343
"empirical_rates",0.0100502512562814
"empirical_rates",0
"empirical_rates",0.977578475336323
"empirical_rates",0.405128205128205
"empirical_rates",0
"empirical_rates",0
"empirical_rates",0.00956937799043062
"empirical_rates",0
"empirical_rates",0.993788819875776
"empirical_rates",0.0062111801242236
"empirical_rates",0.0826086956521739
"empirical_rates",0
"empirical_rates",0.99537037037037
"empirical_rates",0
"empirical_rates",0
"empirical_rates",0
"empirical_rates",0.0188679245283019
"empirical_rates",0.994871794871795
"empirical_rates",0
"empirical_rates",0
"empirical_rates",0.306532663316583
"empirical_rates",0
"empirical_rates",0
"empirical_rates",0.885167464114832
"empirical_rates",0.993788819875776
"empirical_rates",0.93801652892562
"empirical_rates",0.368686868686869
"empirical_rates",0.991836734693878
"empirical_rates",0.00943396226415094
"empirical_rates",0.031055900621118
"empirical_rates",0
"empirical_rates",0
"empirical_rates",0.0233644859813084
"empirical_rates",0
"empirical_rates",0.0121951219512195
"empirical_rates",0.199074074074074
"empirical_rates",0.813131313131313
"empirical_rates",0.677884615384615
"empirical_rates",0.31055900621118
"empirical_rates",0.99492385786802
"empirical_rates",0
"empirical_rates",0
"empirical_rates",0.00956937799043062
"empirical_rates",0
"empirical_rates",0.429906542056075
"empirical_rates",0.975
"empirical_rates",0.439252336448598
"empirical_rates",0.0461538461538462
"empirical_rates",0
"empirical_rates",0.0191387559808612
"empirical_rates",0.00448430493273543
"empirical_rates",0.6
"empirical_rates",1
"empirical_rates",0
"empirical_rates",0.0280373831775701
"empirical_rates",0.985576923076923
"empirical_rates",0
"empirical_rates",0.995515695067265
"empirical_rates",0.0309278350515464
"empirical_rates",0
"empirical_rates",1
"empirical_rates",0.0163265306122449
"empirical_rates",0.317307692307692
"empirical_rates",0.00462962962962963
"empirical_rates",0
"empirical_rates",0
"empirical_rates",1
"empirical_rates",0.990990990990991
"empirical_rates",0.0099502487562189
"empirical_rates",0
"empirical_rates",0.0448430493273543
"empirical_rates",0
"empirical_rates",0.199004975124378
"empirical_rates",0.961538461538462
"empirical_rates",0
"empirical_rates",0.0324074074074074
"empirical_rates",0.00934579439252336
"empirical_rates",0.925
"empirical_rates",0.00448430493273543
"empirical_rates",1
"empirical_rates",0.0191387559808612
"empirical_rates",0.0256410256410256
"empirical_rates",0.0210526315789474
"empirical_rates",0
"empirical_rates",0
"empirical_rates",0.00465116279069767
"empirical_rates",0
"empirical_rates",0.37799043062201
"empirical_rates",0.984848484848485
"empirical_rates",0
"empirical_rates",0.00896860986547085
"empirical_rates",0
"empirical_rates",0
"empirical_rates",0.692307692307692
"empirical_rates",0.0062111801242236
"empirical_rates",0
"empirical_rates",0.0224215246636771
"empirical_rates",0.986111111111111
"empirical_rates",0.597938144329897
"empirical_rates",0.995934959349594
"empirical_rates",0
"empirical_rates",0.969387755102041
"empirical_rates",0.945701357466063
"empirical_rates",0.276923076923077
"empirical_rates",0.286995515695067
"empirical_rates",0.165
"empirical_rates",0.392344497607655
"empirical_rates",0
"empirical_rates",0
"empirical_rates",0
"empirical_rates",0
"empirical_rates",0.00497512437810945
"empirical_rates",0
"empirical_rates",0
"empirical_rates",0.0253807106598985
"empirical_rates",0.924242424242424
"empirical_rates",0
"empirical_rates",0.5
"empirical_rates",0.115
"empirical_rates",0
"empirical_rates",0.666666666666667
"empirical_rates",0
"empirical_rates",0.0218340611353712
"empirical_rates",0
"empirical_rates",0.012448132780083
"empirical_rates",0.360655737704918
"empirical_rates",0.134615384615385
"empirical_rates",0
"empirical_rates",0.0334928229665072
"empirical_rates",0
"empirical_rates",0
"empirical_rates",0.31578947368421
"empirical_rates",0.995305164319249
"empirical_rates",0.304123711340206
"empirical_rates",0.425925925925926
"empirical_rates",0.218905472636816
"empirical_rates",0.00961538461538462
"empirical_rates",0.0145631067961165
"empirical_rates",0.97196261682243
"empirical_rates",0.00625
"empirical_rates",0
"empirical_rates",0.0384615384615385
"empirical_rates",0.087378640776699
"empirical_rates",0.107594936708861
"empirical_rates",0.986425339366516
"empirical_rates",0.00966183574879227
"empirical_rates",0.242990654205607
"empirical_rates",0
"empirical_rates",0.98989898989899
"empirical_rates",0.176470588235294
"empirical_rates",0.00505050505050505
"empirical_rates",0.639423076923077
"empirical_rates",0.318181818181818
"empirical_rates",0.0202020202020202
"empirical_rates",0.00512820512820513
"empirical_rates",0.986547085201794
"empirical_rates",0.198757763975155
"empirical_rates",0.157894736842105
"empirical_rates",0.0462962962962963
"empirical_rates",0.974747474747475
"empirical_rates",0.0448430493273543
"empirical_rates",0.0136986301369863
"empirical_rates",0.984848484848485
"empirical_rates",0.126262626262626
"empirical_rates",0.00416666666666667
"empirical_rates",0
"empirical_rates",0.192307692307692
"empirical_rates",0.961722488038278
"empirical_rates",1
"empirical_rates",0
"empirical_rates",0.00925925925925926
"empirical_rates",0.23728813559322
"empirical_rates",0
"empirical_rates",0.105590062111801
"empirical_rates",0.211180124223602
"empirical_rates",0.452830188679245
"empirical_rates",0.570707070707071
"empirical_rates",0.0151515151515152
"empirical_rates",0.00896860986547085
"empirical_rates",0.985576923076923
"empirical_rates",0.0045045045045045
"empirical_rates",0.00900900900900901
"empirical_rates",1
"empirical_rates",0.0202020202020202
"empirical_rates",0.574162679425837
"empirical_rates",0.0240384615384615
"empirical_rates",0.00505050505050505
"empirical_rates",0.0280373831775701
"empirical_rates",0.975
"empirical_rates",0.00961538461538462
"empirical_rates",0.985074626865672
"empirical_rates",0.990430622009569
"empirical_rates",0.0202020202020202
"empirical_rates",0.00480769230769231
"empirical_rates",0.96969696969697
"empirical_rates",1
"empirical_rates",0.186991869918699
"empirical_rates",0.0186915887850467
"empirical_rates",0
"empirical_rates",0
"empirical_rates",0.0454545454545455
"empirical_rates",0.00462962962962963
"empirical_rates",0.981981981981982
"empirical_rates",0
"empirical_rates",0
"empirical_rates",0.974226804123711
"empirical_rates",0.666666666666667
"empirical_rates",0
"empirical_rates",0.0269058295964126
"empirical_rates",0
"empirical_rates",0.98
"empirical_rates",0.0693877551020408
"empirical_rates",0.875
"empirical_rates",0.99537037037037
"empirical_rates",0.0348258706467662
"empirical_rates",0
"empirical_rates",0
"empirical_rates",0.974226804123711
"empirical_rates",0.962616822429907
"empirical_rates",0
"empirical_rates",0.015
"empirical_rates",0.775784753363229
"empirical_rates",0.441025641025641
"empirical_rates",0.788288288288288
"empirical_rates",0.0224215246636771
"empirical_rates",0.0099502487562189
"empirical_rates",0
"empirical_rates",0.0372670807453416
"empirical_rates",0.268292682926829
"empirical_rates",0.0896860986547085
"empirical_rates",0.0257731958762887
"empirical_rates",0
"empirical_rates",0
"empirical_rates",0.252427184466019
"empirical_rates",0.0202020202020202
"empirical_rates",0.0717948717948718
"empirical_rates",0.907692307692308
"empirical_rates",0
"empirical_rates",0.990697674418605
"empirical_rates",0
"empirical_rates",0.0254237288135593
"empirical_rates",0
"empirical_rates",0.98989898989899
"empirical_rates",0
"empirical_rates",0.944444444444444
"empirical_rates",0
"empirical_rates",0.0298507462686567
"empirical_rates",0.0186335403726708
"empirical_rates",0.5625
"empirical_rates",0.94392523364486
"empirical_rates",0.969387755102041
"empirical_rates",0.990990990990991
"empirical_rates",0.0101010101010101
"empirical_rates",0.211711711711712
"empirical_rates",0
"empirical_rates",0
"empirical_rates",0
"empirical_rates",0
"empirical_rates",0.233644859813084
"empirical_rates",0.00478468899521531
"empirical_rates",0.0336538461538462
"empirical_rates",0.405797101449275
"empirical_rates",0
"empirical_rates",0
"empirical_rates",0
"empirical_rates",0.30622009569378
"empirical_rates",0
"empirical_rates",0
"empirical_rates",0.440993788819876
"empirical_rates",0.00462962962962963
"empirical_rates",0.993788819875776
"empirical_rates",0.308411214953271
"empirical_rates",0.0248447204968944
"empirical_rates",0
"empirical_rates",0.990740740740741
"empirical_rates",0.542056074766355
"empirical_rates",0
"empirical_rates",0
"empirical_rates",0.00512820512820513
"empirical_rates",0
"empirical_rates",0.972222222222222
"empirical_rates",0
"empirical_rates",0.131313131313131
"empirical_rates",0
"empirical_rates",0.969230769230769
"empirical_rates",0
"empirical_rates",0
"empirical_rates",0.00462962962962963
"empirical_rates",0.00925925925925926
"empirical_rates",0.991031390134529
"empirical_rates",0
"empirical_rates",0
"empirical_rates",0.173076923076923
"empirical_rates",0
"empirical_rates",0
"empirical_rates",0.869955156950673
"empirical_rates",0.990740740740741
"empirical_rates",0.925233644859813
"empirical_rates",0.473684210526316
"empirical_rates",0.995515695067265
"empirical_rates",0.00460829493087558
"empirical_rates",0.0696517412935323
"empirical_rates",0
"empirical_rates",0
"empirical_rates",0.062111801242236
"empirical_rates",0.033195020746888
"empirical_rates",0.0166666666666667
"empirical_rates",0.242990654205607
"empirical_rates",0.918238993710692
"empirical_rates",0.606965174129353
"empirical_rates",0.156565656565657
"empirical_rates",0.985576923076923
"empirical_rates",0
"empirical_rates",0.00497512437810945
"empirical_rates",0.018018018018018
"empirical_rates",0.00925925925925926
"empirical_rates",0.251121076233184
"empirical_rates",0.994949494949495
"empirical_rates",0.331838565022422
"empirical_rates",0
"empirical_rates",0
"empirical_rates",0.0248447204968944
"empirical_rates",0
"empirical_rates",0.600896860986547
"empirical_rates",0.985576923076923
"empirical_rates",0
"empirical_rates",0.00480769230769231
"empirical_rates",0.97196261682243
"empirical_rates",0
"empirical_rates",0.990338164251208
"empirical_rates",0
"empirical_rates",0.0124223602484472
"empirical_rates",1
"empirical_rates",0.0559006211180124
"empirical_rates",0.361809045226131
"empirical_rates",0.0124223602484472
"empirical_rates",0
"empirical_rates",0.0210526315789474
"empirical_rates",0.990049751243781
"empirical_rates",0.990243902439024
"empirical_rates",0
"empirical_rates",0
"empirical_rates",0.0310880829015544
"empirical_rates",0
"empirical_rates",0.0582959641255605
"empirical_rates",0.990049751243781
"empirical_rates",0
"empirical_rates",0.0177777777777778
"empirical_rates",0.0050761421319797
"empirical_rates",0.933014354066986
"empirical_rates",0
"empirical_rates",0.985576923076923
"empirical_rates",0.005
"empirical_rates",0
"empirical_rates",0.0163265306122449
"empirical_rates",0
"empirical_rates",0
"empirical_rates",0
"empirical_rates",0
"empirical_rates",0.340425531914894
"empirical_rates",0.985645933014354
"empirical_rates",0
"empirical_rates",0.0101010101010101
"empirical_rates",0
"empirical_rates",0
"empirical_rates",0.65979381443299
"empirical_rates",0
"empirical_rates",0
"empirical_rates",0.0062111801242236
"empirical_rates",0.982062780269058
"empirical_rates",0.727272727272727
"empirical_rates",0.980769230769231
"empirical_rates",0
"empirical_rates",0.975961538461538
"empirical_rates",0.971428571428571
"empirical_rates",0.262886597938144
"empirical_rates",0.263157894736842
"empirical_rates",0.144927536231884
"empirical_rates",0.3375
"empirical_rates",0.0440251572327044
"empirical_rates",0
"empirical_rates",0
"empirical_rates",0
"empirical_rates",0.00480769230769231
"empirical_rates",0
"empirical_rates",0
"empirical_rates",0.0101010101010101
"empirical_rates",0.937219730941704
"empirical_rates",0
"empirical_rates",0.363636363636364
"empirical_rates",0.113207547169811
"empirical_rates",0
"empirical_rates",0.525252525252525
"empirical_rates",0
"empirical_rates",0.03125
"empirical_rates",0.01
"empirical_rates",0.0101010101010101
"empirical_rates",0.312820512820513
"empirical_rates",0.195918367346939
"empirical_rates",0.0135746606334842
"empirical_rates",0.0564102564102564
"empirical_rates",0.0099502487562189
"empirical_rates",0.0186335403726708
"empirical_rates",0.365384615384615
"empirical_rates",0.995192307692308
"empirical_rates",0.325242718446602
"empirical_rates",0.485576923076923
"empirical_rates",0.19811320754717
"empirical_rates",0.0062111801242236
"empirical_rates",0
"empirical_rates",0.968468468468468
"empirical_rates",0.0248447204968944
"empirical_rates",0.00411522633744856
"empirical_rates",0.0403587443946188
"empirical_rates",0.0564102564102564
"empirical_rates",0.025
"empirical_rates",0.97948717948718
"empirical_rates",0.0191387559808612
"empirical_rates",0.0950226244343891
"empirical_rates",0
"empirical_rates",0.990697674418605
"empirical_rates",0.215
"empirical_rates",0
"empirical_rates",0.6125
"empirical_rates",0.461883408071749
"empirical_rates",0.0434782608695652
"empirical_rates",0
"empirical_rates",1
"empirical_rates",0.17948717948718
"empirical_rates",0.16243654822335
"empirical_rates",0.0325581395348837
"empirical_rates",0.995515695067265
"empirical_rates",0.00505050505050505
"empirical_rates",0
"empirical_rates",0.974226804123711
"empirical_rates",0.244019138755981
"empirical_rates",0
"empirical_rates",0
"empirical_rates",0.326633165829146
"empirical_rates",1
"empirical_rates",1
"empirical_rates",0
"empirical_rates",0
"empirical_rates",0.253521126760563
"empirical_rates",0
"empirical_rates",0.0224215246636771
"empirical_rates",0.331730769230769
"empirical_rates",0.422764227642276
"empirical_rates",0.574074074074074
"empirical_rates",0.0255102040816327
"empirical_rates",0
"empirical_rates",0.97948717948718
"empirical_rates",0.0040983606557377
"empirical_rates",0.0241545893719807
"empirical_rates",0.983673469387755
"empirical_rates",0.00448430493273543
"empirical_rates",0.666666666666667
"empirical_rates",0.0143540669856459
"empirical_rates",0
"empirical_rates",0.085427135678392
"empirical_rates",0.994949494949495
"empirical_rates",0.0180995475113122
"empirical_rates",0.97979797979798
"empirical_rates",0.958139534883721
"empirical_rates",0
"empirical_rates",0.00956937799043062
"empirical_rates",0.955284552845528
"empirical_rates",0.991031390134529
"empirical_rates",0.14018691588785
"empirical_rates",0.005
"empirical_rates",0.0143540669856459
"empirical_rates",0
"empirical_rates",0.0245901639344262
"empirical_rates",0.0102564102564103
"empirical_rates",0.986111111111111
"empirical_rates",0
"empirical_rates",0
"empirical_rates",1
"empirical_rates",0.495327102803738
"empirical_rates",0
"empirical_rates",0
"empirical_rates",0
"empirical_rates",0.994949494949495
"empirical_rates",0.0186915887850467
"empirical_rates",0.769230769230769
"empirical_rates",0.986486486486487
"empirical_rates",0.0845771144278607
"empirical_rates",0
"empirical_rates",0
"empirical_rates",0.98780487804878
"empirical_rates",1
"empirical_rates",0
"empirical_rates",0.0248447204968944
"empirical_rates",0.738317757009346
"empirical_rates",0.238805970149254
"empirical_rates",0.774038461538462
"empirical_rates",0
"empirical_rates",0.0124223602484472
"empirical_rates",0
"empirical_rates",0.0153846153846154
"empirical_rates",0.248730964467005
"empirical_rates",0.0683229813664596
"empirical_rates",0.0205128205128205
"empirical_rates",0.0062111801242236
"empirical_rates",0
"empirical_rates",0.228855721393035
"empirical_rates",0
"empirical_rates",0.07
"empirical_rates",0.815
"empirical_rates",0
"empirical_rates",0.985645933014354
"empirical_rates",0
"empirical_rates",0.0186915887850467
"empirical_rates",0
"empirical_rates",1
"empirical_rates",0.00934579439252336
"empirical_rates",0.99537037037037
"empirical_rates",0.0105263157894737
"empirical_rates",0.0062111801242236
"empirical_rates",0.0125786163522013
"empirical_rates",0.682242990654206
"empirical_rates",0.962790697674419
"empirical_rates",0.975510204081633
"empirical_rates",0.995192307692308
"empirical_rates",0.00483091787439614
"empirical_rates",0.134259259259259
"empirical_rates",0
"empirical_rates",0.0203252032520325
"empirical_rates",0.0240384615384615
"empirical_rates",0
"empirical_rates",0.243781094527363
"empirical_rates",0
"empirical_rates",0.0509259259259259
"empirical_rates",0.365384615384615
"empirical_rates",0
"empirical_rates",0
"empirical_rates",0.0101010101010101
"empirical_rates",0.197115384615385
"empirical_rates",0
"empirical_rates",0
"empirical_rates",0.338461538461538
"empirical_rates",0.00956937799043062
"empirical_rates",0.995454545454545
"empirical_rates",0.204545454545455
"empirical_rates",0.0227272727272727
"empirical_rates",0.00900900900900901
"empirical_rates",0.994871794871795
"empirical_rates",0.378109452736318
"empirical_rates",0
"empirical_rates",0
"empirical_rates",0
"empirical_rates",0.00934579439252336
"empirical_rates",0.971153846153846
"empirical_rates",0
"empirical_rates",0.129186602870813
"empirical_rates",0.004149377593361
"empirical_rates",0.986547085201794
"empirical_rates",0
"empirical_rates",0
"empirical_rates",0
"empirical_rates",0
"empirical_rates",0.974747474747475
"empirical_rates",0.0377358490566038
"empirical_rates",0
"empirical_rates",0.274038461538462
"empirical_rates",0
"empirical_rates",0
"empirical_rates",0.807692307692308
"empirical_rates",0.980769230769231
"empirical_rates",0.96078431372549
"empirical_rates",0.438775510204082
"empirical_rates",1
"empirical_rates",0
"empirical_rates",0.0307692307692308
"empirical_rates",0
"empirical_rates",0
"empirical_rates",0.0625
"empirical_rates",0
"empirical_rates",0.00956937799043062
"empirical_rates",0.31055900621118
"empirical_rates",0.797297297297297
"empirical_rates",0.661691542288557
"empirical_rates",0.154228855721393
"empirical_rates",0.98780487804878
"empirical_rates",0
"empirical_rates",0
"empirical_rates",0.0950226244343891
"empirical_rates",0
"empirical_rates",0.303030303030303
"empirical_rates",0.995192307692308
"empirical_rates",0.412556053811659
"empirical_rates",0.0358744394618834
"empirical_rates",0
"empirical_rates",0.0204081632653061
"empirical_rates",0
"empirical_rates",0.512295081967213
"empirical_rates",0.987603305785124
"empirical_rates",0.00505050505050505
"empirical_rates",0.0062111801242236
"empirical_rates",0.983739837398374
"empirical_rates",0
"empirical_rates",1
"empirical_rates",0
"empirical_rates",0.0253807106598985
"empirical_rates",0.98780487804878
"empirical_rates",0.100558659217877
"empirical_rates",0.442786069651741
"empirical_rates",0.0040650406504065
"empirical_rates",0.00448430493273543
"empirical_rates",0.00480769230769231
"empirical_rates",0.981366459627329
"empirical_rates",0.94392523364486
"empirical_rates",0.129186602870813
"empirical_rates",0
"empirical_rates",0.027906976744186
"empirical_rates",0
"empirical_rates",0.0717703349282297
"empirical_rates",0.987577639751553
"empirical_rates",0
"empirical_rates",0.0353535353535354
"empirical_rates",0
"empirical_rates",0.923076923076923
"empirical_rates",0
"empirical_rates",0.990430622009569
"empirical_rates",0
"empirical_rates",0.00925925925925926
"empirical_rates",0.025
"empirical_rates",0
"empirical_rates",0
"empirical_rates",0.00478468899521531
"empirical_rates",0.00505050505050505
"empirical_rates",0.448598130841121
"empirical_rates",1
"empirical_rates",0
"empirical_rates",0.0336538461538462
"empirical_rates",0.00961538461538462
"empirical_rates",0
"empirical_rates",0.695
"empirical_rates",0
"empirical_rates",0
"empirical_rates",0.0625
"empirical_rates",0.968944099378882
"empirical_rates",0.58974358974359
"empirical_rates",0.990430622009569
"empirical_rates",0.0101522842639594
"empirical_rates",0.990740740740741
"empirical_rates",0.900900900900901
"empirical_rates",0.487309644670051
"empirical_rates",0.302884615384615
"empirical_rates",0.216666666666667
"empirical_rates",0.210191082802548
"empirical_rates",0
"empirical_rates",0.0202020202020202
"empirical_rates",0
"empirical_rates",0
"empirical_rates",0
"empirical_rates",0
"empirical_rates",0.00480769230769231
"empirical_rates",0.00961538461538462
"empirical_rates",0.9375
"empirical_rates",0
"empirical_rates",0.492537313432836
"empirical_rates",0.181818181818182
"empirical_rates",0
"empirical_rates",0.430622009569378
"empirical_rates",0.00478468899521531
"empirical_rates",0.00934579439252336
"empirical_rates",0.0101010101010101
"empirical_rates",0.0152284263959391
"empirical_rates",0.349726775956284
"empirical_rates",0.143589743589744
"empirical_rates",0.00625
"empirical_rates",0.0205128205128205
"empirical_rates",0.0143540669856459
"empirical_rates",0
"empirical_rates",0.37888198757764
"empirical_rates",1
"empirical_rates",0.3
"empirical_rates",0.343283582089552
"empirical_rates",0.238341968911917
"empirical_rates",0
"empirical_rates",0
"empirical_rates",1
"empirical_rates",0
"empirical_rates",0
"empirical_rates",0.135265700483092
"empirical_rates",0.11214953271028
"empirical_rates",0.056910569105691
"empirical_rates",0.96969696969697
"empirical_rates",0.0062111801242236
"empirical_rates",0.246636771300448
"empirical_rates",0
"empirical_rates",0.94392523364486
"empirical_rates",0.126262626262626
"empirical_rates",0
"empirical_rates",0.473429951690821
"empirical_rates",0.401869158878505
"empirical_rates",0.0231481481481481
"empirical_rates",0
"empirical_rates",0.995215311004785
"empirical_rates",0.214689265536723
"empirical_rates",0.2152466367713
"empirical_rates",0.0269058295964126
"empirical_rates",0.986547085201794
"empirical_rates",0.0186915887850467
"empirical_rates",0.00478468899521531
"empirical_rates",0.967592592592593
"empirical_rates",0.360248447204969
"empirical_rates",0
"empirical_rates",0
"empirical_rates",0.157360406091371
"empirical_rates",0.980769230769231
"empirical_rates",1
"empirical_rates",0.00934579439252336
"empirical_rates",0.00956937799043062
"empirical_rates",0.224299065420561
"empirical_rates",0
"empirical_rates",0.0040650406504065
"empirical_rates",0.37037037037037
"empirical_rates",0.434782608695652
"empirical_rates",0.530927835051546
"empirical_rates",0.0489795918367347
"empirical_rates",0.0062111801242236
"empirical_rates",0.985507246376812
"empirical_rates",0
"empirical_rates",0.0102564102564103
"empirical_rates",0.984848484848485
"empirical_rates",0.00900900900900901
"empirical_rates",0.708520179372197
"empirical_rates",0.0485436893203883
"empirical_rates",0
"empirical_rates",0.0434782608695652
"empirical_rates",0.987577639751553
"empirical_rates",0.0185185185185185
"empirical_rates",0.990338164251208
"empirical_rates",0.980099502487562
"empirical_rates",0.00512820512820513
"empirical_rates",0.0288461538461538
"empirical_rates",0.97196261682243
"empirical_rates",0.990049751243781
"empirical_rates",0.180555555555556
"empirical_rates",0
"empirical_rates",0
"empirical_rates",0
"empirical_rates",0.0256410256410256
"empirical_rates",0.0269058295964126
"empirical_rates",0.97196261682243
"empirical_rates",0
"empirical_rates",0
"empirical_rates",0.966346153846154
"empirical_rates",0.552795031055901
"empirical_rates",0
"empirical_rates",0.0509259259259259
"empirical_rates",0
"empirical_rates",0.970149253731343
"empirical_rates",0.0298507462686567
"empirical_rates",0.881987577639752
"empirical_rates",0.974747474747475
"empirical_rates",0.0226244343891403
"empirical_rates",0
"empirical_rates",0
"empirical_rates",0.97979797979798
"empirical_rates",0.985365853658537
"empirical_rates",0
"empirical_rates",0.0100502512562814
"empirical_rates",0.674641148325359
"empirical_rates",0.228426395939086
"empirical_rates",0.795031055900621
"empirical_rates",0.0186335403726708
"empirical_rates",0
"empirical_rates",0
"empirical_rates",0.0348258706467662
"empirical_rates",0.194871794871795
"empirical_rates",0.0396039603960396
"empirical_rates",0.0099502487562189
"empirical_rates",0.00462962962962963
"empirical_rates",0.005
"empirical_rates",0.376744186046512
"empirical_rates",0
"empirical_rates",0.0515463917525773
"empirical_rates",0.925233644859813
"empirical_rates",0
"empirical_rates",0.964285714285714
"empirical_rates",0
"empirical_rates",0.0248447204968944
"empirical_rates",0
"empirical_rates",1
"empirical_rates",0.0398009950248756
"empirical_rates",0.96969696969697
"empirical_rates",0
"empirical_rates",0.0149253731343284
"empirical_rates",0.0143540669856459
"empirical_rates",0.805
"empirical_rates",0.9875
"empirical_rates",0.974747474747475
"empirical_rates",0.967592592592593
"empirical_rates",0
"empirical_rates",0.322981366459627
"empirical_rates",0.0050251256281407
"empirical_rates",0
"empirical_rates",0
"empirical_rates",0
"empirical_rates",0.26865671641791
"empirical_rates",0.0199004975124378
"empirical_rates",0.0191387559808612
"empirical_rates",0.286995515695067
"empirical_rates",0
"empirical_rates",0
"empirical_rates",0
"empirical_rates",0.261682242990654
"empirical_rates",0
"empirical_rates",0
"empirical_rates",0.342592592592593
"empirical_rates",0.0612244897959184
"empirical_rates",1
"empirical_rates",0.211538461538462
"empirical_rates",0.00934579439252336
"empirical_rates",0
"empirical_rates",0.971153846153846
"empirical_rates",0.389473684210526
"empirical_rates",0
"empirical_rates",0
"empirical_rates",0
"empirical_rates",0
"empirical_rates",0.981132075471698
"empirical_rates",0
"empirical_rates",0.1
"empirical_rates",0
"empirical_rates",0.981308411214953
"empirical_rates",0
"empirical_rates",0
"empirical_rates",0
"empirical_rates",0.0585585585585586
"empirical_rates",0.987577639751553
"empirical_rates",0
"empirical_rates",0
"empirical_rates",0.297560975609756
"empirical_rates",0
"empirical_rates",0
"empirical_rates",0.865470852017937
"empirical_rates",0.970731707317073
"empirical_rates",0.883408071748879
"empirical_rates",0.445833333333333
"empirical_rates",0.985576923076923
"empirical_rates",0.00478468899521531
"empirical_rates",0.0480769230769231
"empirical_rates",0.0062111801242236
"empirical_rates",0
"empirical_rates",0.0165289256198347
"empirical_rates",0
"empirical_rates",0
"empirical_rates",0.297979797979798
"empirical_rates",0.795
"empirical_rates",0.62962962962963
"empirical_rates",0.203252032520325
"empirical_rates",0.991869918699187
"empirical_rates",0
"empirical_rates",0.00961538461538462
"empirical_rates",0.0125
"empirical_rates",0
"empirical_rates",0.25
"empirical_rates",0.98989898989899
"empirical_rates",0.482587064676617
"empirical_rates",0.00925925925925926
"empirical_rates",0
"empirical_rates",0.0145631067961165
"empirical_rates",0
"empirical_rates",0.541666666666667
"empirical_rates",1
"empirical_rates",0.00961538461538462
"empirical_rates",0.00956937799043062
"empirical_rates",0.995024875621891
"empirical_rates",0
"empirical_rates",1
"empirical_rates",0
"empirical_rates",0.00966183574879227
"empirical_rates",0.995
"empirical_rates",0.0512820512820513
"empirical_rates",0.429906542056075
"empirical_rates",0.0497512437810945
"empirical_rates",0.00966183574879227
"empirical_rates",0.00961538461538462
"empirical_rates",0.979381443298969
"empirical_rates",1
"empirical_rates",0.00480769230769231
"empirical_rates",0
"empirical_rates",0.0496894409937888
"empirical_rates",0
"empirical_rates",0.123076923076923
"empirical_rates",0.990990990990991
"empirical_rates",0
"empirical_rates",0.0740740740740741
"empirical_rates",0.0091743119266055
"empirical_rates",0.91866028708134
"empirical_rates",0.00518134715025907
"empirical_rates",0.976744186046512
"empirical_rates",0.00497512437810945
"empirical_rates",0.00483091787439614
"empirical_rates",0.0191387559808612
"empirical_rates",0
"empirical_rates",0
"empirical_rates",0
"empirical_rates",0
"empirical_rates",0.239837398373984
"empirical_rates",0.995192307692308
"empirical_rates",0
"empirical_rates",0
"empirical_rates",0
"empirical_rates",0
"empirical_rates",0.738775510204082
"empirical_rates",0
"empirical_rates",0
"empirical_rates",0.00462962962962963
"empirical_rates",0.95959595959596
"empirical_rates",0.616822429906542
"empirical_rates",0.98125
"empirical_rates",0
"empirical_rates",0.981481481481482
"empirical_rates",0.954314720812183
"empirical_rates",0.373831775700935
"empirical_rates",0.273148148148148
"empirical_rates",0.21875
"empirical_rates",0.15979381443299
"empirical_rates",0.00934579439252336
"empirical_rates",0.0143540669856459
"empirical_rates",0
"empirical_rates",0
"empirical_rates",0.0045045045045045
"empirical_rates",0
"empirical_rates",0.062780269058296
"empirical_rates",0.0192307692307692
"empirical_rates",0.94949494949495
"empirical_rates",0
"empirical_rates",0.4
"empirical_rates",0.128205128205128
"empirical_rates",0
"empirical_rates",0.51219512195122
"empirical_rates",0
"empirical_rates",0.0248756218905473
"empirical_rates",0.0377358490566038
"empirical_rates",0
"empirical_rates",0.358208955223881
"empirical_rates",0.2
"empirical_rates",0.0203045685279188
"empirical_rates",0.016260162601626
"empirical_rates",0.00497512437810945
"empirical_rates",0
"empirical_rates",0.238805970149254
"empirical_rates",0.995
"empirical_rates",0.363636363636364
"empirical_rates",0.315315315315315
"empirical_rates",0.252100840336134
"empirical_rates",0
"empirical_rates",0
"empirical_rates",0.98974358974359
"empirical_rates",0.0124223602484472
"empirical_rates",0
"empirical_rates",0.0493273542600897
"empirical_rates",0.111111111111111
"empirical_rates",0.00956937799043062
"empirical_rates",0.986784140969163
"empirical_rates",0.0403587443946188
"empirical_rates",0.186335403726708
"empirical_rates",0
"empirical_rates",0.99492385786802
"empirical_rates",0.251121076233184
"empirical_rates",0.00408163265306122
"empirical_rates",0.507177033492823
"empirical_rates",0.345
"empirical_rates",0.0284552845528455
"empirical_rates",0
"empirical_rates",0.975155279503106
"empirical_rates",0.136645962732919
"empirical_rates",0.101851851851852
"empirical_rates",0
"empirical_rates",0.995215311004785
"empirical_rates",0.025
"empirical_rates",0.0405405405405405
"empirical_rates",0.987577639751553
"empirical_rates",0.189189189189189
"empirical_rates",0
"empirical_rates",0
"empirical_rates",0.212962962962963
"empirical_rates",0.982062780269058
"empirical_rates",0.976851851851852
"empirical_rates",0
"empirical_rates",0.0210526315789474
"empirical_rates",0.17948717948718
"empirical_rates",0
"empirical_rates",0.0121951219512195
"empirical_rates",0.210045662100457
"empirical_rates",0.523364485981308
"empirical_rates",0.502325581395349
"empirical_rates",0.00934579439252336
"empirical_rates",0
"empirical_rates",0.985
"empirical_rates",0
"empirical_rates",0.0604651162790698
"empirical_rates",0.986486486486487
"empirical_rates",0.0225225225225225
"empirical_rates",0.585492227979275
"empirical_rates",0.00480769230769231
"empirical_rates",0.0143540669856459
"empirical_rates",0.0151515151515152
"empirical_rates",0.995192307692308
"empirical_rates",0.0762331838565022
"empirical_rates",0.979423868312757
"empirical_rates",0.968609865470852
"empirical_rates",0.0143540669856459
"empirical_rates",0.0654205607476635
"empirical_rates",0.962732919254658
"empirical_rates",0.990654205607477
"empirical_rates",0.248803827751196
"empirical_rates",0.0239234449760766
"empirical_rates",0.00896860986547085
"empirical_rates",0
"empirical_rates",0.0248756218905473
"empirical_rates",0
"empirical_rates",0.989690721649485
"empirical_rates",0
"empirical_rates",0
"empirical_rates",0.980769230769231
"empirical_rates",0.565
"empirical_rates",0
"empirical_rates",0
"empirical_rates",0
"empirical_rates",0.991869918699187
"empirical_rates",0.0648148148148148
"empirical_rates",0.870813397129187
"empirical_rates",0.984848484848485
"empirical_rates",0.0284552845528455
"empirical_rates",0
"empirical_rates",0
"empirical_rates",0.975155279503106
"empirical_rates",0.984615384615385
"empirical_rates",0
"empirical_rates",0.0309278350515464
"empirical_rates",0.84304932735426
"empirical_rates",0.203980099502488
"empirical_rates",0.85427135678392
"empirical_rates",0
"empirical_rates",0.16875
"empirical_rates",0
"empirical_rates",0.0099502487562189
"empirical_rates",0.259259259259259
"empirical_rates",0.0631578947368421
"empirical_rates",0.0384615384615385
"empirical_rates",0
"empirical_rates",0
"empirical_rates",0.273148148148148
"empirical_rates",0
"empirical_rates",0.0373831775700935
"empirical_rates",0.841121495327103
"empirical_rates",0
"empirical_rates",0.971153846153846
"empirical_rates",0.00505050505050505
"empirical_rates",0
"empirical_rates",0
"empirical_rates",0.984848484848485
"empirical_rates",0
"empirical_rates",1
"empirical_rates",0.0336538461538462
"empirical_rates",0.0615384615384615
"empirical_rates",0
"empirical_rates",0.674641148325359
"empirical_rates",0.964646464646465
"empirical_rates",0.986547085201794
"empirical_rates",0.970588235294118
"empirical_rates",0.0206185567010309
"empirical_rates",0.299065420560748
"empirical_rates",0
"empirical_rates",0.00512820512820513
"empirical_rates",0
"empirical_rates",0
"empirical_rates",0.283582089552239
"empirical_rates",0.0179372197309417
"empirical_rates",0.0353535353535354
"empirical_rates",0.213114754098361
"empirical_rates",0
"empirical_rates",0.00478468899521531
"empirical_rates",0.00925925925925926
"empirical_rates",0.318385650224215
"empirical_rates",0.00448430493273543
"empirical_rates",0
"empirical_rates",0.493273542600897
"empirical_rates",0.0143540669856459
"empirical_rates",0.995215311004785
"empirical_rates",0.0670103092783505
"empirical_rates",0.0280373831775701
"empirical_rates",0
"empirical_rates",0.958333333333333
"empirical_rates",0.54066985645933
"empirical_rates",0
"empirical_rates",0
"empirical_rates",0.0062111801242236
"empirical_rates",0
"empirical_rates",0.981481481481482
"empirical_rates",0
"empirical_rates",0.0970873786407767
"empirical_rates",0
"empirical_rates",1
"empirical_rates",0
"empirical_rates",0
"empirical_rates",0.00471698113207547
"empirical_rates",0.0232558139534884
"empirical_rates",1
"empirical_rates",0.0206185567010309
"empirical_rates",0
"empirical_rates",0.309278350515464
"empirical_rates",0
"empirical_rates",0
"empirical_rates",0.8125
"empirical_rates",0.995515695067265
"empirical_rates",0.925465838509317
"empirical_rates",0.448598130841121
"empirical_rates",1
"empirical_rates",0.0124223602484472
"empirical_rates",0.0199004975124378
"empirical_rates",0.0124223602484472
"empirical_rates",0
"empirical_rates",0.0761904761904762
"empirical_rates",0
"empirical_rates",0.0099502487562189
"empirical_rates",0.21608040201005
"empirical_rates",0.822966507177033
"empirical_rates",0.658653846153846
"empirical_rates",0.163461538461538
"empirical_rates",0.985507246376812
"empirical_rates",0
"empirical_rates",0
"empirical_rates",0.00934579439252336
"empirical_rates",0
"empirical_rates",0.175
"empirical_rates",0.995192307692308
"empirical_rates",0.547368421052632
"empirical_rates",0.0186915887850467
"empirical_rates",0.00465116279069767
"empirical_rates",0.0559006211180124
"empirical_rates",0
"empirical_rates",0.490990990990991
"empirical_rates",1
"empirical_rates",0
"empirical_rates",0.0248447204968944
"empirical_rates",0.990049751243781
"empirical_rates",0
"empirical_rates",0.975961538461538
"empirical_rates",0
"empirical_rates",0.0153846153846154
"empirical_rates",0.971291866028708
"empirical_rates",0.0334928229665072
"empirical_rates",0.497607655502392
"empirical_rates",0.0062111801242236
"empirical_rates",0.00934579439252336
"empirical_rates",0.00462962962962963
"empirical_rates",0.97948717948718
"empirical_rates",0.99537037037037
"empirical_rates",0.00480769230769231
"empirical_rates",0
"empirical_rates",0.0158730158730159
"empirical_rates",0.062780269058296
"empirical_rates",0.0934579439252336
"empirical_rates",0.987577639751553
"empirical_rates",0
"empirical_rates",0.0192307692307692
"empirical_rates",0
"empirical_rates",0.925465838509317
"empirical_rates",0.00480769230769231
"empirical_rates",0.983739837398374
"empirical_rates",0.00478468899521531
"empirical_rates",0.00515463917525773
"empirical_rates",0.00497512437810945
"empirical_rates",0
"empirical_rates",0
"empirical_rates",0.00505050505050505
"empirical_rates",0
"empirical_rates",0.269035532994924
"empirical_rates",0.995192307692308
"empirical_rates",0
"empirical_rates",0.0062111801242236
"empirical_rates",0.00480769230769231
"empirical_rates",0
"empirical_rates",0.771300448430493
"empirical_rates",0.00934579439252336
"empirical_rates",0
"empirical_rates",0.00448430493273543
"empirical_rates",0.95959595959596
"empirical_rates",0.635135135135135
"empirical_rates",1
"empirical_rates",0.0040650406504065
"empirical_rates",0.989690721649485
"empirical_rates",0.969230769230769
"empirical_rates",0.401869158878505
"empirical_rates",0.402985074626866
"empirical_rates",0.22360248447205
"empirical_rates",0.210526315789474
"empirical_rates",0.00961538461538462
"empirical_rates",0.0186335403726708
"empirical_rates",0
"empirical_rates",0
"empirical_rates",0
"empirical_rates",0
"empirical_rates",0.00444444444444444
"empirical_rates",0.00478468899521531
"empirical_rates",0.926530612244898
"empirical_rates",0
"empirical_rates",0.459119496855346
"empirical_rates",0.082051282051282
"empirical_rates",0
"empirical_rates",0.543269230769231
"empirical_rates",0
"empirical_rates",0.0528455284552846
"empirical_rates",0.0040650406504065
"empirical_rates",0
"empirical_rates",0.28421052631579
"empirical_rates",0.162679425837321
"empirical_rates",0.0880503144654088
"empirical_rates",0.128099173553719
"empirical_rates",0
"empirical_rates",0.00956937799043062
"empirical_rates",0.481632653061224
"empirical_rates",0.994845360824742
"empirical_rates",0.31578947368421
"empirical_rates",0.308943089430894
"empirical_rates",0.11214953271028
"empirical_rates",0
"empirical_rates",0
"empirical_rates",0.995934959349594
"empirical_rates",0.0478468899521531
"empirical_rates",0
"empirical_rates",0.0304568527918782
"empirical_rates",0.0358744394618834
"empirical_rates",0.0040983606557377
"empirical_rates",0.945273631840796
"empirical_rates",0.0833333333333333
"empirical_rates",0.185929648241206
"empirical_rates",0
"empirical_rates",0.99537037037037
"empirical_rates",0.372727272727273
"empirical_rates",0
"empirical_rates",0.502487562189055
"empirical_rates",0.276923076923077
"empirical_rates",0
"empirical_rates",0
"empirical_rates",0.995515695067265
"empirical_rates",0.251282051282051
"empirical_rates",0.14018691588785
"empirical_rates",0.0325581395348837
"empirical_rates",0.975124378109453
"empirical_rates",0.0176211453744493
"empirical_rates",0.03
"empirical_rates",0.995215311004785
"empirical_rates",0.13963963963964
"empirical_rates",0.005
"empirical_rates",0
"empirical_rates",0.201030927835052
"empirical_rates",0.990990990990991
"empirical_rates",0.991031390134529
"empirical_rates",0
"empirical_rates",0
"empirical_rates",0.25
"empirical_rates",0.00448430493273543
"empirical_rates",0
"empirical_rates",0.373134328358209
"empirical_rates",0.490683229813665
"empirical_rates",0.62111801242236
"empirical_rates",0.00925925925925926
"empirical_rates",0.00480769230769231
"empirical_rates",0.985436893203884
"empirical_rates",0.00497512437810945
"empirical_rates",0.0101010101010101
"empirical_rates",0.990740740740741
"empirical_rates",0.0336538461538462
"empirical_rates",0.645962732919255
"empirical_rates",0.0248447204968944
"empirical_rates",0.004149377593361
"empirical_rates",0.01
"empirical_rates",0.980676328502415
"empirical_rates",0.0186915887850467
"empirical_rates",0.981308411214953
"empirical_rates",0.994475138121547
"empirical_rates",0.00421940928270042
"empirical_rates",0.0837209302325581
"empirical_rates",0.976851851851852
"empirical_rates",0.994871794871795
"empirical_rates",0.16260162601626
"empirical_rates",0.0138888888888889
"empirical_rates",0.00478468899521531
"empirical_rates",0
"empirical_rates",0.0153846153846154
"empirical_rates",0.00813008130081301
"empirical_rates",0.985074626865672
"empirical_rates",0
"empirical_rates",0.00512820512820513
"empirical_rates",0.968944099378882
"empirical_rates",0.5
"empirical_rates",0
"empirical_rates",0.005
"empirical_rates",0
"empirical_rates",1
"empirical_rates",0.0248756218905473
"empirical_rates",0.871794871794872
"empirical_rates",0.961722488038278
"empirical_rates",0.0280373831775701
"empirical_rates",0
"empirical_rates",0
"empirical_rates",1
"empirical_rates",1
"empirical_rates",0
"empirical_rates",0.0185185185185185
"empirical_rates",0.656565656565657
"empirical_rates",0.177570093457944
"empirical_rates",0.786885245901639
"empirical_rates",0.00478468899521531
"empirical_rates",0.00934579439252336
"empirical_rates",0
"empirical_rates",0.0143540669856459
"empirical_rates",0.207547169811321
"empirical_rates",0.0807174887892377
"empirical_rates",0.0280373831775701
"empirical_rates",0
"empirical_rates",0
"empirical_rates",0.192622950819672
"empirical_rates",0
"empirical_rates",0.0956937799043062
"empirical_rates",0.816425120772947
"empirical_rates",0
"empirical_rates",0.98974358974359
"empirical_rates",0.0125
"empirical_rates",0
"empirical_rates",0.00480769230769231
"empirical_rates",0.995215311004785
"empirical_rates",0.0062111801242236
"empirical_rates",1
"empirical_rates",0.0138888888888889
"empirical_rates",0.00975609756097561
"empirical_rates",0.00448430493273543
"empirical_rates",0.642105263157895
"empirical_rates",0.974358974358974
"empirical_rates",0.995192307692308
"empirical_rates",0.962616822429907
"empirical_rates",0.00515463917525773
"empirical_rates",0.232323232323232
"empirical_rates",0.00465116279069767
"empirical_rates",0.0103092783505155
"empirical_rates",0
"empirical_rates",0
"empirical_rates",0.413636363636364
"empirical_rates",0
"empirical_rates",0.0303030303030303
"empirical_rates",0.432692307692308
"empirical_rates",0
"empirical_rates",0
"empirical_rates",0
"empirical_rates",0.196261682242991
"empirical_rates",0.00448430493273543
"empirical_rates",0
"empirical_rates",0.430493273542601
"empirical_rates",0.00462962962962963
"empirical_rates",0.986547085201794
"empirical_rates",0.119402985074627
"empirical_rates",0.0248447204968944
"empirical_rates",0
"empirical_rates",0.974747474747475
"empirical_rates",0.358744394618834
"empirical_rates",0
"empirical_rates",0
"empirical_rates",0
"empirical_rates",0
"empirical_rates",0.991869918699187
"empirical_rates",0.0040650406504065
"empirical_rates",0.171717171717172
"empirical_rates",0.00512820512820513
"empirical_rates",0.980099502487562
