"configuration","editing_rate"
"reference",0.0416666666666667
"reference",0.995934959349594
"reference",0.174528301886792
"reference",0.0546218487394958
"reference",0.995934959349594
"reference",0.820754716981132
"reference",0.41340782122905
"reference",0.0040650406504065
"reference",0
"reference",1
"reference",0.9581589958159
"reference",0.00813008130081301
"reference",0
"reference",0.0122448979591837
"reference",0.970588235294118
"reference",0.131818181818182
"reference",0.00819672131147541
"reference",0.0122448979591837
"reference",0
"reference",0.0208333333333333
"reference",1
"reference",0.155555555555556
"reference",1
"reference",0.170403587443946
"reference",0.00826446280991736
"reference",0
"reference",0
"reference",1
"reference",0.983539094650206
"reference",0.00819672131147541
"reference",0.0169491525423729
"reference",0
"reference",0.00816326530612245
"reference",0.0122950819672131
"reference",0.983471074380165
"reference",0.291666666666667
"reference",0.05
"reference",0
"reference",0.991836734693878
"reference",0.175115207373272
"reference",0.717703349282297
"reference",0.343137254901961
"reference",0
"reference",0
"reference",0
"reference",0.987603305785124
"reference",0.171945701357466
"reference",0.0040650406504065
"reference",0.0164609053497942
"reference",0
"reference",0.0040650406504065
"reference",0.860262008733624
"reference",0.0969162995594714
"reference",0.114537444933921
"reference",0.00416666666666667
"reference",0
"reference",0
"reference",0.931034482758621
"reference",0.945147679324895
"reference",0.0376569037656904
"reference",0.0333333333333333
"reference",0.0040650406504065
"reference",0
"reference",0.0550847457627119
"reference",0.513227513227513
"reference",0.524590163934426
"reference",0.678391959798995
"reference",0.0420168067226891
"reference",0
"reference",0.895454545454546
"reference",0.882096069868996
"reference",0.663366336633663
"reference",0
"reference",0
"reference",0.00816326530612245
"reference",1
"reference",0.0163265306122449
"reference",0.0630252100840336
"reference",0.55026455026455
"reference",0
"reference",0
"reference",0
"reference",0
"reference",0
"reference",0.267942583732057
"reference",0.962655601659751
"reference",0.665
"reference",0.0464135021097046
"reference",0.0168776371308017
"reference",0.893333333333333
"reference",0.0468085106382979
"reference",0.00819672131147541
"reference",0.0040983606557377
"reference",0.00816326530612245
"reference",0
"reference",0
"reference",0.0040650406504065
"reference",1
"reference",0.657458563535912
"reference",0
"reference",0
"reference",0.859090909090909
"reference",1
"reference",0
"reference",1
"reference",0.0941704035874439
"reference",0
"reference",0
"reference",0
"reference",0.88
"reference",0.130044843049327
"reference",0
"reference",0.0163265306122449
"reference",0
"reference",0.53125
"reference",1
"reference",0.743961352657005
"reference",0.0493827160493827
"reference",0.0123456790123457
"reference",1
"reference",0.437158469945355
"reference",0.632768361581921
"reference",0.0765957446808511
"reference",0.0040650406504065
"reference",0
"reference",0.0292887029288703
"reference",0
"reference",0.949579831932773
"reference",0.228971962616822
"reference",0.757425742574257
"reference",0.421875
"reference",0.240740740740741
"reference",0.0040983606557377
"reference",1
"reference",0.84375
"reference",0
"reference",0
"reference",0
"reference",0
"reference",0
"reference",1
"reference",1
"reference",0.200913242009132
"reference",0
"reference",0.376811594202899
"reference",0.140350877192982
"reference",0.0786026200873362
"reference",0.0040650406504065
"reference",0
"reference",1
"reference",0.0122950819672131
"reference",1
"reference",0.00819672131147541
"reference",0
"reference",0
"reference",0
"reference",0
"reference",1
"reference",0.357541899441341
"reference",0.628571428571429
"reference",0
"reference",0
"reference",1
"reference",0.053941908713693
"reference",0.0121951219512195
"reference",0
"reference",1
"reference",0.531914893617021
"reference",0.767123287671233
"reference",0
"reference",0.0378151260504202
"reference",0.0040983606557377
"reference",1
"reference",1
"reference",0.0163265306122449
"reference",0
"reference",1
"reference",1
"reference",1
"reference",0.00829875518672199
"reference",0.00813008130081301
"reference",0
"reference",0.882608695652174
"reference",1
"reference",0
"reference",0.819047619047619
"reference",0.485714285714286
"reference",0.0209205020920502
"reference",0.033195020746888
"reference",0.446601941747573
"reference",0.883408071748879
"reference",0.417840375586854
"reference",0
"reference",1
"reference",0.426470588235294
"reference",0.0515021459227468
"reference",0
"reference",0
"reference",0
"reference",0.991769547325103
"reference",0.779816513761468
"reference",0
"reference",0
"reference",0
"reference",0.016597510373444
"reference",0.0040983606557377
"reference",1
"reference",0.0896860986547085
"reference",0.0460251046025105
"reference",0
"reference",0
"reference",0
"reference",0.00411522633744856
"reference",1
"reference",0.30188679245283
"reference",0.004149377593361
"reference",0.00408163265306122
"reference",1
"reference",0.275229357798165
"reference",0.164383561643836
"reference",0.00816326530612245
"reference",0
"reference",1
"reference",0.0512820512820513
"reference",0.0121951219512195
"reference",0.0206611570247934
"reference",0
"reference",0
"reference",0.0040650406504065
"reference",0.303482587064677
"reference",1
"reference",0.110576923076923
"reference",0.00816326530612245
"reference",1
"reference",1
"reference",0.0122950819672131
"reference",0
"reference",0
"reference",0.844444444444444
"reference",0.754807692307692
"reference",0
"reference",0.00833333333333333
"reference",1
"reference",1
"reference",0
"reference",0.0125
"reference",1
"reference",0
"reference",0.0040650406504065
"reference",0.0040650406504065
"reference",0.00819672131147541
"reference",0.895196506550218
"reference",0.328358208955224
"reference",0.774038461538462
"reference",0.303921568627451
"reference",0.0245901639344262
"reference",0
"reference",1
"reference",0.99163179916318
"reference",0
"reference",0
"reference",0
"reference",1
"reference",0.966666666666667
"reference",0
"reference",0
"reference",0
"reference",0
"reference",0.657004830917874
"reference",1
"reference",0.029535864978903
"reference",0
"reference",0.0448430493273543
"reference",1
"reference",0.18018018018018
"reference",0.10762331838565
"reference",0.995515695067265
"reference",0.782805429864253
"reference",0.0585585585585586
"reference",0.00448430493273543
"reference",0
"reference",0.995515695067265
"reference",0.972972972972973
"reference",0
"reference",0.00448430493273543
"reference",0.00900900900900901
"reference",0.995515695067265
"reference",0.157657657657658
"reference",0.0135135135135135
"reference",0.0269058295964126
"reference",0
"reference",0.0269058295964126
"reference",1
"reference",1
"reference",0.995515695067265
"reference",0.00896860986547085
"reference",0.0179372197309417
"reference",0
"reference",0.00448430493273543
"reference",0.995515695067265
"reference",0.995515695067265
"reference",0.0045045045045045
"reference",0
"reference",0.00448430493273543
"reference",0.00896860986547085
"reference",0.0269058295964126
"reference",0.964125560538117
"reference",0.439461883408072
"reference",0.0493273542600897
"reference",0.00448430493273543
"reference",1
"reference",0.995515695067265
"reference",0.991031390134529
"reference",0.0134529147982063
"reference",0.00448430493273543
"reference",0
"reference",0.00448430493273543
"reference",0.991031390134529
"reference",0.269406392694064
"reference",0.00448430493273543
"reference",0.027027027027027
"reference",0.00448430493273543
"reference",0
"reference",0.506787330316742
"reference",0.0179372197309417
"reference",0
"reference",0.00448430493273543
"reference",0.00448430493273543
"reference",0
"reference",0.556561085972851
"reference",0.418918918918919
"reference",0.991031390134529
"reference",0.031390134529148
"reference",0.00896860986547085
"reference",0.00448430493273543
"reference",0.00448430493273543
"reference",0.122727272727273
"reference",0.0807174887892377
"reference",0.0135135135135135
"reference",0.103603603603604
"reference",0
"reference",0.995515695067265
"reference",0.995515695067265
"reference",1
"reference",0
"reference",0
"reference",0.0134529147982063
"reference",1
"reference",0.0852017937219731
"reference",0.177272727272727
"reference",0.230769230769231
"reference",0
"reference",0
"reference",0
"reference",0.0045045045045045
"reference",0.0045045045045045
"reference",0.995495495495496
"reference",1
"reference",0.0225225225225225
"reference",0.0315315315315315
"reference",0.171945701357466
"reference",0.378995433789954
"reference",0.117647058823529
"reference",0.027027027027027
"reference",0
"reference",0.0135135135135135
"reference",0
"reference",0.0315315315315315
"reference",0.0135746606334842
"reference",0.990990990990991
"reference",0.0405405405405405
"reference",0.0045045045045045
"reference",0.0045045045045045
"reference",0.686363636363636
"reference",1
"reference",0
"reference",1
"reference",0.0818181818181818
"reference",0
"reference",0.00896860986547085
"reference",0
"reference",0.477272727272727
"reference",0.484162895927602
"reference",0
"reference",0.00896860986547085
"reference",0.00448430493273543
"reference",0.40990990990991
"reference",0.995515695067265
"reference",0.221719457013575
"reference",0.116591928251121
"reference",0.00896860986547085
"reference",1
"reference",0.995515695067265
"reference",0.0134529147982063
"reference",0.0224215246636771
"reference",0
"reference",0.00896860986547085
"reference",0.031390134529148
"reference",0.00448430493273543
"reference",0.995515695067265
"reference",0.995515695067265
"reference",0.991031390134529
"reference",0.00448430493273543
"reference",0.0269058295964126
"reference",0
"reference",0.837837837837838
"reference",0.731818181818182
"reference",0.018018018018018
"reference",0.00448430493273543
"reference",0
"reference",0.00896860986547085
"reference",0.00448430493273543
"reference",1
"reference",0.995515695067265
"reference",0.027027027027027
"reference",0
"reference",0.384615384615385
"reference",0.0448430493273543
"reference",0.0855855855855856
"reference",0
"reference",0
"reference",0.878923766816143
"reference",0.292792792792793
"reference",0.579185520361991
"reference",0.0769230769230769
"reference",0.0269058295964126
"reference",0.00448430493273543
"reference",0
"reference",0
"reference",0.982062780269058
"reference",0.0582959641255605
"reference",0.0358744394618834
"reference",0.00448430493273543
"reference",0.00896860986547085
"reference",0.995515695067265
"reference",0.00896860986547085
"reference",0
"reference",0.00448430493273543
"reference",0.6289592760181
"reference",0.85
"reference",0.103603603603604
"reference",0
"reference",0.00448430493273543
"reference",0.00896860986547085
"reference",1
"reference",0.995515695067265
"reference",0.00452488687782805
"reference",0
"reference",1
"reference",0.995515695067265
"reference",0.995515695067265
"reference",0.0134529147982063
"reference",0.00448430493273543
"reference",0
"reference",0.773755656108597
"reference",0.887892376681614
"reference",0.00448430493273543
"reference",0.702702702702703
"reference",0.693693693693694
"reference",0.0810810810810811
"reference",0.0493273542600897
"reference",0.937219730941704
"reference",0.14027149321267
"reference",0.0269058295964126
"reference",0.00896860986547085
"reference",0.995495495495496
"reference",0.298642533936652
"reference",0.0540540540540541
"reference",0.0045045045045045
"reference",0
"reference",0.0045045045045045
"reference",0.833333333333333
"reference",0.878378378378378
"reference",0.018018018018018
"reference",0.085972850678733
"reference",0
"reference",0.027027027027027
"reference",0.036036036036036
"reference",0.828828828828829
"reference",0.312217194570136
"reference",0.0407239819004525
"reference",0
"reference",0
"reference",0.00896860986547085
"reference",0.0224215246636771
"reference",0.995515695067265
"reference",0.234234234234234
"reference",0.0134529147982063
"reference",0
"reference",0.995515695067265
"reference",0.221719457013575
"reference",0.0358744394618834
"reference",0
"reference",0
"reference",0.755656108597285
"reference",0.288288288288288
"reference",0.0134529147982063
"reference",0.0405405405405405
"reference",0
"reference",0.00448430493273543
"reference",0.0224215246636771
"reference",0.256756756756757
"reference",0.828828828828829
"reference",0.306306306306306
"reference",0.00448430493273543
"reference",1
"reference",0.995515695067265
"reference",0.031390134529148
"reference",0
"reference",0
"reference",0.672645739910314
"reference",0.820627802690583
"reference",0
"reference",0.0179372197309417
"reference",0.618181818181818
"reference",0.995515695067265
"reference",0.00448430493273543
"reference",0.0672645739910314
"reference",0.995515695067265
"reference",0.00448430493273543
"reference",0
"reference",0
"reference",0.0179372197309417
"reference",0.990990990990991
"reference",0.031390134529148
"reference",0.18552036199095
"reference",0.0179372197309417
"reference",0
"reference",0.00448430493273543
"reference",0.995495495495496
"reference",0.995495495495496
"reference",0
"reference",0
"reference",0.00448430493273543
"reference",1
"reference",0.631336405529954
"reference",0.00896860986547085
"reference",0.00448430493273543
"reference",0
"reference",0.00448430493273543
"reference",0.995495495495496
"reference",0.642201834862385
"reference",0.0179372197309417
"reference",0.00448430493273543
"reference",0.0416666666666667
"reference",1
"reference",0.208333333333333
"reference",0.0934579439252336
"reference",0.99537037037037
"reference",0.629107981220657
"reference",0.0930232558139535
"reference",0.00925925925925926
"reference",0
"reference",0.99537037037037
"reference",0.851851851851852
"reference",0
"reference",0.00462962962962963
"reference",0.00462962962962963
"reference",0.847222222222222
"reference",0.211267605633803
"reference",0.0185185185185185
"reference",0.013953488372093
"reference",0
"reference",0.0277777777777778
"reference",1
"reference",0.958333333333333
"reference",0.421296296296296
"reference",0.00925925925925926
"reference",0
"reference",0
"reference",0.00462962962962963
"reference",0.958333333333333
"reference",0.981481481481482
"reference",0.0324074074074074
"reference",0
"reference",0.00925925925925926
"reference",0.00925925925925926
"reference",0.0185185185185185
"reference",0.953703703703704
"reference",0.483720930232558
"reference",0.0462962962962963
"reference",0.00462962962962963
"reference",0.99537037037037
"reference",0.134259259259259
"reference",0.50462962962963
"reference",0.0601851851851852
"reference",0.00462962962962963
"reference",0
"reference",0.0138888888888889
"reference",0.803738317757009
"reference",0.194444444444444
"reference",0
"reference",0.0416666666666667
"reference",0.0138888888888889
"reference",0
"reference",1
"reference",0.32093023255814
"reference",0.0277777777777778
"reference",0.0324074074074074
"reference",0.00462962962962963
"reference",0
"reference",0.989473684210526
"reference",0.578947368421053
"reference",0.0421052631578947
"reference",0.0736842105263158
"reference",0.0105263157894737
"reference",0.0105263157894737
"reference",0.0631578947368421
"reference",0.326315789473684
"reference",0.905263157894737
"reference",0.157894736842105
"reference",0.0957446808510638
"reference",0
"reference",1
"reference",0.0105263157894737
"reference",1
"reference",0
"reference",0
"reference",0.0315789473684211
"reference",1
"reference",0
"reference",0.178947368421053
"reference",0.170212765957447
"reference",0
"reference",0
"reference",0
"reference",0.0105263157894737
"reference",0.00462962962962963
"reference",0.578947368421053
"reference",0.412037037037037
"reference",0.166666666666667
"reference",0.125
"reference",0.181395348837209
"reference",0.548837209302326
"reference",0.111111111111111
"reference",0.0231481481481481
"reference",0.00462962962962963
"reference",0.0231481481481481
"reference",0
"reference",0.0138888888888889
"reference",0.0138888888888889
"reference",1
"reference",1
"reference",0.00462962962962963
"reference",0.00462962962962963
"reference",0.888372093023256
"reference",1
"reference",0
"reference",1
"reference",0.302325581395349
"reference",0
"reference",0.00462962962962963
"reference",0
"reference",0.666666666666667
"reference",0.251162790697674
"reference",0
"reference",0.0138888888888889
"reference",0
"reference",0.0972222222222222
"reference",0.99537037037037
"reference",0.55607476635514
"reference",0.0462962962962963
"reference",0.00925925925925926
"reference",1
"reference",0.99537037037037
"reference",0.0138888888888889
"reference",0.0555555555555556
"reference",0
"reference",0
"reference",0.0604651162790698
"reference",0.00462962962962963
"reference",0.726415094339623
"reference",0.0700934579439252
"reference",0.0976744186046512
"reference",0.0277777777777778
"reference",0.0558139534883721
"reference",0
"reference",0.372093023255814
"reference",0.925581395348837
"reference",0
"reference",0.00465116279069767
"reference",0
"reference",0
"reference",0.00465116279069767
"reference",1
"reference",0.995348837209302
"reference",0.0231481481481481
"reference",0
"reference",0.302325581395349
"reference",0.0604651162790698
"reference",0.199074074074074
"reference",0.00925925925925926
"reference",0
"reference",0.99537037037037
"reference",0.99537037037037
"reference",0.99537037037037
"reference",0
"reference",0
"reference",0.00462962962962963
"reference",0
"reference",0
"reference",0.990740740740741
"reference",0.180555555555556
"reference",0.689814814814815
"reference",0.00462962962962963
"reference",0.00462962962962963
"reference",0.865740740740741
"reference",0.560185185185185
"reference",0
"reference",0.00462962962962963
"reference",0.777777777777778
"reference",0.462962962962963
"reference",0.537037037037037
"reference",0
"reference",0
"reference",0.00925925925925926
"reference",0.831775700934579
"reference",0.99537037037037
"reference",0.0976744186046512
"reference",0.00462962962962963
"reference",0.995348837209302
"reference",0.725581395348837
"reference",0.990697674418605
"reference",0.00930232558139535
"reference",0.00930232558139535
"reference",0
"reference",1
"reference",0.0558139534883721
"reference",0.00930232558139535
"reference",0.274418604651163
"reference",0.827102803738318
"reference",0.102325581395349
"reference",0.0560747663551402
"reference",0.66046511627907
"reference",0.795348837209302
"reference",0.106481481481481
"reference",0.00462962962962963
"reference",0.99537037037037
"reference",0.75462962962963
"reference",0.0325581395348837
"reference",0
"reference",0
"reference",0.00462962962962963
"reference",0.967592592592593
"reference",0.976851851851852
"reference",0.0138888888888889
"reference",0.00925925925925926
"reference",0
"reference",0.0277777777777778
"reference",0.00462962962962963
"reference",0.888372093023256
"reference",0.0416666666666667
"reference",0.0138888888888889
"reference",0
"reference",0.00925925925925926
"reference",0
"reference",0.282407407407407
"reference",0.990740740740741
"reference",0.579439252336449
"reference",0.00462962962962963
"reference",0
"reference",1
"reference",0.486111111111111
"reference",0.0648148148148148
"reference",0
"reference",0
"reference",0.962962962962963
"reference",0.106976744186047
"reference",0.0186046511627907
"reference",0.0277777777777778
"reference",0
"reference",0
"reference",0
"reference",0.293023255813953
"reference",0.53953488372093
"reference",0.560185185185185
"reference",0
"reference",1
"reference",0.99537037037037
"reference",0.990740740740741
"reference",0
"reference",0.00462962962962963
"reference",0.787037037037037
"reference",0.319444444444444
"reference",0
"reference",0.0511627906976744
"reference",0.99537037037037
"reference",0.99537037037037
"reference",0.00462962962962963
"reference",0.013953488372093
"reference",0.99537037037037
"reference",0.00462962962962963
"reference",0
"reference",0
"reference",0.0277777777777778
"reference",0.675925925925926
"reference",0.138888888888889
"reference",0.967592592592593
"reference",0.0277777777777778
"reference",0
"reference",0.00462962962962963
"reference",0.87962962962963
"reference",0.976851851851852
"reference",0
"reference",0.00462962962962963
"reference",0.00462962962962963
"reference",1
"reference",0.99537037037037
"reference",0
"reference",0
"reference",0.00462962962962963
"reference",0.00462962962962963
"reference",0.990740740740741
"reference",0.981481481481482
"reference",0.0324074074074074
"reference",0.00925925925925926
"reference",0.0143540669856459
"reference",1
"reference",0.995215311004785
"reference",0.00478468899521531
"reference",0.995215311004785
"reference",0.671497584541063
"reference",0.105263157894737
"reference",0.0191387559808612
"reference",0
"reference",0.995215311004785
"reference",0.91866028708134
"reference",0
"reference",0.00478468899521531
"reference",0
"reference",0.995215311004785
"reference",0.0772946859903382
"reference",0.0143540669856459
"reference",0.00956937799043062
"reference",0.00478468899521531
"reference",0.00956937799043062
"reference",1
"reference",0.990430622009569
"reference",0.0625
"reference",0.0287081339712919
"reference",0.00478468899521531
"reference",0
"reference",0.00956937799043062
"reference",0.995215311004785
"reference",0.00961538461538462
"reference",1
"reference",0
"reference",0.00478468899521531
"reference",0
"reference",0.00956937799043062
"reference",0.971291866028708
"reference",0.370192307692308
"reference",0.0288461538461538
"reference",0.00480769230769231
"reference",0.995192307692308
"reference",0.211538461538462
"reference",0.352657004830918
"reference",0.0625
"reference",0.00483091787439614
"reference",0.00483091787439614
"reference",0.00483091787439614
"reference",0.848780487804878
"reference",0.995145631067961
"reference",0
"reference",0.00970873786407767
"reference",0.00485436893203883
"reference",0
"reference",1
"reference",0.0780487804878049
"reference",0.0536585365853659
"reference",0.0390243902439024
"reference",0.00970873786407767
"reference",0
"reference",1
"reference",0.995169082125604
"reference",0.0338164251207729
"reference",0.0144927536231884
"reference",0.00483091787439614
"reference",0.00483091787439614
"reference",0.0772946859903382
"reference",0.241545893719807
"reference",0.869565217391304
"reference",0.256038647342995
"reference",0.135265700483092
"reference",0
"reference",0.0240384615384615
"reference",0.0240384615384615
"reference",1
"reference",0
"reference",0
"reference",0.0143540669856459
"reference",1
"reference",0.0191387559808612
"reference",0.120772946859903
"reference",0.177033492822967
"reference",0
"reference",0.00478468899521531
"reference",0
"reference",0.00956937799043062
"reference",0
"reference",0.421052631578947
"reference",0.629807692307692
"reference",0.660287081339713
"reference",0.0384615384615385
"reference",0.27536231884058
"reference",0.276699029126214
"reference",0.205741626794258
"reference",0.0478468899521531
"reference",0
"reference",0.00478468899521531
"reference",0
"reference",0.00956937799043062
"reference",0.0191387559808612
"reference",0.995215311004785
"reference",0.0526315789473684
"reference",0.00478468899521531
"reference",0.00478468899521531
"reference",0.875598086124402
"reference",1
"reference",0.00478468899521531
"reference",1
"reference",0.995215311004785
"reference",0
"reference",0.00478468899521531
"reference",0
"reference",0.995215311004785
"reference",0.0334928229665072
"reference",0
"reference",0.00956937799043062
"reference",0
"reference",0.0239234449760766
"reference",1
"reference",1
"reference",0
"reference",0.00478468899521531
"reference",1
"reference",0.995215311004785
"reference",1
"reference",0.00956937799043062
"reference",0
"reference",0
"reference",0.00478468899521531
"reference",0.00478468899521531
"reference",0.995215311004785
"reference",0.0861244019138756
"reference",0.995215311004785
"reference",0.0239234449760766
"reference",0.139423076923077
"reference",0
"reference",0.995215311004785
"reference",0.995215311004785
"reference",0.00478468899521531
"reference",0.00478468899521531
"reference",0
"reference",0.00956937799043062
"reference",0.00478468899521531
"reference",1
"reference",1
"reference",1
"reference",0
"reference",0.593301435406699
"reference",0.100961538461538
"reference",0.0961538461538462
"reference",0
"reference",0
"reference",0.995215311004785
"reference",0.0287081339712919
"reference",0.990430622009569
"reference",0.00956937799043062
"reference",0
"reference",0
"reference",0
"reference",0
"reference",1
"reference",0.990430622009569
"reference",0.00478468899521531
"reference",0
"reference",0.00478468899521531
"reference",0.995215311004785
"reference",0.0192307692307692
"reference",0.00478468899521531
"reference",0.00478468899521531
"reference",0.0239234449760766
"reference",1
"reference",0.995215311004785
"reference",0
"reference",0.00478468899521531
"reference",0.00478468899521531
"reference",1
"reference",0.995215311004785
"reference",0.0191387559808612
"reference",0
"reference",1
"reference",0.995215311004785
"reference",0.995215311004785
"reference",0.00478468899521531
"reference",0.00478468899521531
"reference",0
"reference",1
"reference",0.0669856459330144
"reference",0.0334928229665072
"reference",0.0432692307692308
"reference",0.995215311004785
"reference",0.00956937799043062
"reference",0.00480769230769231
"reference",0.990430622009569
"reference",1
"reference",0.990430622009569
"reference",0.00478468899521531
"reference",1
"reference",0.995215311004785
"reference",0.0478468899521531
"reference",0
"reference",0.00478468899521531
"reference",0.00478468899521531
"reference",1
"reference",1
"reference",0.00478468899521531
"reference",0
"reference",0
"reference",0.00956937799043062
"reference",0.00478468899521531
"reference",0.995215311004785
"reference",0.139423076923077
"reference",0.0956937799043062
"reference",0
"reference",0.00956937799043062
"reference",0
"reference",0.0334928229665072
"reference",0.995215311004785
"reference",0.278846153846154
"reference",0.0382775119617225
"reference",0.00478468899521531
"reference",1
"reference",0.383495145631068
"reference",0.062200956937799
"reference",0.00478468899521531
"reference",0.00478468899521531
"reference",0.545893719806763
"reference",0.490291262135922
"reference",0.0382775119617225
"reference",0.0382775119617225
"reference",0
"reference",0
"reference",0.00956937799043062
"reference",0.0478468899521531
"reference",0.995215311004785
"reference",0.00478468899521531
"reference",0
"reference",0.283653846153846
"reference",0.995215311004785
"reference",0.0861244019138756
"reference",0
"reference",0.00478468899521531
"reference",0.966507177033493
"reference",0.442307692307692
"reference",0
"reference",0.0334928229665072
"reference",0.995215311004785
"reference",0.430622009569378
"reference",0.00478468899521531
"reference",0.00956937799043062
"reference",0.995215311004785
"reference",0.00956937799043062
"reference",0
"reference",0
"reference",0.0191387559808612
"reference",0.990430622009569
"reference",0.0239234449760766
"reference",0.248803827751196
"reference",0.0287081339712919
"reference",0.00478468899521531
"reference",0.00478468899521531
"reference",0.995215311004785
"reference",0.995215311004785
"reference",0
"reference",0
"reference",0.0143540669856459
"reference",1
"reference",0.669856459330144
"reference",0
"reference",0
"reference",0
"reference",0.00478468899521531
"reference",0.937799043062201
"reference",0.976076555023923
"reference",0.00961538461538462
"reference",0.00478468899521531
"reference",0.0384615384615385
"reference",1
"reference",0.164251207729469
"reference",0.0625
"reference",1
"reference",0.516908212560386
"reference",0.111650485436893
"reference",0.00961538461538462
"reference",0.00480769230769231
"reference",1
"reference",0.836538461538462
"reference",0
"reference",0
"reference",0.0144230769230769
"reference",0.558252427184466
"reference",0.576923076923077
"reference",0.0193236714975845
"reference",0.0144230769230769
"reference",0.00480769230769231
"reference",0.0192307692307692
"reference",1
"reference",1
"reference",1
"reference",0.00480769230769231
"reference",0.00961538461538462
"reference",0
"reference",0
"reference",1
"reference",1
"reference",0
"reference",0
"reference",0.0192307692307692
"reference",0.00480769230769231
"reference",0.0192307692307692
"reference",0.947115384615385
"reference",0.364077669902913
"reference",0.0721153846153846
"reference",0
"reference",0.985576923076923
"reference",0.168269230769231
"reference",0.408653846153846
"reference",0.0772946859903382
"reference",0
"reference",0
"reference",0.0144230769230769
"reference",1
"reference",0.202898550724638
"reference",0
"reference",0.0288461538461538
"reference",0.00480769230769231
"reference",0
"reference",1
"reference",0.0917874396135266
"reference",0.0432692307692308
"reference",0.0192307692307692
"reference",0.00480769230769231
"reference",0
"reference",0.686274509803922
"reference",0.24390243902439
"reference",1
"reference",0.0388349514563107
"reference",0.00480769230769231
"reference",0
"reference",0.0288461538461538
"reference",0.0628019323671498
"reference",1
"reference",0.0528846153846154
"reference",0.0485436893203883
"reference",0
"reference",0.0386473429951691
"reference",0.00483091787439614
"reference",1
"reference",0
"reference",0
"reference",0.00480769230769231
"reference",1
"reference",0
"reference",0
"reference",1
"reference",0
"reference",0
"reference",0
"reference",0.00480769230769231
"reference",0
"reference",0.454106280193237
"reference",0.753623188405797
"reference",0.492753623188406
"reference",0.0480769230769231
"reference",0.158653846153846
"reference",0.288461538461538
"reference",0.168269230769231
"reference",0.0576923076923077
"reference",0.00480769230769231
"reference",0.0192307692307692
"reference",0
"reference",0.0192307692307692
"reference",0.0192307692307692
"reference",0.975961538461538
"reference",0.894230769230769
"reference",0.00480769230769231
"reference",0
"reference",1
"reference",1
"reference",0
"reference",1
"reference",0.174757281553398
"reference",0
"reference",0
"reference",0
"reference",0.718446601941748
"reference",0.207729468599034
"reference",0
"reference",0.00480769230769231
"reference",0
"reference",0.188405797101449
"reference",1
"reference",0.252427184466019
"reference",0.120772946859903
"reference",0.0288461538461538
"reference",1
"reference",1
"reference",0.00961538461538462
"reference",0.0336538461538462
"reference",0.00480769230769231
"reference",0
"reference",0.00966183574879227
"reference",0
"reference",1
"reference",0.193236714975845
"reference",0.400966183574879
"reference",0.0338164251207729
"reference",0.263414634146341
"reference",0
"reference",0.757281553398058
"reference",0.807692307692308
"reference",0
"reference",0
"reference",0
"reference",0
"reference",0
"reference",1
"reference",1
"reference",0.0432692307692308
"reference",0
"reference",0.51980198019802
"reference",0.197115384615385
"reference",0.115384615384615
"reference",0
"reference",0
"reference",1
"reference",0.00480769230769231
"reference",1
"reference",1
"reference",0
"reference",0.00480769230769231
"reference",0
"reference",0
"reference",1
"reference",1
"reference",0.00480769230769231
"reference",0
"reference",0.00480769230769231
"reference",1
"reference",0.0192307692307692
"reference",0
"reference",0
"reference",1
"reference",0.681159420289855
"reference",0.153846153846154
"reference",0.00961538461538462
"reference",0
"reference",0.0144230769230769
"reference",1
"reference",1
"reference",0
"reference",0.00483091787439614
"reference",1
"reference",1
"reference",1
"reference",0
"reference",0.00480769230769231
"reference",0
"reference",1
"reference",0.178743961352657
"reference",0.00480769230769231
"reference",0.439613526570048
"reference",0.703883495145631
"reference",0.222222222222222
"reference",0.0336538461538462
"reference",1
"reference",1
"reference",0.00480769230769231
"reference",0.00480769230769231
"reference",1
"reference",1
"reference",0.00480769230769231
"reference",0
"reference",0
"reference",0
"reference",0.689320388349515
"reference",1
"reference",0.00480769230769231
"reference",0.0288461538461538
"reference",0.00483091787439614
"reference",0.0384615384615385
"reference",0.00480769230769231
"reference",1
"reference",0.0865384615384615
"reference",0.0769230769230769
"reference",0.00961538461538462
"reference",0
"reference",0.00480769230769231
"reference",0
"reference",1
"reference",0.27536231884058
"reference",0.0144230769230769
"reference",0
"reference",1
"reference",0.333333333333333
"reference",0.0338164251207729
"reference",0.00961538461538462
"reference",0.00480769230769231
"reference",0.492753623188406
"reference",0.509615384615385
"reference",0.221153846153846
"reference",0.0240384615384615
"reference",0
"reference",0
"reference",0
"reference",0.00961538461538462
"reference",1
"reference",1
"reference",0
"reference",1
"reference",1
"reference",0.00480769230769231
"reference",0
"reference",0
"reference",0.966346153846154
"reference",0.524038461538462
"reference",0
"reference",0.201923076923077
"reference",1
"reference",0.341346153846154
"reference",0
"reference",0.0240384615384615
"reference",1
"reference",0
"reference",0
"reference",0
"reference",0.00966183574879227
"reference",1
"reference",0.00480769230769231
"reference",1
"reference",0
"reference",0
"reference",0
"reference",1
"reference",1
"reference",0
"reference",0
"reference",0.00480769230769231
"reference",1
"reference",0.839805825242718
"reference",0.0384615384615385
"reference",0.00480769230769231
"reference",0
"reference",0
"reference",0.754807692307692
"reference",0.975961538461538
"reference",0.00961538461538462
"reference",0
"reference",0.111675126903553
"reference",1
"reference",0.198979591836735
"reference",0.0761421319796954
"reference",0.98989898989899
"reference",0.668367346938776
"reference",0.0862944162436548
"reference",0.0151515151515152
"reference",0
"reference",0.98989898989899
"reference",0.974747474747475
"reference",0
"reference",0.0101010101010101
"reference",0.00505050505050505
"reference",0.98989898989899
"reference",0.0913705583756345
"reference",0.0252525252525253
"reference",0.0252525252525253
"reference",0.00505050505050505
"reference",0.0151515151515152
"reference",1
"reference",0.994949494949495
"reference",0.136363636363636
"reference",0.0101010101010101
"reference",0.00505050505050505
"reference",0.0101010101010101
"reference",0.0101010101010101
"reference",0.98989898989899
"reference",0.98989898989899
"reference",0.0101010101010101
"reference",0
"reference",0.00505050505050505
"reference",0.0101010101010101
"reference",0.0303030303030303
"reference",0.994949494949495
"reference",0.279187817258883
"reference",0.0609137055837563
"reference",0.0101010101010101
"reference",0.994949494949495
"reference",0.48989898989899
"reference",0.378787878787879
"reference",0.0404040404040404
"reference",0.0101010101010101
"reference",0
"reference",0.0101010101010101
"reference",0.98989898989899
"reference",0.360406091370558
"reference",0
"reference",0.0101010101010101
"reference",0
"reference",0
"reference",1
"reference",0.0202020202020202
"reference",0.98989898989899
"reference",0.00505050505050505
"reference",0.0101010101010101
"reference",0
"reference",0.994949494949495
"reference",0.336734693877551
"reference",0.0858585858585859
"reference",0.0454545454545455
"reference",0.0101010101010101
"reference",0.0101010101010101
"reference",0.0202020202020202
"reference",0.0858585858585859
"reference",0.98989898989899
"reference",0.0406091370558376
"reference",0.290816326530612
"reference",0
"reference",0.0404040404040404
"reference",1
"reference",1
"reference",0
"reference",0
"reference",0.0303030303030303
"reference",1
"reference",0.0252525252525253
"reference",0.116751269035533
"reference",0.186868686868687
"reference",0.00505050505050505
"reference",0
"reference",0
"reference",0.0101010101010101
"reference",0.00505050505050505
"reference",0.232323232323232
"reference",0.388888888888889
"reference",0.101010101010101
"reference",1
"reference",0.0252525252525253
"reference",0.0505050505050505
"reference",0.98989898989899
"reference",0.0101010101010101
"reference",0
"reference",0
"reference",0.00505050505050505
"reference",0
"reference",0.0303030303030303
"reference",1
"reference",1
"reference",0.0101010101010101
"reference",0.0101010101010101
"reference",0.898477157360406
"reference",1
"reference",0
"reference",1
"reference",0.192893401015228
"reference",0
"reference",0.0101010101010101
"reference",0
"reference",0.535353535353535
"reference",0.343434343434343
"reference",0.00505050505050505
"reference",0.0404040404040404
"reference",0
"reference",0.217171717171717
"reference",0.994949494949495
"reference",0.270408163265306
"reference",0.0808080808080808
"reference",0.0151515151515152
"reference",0.994949494949495
"reference",0.843434343434343
"reference",0.308080808080808
"reference",0.050761421319797
"reference",0.0101010101010101
"reference",0.00505050505050505
"reference",0.0456852791878173
"reference",0.0101010101010101
"reference",0.98989898989899
"reference",1
"reference",0.98989898989899
"reference",0.98989898989899
"reference",0.0303030303030303
"reference",0.0101010101010101
"reference",0.98989898989899
"reference",0.661616161616162
"reference",0
"reference",0.0101010101010101
"reference",0.00505050505050505
"reference",0.0151515151515152
"reference",0.0101010101010101
"reference",1
"reference",0.98989898989899
"reference",0.0303030303030303
"reference",0
"reference",0.413265306122449
"reference",0.0761421319796954
"reference",0.0710659898477157
"reference",0.0101010101010101
"reference",0
"reference",0.98989898989899
"reference",0.0202020202020202
"reference",0.98989898989899
"reference",0.0101010101010101
"reference",0
"reference",0
"reference",0
"reference",0
"reference",1
"reference",0.98989898989899
"reference",0.0151515151515152
"reference",0
"reference",0.0101010101010101
"reference",0.98989898989899
"reference",0.0353535353535354
"reference",0.0101010101010101
"reference",0.0101010101010101
"reference",1
"reference",0.868686868686869
"reference",0.0303030303030303
"reference",0
"reference",0
"reference",0
"reference",0.939086294416244
"reference",0.98989898989899
"reference",0.0252525252525253
"reference",0
"reference",1
"reference",1
"reference",0.98989898989899
"reference",0.00505050505050505
"reference",0.0101010101010101
"reference",0
"reference",1
"reference",0.050761421319797
"reference",0.0151515151515152
"reference",0.720812182741117
"reference",0.360406091370558
"reference",0.494949494949495
"reference",0.0404040404040404
"reference",0.604060913705584
"reference",0.989847715736041
"reference",0.0357142857142857
"reference",0.0102040816326531
"reference",0.989847715736041
"reference",0.223350253807107
"reference",0.121827411167513
"reference",0
"reference",0
"reference",0.0101522842639594
"reference",0.673469387755102
"reference",1
"reference",0.121827411167513
"reference",0.0152284263959391
"reference",0
"reference",0.0406091370558376
"reference",0.0152284263959391
"reference",0.989847715736041
"reference",0.147959183673469
"reference",0.065989847715736
"reference",0
"reference",0
"reference",0.0050761421319797
"reference",0.0101522842639594
"reference",0.989847715736041
"reference",0.459183673469388
"reference",0.0152284263959391
"reference",0
"reference",0.989847715736041
"reference",0.423469387755102
"reference",0.050761421319797
"reference",0.0050761421319797
"reference",0.0050761421319797
"reference",0.182741116751269
"reference",0.913705583756345
"reference",0.0456852791878173
"reference",0.00510204081632653
"reference",0
"reference",0.0050761421319797
"reference",0
"reference",0.888324873096447
"reference",0.989847715736041
"reference",0
"reference",0
"reference",1
"reference",0.98989898989899
"reference",0.0555555555555556
"reference",0
"reference",0.0101010101010101
"reference",0.696969696969697
"reference",0.888888888888889
"reference",0
"reference",0.0404040404040404
"reference",1
"reference",0.98989898989899
"reference",0.0101010101010101
"reference",0.0252525252525253
"reference",0.98989898989899
"reference",0.0101010101010101
"reference",0
"reference",0
"reference",0.0101010101010101
"reference",0.253807106598985
"reference",0.0202020202020202
"reference",0.98989898989899
"reference",0.00505050505050505
"reference",0
"reference",0.0101010101010101
"reference",0.651282051282051
"reference",0.98989898989899
"reference",0.00505050505050505
"reference",0
"reference",0.0152284263959391
"reference",1
"reference",0.98989898989899
"reference",0
"reference",0
"reference",0
"reference",0.0101010101010101
"reference",1
"reference",0.904040404040404
"reference",0.0202020202020202
"reference",0.0101010101010101
"reference",0.0099502487562189
"reference",1
"reference",0.995024875621891
"reference",0.0199004975124378
"reference",0.995024875621891
"reference",0.995024875621891
"reference",0.0646766169154229
"reference",0.0099502487562189
"reference",0
"reference",0.995024875621891
"reference",0.995024875621891
"reference",0
"reference",0.00497512437810945
"reference",0.0298507462686567
"reference",0.995024875621891
"reference",0.175
"reference",0.0199004975124378
"reference",0.0199004975124378
"reference",0
"reference",0.0199004975124378
"reference",1
"reference",0.995024875621891
"reference",0.0248756218905473
"reference",0.0248756218905473
"reference",0.00497512437810945
"reference",0
"reference",0.00497512437810945
"reference",0.995024875621891
"reference",0.995024875621891
"reference",0.00497512437810945
"reference",0
"reference",0.00497512437810945
"reference",0.00497512437810945
"reference",0.0199004975124378
"reference",0
"reference",0.0696517412935323
"reference",0.054726368159204
"reference",0.0149253731343284
"reference",0.995024875621891
"reference",0.0149253731343284
"reference",0.995024875621891
"reference",0.0447761194029851
"reference",0.00497512437810945
"reference",0
"reference",0.00497512437810945
"reference",0.995024875621891
"reference",0.36318407960199
"reference",0.0099502487562189
"reference",0.0199004975124378
"reference",0
"reference",0.00497512437810945
"reference",1
"reference",0.0497512437810945
"reference",0.442786069651741
"reference",0.0298507462686567
"reference",0.00497512437810945
"reference",0
"reference",1
"reference",0.56
"reference",0.105
"reference",0.085
"reference",0.01
"reference",0.005
"reference",0.025
"reference",0.075
"reference",0.995
"reference",0.32
"reference",0.05
"reference",0
"reference",0.04
"reference",0.0452261306532663
"reference",1
"reference",0
"reference",0
"reference",0.015
"reference",1
"reference",0.025
"reference",0.44
"reference",0.525
"reference",0
"reference",0
"reference",0
"reference",0.01
"reference",0.005
"reference",1
"reference",1
"reference",0.995
"reference",0.085
"reference",0.005
"reference",0.0251256281407035
"reference",0.995
"reference",0.005
"reference",0.005
"reference",0.01
"reference",0
"reference",0
"reference",0.01
"reference",0.995
"reference",0.195
"reference",0.035
"reference",0.005
"reference",1
"reference",1
"reference",0.00497512437810945
"reference",1
"reference",0.651741293532338
"reference",0
"reference",0.00497512437810945
"reference",0
"reference",0.995024875621891
"reference",0.03
"reference",0
"reference",0.0149253731343284
"reference",0
"reference",0.253731343283582
"reference",1
"reference",0.4
"reference",0.109452736318408
"reference",0.01
"reference",1
"reference",0.995024875621891
"reference",0.00497512437810945
"reference",0.0398009950248756
"reference",0
"reference",0
"reference",0.0497512437810945
"reference",0
"reference",0.557213930348259
"reference",0.139303482587065
"reference",0.437810945273632
"reference",0.00497512437810945
"reference",0.054726368159204
"reference",0.0099502487562189
"reference",0.995024875621891
"reference",0.28643216080402
"reference",0.00497512437810945
"reference",0.00497512437810945
"reference",0
"reference",0.0099502487562189
"reference",0.00497512437810945
"reference",1
"reference",0.995024875621891
"reference",0.0447761194029851
"reference",0
"reference",0.398009950248756
"reference",0.0199004975124378
"reference",0.0995024875621891
"reference",0
"reference",0
"reference",0.995024875621891
"reference",0.0099502487562189
"reference",0.995024875621891
"reference",0.00497512437810945
"reference",0
"reference",0
"reference",0
"reference",0
"reference",0.995
"reference",0.0351758793969849
"reference",0.035
"reference",0
"reference",0.005
"reference",0.995
"reference",0.09
"reference",0.01
"reference",0.005
"reference",1
"reference",0.995
"reference",0.02
"reference",0
"reference",0
"reference",0.01
"reference",0.819095477386935
"reference",0.995
"reference",0.135
"reference",0
"reference",1
"reference",1
"reference",0.995024875621891
"reference",0.0099502487562189
"reference",0.0099502487562189
"reference",0
"reference",1
"reference",0.04
"reference",0.0149253731343284
"reference",0.373134328358209
"reference",0.751243781094527
"reference",0.154228855721393
"reference",0.0348258706467662
"reference",0.06
"reference",0
"reference",0.01
"reference",0
"reference",1
"reference",0.225
"reference",0.095
"reference",0
"reference",0
"reference",0
"reference",0.535353535353535
"reference",1
"reference",0.01
"reference",0.05
"reference",0.01
"reference",0.035
"reference",0
"reference",1
"reference",0.095
"reference",0.0703517587939698
"reference",0
"reference",0.005
"reference",0
"reference",0.01
"reference",1
"reference",0.306532663316583
"reference",0.0099502487562189
"reference",0
"reference",1
"reference",0.323383084577114
"reference",0.0845771144278607
"reference",0.0099502487562189
"reference",0
"reference",0.00497512437810945
"reference",0.995024875621891
"reference",0.995024875621891
"reference",0.00497512437810945
"reference",0
"reference",0.00497512437810945
"reference",0.0149253731343284
"reference",0.995024875621891
"reference",0.154228855721393
"reference",0.00497512437810945
"reference",0
"reference",0.303482587064677
"reference",0.995024875621891
"reference",0.129353233830846
"reference",0.00497512437810945
"reference",0.005
"reference",0.995024875621891
"reference",0.0149253731343284
"reference",0.00497512437810945
"reference",0.0149253731343284
"reference",0.995024875621891
"reference",0.781094527363184
"reference",0.00497512437810945
"reference",0.990049751243781
"reference",0.990049751243781
"reference",0.00497512437810945
"reference",0.990049751243781
"reference",0.00497512437810945
"reference",0.0149253731343284
"reference",0.865671641791045
"reference",0.159203980099502
"reference",0.915422885572139
"reference",0.0199004975124378
"reference",0
"reference",0.00497512437810945
"reference",0.990049751243781
"reference",0.990049751243781
"reference",0
"reference",0
"reference",0.00497512437810945
"reference",0.995024875621891
"reference",0.990049751243781
"reference",0
"reference",0
"reference",0
"reference",0.00497512437810945
"reference",0.995024875621891
"reference",0.990049751243781
"reference",0.0199004975124378
"reference",0.00497512437810945
"reference",0.0461538461538462
"reference",0.994871794871795
"reference",0.225641025641026
"reference",0.0871794871794872
"reference",0.994871794871795
"reference",0.597938144329897
"reference",0.0615384615384615
"reference",0.0153846153846154
"reference",0.00512820512820513
"reference",0.98974358974359
"reference",0.98974358974359
"reference",0.0102564102564103
"reference",0.0102564102564103
"reference",0
"reference",0.98974358974359
"reference",0.0979381443298969
"reference",0.0102564102564103
"reference",0.0153846153846154
"reference",0.0153846153846154
"reference",0.00515463917525773
"reference",0.494845360824742
"reference",0.530927835051546
"reference",0.169230769230769
"reference",0.0461538461538462
"reference",0
"reference",0
"reference",0.0102564102564103
"reference",0.887179487179487
"reference",0.98974358974359
"reference",0.0153846153846154
"reference",0.00512820512820513
"reference",0
"reference",0.0358974358974359
"reference",0.0153846153846154
"reference",0.963917525773196
"reference",0.353846153846154
"reference",0.0205128205128205
"reference",0.00512820512820513
"reference",0.98974358974359
"reference",0.149484536082474
"reference",0.328205128205128
"reference",0.0769230769230769
"reference",0.00515463917525773
"reference",0
"reference",0.00512820512820513
"reference",0.742268041237113
"reference",0.98974358974359
"reference",0
"reference",0.00512820512820513
"reference",0
"reference",0
"reference",0.994871794871795
"reference",0.153846153846154
"reference",0.0564102564102564
"reference",0.0307692307692308
"reference",0.0205128205128205
"reference",0.00512820512820513
"reference",0.994871794871795
"reference",0.994871794871795
"reference",0.00512820512820513
"reference",0.994871794871795
"reference",0.00512820512820513
"reference",0.0102564102564103
"reference",0.0974358974358974
"reference",0.278350515463918
"reference",0.635897435897436
"reference",0.594871794871795
"reference",0.0871794871794872
"reference",0
"reference",0.0670103092783505
"reference",0.0358974358974359
"reference",1
"reference",0
"reference",0.00512820512820513
"reference",0.0205128205128205
"reference",0.958974358974359
"reference",0.0461538461538462
"reference",0.153846153846154
"reference",0.489690721649485
"reference",0
"reference",0
"reference",0
"reference",0.0205128205128205
"reference",0.00512820512820513
"reference",0.302564102564103
"reference",0.882051282051282
"reference",0.494845360824742
"reference",0.0358974358974359
"reference",0.153846153846154
"reference",0.22051282051282
"reference",0.2
"reference",0.0358974358974359
"reference",0.0153846153846154
"reference",0.0205128205128205
"reference",0.0307692307692308
"reference",0.0257731958762887
"reference",0.0461538461538462
"reference",0.969230769230769
"reference",0.743589743589744
"reference",0.0153846153846154
"reference",0.0102564102564103
"reference",0.769230769230769
"reference",1
"reference",0.00512820512820513
"reference",0.994871794871795
"reference",0.138461538461538
"reference",0
"reference",0.00512820512820513
"reference",0
"reference",0.564102564102564
"reference",0.435897435897436
"reference",0
"reference",0.0256410256410256
"reference",0.00512820512820513
"reference",0.153846153846154
"reference",0.994871794871795
"reference",0.324742268041237
"reference",0.102564102564103
"reference",0.0102564102564103
"reference",1
"reference",0.994845360824742
"reference",0.00515463917525773
"reference",0.0257731958762887
"reference",0
"reference",0
"reference",0.0309278350515464
"reference",0.00515463917525773
"reference",0.938144329896907
"reference",0.731958762886598
"reference",0.180412371134021
"reference",0.0154639175257732
"reference",0.201030927835052
"reference",0.00515463917525773
"reference",0.809278350515464
"reference",0.730569948186529
"reference",0.00515463917525773
"reference",0.00515463917525773
"reference",0
"reference",0
"reference",0.00515463917525773
"reference",1
"reference",1
"reference",1
"reference",0
"reference",0.65979381443299
"reference",0.0670103092783505
"reference",0.0829015544041451
"reference",0
"reference",0
"reference",0.994845360824742
"reference",0.0206185567010309
"reference",0.0721649484536082
"reference",0.994818652849741
"reference",0.00515463917525773
"reference",0
"reference",0
"reference",0
"reference",0.927461139896373
"reference",0.458762886597938
"reference",0.278350515463918
"reference",0
"reference",0.0103092783505155
"reference",0.94300518134715
"reference",0.170984455958549
"reference",0.0103092783505155
"reference",0.00518134715025907
"reference",0.709844559585492
"reference",0.492227979274611
"reference",0.440414507772021
"reference",0
"reference",0
"reference",0.00515463917525773
"reference",0.77948717948718
"reference",0.98974358974359
"reference",0.0512820512820513
"reference",0
"reference",0.994871794871795
"reference",0.38659793814433
"reference",0.994871794871795
"reference",0.0512820512820513
"reference",0.0153846153846154
"reference",0
"reference",0.994871794871795
"reference",0.0615384615384615
"reference",0.00512820512820513
"reference",0.728205128205128
"reference",0.774358974358974
"reference",0.0564102564102564
"reference",0.0256410256410256
"reference",0.615384615384615
"reference",0.748717948717949
"reference",0.487179487179487
"reference",0.00512820512820513
"reference",0.994871794871795
"reference",0.98974358974359
"reference",0.0205128205128205
"reference",0
"reference",0.00512820512820513
"reference",0.0102564102564103
"reference",0.757731958762887
"reference",0.994871794871795
"reference",0.0102564102564103
"reference",0.0205128205128205
"reference",0
"reference",0.292307692307692
"reference",0.0102564102564103
"reference",0.98974358974359
"reference",0.134020618556701
"reference",0.0256410256410256
"reference",0
"reference",0.00512820512820513
"reference",0.00512820512820513
"reference",0.0102564102564103
"reference",0.98974358974359
"reference",0.343589743589744
"reference",0.0102564102564103
"reference",0.00512820512820513
"reference",0.98974358974359
"reference",0.360824742268041
"reference",0.0666666666666667
"reference",0
"reference",0
"reference",0.964102564102564
"reference",0.435233160621762
"reference",0.0256410256410256
"reference",0.0205128205128205
"reference",0
"reference",0.00512820512820513
"reference",0.0256410256410256
"reference",0.108247422680412
"reference",0.984615384615385
"reference",0.0205128205128205
"reference",0
"reference",0.994871794871795
"reference",0.933333333333333
"reference",0.4
"reference",0
"reference",0.00512820512820513
"reference",0.97948717948718
"reference",0.107692307692308
"reference",0.00512820512820513
"reference",0.0564102564102564
"reference",0.994871794871795
"reference",0.764102564102564
"reference",0.00512820512820513
"reference",0.0153846153846154
"reference",0.98974358974359
"reference",0.00512820512820513
"reference",0
"reference",0
"reference",0
"reference",0.041025641025641
"reference",0.887179487179487
"reference",0.989690721649485
"reference",0
"reference",0
"reference",0.0102564102564103
"reference",0.994871794871795
"reference",0.994871794871795
"reference",0.0102564102564103
"reference",0
"reference",0.0153846153846154
"reference",0.994818652849741
"reference",0.805128205128205
"reference",0
"reference",0
"reference",0.00512820512820513
"reference",0.0102564102564103
"reference",0.994871794871795
"reference",0.98974358974359
"reference",0.0153846153846154
"reference",0.00512820512820513
"reference",1
"reference",1
"reference",0.0248447204968944
"reference",0.0124223602484472
"reference",0.993788819875776
"reference",0.784810126582278
"reference",0.0372670807453416
"reference",0.0062111801242236
"reference",0.0062111801242236
"reference",0.993788819875776
"reference",0.836477987421384
"reference",0
"reference",0.0062111801242236
"reference",0.0062111801242236
"reference",0.84375
"reference",0.320754716981132
"reference",0.1875
"reference",0.01875
"reference",0
"reference",0.0186335403726708
"reference",0.993788819875776
"reference",1
"reference",1
"reference",0.0062111801242236
"reference",0
"reference",0
"reference",0.0062111801242236
"reference",0.993788819875776
"reference",0.993788819875776
"reference",0.0124223602484472
"reference",0.0062111801242236
"reference",0.031055900621118
"reference",0
"reference",0.0434782608695652
"reference",1
"reference",1
"reference",0.0062111801242236
"reference",0.0062111801242236
"reference",0.993788819875776
"reference",0.0880503144654088
"reference",0.8125
"reference",0.0375
"reference",0.0062111801242236
"reference",0
"reference",0.0062111801242236
"reference",0.993788819875776
"reference",0.245283018867925
"reference",0
"reference",0.025
"reference",0
"reference",0
"reference",1
"reference",0.170886075949367
"reference",0.0759493670886076
"reference",0.0248447204968944
"reference",0.0062111801242236
"reference",0
"reference",1
"reference",0.34375
"reference",0.0496894409937888
"reference",0.0683229813664596
"reference",0.0062111801242236
"reference",0.0062111801242236
"reference",0.0566037735849057
"reference",0.40251572327044
"reference",0.475
"reference",0.4
"reference",0.220125786163522
"reference",0
"reference",0.993788819875776
"reference",0.118012422360248
"reference",0.417721518987342
"reference",0
"reference",0
"reference",0.0124223602484472
"reference",1
"reference",0.05625
"reference",0.169811320754717
"reference",0.238993710691824
"reference",0
"reference",0
"reference",0
"reference",0.0062111801242236
"reference",0.0062111801242236
"reference",1
"reference",1
"reference",0.99375
"reference",0.00625
"reference",0.278481012658228
"reference",0.392405063291139
"reference",0.119496855345912
"reference",0.03125
"reference",0.00625
"reference",0
"reference",0
"reference",0.0251572327044025
"reference",0.0125
"reference",1
"reference",0.0828025477707006
"reference",0.00625
"reference",0.00625
"reference",1
"reference",1
"reference",0
"reference",1
"reference",0.993788819875776
"reference",0
"reference",0.0062111801242236
"reference",0
"reference",0.761006289308176
"reference",0.341772151898734
"reference",0
"reference",0.0062111801242236
"reference",0
"reference",0.99375
"reference",0.993788819875776
"reference",0.0248447204968944
"reference",0
"reference",0
"reference",1
"reference",0.95
"reference",0.119496855345912
"reference",0.0625
"reference",0
"reference",0.0062111801242236
"reference",0.0745341614906832
"reference",0.0062111801242236
"reference",0.981366459627329
"reference",0.093167701863354
"reference",0.440251572327044
"reference",0.0124223602484472
"reference",0.394904458598726
"reference",0.0062111801242236
"reference",0.993788819875776
"reference",0.4125
"reference",0
"reference",0.0062111801242236
"reference",0
"reference",0.00625
"reference",0.00625
"reference",1
"reference",1
"reference",0.987421383647799
"reference",0
"reference",0.4
"reference",0.0754716981132075
"reference",0.0759493670886076
"reference",0
"reference",0
"reference",0.993788819875776
"reference",0.031055900621118
"reference",0.993788819875776
"reference",0.0124223602484472
"reference",0
"reference",0
"reference",0
"reference",0
"reference",0.981366459627329
"reference",0.138364779874214
"reference",0.0496894409937888
"reference",0
"reference",0.0124223602484472
"reference",0.993788819875776
"reference",0.0062111801242236
"reference",0.0062111801242236
"reference",0.0062111801242236
"reference",1
"reference",0.739130434782609
"reference",0.0683229813664596
"reference",0.0062111801242236
"reference",0
"reference",0.0124223602484472
"reference",0.9
"reference",0.993788819875776
"reference",0.08125
"reference",0
"reference",1
"reference",0.987577639751553
"reference",0.881987577639752
"reference",0.0186335403726708
"reference",0.0124223602484472
"reference",0
"reference",1
"reference",0.124223602484472
"reference",0.0124223602484472
"reference",0.987577639751553
"reference",0.981366459627329
"reference",0
"reference",0.0124223602484472
"reference",0.77639751552795
"reference",0.981366459627329
"reference",0.43125
"reference",0.0062111801242236
"reference",1
"reference",0.869565217391304
"reference",0.0434782608695652
"reference",0
"reference",0
"reference",0.00625
"reference",0.993788819875776
"reference",1
"reference",0
"reference",0.0186335403726708
"reference",0
"reference",0.0124223602484472
"reference",0.0062111801242236
"reference",1
"reference",0.993788819875776
"reference",0.857142857142857
"reference",0
"reference",0
"reference",0
"reference",0.0124223602484472
"reference",0.993788819875776
"reference",0.40506329113924
"reference",0.0062111801242236
"reference",0.0062111801242236
"reference",1
"reference",0.391025641025641
"reference",0.10625
"reference",0.0062111801242236
"reference",0
"reference",0.987577639751553
"reference",0.993788819875776
"reference",0.0062111801242236
"reference",0.0124223602484472
"reference",0
"reference",0.0062111801242236
"reference",0
"reference",1
"reference",0.981366459627329
"reference",0
"reference",0
"reference",0.993788819875776
"reference",0.993788819875776
"reference",0.993788819875776
"reference",0
"reference",0.0062111801242236
"reference",0.993788819875776
"reference",0.0691823899371069
"reference",0
"reference",0.0869565217391304
"reference",1
"reference",0.987577639751553
"reference",0.0062111801242236
"reference",0.0124223602484472
"reference",0.993788819875776
"reference",0.0062111801242236
"reference",0.0062111801242236
"reference",0
"reference",0.0248447204968944
"reference",0.173913043478261
"reference",0.0372670807453416
"reference",0.993788819875776
"reference",0
"reference",0
"reference",0.0062111801242236
"reference",0.689873417721519
"reference",0.993788819875776
"reference",0
"reference",0
"reference",0.0062111801242236
"reference",0.85
"reference",0.993788819875776
"reference",0
"reference",0
"reference",0
"reference",0.0062111801242236
"reference",1
"reference",0.825
"reference",0.01875
"reference",0.0062111801242236
"reference",0.0373831775700935
"reference",1
"reference",0.196261682242991
"reference",0.0467289719626168
"reference",1
"reference",0.504672897196262
"reference",0.594339622641509
"reference",0.00934579439252336
"reference",0
"reference",1
"reference",0.85981308411215
"reference",0.00934579439252336
"reference",0
"reference",0.0186915887850467
"reference",0.850467289719626
"reference",0.542056074766355
"reference",0.0186915887850467
"reference",0.0283018867924528
"reference",0
"reference",0
"reference",1
"reference",1
"reference",0.0280373831775701
"reference",0
"reference",0
"reference",0
"reference",0
"reference",1
"reference",1
"reference",0.00934579439252336
"reference",0
"reference",0
"reference",0.00934579439252336
"reference",0.0373831775700935
"reference",0.962616822429907
"reference",0.30188679245283
"reference",0.0560747663551402
"reference",0
"reference",0.504672897196262
"reference",0.0283018867924528
"reference",0.0654205607476635
"reference",1
"reference",0
"reference",0
"reference",0.00934579439252336
"reference",1
"reference",0.0841121495327103
"reference",0.00934579439252336
"reference",0.0186915887850467
"reference",0
"reference",0
"reference",1
"reference",0.0934579439252336
"reference",0.0934579439252336
"reference",0.0280373831775701
"reference",0
"reference",0
"reference",0.962616822429907
"reference",0.794392523364486
"reference",0.0934579439252336
"reference",0.224299065420561
"reference",0.00934579439252336
"reference",0
"reference",0.0467289719626168
"reference",0.0467289719626168
"reference",1
"reference",0.121495327102804
"reference",0.0560747663551402
"reference",0
"reference",0.121495327102804
"reference",1
"reference",0.214953271028037
"reference",0
"reference",0
"reference",0
"reference",1
"reference",0
"reference",1
"reference",0.0280373831775701
"reference",0
"reference",0
"reference",0
"reference",0
"reference",0
"reference",1
"reference",1
"reference",0.00934579439252336
"reference",0
"reference",0.11214953271028
"reference",0.392523364485981
"reference",0.168224299065421
"reference",0.0373831775700935
"reference",0
"reference",0.00934579439252336
"reference",0
"reference",0.0280373831775701
"reference",0
"reference",0.121495327102804
"reference",1
"reference",0
"reference",0
"reference",1
"reference",1
"reference",0
"reference",1
"reference",0.121495327102804
"reference",0
"reference",0
"reference",0
"reference",0.94392523364486
"reference",0.121495327102804
"reference",0
"reference",0.00934579439252336
"reference",0
"reference",0.261682242990654
"reference",1
"reference",0.317757009345794
"reference",0.130841121495327
"reference",0.0280373831775701
"reference",1
"reference",1
"reference",0
"reference",0.00952380952380952
"reference",0
"reference",0
"reference",0.00934579439252336
"reference",0
"reference",0.990654205607477
"reference",0.0841121495327103
"reference",0.738317757009346
"reference",0.00934579439252336
"reference",0.635514018691589
"reference",0
"reference",0.962616822429907
"reference",0.551401869158878
"reference",0.00934579439252336
"reference",0
"reference",0
"reference",0.0280373831775701
"reference",0
"reference",1
"reference",1
"reference",0
"reference",0
"reference",0.523364485981308
"reference",0.102803738317757
"reference",0.0467289719626168
"reference",0
"reference",0
"reference",1
"reference",0.145631067961165
"reference",0.446601941747573
"reference",0.0776699029126214
"reference",0.0388349514563107
"reference",0
"reference",0
"reference",0
"reference",0.970873786407767
"reference",0.663551401869159
"reference",0
"reference",0
"reference",0
"reference",0.953271028037383
"reference",0.205607476635514
"reference",0
"reference",0
"reference",1
"reference",0.619047619047619
"reference",0.0566037735849057
"reference",0
"reference",0
"reference",0
"reference",1
"reference",1
"reference",0.0186915887850467
"reference",0
"reference",0.660377358490566
"reference",1
"reference",0.570093457943925
"reference",0.0186915887850467
"reference",0.0373831775700935
"reference",0
"reference",1
"reference",0.0747663551401869
"reference",0.00934579439252336
"reference",0.85981308411215
"reference",0.336448598130841
"reference",0.0373831775700935
"reference",0.0280373831775701
"reference",0.377358490566038
"reference",0.858490566037736
"reference",0.10377358490566
"reference",0
"reference",0.990566037735849
"reference",0.672897196261682
"reference",0.0654205607476635
"reference",0
"reference",0
"reference",0
"reference",0.355140186915888
"reference",1
"reference",0
"reference",0
"reference",0.0373831775700935
"reference",0
"reference",0.0467289719626168
"reference",0
"reference",0.0280373831775701
"reference",0.0186915887850467
"reference",0
"reference",0
"reference",0
"reference",0.0373831775700935
"reference",0.990654205607477
"reference",0.224299065420561
"reference",0
"reference",0
"reference",1
"reference",0.235849056603774
"reference",0.0560747663551402
"reference",0
"reference",0
"reference",0.691588785046729
"reference",0.186915887850467
"reference",0.0654205607476635
"reference",0.0186915887850467
"reference",0
"reference",0
"reference",0.0186915887850467
"reference",0.261682242990654
"reference",0.766355140186916
"reference",0.0280373831775701
"reference",0.00934579439252336
"reference",0.719626168224299
"reference",0.850467289719626
"reference",0.214953271028037
"reference",0
"reference",0
"reference",0.560747663551402
"reference",0.121495327102804
"reference",0
"reference",0
"reference",0.561904761904762
"reference",0.373831775700935
"reference",0
"reference",0.607476635514019
"reference",0.925233644859813
"reference",0
"reference",0
"reference",0
"reference",0.00934579439252336
"reference",1
"reference",1
"reference",1
"reference",0
"reference",0
"reference",0
"reference",0.867924528301887
"reference",1
"reference",0
"reference",0
"reference",0
"reference",1
"reference",0.495327102803738
"reference",0
"reference",0.00934579439252336
"reference",0
"reference",0
"reference",0.981308411214953
"reference",0.839622641509434
"reference",0
"reference",0
"fitted_shape",0
"fitted_shape",0
"fitted_shape",0
"fitted_shape",0.364485981308411
"fitted_shape",0
"fitted_shape",0
"fitted_shape",0.112612612612613
"fitted_shape",0.72093023255814
"fitted_shape",0
"fitted_shape",0.995024875621891
"fitted_shape",0.0676328502415459
"fitted_shape",1
"fitted_shape",0.728971962616822
"fitted_shape",0
"fitted_shape",0
"fitted_shape",0
"fitted_shape",0
"fitted_shape",1
"fitted_shape",0.14018691588785
"fitted_shape",1
"fitted_shape",0
"fitted_shape",1
"fitted_shape",0.0040650406504065
"fitted_shape",0.0787037037037037
"fitted_shape",0
"fitted_shape",0
"fitted_shape",0
"fitted_shape",0
"fitted_shape",0.110576923076923
"fitted_shape",0
"fitted_shape",0.990740740740741
"fitted_shape",0.040650406504065
"fitted_shape",1
"fitted_shape",0
"fitted_shape",0.774590163934426
"fitted_shape",1
"fitted_shape",0
"fitted_shape",0
"fitted_shape",0
"fitted_shape",0.518018018018018
"fitted_shape",0
"fitted_shape",0.181818181818182
"fitted_shape",0
"fitted_shape",0
"fitted_shape",0.233644859813084
"fitted_shape",0.152284263959391
"fitted_shape",1
"fitted_shape",0.105
"fitted_shape",0
"fitted_shape",0
"fitted_shape",0
"fitted_shape",0.186602870813397
"fitted_shape",0
"fitted_shape",0
"fitted_shape",0
"fitted_shape",0
"fitted_shape",0
"fitted_shape",0
"fitted_shape",0.111650485436893
"fitted_shape",0.0191387559808612
"fitted_shape",0
"fitted_shape",0.143589743589744
"fitted_shape",0
"fitted_shape",0.0846560846560847
"fitted_shape",0.0102564102564103
"fitted_shape",1
"fitted_shape",0
"fitted_shape",0.639751552795031
"fitted_shape",1
"fitted_shape",0
"fitted_shape",0.0205128205128205
"fitted_shape",0.753846153846154
"fitted_shape",0
"fitted_shape",0.305555555555556
"fitted_shape",0
"fitted_shape",0.00408163265306122
"fitted_shape",0.608333333333333
"fitted_shape",0.821052631578947
"fitted_shape",0.0100502512562814
"fitted_shape",0.0746268656716418
"fitted_shape",0
"fitted_shape",1
"fitted_shape",0
"fitted_shape",1
"fitted_shape",1
"fitted_shape",0.0528846153846154
"fitted_shape",1
"fitted_shape",0
"fitted_shape",0.087962962962963
"fitted_shape",0
"fitted_shape",0
"fitted_shape",0
"fitted_shape",0.716494845360825
"fitted_shape",0
"fitted_shape",0.232323232323232
"fitted_shape",0.394230769230769
"fitted_shape",0.975961538461538
"fitted_shape",0.157407407407407
"fitted_shape",0.934579439252336
"fitted_shape",1
"fitted_shape",0
"fitted_shape",0
"fitted_shape",0.0144230769230769
"fitted_shape",0.475336322869955
"fitted_shape",0
"fitted_shape",0
"fitted_shape",1
"fitted_shape",0
"fitted_shape",0
"fitted_shape",0.0765765765765766
"fitted_shape",0.932735426008969
"fitted_shape",0
"fitted_shape",0.00961538461538462
"fitted_shape",0.0717488789237668
"fitted_shape",0.851851851851852
"fitted_shape",0
"fitted_shape",0.645962732919255
"fitted_shape",0.985915492957746
"fitted_shape",0
"fitted_shape",0.349282296650718
"fitted_shape",1
"fitted_shape",1
"fitted_shape",0
"fitted_shape",0
"fitted_shape",0.462962962962963
"fitted_shape",0
"fitted_shape",1
"fitted_shape",0
"fitted_shape",0
"fitted_shape",0.227642276422764
"fitted_shape",0.0858585858585859
"fitted_shape",0.177033492822967
"fitted_shape",0.757009345794392
"fitted_shape",0.661691542288557
"fitted_shape",0
"fitted_shape",0
"fitted_shape",0
"fitted_shape",0.518518518518518
"fitted_shape",0
"fitted_shape",0.162790697674419
"fitted_shape",0
"fitted_shape",0
"fitted_shape",0
"fitted_shape",0.0566037735849057
"fitted_shape",0.111801242236025
"fitted_shape",1
"fitted_shape",1
"fitted_shape",0.00961538461538462
"fitted_shape",0.958333333333333
"fitted_shape",0
"fitted_shape",0.222222222222222
"fitted_shape",0
"fitted_shape",0
"fitted_shape",0
"fitted_shape",0
"fitted_shape",0.0348258706467662
"fitted_shape",1
"fitted_shape",0
"fitted_shape",0
"fitted_shape",0.2152466367713
"fitted_shape",0
"fitted_shape",1
"fitted_shape",0.248756218905473
"fitted_shape",0.0280373831775701
"fitted_shape",0
"fitted_shape",0
"fitted_shape",0
"fitted_shape",0
"fitted_shape",0
"fitted_shape",0.0163265306122449
"fitted_shape",0
"fitted_shape",1
"fitted_shape",0.0406091370558376
"fitted_shape",0
"fitted_shape",0
"fitted_shape",0
"fitted_shape",0
"fitted_shape",0
"fitted_shape",1
"fitted_shape",1
"fitted_shape",0.97196261682243
"fitted_shape",0
"fitted_shape",0
"fitted_shape",1
"fitted_shape",0
"fitted_shape",0
"fitted_shape",0
"fitted_shape",0
"fitted_shape",0
"fitted_shape",0
"fitted_shape",0
"fitted_shape",0.161434977578475
"fitted_shape",0
"fitted_shape",0.962616822429907
"fitted_shape",0
"fitted_shape",0.975961538461538
"fitted_shape",0
"fitted_shape",0
"fitted_shape",1
"fitted_shape",0
"fitted_shape",0
"fitted_shape",0
"fitted_shape",0
"fitted_shape",0.00480769230769231
"fitted_shape",0
"fitted_shape",0
"fitted_shape",0
"fitted_shape",1
"fitted_shape",0.0124223602484472
"fitted_shape",0
"fitted_shape",0
"fitted_shape",0
"fitted_shape",0
"fitted_shape",0
"fitted_shape",0.0199004975124378
"fitted_shape",0.30622009569378
"fitted_shape",0.767676767676768
"fitted_shape",0
"fitted_shape",0.647668393782383
"fitted_shape",0
"fitted_shape",0.841121495327103
"fitted_shape",0.00497512437810945
"fitted_shape",1
"fitted_shape",0
"fitted_shape",0
"fitted_shape",0
"fitted_shape",0.0102564102564103
"fitted_shape",0
"fitted_shape",0.093167701863354
"fitted_shape",0.893518518518518
"fitted_shape",0
"fitted_shape",0
"fitted_shape",0
"fitted_shape",0
"fitted_shape",0.601010101010101
"fitted_shape",0
"fitted_shape",0
"fitted_shape",0
"fitted_shape",0
"fitted_shape",1
"fitted_shape",0.671794871794872
"fitted_shape",0
"fitted_shape",0
"fitted_shape",0.98974358974359
"fitted_shape",0.0151515151515152
"fitted_shape",0
"fitted_shape",0.741293532338308
"fitted_shape",0
"fitted_shape",0.994871794871795
"fitted_shape",0
"fitted_shape",0.470873786407767
"fitted_shape",0.990049751243781
"fitted_shape",0
"fitted_shape",0
"fitted_shape",0.121212121212121
"fitted_shape",1
"fitted_shape",0
"fitted_shape",0.459627329192547
"fitted_shape",0
"fitted_shape",0
"fitted_shape",0.0231481481481481
"fitted_shape",0.947368421052632
"fitted_shape",0
"fitted_shape",0
"fitted_shape",1
"fitted_shape",1
"fitted_shape",0
"fitted_shape",0.991489361702128
"fitted_shape",0
"fitted_shape",0
"fitted_shape",0
"fitted_shape",1
"fitted_shape",0
"fitted_shape",0
"fitted_shape",0
"fitted_shape",0.403587443946188
"fitted_shape",0
"fitted_shape",0
"fitted_shape",0.143540669856459
"fitted_shape",0.629807692307692
"fitted_shape",0
"fitted_shape",0.986111111111111
"fitted_shape",0.139303482587065
"fitted_shape",1
"fitted_shape",0.548717948717949
"fitted_shape",0
"fitted_shape",0
"fitted_shape",0
"fitted_shape",0
"fitted_shape",1
"fitted_shape",0.205607476635514
"fitted_shape",1
"fitted_shape",0
"fitted_shape",1
"fitted_shape",0.00462962962962963
"fitted_shape",0.0757575757575758
"fitted_shape",0
"fitted_shape",0
"fitted_shape",0
"fitted_shape",0
"fitted_shape",0.105769230769231
"fitted_shape",0
"fitted_shape",0.985074626865672
"fitted_shape",0.0099502487562189
"fitted_shape",1
"fitted_shape",0
"fitted_shape",0.732510288065844
"fitted_shape",1
"fitted_shape",0
"fitted_shape",0
"fitted_shape",0
"fitted_shape",0.405660377358491
"fitted_shape",0
"fitted_shape",0.24537037037037
"fitted_shape",0
"fitted_shape",0
"fitted_shape",0.296803652968037
"fitted_shape",0.167441860465116
"fitted_shape",1
"fitted_shape",0.0601092896174863
"fitted_shape",0
"fitted_shape",0
"fitted_shape",0
"fitted_shape",0.35
"fitted_shape",0
"fitted_shape",0.00465116279069767
"fitted_shape",0
"fitted_shape",0
"fitted_shape",0
"fitted_shape",0
"fitted_shape",0.0913461538461538
"fitted_shape",0.0961538461538462
"fitted_shape",0
"fitted_shape",0.0625
"fitted_shape",0
"fitted_shape",0.180555555555556
"fitted_shape",0.0194174757281553
"fitted_shape",1
"fitted_shape",0
"fitted_shape",0.725961538461538
"fitted_shape",1
"fitted_shape",0
"fitted_shape",0
"fitted_shape",0.718367346938775
"fitted_shape",0
"fitted_shape",0.355670103092784
"fitted_shape",0
"fitted_shape",0
"fitted_shape",0.660287081339713
"fitted_shape",0.895
"fitted_shape",0.00480769230769231
"fitted_shape",0.0199004975124378
"fitted_shape",0
"fitted_shape",1
"fitted_shape",0
"fitted_shape",1
"fitted_shape",1
"fitted_shape",0.0625
"fitted_shape",1
"fitted_shape",0
"fitted_shape",0.0576923076923077
"fitted_shape",0
"fitted_shape",0
"fitted_shape",0
"fitted_shape",0.699551569506726
"fitted_shape",0.0185185185185185
"fitted_shape",0.287179487179487
"fitted_shape",0.434977578475336
"fitted_shape",0.986046511627907
"fitted_shape",0.207317073170732
"fitted_shape",0.895522388059702
"fitted_shape",1
"fitted_shape",0
"fitted_shape",0
"fitted_shape",0.0280373831775701
"fitted_shape",0.5
"fitted_shape",0
"fitted_shape",0
"fitted_shape",1
"fitted_shape",0
"fitted_shape",0
"fitted_shape",0.0717488789237668
"fitted_shape",0.962732919254658
"fitted_shape",0
"fitted_shape",0.005
"fitted_shape",0.0807453416149068
"fitted_shape",0.918269230769231
"fitted_shape",0
"fitted_shape",0.691542288557214
"fitted_shape",0.974619289340102
"fitted_shape",0
"fitted_shape",0.31
"fitted_shape",1
"fitted_shape",1
"fitted_shape",0
"fitted_shape",0
"fitted_shape",0.291139240506329
"fitted_shape",0
"fitted_shape",1
"fitted_shape",0
"fitted_shape",0
"fitted_shape",0.271028037383178
"fitted_shape",0.111111111111111
"fitted_shape",0.0757575757575758
"fitted_shape",0.535885167464115
"fitted_shape",0.621890547263682
"fitted_shape",0
"fitted_shape",0
"fitted_shape",0
"fitted_shape",0.355102040816327
"fitted_shape",0
"fitted_shape",0.121076233183857
"fitted_shape",0
"fitted_shape",0
"fitted_shape",0
"fitted_shape",0.0707070707070707
"fitted_shape",0.129807692307692
"fitted_shape",1
"fitted_shape",1
"fitted_shape",0
"fitted_shape",0.980769230769231
"fitted_shape",0
"fitted_shape",0.342857142857143
"fitted_shape",0
"fitted_shape",0
"fitted_shape",0
"fitted_shape",0
"fitted_shape",0.0430622009569378
"fitted_shape",0.995
"fitted_shape",0
"fitted_shape",0
"fitted_shape",0.229813664596273
"fitted_shape",0
"fitted_shape",1
"fitted_shape",0.387755102040816
"fitted_shape",0.00970873786407767
"fitted_shape",0
"fitted_shape",0
"fitted_shape",0
"fitted_shape",0
"fitted_shape",0
"fitted_shape",0
"fitted_shape",0
"fitted_shape",1
"fitted_shape",0.0837209302325581
"fitted_shape",0
"fitted_shape",0
"fitted_shape",0
"fitted_shape",0
"fitted_shape",0.0252525252525253
"fitted_shape",1
"fitted_shape",1
"fitted_shape",0.981308411214953
"fitted_shape",0.00478468899521531
"fitted_shape",0
"fitted_shape",1
"fitted_shape",0
"fitted_shape",0
"fitted_shape",0
"fitted_shape",0
"fitted_shape",0
"fitted_shape",0
"fitted_shape",0
"fitted_shape",0.148325358851675
"fitted_shape",0.0447761194029851
"fitted_shape",0.958333333333333
"fitted_shape",0
"fitted_shape",0.967441860465116
"fitted_shape",0
"fitted_shape",0
"fitted_shape",1
"fitted_shape",0
"fitted_shape",0
"fitted_shape",0
"fitted_shape",0
"fitted_shape",0
"fitted_shape",0
"fitted_shape",0
"fitted_shape",0
"fitted_shape",1
"fitted_shape",0.0210526315789474
"fitted_shape",0
"fitted_shape",0
"fitted_shape",0
"fitted_shape",0
"fitted_shape",0
"fitted_shape",0.031390134529148
"fitted_shape",0.287081339712919
"fitted_shape",0.738317757009346
"fitted_shape",0
"fitted_shape",0.652173913043478
"fitted_shape",0
"fitted_shape",0.854368932038835
"fitted_shape",0
"fitted_shape",1
"fitted_shape",0
"fitted_shape",0
"fitted_shape",0
"fitted_shape",0
"fitted_shape",0.0210526315789474
"fitted_shape",0.0144230769230769
"fitted_shape",0.880382775119617
"fitted_shape",0
"fitted_shape",0
"fitted_shape",0
"fitted_shape",0
"fitted_shape",0.617224880382775
"fitted_shape",0
"fitted_shape",0
"fitted_shape",0
"fitted_shape",0
"fitted_shape",1
"fitted_shape",0.762626262626263
"fitted_shape",0
"fitted_shape",0
"fitted_shape",1
"fitted_shape",0.00478468899521531
"fitted_shape",0
"fitted_shape",0.788461538461538
"fitted_shape",0
"fitted_shape",0.959349593495935
"fitted_shape",0
"fitted_shape",0.507462686567164
"fitted_shape",0.981366459627329
"fitted_shape",0
"fitted_shape",0
"fitted_shape",0.235
"fitted_shape",1
"fitted_shape",0
"fitted_shape",0.51219512195122
"fitted_shape",0
"fitted_shape",0
"fitted_shape",0.00909090909090909
"fitted_shape",0.851351351351351
"fitted_shape",0
"fitted_shape",0
"fitted_shape",1
"fitted_shape",1
"fitted_shape",0
"fitted_shape",1
"fitted_shape",0
"fitted_shape",0
"fitted_shape",0.00925925925925926
"fitted_shape",1
"fitted_shape",0
"fitted_shape",0
"fitted_shape",0
"fitted_shape",0.335
"fitted_shape",0
"fitted_shape",0
"fitted_shape",0.150406504065041
"fitted_shape",0.792682926829268
"fitted_shape",0
"fitted_shape",0.981308411214953
"fitted_shape",0.054726368159204
"fitted_shape",1
"fitted_shape",0.590062111801242
"fitted_shape",0
"fitted_shape",0
"fitted_shape",0
"fitted_shape",0
"fitted_shape",1
"fitted_shape",0.0804020100502513
"fitted_shape",1
"fitted_shape",0
"fitted_shape",1
"fitted_shape",0.00448430493273543
"fitted_shape",0.0946502057613169
"fitted_shape",0
"fitted_shape",0
"fitted_shape",0
"fitted_shape",0
"fitted_shape",0.121951219512195
"fitted_shape",0.0050761421319797
"fitted_shape",0.962616822429907
"fitted_shape",0.045
"fitted_shape",1
"fitted_shape",0
"fitted_shape",0.805128205128205
"fitted_shape",1
"fitted_shape",0
"fitted_shape",0.0101010101010101
"fitted_shape",0
"fitted_shape",0.528846153846154
"fitted_shape",0.005
"fitted_shape",0.278026905829596
"fitted_shape",0
"fitted_shape",0
"fitted_shape",0.31875
"fitted_shape",0.0993788819875776
"fitted_shape",1
"fitted_shape",0.145077720207254
"fitted_shape",0
"fitted_shape",0
"fitted_shape",0
"fitted_shape",0.255605381165919
"fitted_shape",0
"fitted_shape",0
"fitted_shape",0
"fitted_shape",0
"fitted_shape",0
"fitted_shape",0
"fitted_shape",0.177033492822967
"fitted_shape",0.00934579439252336
"fitted_shape",0
"fitted_shape",0.100478468899522
"fitted_shape",0
"fitted_shape",0.104477611940299
"fitted_shape",0
"fitted_shape",1
"fitted_shape",0
"fitted_shape",0.731958762886598
"fitted_shape",1
"fitted_shape",0
"fitted_shape",0
"fitted_shape",0.754807692307692
"fitted_shape",0
"fitted_shape",0.482051282051282
"fitted_shape",0
"fitted_shape",0
"fitted_shape",0.654205607476635
"fitted_shape",0.861751152073733
"fitted_shape",0.00478468899521531
"fitted_shape",0.0348258706467662
"fitted_shape",0
"fitted_shape",1
"fitted_shape",0
"fitted_shape",1
"fitted_shape",1
"fitted_shape",0.0448430493273543
"fitted_shape",1
"fitted_shape",0.00896860986547085
"fitted_shape",0.0505050505050505
"fitted_shape",0
"fitted_shape",0.00436681222707424
"fitted_shape",0
"fitted_shape",0.645739910313901
"fitted_shape",0
"fitted_shape",0.456410256410256
"fitted_shape",0.568527918781726
"fitted_shape",0.964125560538117
"fitted_shape",0.172897196261682
"fitted_shape",0.918269230769231
"fitted_shape",1
"fitted_shape",0
"fitted_shape",0
"fitted_shape",0
"fitted_shape",0.565217391304348
"fitted_shape",0
"fitted_shape",0
"fitted_shape",1
"fitted_shape",0
"fitted_shape",0
"fitted_shape",0.168224299065421
"fitted_shape",0.980099502487562
"fitted_shape",0
"fitted_shape",0
"fitted_shape",0.0625
"fitted_shape",0.935323383084577
"fitted_shape",0
"fitted_shape",0.708133971291866
"fitted_shape",0.963917525773196
"fitted_shape",0
"fitted_shape",0.205607476635514
"fitted_shape",1
"fitted_shape",1
"fitted_shape",0
"fitted_shape",0.00896860986547085
"fitted_shape",0.306306306306306
"fitted_shape",0
"fitted_shape",1
"fitted_shape",0
"fitted_shape",0
"fitted_shape",0.2
"fitted_shape",0.186602870813397
"fitted_shape",0.129807692307692
"fitted_shape",0.634517766497462
"fitted_shape",0.735576923076923
"fitted_shape",0
"fitted_shape",0
"fitted_shape",0
"fitted_shape",0.242990654205607
"fitted_shape",0.0045045045045045
"fitted_shape",0.149068322981366
"fitted_shape",0
"fitted_shape",0
"fitted_shape",0
"fitted_shape",0.0615384615384615
"fitted_shape",0.0841121495327103
"fitted_shape",1
"fitted_shape",1
"fitted_shape",0
"fitted_shape",0.993788819875776
"fitted_shape",0
"fitted_shape",0.351851851851852
"fitted_shape",0
"fitted_shape",0
"fitted_shape",0
"fitted_shape",0
"fitted_shape",0.0625
"fitted_shape",0.98989898989899
"fitted_shape",0
"fitted_shape",0
"fitted_shape",0.203980099502488
"fitted_shape",0
"fitted_shape",1
"fitted_shape",0.293269230769231
"fitted_shape",0.0489795918367347
"fitted_shape",0
"fitted_shape",0
"fitted_shape",0
"fitted_shape",0
"fitted_shape",0
"fitted_shape",0
"fitted_shape",0
"fitted_shape",1
"fitted_shape",0.0101522842639594
"fitted_shape",0
"fitted_shape",0
"fitted_shape",0
"fitted_shape",0
"fitted_shape",0
"fitted_shape",1
"fitted_shape",1
"fitted_shape",0.990430622009569
"fitted_shape",0
"fitted_shape",0
"fitted_shape",1
"fitted_shape",0
"fitted_shape",0
"fitted_shape",0
"fitted_shape",0
"fitted_shape",0
"fitted_shape",0
"fitted_shape",0
"fitted_shape",0.29
"fitted_shape",0.031390134529148
"fitted_shape",0.955102040816327
"fitted_shape",0
"fitted_shape",0.974747474747475
"fitted_shape",0
"fitted_shape",0
"fitted_shape",1
"fitted_shape",0
"fitted_shape",0
"fitted_shape",0
"fitted_shape",0
"fitted_shape",0.106122448979592
"fitted_shape",0
"fitted_shape",0
"fitted_shape",0
"fitted_shape",1
"fitted_shape",0.031390134529148
"fitted_shape",0
"fitted_shape",0
"fitted_shape",0
"fitted_shape",0
"fitted_shape",0
"fitted_shape",0.0280373831775701
"fitted_shape",0.196261682242991
"fitted_shape",0.808612440191388
"fitted_shape",0.00448430493273543
"fitted_shape",0.641414141414141
"fitted_shape",0
"fitted_shape",0.873983739837398
"fitted_shape",0
"fitted_shape",1
"fitted_shape",0
"fitted_shape",0.00961538461538462
"fitted_shape",0
"fitted_shape",0
"fitted_shape",0.0149253731343284
"fitted_shape",0.0124223602484472
"fitted_shape",0.949074074074074
"fitted_shape",0
"fitted_shape",0
"fitted_shape",0
"fitted_shape",0
"fitted_shape",0.616915422885572
"fitted_shape",0
"fitted_shape",0
"fitted_shape",0
"fitted_shape",0
"fitted_shape",1
"fitted_shape",0.642553191489362
"fitted_shape",0
"fitted_shape",0
"fitted_shape",0.98974358974359
"fitted_shape",0.00896860986547085
"fitted_shape",0
"fitted_shape",0.776649746192893
"fitted_shape",0
"fitted_shape",0.985
"fitted_shape",0
"fitted_shape",0.394618834080717
"fitted_shape",0.985576923076923
"fitted_shape",0
"fitted_shape",0
"fitted_shape",0.248803827751196
"fitted_shape",1
"fitted_shape",0
"fitted_shape",0.641414141414141
"fitted_shape",0
"fitted_shape",0.0040650406504065
"fitted_shape",0.04
"fitted_shape",0.643518518518518
"fitted_shape",0
"fitted_shape",0
"fitted_shape",1
"fitted_shape",1
"fitted_shape",0
"fitted_shape",0.995192307692308
"fitted_shape",0
"fitted_shape",0
"fitted_shape",0.00480769230769231
"fitted_shape",1
"fitted_shape",0
"fitted_shape",0
"fitted_shape",0
"fitted_shape",0.297979797979798
"fitted_shape",0
"fitted_shape",0
"fitted_shape",0.17
"fitted_shape",0.779342723004695
"fitted_shape",0
"fitted_shape",0.98974358974359
"fitted_shape",0.0447761194029851
"fitted_shape",1
"fitted_shape",0.716494845360825
"fitted_shape",0
"fitted_shape",0
"fitted_shape",0
"fitted_shape",0.00480769230769231
"fitted_shape",1
"fitted_shape",0.153153153153153
"fitted_shape",1
"fitted_shape",0
"fitted_shape",1
"fitted_shape",0.00505050505050505
"fitted_shape",0.0654205607476635
"fitted_shape",0
"fitted_shape",0
"fitted_shape",0
"fitted_shape",0
"fitted_shape",0.0683229813664596
"fitted_shape",0.00485436893203883
"fitted_shape",1
"fitted_shape",0.0253807106598985
"fitted_shape",1
"fitted_shape",0
"fitted_shape",0.77319587628866
"fitted_shape",1
"fitted_shape",0
"fitted_shape",0.00510204081632653
"fitted_shape",0
"fitted_shape",0.416267942583732
"fitted_shape",0
"fitted_shape",0.102564102564103
"fitted_shape",0
"fitted_shape",0
"fitted_shape",0.411214953271028
"fitted_shape",0.15695067264574
"fitted_shape",1
"fitted_shape",0.0673076923076923
"fitted_shape",0
"fitted_shape",0
"fitted_shape",0
"fitted_shape",0.36318407960199
"fitted_shape",0
"fitted_shape",0
"fitted_shape",0
"fitted_shape",0
"fitted_shape",0
"fitted_shape",0
"fitted_shape",0.152466367713004
"fitted_shape",0.0239234449760766
"fitted_shape",0
"fitted_shape",0.0913461538461538
"fitted_shape",0
"fitted_shape",0.110576923076923
"fitted_shape",0
"fitted_shape",0.995495495495496
"fitted_shape",0
"fitted_shape",0.634615384615385
"fitted_shape",1
"fitted_shape",0
"fitted_shape",0.01
"fitted_shape",0.81025641025641
"fitted_shape",0
"fitted_shape",0.343283582089552
"fitted_shape",0
"fitted_shape",0
"fitted_shape",0.673076923076923
"fitted_shape",0.878504672897196
"fitted_shape",0
"fitted_shape",0.0867768595041322
"fitted_shape",0
"fitted_shape",1
"fitted_shape",0
"fitted_shape",1
"fitted_shape",1
"fitted_shape",0.04
"fitted_shape",1
"fitted_shape",0
"fitted_shape",0.0432692307692308
"fitted_shape",0
"fitted_shape",0
"fitted_shape",0
"fitted_shape",0.685714285714286
"fitted_shape",0
"fitted_shape",0.341463414634146
"fitted_shape",0.461538461538462
"fitted_shape",0.98989898989899
"fitted_shape",0.0841121495327103
"fitted_shape",0.83732057416268
"fitted_shape",1
"fitted_shape",0
"fitted_shape",0
"fitted_shape",0.031055900621118
"fitted_shape",0.682242990654206
"fitted_shape",0
"fitted_shape",0
"fitted_shape",1
"fitted_shape",0
"fitted_shape",0
"fitted_shape",0.0675675675675676
"fitted_shape",0.975
"fitted_shape",0
"fitted_shape",0
"fitted_shape",0.0869565217391304
"fitted_shape",0.885167464114832
"fitted_shape",0
"fitted_shape",0.62111801242236
"fitted_shape",0.917948717948718
"fitted_shape",0
"fitted_shape",0.244343891402715
"fitted_shape",1
"fitted_shape",1
"fitted_shape",0
"fitted_shape",0
"fitted_shape",0.269230769230769
"fitted_shape",0
"fitted_shape",1
"fitted_shape",0
"fitted_shape",0
"fitted_shape",0.303030303030303
"fitted_shape",0.105263157894737
"fitted_shape",0.126903553299492
"fitted_shape",0.643518518518518
"fitted_shape",0.708860759493671
"fitted_shape",0
"fitted_shape",0
"fitted_shape",0
"fitted_shape",0.406698564593301
"fitted_shape",0
"fitted_shape",0.142131979695431
"fitted_shape",0
"fitted_shape",0
"fitted_shape",0
"fitted_shape",0.0666666666666667
"fitted_shape",0.0480769230769231
"fitted_shape",1
"fitted_shape",1
"fitted_shape",0.00448430493273543
"fitted_shape",0.893081761006289
"fitted_shape",0
"fitted_shape",0.177033492822967
"fitted_shape",0
"fitted_shape",0
"fitted_shape",0
"fitted_shape",0
"fitted_shape",0.0747663551401869
"fitted_shape",0.985576923076923
"fitted_shape",0
"fitted_shape",0
"fitted_shape",0.166666666666667
"fitted_shape",0
"fitted_shape",1
"fitted_shape",0.320833333333333
"fitted_shape",0.0597014925373134
"fitted_shape",0.00497512437810945
"fitted_shape",0
"fitted_shape",0
"fitted_shape",0
"fitted_shape",0
"fitted_shape",0
"fitted_shape",0
"fitted_shape",1
"fitted_shape",0.00505050505050505
"fitted_shape",0
"fitted_shape",0
"fitted_shape",0
"fitted_shape",0
"fitted_shape",0
"fitted_shape",1
"fitted_shape",1
"fitted_shape",0.984615384615385
"fitted_shape",0.00930232558139535
"fitted_shape",0
"fitted_shape",1
"fitted_shape",0
"fitted_shape",0
"fitted_shape",0
"fitted_shape",0
"fitted_shape",0
"fitted_shape",0
"fitted_shape",0
"fitted_shape",0.362790697674419
"fitted_shape",0.138888888888889
"fitted_shape",0.94949494949495
"fitted_shape",0
"fitted_shape",0.956937799043062
"fitted_shape",0
"fitted_shape",0
"fitted_shape",1
"fitted_shape",0
"fitted_shape",0
"fitted_shape",0
"fitted_shape",0
"fitted_shape",0.0185185185185185
"fitted_shape",0
"fitted_shape",0
"fitted_shape",0
"fitted_shape",1
"fitted_shape",0.00896860986547085
"fitted_shape",0
"fitted_shape",0
"fitted_shape",0
"fitted_shape",0
"fitted_shape",0
"fitted_shape",0.0360824742268041
"fitted_shape",0.25
"fitted_shape",0.671641791044776
"fitted_shape",0
"fitted_shape",0.631313131313131
"fitted_shape",0
"fitted_shape",0.868686868686869
"fitted_shape",0
"fitted_shape",1
"fitted_shape",0
"fitted_shape",0
"fitted_shape",0
"fitted_shape",0.0143540669856459
"fitted_shape",0
"fitted_shape",0.0062111801242236
"fitted_shape",0.902564102564103
"fitted_shape",0
"fitted_shape",0
"fitted_shape",0
"fitted_shape",0
"fitted_shape",0.590909090909091
"fitted_shape",0
"fitted_shape",0
"fitted_shape",0
"fitted_shape",0
"fitted_shape",1
"fitted_shape",0.697115384615385
"fitted_shape",0
"fitted_shape",0
"fitted_shape",1
"fitted_shape",0
"fitted_shape",0
"fitted_shape",0.68944099378882
"fitted_shape",0
"fitted_shape",0.94392523364486
"fitted_shape",0
"fitted_shape",0.454081632653061
"fitted_shape",0.964824120603015
"fitted_shape",0
"fitted_shape",0
"fitted_shape",0.103603603603604
"fitted_shape",1
"fitted_shape",0
"fitted_shape",0.543269230769231
"fitted_shape",0
"fitted_shape",0
"fitted_shape",0.125560538116592
"fitted_shape",0.791044776119403
"fitted_shape",0
"fitted_shape",0
"fitted_shape",1
"fitted_shape",1
"fitted_shape",0
"fitted_shape",1
"fitted_shape",0
"fitted_shape",0
"fitted_shape",0
"fitted_shape",1
"fitted_shape",0
"fitted_shape",0
"fitted_shape",0
"fitted_shape",0.383084577114428
"fitted_shape",0
"fitted_shape",0
"fitted_shape",0.37799043062201
"fitted_shape",0.694174757281553
"fitted_shape",0
"fitted_shape",0.98989898989899
"fitted_shape",0.0576923076923077
"fitted_shape",1
"fitted_shape",0.53030303030303
"fitted_shape",0
"fitted_shape",0
"fitted_shape",0
"fitted_shape",0
"fitted_shape",1
"fitted_shape",0.0927835051546392
"fitted_shape",1
"fitted_shape",0
"fitted_shape",1
"fitted_shape",0.00970873786407767
"fitted_shape",0.0995024875621891
"fitted_shape",0
"fitted_shape",0
"fitted_shape",0
"fitted_shape",0
"fitted_shape",0.110047846889952
"fitted_shape",0.0103092783505155
"fitted_shape",1
"fitted_shape",0.0062111801242236
"fitted_shape",1
"fitted_shape",0
"fitted_shape",0.810185185185185
"fitted_shape",1
"fitted_shape",0
"fitted_shape",0
"fitted_shape",0
"fitted_shape",0.61025641025641
"fitted_shape",0
"fitted_shape",0.182926829268293
"fitted_shape",0
"fitted_shape",0
"fitted_shape",0.386178861788618
"fitted_shape",0.158878504672897
"fitted_shape",1
"fitted_shape",0.0497512437810945
"fitted_shape",0
"fitted_shape",0
"fitted_shape",0
"fitted_shape",0.192307692307692
"fitted_shape",0
"fitted_shape",0
"fitted_shape",0
"fitted_shape",0
"fitted_shape",0
"fitted_shape",0
"fitted_shape",0.16243654822335
"fitted_shape",0.00512820512820513
"fitted_shape",0
"fitted_shape",0.0769230769230769
"fitted_shape",0
"fitted_shape",0.093167701863354
"fitted_shape",0.0045662100456621
"fitted_shape",1
"fitted_shape",0
"fitted_shape",0.710280373831776
"fitted_shape",1
"fitted_shape",0
"fitted_shape",0
"fitted_shape",0.810810810810811
"fitted_shape",0
"fitted_shape",0.375
"fitted_shape",0
"fitted_shape",0.0050761421319797
"fitted_shape",0.652777777777778
"fitted_shape",0.825112107623318
"fitted_shape",0
"fitted_shape",0.0576923076923077
"fitted_shape",0
"fitted_shape",1
"fitted_shape",0
"fitted_shape",1
"fitted_shape",1
"fitted_shape",0.0480769230769231
"fitted_shape",1
"fitted_shape",0.00625
"fitted_shape",0.0869565217391304
"fitted_shape",0
"fitted_shape",0
"fitted_shape",0
"fitted_shape",0.739837398373984
"fitted_shape",0
"fitted_shape",0.333333333333333
"fitted_shape",0.484304932735426
"fitted_shape",0.98989898989899
"fitted_shape",0.0287081339712919
"fitted_shape",0.850467289719626
"fitted_shape",1
"fitted_shape",0
"fitted_shape",0
"fitted_shape",0.0138888888888889
"fitted_shape",0.601851851851852
"fitted_shape",0
"fitted_shape",0
"fitted_shape",1
"fitted_shape",0
"fitted_shape",0
"fitted_shape",0.0614754098360656
"fitted_shape",0.97196261682243
"fitted_shape",0
"fitted_shape",0
"fitted_shape",0.0151515151515152
"fitted_shape",0.835897435897436
"fitted_shape",0
"fitted_shape",0.656565656565657
"fitted_shape",0.954545454545455
"fitted_shape",0
"fitted_shape",0.29
"fitted_shape",1
"fitted_shape",1
"fitted_shape",0
"fitted_shape",0
"fitted_shape",0.32994923857868
"fitted_shape",0
"fitted_shape",1
"fitted_shape",0
"fitted_shape",0
"fitted_shape",0.246511627906977
"fitted_shape",0.0849056603773585
"fitted_shape",0.143518518518519
"fitted_shape",0.673728813559322
"fitted_shape",0.715447154471545
"fitted_shape",0
"fitted_shape",0
"fitted_shape",0
"fitted_shape",0.354037267080745
"fitted_shape",0
"fitted_shape",0.12962962962963
"fitted_shape",0
"fitted_shape",0
"fitted_shape",0
"fitted_shape",0.0693877551020408
"fitted_shape",0.134020618556701
"fitted_shape",1
"fitted_shape",1
"fitted_shape",0.06
"fitted_shape",0.971291866028708
"fitted_shape",0
"fitted_shape",0.33125
"fitted_shape",0
"fitted_shape",0
"fitted_shape",0
"fitted_shape",0
"fitted_shape",0.0277777777777778
"fitted_shape",1
"fitted_shape",0
"fitted_shape",0
"fitted_shape",0.221649484536082
"fitted_shape",0
"fitted_shape",1
"fitted_shape",0.495327102803738
"fitted_shape",0.0497512437810945
"fitted_shape",0
"fitted_shape",0
"fitted_shape",0
"fitted_shape",0
"fitted_shape",0
"fitted_shape",0
"fitted_shape",0
"fitted_shape",1
"fitted_shape",0.015
"fitted_shape",0
"fitted_shape",0
"fitted_shape",0
"fitted_shape",0
"fitted_shape",0.00505050505050505
"fitted_shape",1
"fitted_shape",1
"fitted_shape",0.985576923076923
"fitted_shape",0.0062111801242236
"fitted_shape",0
"fitted_shape",1
"fitted_shape",0
"fitted_shape",0
"fitted_shape",0
"fitted_shape",0
"fitted_shape",0
"fitted_shape",0
"fitted_shape",0
"fitted_shape",0.277777777777778
"fitted_shape",0.0334928229665072
"fitted_shape",0.946859903381642
"fitted_shape",0
"fitted_shape",1
"fitted_shape",0
"fitted_shape",0
"fitted_shape",1
"fitted_shape",0
"fitted_shape",0
"fitted_shape",0
"fitted_shape",0
"fitted_shape",0.00925925925925926
"fitted_shape",0
"fitted_shape",0
"fitted_shape",0
"fitted_shape",1
"fitted_shape",0.0240384615384615
"fitted_shape",0
"fitted_shape",0
"fitted_shape",0
"fitted_shape",0
"fitted_shape",0
"fitted_shape",0.0191387559808612
"fitted_shape",0.205128205128205
"fitted_shape",0.7875
"fitted_shape",0
"fitted_shape",0.660287081339713
"fitted_shape",0
"fitted_shape",0.860824742268041
"fitted_shape",0
"fitted_shape",1
"fitted_shape",0
"fitted_shape",0
"fitted_shape",0
"fitted_shape",0
"fitted_shape",0.069620253164557
"fitted_shape",0.0478468899521531
"fitted_shape",0.918269230769231
"fitted_shape",0
"fitted_shape",0
"fitted_shape",0
"fitted_shape",0
"fitted_shape",0.712121212121212
"fitted_shape",0
"fitted_shape",0
"fitted_shape",0.0099502487562189
"fitted_shape",0
"fitted_shape",1
"fitted_shape",0.708133971291866
"fitted_shape",0
"fitted_shape",0
"fitted_shape",0.975845410628019
"fitted_shape",0.0179372197309417
"fitted_shape",0
"fitted_shape",0.865384615384615
"fitted_shape",0
"fitted_shape",0.953488372093023
"fitted_shape",0
"fitted_shape",0.408653846153846
"fitted_shape",0.990430622009569
"fitted_shape",0
"fitted_shape",0
"fitted_shape",0.310204081632653
"fitted_shape",1
"fitted_shape",0
"fitted_shape",0.584541062801932
"fitted_shape",0
"fitted_shape",0
"fitted_shape",0.041025641025641
"fitted_shape",0.903846153846154
"fitted_shape",0
"fitted_shape",0
"fitted_shape",1
"fitted_shape",1
"fitted_shape",0
"fitted_shape",1
"fitted_shape",0
"fitted_shape",0
"fitted_shape",0.015
"fitted_shape",1
"fitted_shape",0
"fitted_shape",0
"fitted_shape",0
"fitted_shape",0.288659793814433
"fitted_shape",0
"fitted_shape",0
"fitted_shape",0.110655737704918
"fitted_shape",0.801242236024845
"fitted_shape",0
"fitted_shape",0.966183574879227
"fitted_shape",0.100478468899522
"fitted_shape",1
"fitted_shape",0.523364485981308
"fitted_shape",0.00480769230769231
"fitted_shape",0
"fitted_shape",0
"fitted_shape",0
"fitted_shape",1
"fitted_shape",0.17948717948718
"fitted_shape",1
"fitted_shape",0
"fitted_shape",1
"fitted_shape",0.0144230769230769
"fitted_shape",0.0480769230769231
"fitted_shape",0
"fitted_shape",0
"fitted_shape",0
"fitted_shape",0
"fitted_shape",0.0871794871794872
"fitted_shape",0
"fitted_shape",0.990990990990991
"fitted_shape",0.0372670807453416
"fitted_shape",1
"fitted_shape",0
"fitted_shape",0.772357723577236
"fitted_shape",1
"fitted_shape",0
"fitted_shape",0.00413223140495868
"fitted_shape",0
"fitted_shape",0.331730769230769
"fitted_shape",0
"fitted_shape",0.104477611940299
"fitted_shape",0
"fitted_shape",0
"fitted_shape",0.433673469387755
"fitted_shape",0.231481481481481
"fitted_shape",1
"fitted_shape",0.0861244019138756
"fitted_shape",0
"fitted_shape",0
"fitted_shape",0
"fitted_shape",0.22488038277512
"fitted_shape",0
"fitted_shape",0
"fitted_shape",0
"fitted_shape",0
"fitted_shape",0
"fitted_shape",0
"fitted_shape",0.231884057971014
"fitted_shape",0.0804020100502513
"fitted_shape",0
"fitted_shape",0.0462962962962963
"fitted_shape",0
"fitted_shape",0.121827411167513
"fitted_shape",0.00934579439252336
"fitted_shape",1
"fitted_shape",0
"fitted_shape",0.664948453608247
"fitted_shape",1
"fitted_shape",0
"fitted_shape",0.0101010101010101
"fitted_shape",0.796019900497512
"fitted_shape",0
"fitted_shape",0.490384615384615
"fitted_shape",0
"fitted_shape",0.00515463917525773
"fitted_shape",0.746268656716418
"fitted_shape",0.815384615384615
"fitted_shape",0
"fitted_shape",0.055
"fitted_shape",0
"fitted_shape",1
"fitted_shape",0
"fitted_shape",1
"fitted_shape",1
"fitted_shape",0.0882352941176471
"fitted_shape",1
"fitted_shape",0.00497512437810945
"fitted_shape",0.235
"fitted_shape",0
"fitted_shape",0
"fitted_shape",0
"fitted_shape",0.598870056497175
"fitted_shape",0
"fitted_shape",0.305825242718447
"fitted_shape",0.467289719626168
"fitted_shape",0.98
"fitted_shape",0.062200956937799
"fitted_shape",0.94949494949495
"fitted_shape",1
"fitted_shape",0
"fitted_shape",0
"fitted_shape",0.0205128205128205
"fitted_shape",0.518518518518518
"fitted_shape",0
"fitted_shape",0
"fitted_shape",1
"fitted_shape",0
"fitted_shape",0
"fitted_shape",0.0666666666666667
"fitted_shape",0.985
"fitted_shape",0.00480769230769231
"fitted_shape",0.00480769230769231
"fitted_shape",0.054726368159204
"fitted_shape",0.810945273631841
"fitted_shape",0
"fitted_shape",0.705
"fitted_shape",0.96969696969697
"fitted_shape",0
"fitted_shape",0.323383084577114
"fitted_shape",1
"fitted_shape",1
"fitted_shape",0
"fitted_shape",0
"fitted_shape",0.24537037037037
"fitted_shape",0
"fitted_shape",1
"fitted_shape",0
"fitted_shape",0
"fitted_shape",0.276923076923077
"fitted_shape",0.271794871794872
"fitted_shape",0.18018018018018
"fitted_shape",0.631313131313131
"fitted_shape",0.570093457943925
"fitted_shape",0
"fitted_shape",0
"fitted_shape",0
"fitted_shape",0.38125
"fitted_shape",0
"fitted_shape",0.152466367713004
"fitted_shape",0
"fitted_shape",0
"fitted_shape",0
"fitted_shape",0.0434782608695652
"fitted_shape",0.155102040816327
"fitted_shape",1
"fitted_shape",1
"fitted_shape",0
"fitted_shape",0.962616822429907
"fitted_shape",0
"fitted_shape",0.242990654205607
"fitted_shape",0
"fitted_shape",0
"fitted_shape",0
"fitted_shape",0
"fitted_shape",0.0338164251207729
"fitted_shape",0.974226804123711
"fitted_shape",0
"fitted_shape",0
"fitted_shape",0.254807692307692
"fitted_shape",0
"fitted_shape",1
"fitted_shape",0.281818181818182
"fitted_shape",0.0324074074074074
"fitted_shape",0
"fitted_shape",0
"fitted_shape",0
"fitted_shape",0
"fitted_shape",0
"fitted_shape",0.00970873786407767
"fitted_shape",0
"fitted_shape",1
"fitted_shape",0.00462962962962963
"fitted_shape",0
"fitted_shape",0
"fitted_shape",0
"fitted_shape",0
"fitted_shape",0
"fitted_shape",1
"fitted_shape",1
"fitted_shape",0.98780487804878
"fitted_shape",0.0650406504065041
"fitted_shape",0
"fitted_shape",1
"fitted_shape",0
"fitted_shape",0
"fitted_shape",0
"fitted_shape",0
"fitted_shape",0
"fitted_shape",0
"fitted_shape",0
"fitted_shape",0.254658385093168
"fitted_shape",0.015
"fitted_shape",0.906832298136646
"fitted_shape",0
"fitted_shape",0.981308411214953
"fitted_shape",0
"fitted_shape",0
"fitted_shape",1
"fitted_shape",0
"fitted_shape",0
"fitted_shape",0
"fitted_shape",0
"fitted_shape",0.00934579439252336
"fitted_shape",0
"fitted_shape",0
"fitted_shape",0
"fitted_shape",1
"fitted_shape",0
"fitted_shape",0
"fitted_shape",0
"fitted_shape",0
"fitted_shape",0
"fitted_shape",0
"fitted_shape",0.0571428571428571
"fitted_shape",0.201030927835052
"fitted_shape",0.83756345177665
"fitted_shape",0
"fitted_shape",0.644230769230769
"fitted_shape",0
"fitted_shape",0.774038461538462
"fitted_shape",0.00478468899521531
"fitted_shape",1
"fitted_shape",0
"fitted_shape",0
"fitted_shape",0
"fitted_shape",0
"fitted_shape",0.0050761421319797
"fitted_shape",0.0240384615384615
"fitted_shape",0.868686868686869
"fitted_shape",0
"fitted_shape",0
"fitted_shape",0
"fitted_shape",0
"fitted_shape",0.541237113402062
"fitted_shape",0
"fitted_shape",0
"fitted_shape",0
"fitted_shape",0
"fitted_shape",1
"fitted_shape",0.732919254658385
"fitted_shape",0
"fitted_shape",0
"fitted_shape",0.995192307692308
"fitted_shape",0.00934579439252336
"fitted_shape",0
"fitted_shape",0.78125
"fitted_shape",0
"fitted_shape",1
"fitted_shape",0
"fitted_shape",0.49
"fitted_shape",0.974747474747475
"fitted_shape",0
"fitted_shape",0
"fitted_shape",0.157894736842105
"fitted_shape",1
"fitted_shape",0
"fitted_shape",0.64
"fitted_shape",0
"fitted_shape",0
"fitted_shape",0.00925925925925926
"fitted_shape",0.717948717948718
"fitted_shape",0
"fitted_shape",0
"fitted_shape",1
"fitted_shape",1
"fitted_shape",0
"fitted_shape",1
"fitted_shape",0
"fitted_shape",0
"fitted_shape",0.00478468899521531
"fitted_shape",1
"fitted_shape",0
"fitted_shape",0
"fitted_shape",0.00625
"fitted_shape",0.235897435897436
"fitted_shape",0
"fitted_shape",0
"fitted_shape",0.105263157894737
"fitted_shape",0.792792792792793
"fitted_shape",0
"fitted_shape",0.982062780269058
"fitted_shape",0.132075471698113
"fitted_shape",1
"fitted_shape",0.606481481481482
"fitted_shape",0
"fitted_shape",0
"fitted_shape",0
"fitted_shape",0
"fitted_shape",1
"fitted_shape",0.106060606060606
"fitted_shape",1
"fitted_shape",0
"fitted_shape",1
"fitted_shape",0
"fitted_shape",0.0736842105263158
"fitted_shape",0
"fitted_shape",0
"fitted_shape",0
"fitted_shape",0
"fitted_shape",0.11214953271028
"fitted_shape",0
"fitted_shape",0.976076555023923
"fitted_shape",0.0403587443946188
"fitted_shape",1
"fitted_shape",0
"fitted_shape",0.811715481171548
"fitted_shape",1
"fitted_shape",0
"fitted_shape",0
"fitted_shape",0
"fitted_shape",0.523148148148148
"fitted_shape",0
"fitted_shape",0.225961538461538
"fitted_shape",0
"fitted_shape",0
"fitted_shape",0.328282828282828
"fitted_shape",0.168224299065421
"fitted_shape",1
"fitted_shape",0.139423076923077
"fitted_shape",0
"fitted_shape",0
"fitted_shape",0
"fitted_shape",0.283783783783784
"fitted_shape",0
"fitted_shape",0
"fitted_shape",0
"fitted_shape",0
"fitted_shape",0
"fitted_shape",0
"fitted_shape",0.222222222222222
"fitted_shape",0.0309278350515464
"fitted_shape",0
"fitted_shape",0.0377358490566038
"fitted_shape",0
"fitted_shape",0.0909090909090909
"fitted_shape",0.00483091787439614
"fitted_shape",1
"fitted_shape",0
"fitted_shape",0.725961538461538
"fitted_shape",1
"fitted_shape",0
"fitted_shape",0
"fitted_shape",0.789237668161435
"fitted_shape",0
"fitted_shape",0.317307692307692
"fitted_shape",0
"fitted_shape",0
"fitted_shape",0.552795031055901
"fitted_shape",0.883838383838384
"fitted_shape",0
"fitted_shape",0.0430622009569378
"fitted_shape",0
"fitted_shape",1
"fitted_shape",0
"fitted_shape",1
"fitted_shape",1
"fitted_shape",0.0528846153846154
"fitted_shape",1
"fitted_shape",0
"fitted_shape",0.0841121495327103
"fitted_shape",0
"fitted_shape",0
"fitted_shape",0
"fitted_shape",0.605769230769231
"fitted_shape",0
"fitted_shape",0.224299065420561
"fitted_shape",0.413461538461538
"fitted_shape",0.968609865470852
"fitted_shape",0.122171945701357
"fitted_shape",0.939024390243902
"fitted_shape",1
"fitted_shape",0
"fitted_shape",0
"fitted_shape",0.0103626943005181
"fitted_shape",0.476635514018692
"fitted_shape",0
"fitted_shape",0
"fitted_shape",1
"fitted_shape",0
"fitted_shape",0
"fitted_shape",0.0869565217391304
"fitted_shape",0.974619289340102
"fitted_shape",0
"fitted_shape",0.0179372197309417
"fitted_shape",0.085
"fitted_shape",0.822429906542056
"fitted_shape",0
"fitted_shape",0.551219512195122
"fitted_shape",0.971153846153846
"fitted_shape",0
"fitted_shape",0.316770186335404
"fitted_shape",1
"fitted_shape",0.994871794871795
"fitted_shape",0
"fitted_shape",0.00448430493273543
"fitted_shape",0.273170731707317
"fitted_shape",0
"fitted_shape",1
"fitted_shape",0
"fitted_shape",0
"fitted_shape",0.405128205128205
"fitted_shape",0.111675126903553
"fitted_shape",0.139917695473251
"fitted_shape",0.660377358490566
"fitted_shape",0.79
"fitted_shape",0
"fitted_shape",0
"fitted_shape",0
"fitted_shape",0.339712918660287
"fitted_shape",0
"fitted_shape",0.095959595959596
"fitted_shape",0
"fitted_shape",0
"fitted_shape",0
"fitted_shape",0.134259259259259
"fitted_shape",0.174129353233831
"fitted_shape",1
"fitted_shape",1
"fitted_shape",0.00512820512820513
"fitted_shape",0.94170403587444
"fitted_shape",0
"fitted_shape",0.316770186335404
"fitted_shape",0
"fitted_shape",0
"fitted_shape",0
"fitted_shape",0
"fitted_shape",0.0240384615384615
"fitted_shape",1
"fitted_shape",0
"fitted_shape",0
"fitted_shape",0.207317073170732
"fitted_shape",0
"fitted_shape",1
"fitted_shape",0.269387755102041
"fitted_shape",0.0240384615384615
"fitted_shape",0
"fitted_shape",0
"fitted_shape",0
"fitted_shape",0
"fitted_shape",0
"fitted_shape",0
"fitted_shape",0
"fitted_shape",1
"fitted_shape",0
"fitted_shape",0.00478468899521531
"fitted_shape",0
"fitted_shape",0
"fitted_shape",0
"fitted_shape",0
"fitted_shape",1
"fitted_shape",1
"fitted_shape",0.981308411214953
"fitted_shape",0
"fitted_shape",0
"fitted_shape",1
"fitted_shape",0
"fitted_shape",0
"fitted_shape",0
"fitted_shape",0
"fitted_shape",0
"fitted_shape",0
"fitted_shape",0
"fitted_shape",0.194444444444444
"fitted_shape",0.0143540669856459
"fitted_shape",0.956521739130435
"fitted_shape",0
"fitted_shape",0.955
"fitted_shape",0
"fitted_shape",0
"fitted_shape",1
"fitted_shape",0
"fitted_shape",0
"fitted_shape",0
"fitted_shape",0
"fitted_shape",0.139303482587065
"fitted_shape",0
"fitted_shape",0
"fitted_shape",0
"fitted_shape",1
"fitted_shape",0.0102564102564103
"fitted_shape",0
"fitted_shape",0
"fitted_shape",0
"fitted_shape",0
"fitted_shape",0
"fitted_shape",0.0434782608695652
"fitted_shape",0.2
"fitted_shape",0.787037037037037
"fitted_shape",0
"fitted_shape",0.721973094170404
"fitted_shape",0
"fitted_shape",0.833333333333333
"fitted_shape",0
"fitted_shape",1
"fitted_shape",0
"fitted_shape",0
"fitted_shape",0
"fitted_shape",0.00411522633744856
"fitted_shape",0.00934579439252336
"fitted_shape",0.00934579439252336
"fitted_shape",0.928251121076233
"fitted_shape",0
"fitted_shape",0
"fitted_shape",0
"fitted_shape",0
"fitted_shape",0.62780269058296
"fitted_shape",0
"fitted_shape",0
"fitted_shape",0
"fitted_shape",0
"fitted_shape",1
"fitted_shape",0.675925925925926
"fitted_shape",0
"fitted_shape",0
"fitted_shape",0.984848484848485
"fitted_shape",0.00505050505050505
"fitted_shape",0
"fitted_shape",0.819444444444444
"fitted_shape",0
"fitted_shape",0.965174129353234
"fitted_shape",0
"fitted_shape",0.401869158878505
"fitted_shape",0.947368421052632
"fitted_shape",0
"fitted_shape",0
"fitted_shape",0.132978723404255
"fitted_shape",1
"fitted_shape",0
"fitted_shape",0.636363636363636
"fitted_shape",0
"fitted_shape",0
"fitted_shape",0.00961538461538462
"fitted_shape",0.747368421052632
"fitted_shape",0
"fitted_shape",0
"fitted_shape",1
"fitted_shape",1
"fitted_shape",0
"fitted_shape",1
"fitted_shape",0
"fitted_shape",0
"fitted_shape",0.0102564102564103
"fitted_shape",1
"fitted_shape",0
"fitted_shape",0
"fitted_shape",0.00448430493273543
"fitted_shape",0.308457711442786
"fitted_shape",0
"fitted_shape",0
"fitted_shape",0.125
"fitted_shape",0.700934579439252
"fitted_shape",0
"fitted_shape",0.975961538461538
"fitted_shape",0.151639344262295
"fitted_shape",1
"fitted_shape",0.64
"fitted_shape",0
"fitted_shape",0
"fitted_shape",0
"fitted_shape",0
"fitted_shape",1
"fitted_shape",0.162679425837321
"fitted_shape",1
"fitted_shape",0
"fitted_shape",1
"fitted_shape",0
"fitted_shape",0.0796019900497512
"fitted_shape",0
"fitted_shape",0
"fitted_shape",0
"fitted_shape",0
"fitted_shape",0.14018691588785
"fitted_shape",0.0040650406504065
"fitted_shape",1
"fitted_shape",0.0134529147982063
"fitted_shape",1
"fitted_shape",0
"fitted_shape",0.829596412556054
"fitted_shape",1
"fitted_shape",0
"fitted_shape",0.0358974358974359
"fitted_shape",0
"fitted_shape",0.435
"fitted_shape",0
"fitted_shape",0.198757763975155
"fitted_shape",0
"fitted_shape",0
"fitted_shape",0.431578947368421
"fitted_shape",0.177570093457944
"fitted_shape",1
"fitted_shape",0.0582959641255605
"fitted_shape",0
"fitted_shape",0
"fitted_shape",0
"fitted_shape",0.233644859813084
"fitted_shape",0
"fitted_shape",0
"fitted_shape",0
"fitted_shape",0
"fitted_shape",0
"fitted_shape",0
"fitted_shape",0.161434977578475
"fitted_shape",0.0560747663551402
"fitted_shape",0
"fitted_shape",0.0858585858585859
"fitted_shape",0
"fitted_shape",0.0923076923076923
"fitted_shape",0.00512820512820513
"fitted_shape",1
"fitted_shape",0
"fitted_shape",0.648648648648649
"fitted_shape",1
"fitted_shape",0
"fitted_shape",0
"fitted_shape",0.842105263157895
"fitted_shape",0
"fitted_shape",0.419191919191919
"fitted_shape",0
"fitted_shape",0.00462962962962963
"fitted_shape",0.769547325102881
"fitted_shape",0.850961538461538
"fitted_shape",0
"fitted_shape",0.0103626943005181
"fitted_shape",0
"fitted_shape",1
"fitted_shape",0
"fitted_shape",1
"fitted_shape",1
"fitted_shape",0.0628019323671498
"fitted_shape",1
"fitted_shape",0.02
"fitted_shape",0.196261682242991
"fitted_shape",0
"fitted_shape",0
"fitted_shape",0
"fitted_shape",0.846511627906977
"fitted_shape",0
"fitted_shape",0.248704663212435
"fitted_shape",0.597560975609756
"fitted_shape",0.97196261682243
"fitted_shape",0.0861244019138756
"fitted_shape",0.93167701863354
"fitted_shape",1
"fitted_shape",0
"fitted_shape",0
"fitted_shape",0.00925925925925926
"fitted_shape",0.616822429906542
"fitted_shape",0
"fitted_shape",0
"fitted_shape",1
"fitted_shape",0
"fitted_shape",0
"fitted_shape",0.0813397129186603
"fitted_shape",1
"fitted_shape",0.00448430493273543
"fitted_shape",0.018018018018018
"fitted_shape",0.04
"fitted_shape",0.828282828282828
"fitted_shape",0
"fitted_shape",0.645933014354067
"fitted_shape",0.972222222222222
"fitted_shape",0
"fitted_shape",0.288557213930348
"fitted_shape",1
"fitted_shape",1
"fitted_shape",0
"fitted_shape",0
"fitted_shape",0.254807692307692
"fitted_shape",0
"fitted_shape",1
"fitted_shape",0
"fitted_shape",0
"fitted_shape",0.230769230769231
"fitted_shape",0.0757575757575758
"fitted_shape",0.101010101010101
"fitted_shape",0.617224880382775
"fitted_shape",0.65989847715736
"fitted_shape",0
"fitted_shape",0
"fitted_shape",0
"fitted_shape",0.261682242990654
"fitted_shape",0
"fitted_shape",0.106918238993711
"fitted_shape",0
"fitted_shape",0
"fitted_shape",0
"fitted_shape",0.100478468899522
"fitted_shape",0.12037037037037
"fitted_shape",1
"fitted_shape",1
"fitted_shape",0.0191387559808612
"fitted_shape",0.972093023255814
"fitted_shape",0
"fitted_shape",0.223300970873786
"fitted_shape",0
"fitted_shape",0
"fitted_shape",0
"fitted_shape",0
"fitted_shape",0.0153846153846154
"fitted_shape",0.98989898989899
"fitted_shape",0
"fitted_shape",0
"fitted_shape",0.242990654205607
"fitted_shape",0
"fitted_shape",1
"fitted_shape",0.233644859813084
"fitted_shape",0.0239234449760766
"fitted_shape",0
"fitted_shape",0
"fitted_shape",0
"fitted_shape",0
"fitted_shape",0
"fitted_shape",0
"fitted_shape",0
"fitted_shape",1
"fitted_shape",0.00515463917525773
"fitted_shape",0
"fitted_shape",0
"fitted_shape",0
"fitted_shape",0
"fitted_shape",0.00934579439252336
"fitted_shape",1
"fitted_shape",1
"fitted_shape",0.969230769230769
"fitted_shape",0.00961538461538462
"fitted_shape",0
"fitted_shape",1
"fitted_shape",0
"fitted_shape",0
"fitted_shape",0
"fitted_shape",0
"fitted_shape",0
"fitted_shape",0
"fitted_shape",0
"fitted_shape",0.18125
"fitted_shape",0.0144230769230769
"fitted_shape",0.925233644859813
"fitted_shape",0
"fitted_shape",0.975961538461538
"fitted_shape",0
"fitted_shape",0
"fitted_shape",1
"fitted_shape",0
"fitted_shape",0
"fitted_shape",0
"fitted_shape",0
"fitted_shape",0.0298507462686567
"fitted_shape",0
"fitted_shape",0
"fitted_shape",0
"fitted_shape",1
"fitted_shape",0.00970873786407767
"fitted_shape",0
"fitted_shape",0
"fitted_shape",0
"fitted_shape",0
"fitted_shape",0
"fitted_shape",0.031055900621118
"fitted_shape",0.17910447761194
"fitted_shape",0.760180995475113
"fitted_shape",0
"fitted_shape",0.626168224299065
"fitted_shape",0.0186335403726708
"fitted_shape",0.888888888888889
"fitted_shape",0
"fitted_shape",1
"fitted_shape",0
"fitted_shape",0
"fitted_shape",0
"fitted_shape",0
"fitted_shape",0.00961538461538462
"fitted_shape",0.0151515151515152
"fitted_shape",0.869918699186992
"fitted_shape",0
"fitted_shape",0
"fitted_shape",0
"fitted_shape",0
"fitted_shape",0.626168224299065
"fitted_shape",0
"fitted_shape",0
"fitted_shape",0
"fitted_shape",0
"fitted_shape",1
"fitted_shape",0.732919254658385
"fitted_shape",0
"fitted_shape",0
"fitted_shape",1
"fitted_shape",0.0124223602484472
"fitted_shape",0
"fitted_shape",0.822115384615385
"fitted_shape",0
"fitted_shape",0.97948717948718
"fitted_shape",0
"fitted_shape",0.448598130841121
"fitted_shape",0.994949494949495
"fitted_shape",0
"fitted_shape",0
"fitted_shape",0.1440329218107
"fitted_shape",1
"fitted_shape",0
"fitted_shape",0.658878504672897
"fitted_shape",0
"fitted_shape",0
"fitted_shape",0.0151515151515152
"fitted_shape",0.803738317757009
"fitted_shape",0
"fitted_shape",0
"fitted_shape",1
"fitted_shape",1
"fitted_shape",0
"fitted_shape",0.995169082125604
"fitted_shape",0
"fitted_shape",0
"fitted_shape",0
"fitted_shape",1
"fitted_shape",0
"fitted_shape",0
"fitted_shape",0
"fitted_shape",0.337837837837838
"fitted_shape",0
"fitted_shape",0
"fitted_shape",0.15527950310559
"fitted_shape",0.773755656108597
"fitted_shape",0
"fitted_shape",0.989473684210526
"fitted_shape",0.0528846153846154
"fitted_shape",1
"fitted_shape",0.615384615384615
"fitted_shape",0
"fitted_shape",0
"fitted_shape",0
"fitted_shape",0
"fitted_shape",1
"fitted_shape",0.279503105590062
"fitted_shape",1
"fitted_shape",0
"fitted_shape",1
"fitted_shape",0
"fitted_shape",0.0656565656565657
"fitted_shape",0
"fitted_shape",0
"fitted_shape",0
"fitted_shape",0
"fitted_shape",0.182926829268293
"fitted_shape",0
"fitted_shape",0.977578475336323
"fitted_shape",0.0334928229665072
"fitted_shape",1
"fitted_shape",0
"fitted_shape",0.813084112149533
"fitted_shape",1
"fitted_shape",0
"fitted_shape",0.00925925925925926
"fitted_shape",0
"fitted_shape",0.467213114754098
"fitted_shape",0
"fitted_shape",0.203703703703704
"fitted_shape",0
"fitted_shape",0
"fitted_shape",0.40650406504065
"fitted_shape",0.252427184466019
"fitted_shape",1
"fitted_shape",0.102040816326531
"fitted_shape",0
"fitted_shape",0
"fitted_shape",0
"fitted_shape",0.25
"fitted_shape",0
"fitted_shape",0
"fitted_shape",0
"fitted_shape",0
"fitted_shape",0
"fitted_shape",0
"fitted_shape",0.166666666666667
"fitted_shape",0.0384615384615385
"fitted_shape",0
"fitted_shape",0.0934579439252336
"fitted_shape",0
"fitted_shape",0.124223602484472
"fitted_shape",0.00462962962962963
"fitted_shape",1
"fitted_shape",0
"fitted_shape",0.616822429906542
"fitted_shape",1
"fitted_shape",0
"fitted_shape",0.00480769230769231
"fitted_shape",0.831775700934579
"fitted_shape",0
"fitted_shape",0.337448559670782
"fitted_shape",0
"fitted_shape",0
"fitted_shape",0.69672131147541
"fitted_shape",0.83739837398374
"fitted_shape",0
"fitted_shape",0.100478468899522
"fitted_shape",0
"fitted_shape",1
"fitted_shape",0
"fitted_shape",1
"fitted_shape",1
"fitted_shape",0.0436893203883495
"fitted_shape",1
"fitted_shape",0
"fitted_shape",0.139423076923077
"fitted_shape",0
"fitted_shape",0
"fitted_shape",0
"fitted_shape",0.75
"fitted_shape",0
"fitted_shape",0.378109452736318
"fitted_shape",0.371069182389937
"fitted_shape",0.962264150943396
"fitted_shape",0.208121827411168
"fitted_shape",0.88785046728972
"fitted_shape",1
"fitted_shape",0
"fitted_shape",0
"fitted_shape",0.00934579439252336
"fitted_shape",0.495192307692308
"fitted_shape",0
"fitted_shape",0
"fitted_shape",1
"fitted_shape",0
"fitted_shape",0
"fitted_shape",0.102803738317757
"fitted_shape",0.968609865470852
"fitted_shape",0
"fitted_shape",0
"fitted_shape",0.0601851851851852
"fitted_shape",0.828451882845188
"fitted_shape",0
"fitted_shape",0.577639751552795
"fitted_shape",0.975124378109453
"fitted_shape",0
"fitted_shape",0.390134529147982
"fitted_shape",1
"fitted_shape",0.995412844036697
"fitted_shape",0
"fitted_shape",0.00961538461538462
"fitted_shape",0.257575757575758
"fitted_shape",0
"fitted_shape",1
"fitted_shape",0
"fitted_shape",0
"fitted_shape",0.322115384615385
"fitted_shape",0.198757763975155
"fitted_shape",0.0745341614906832
"fitted_shape",0.621890547263682
"fitted_shape",0.572115384615385
"fitted_shape",0
"fitted_shape",0
"fitted_shape",0
"fitted_shape",0.253164556962025
"fitted_shape",0
"fitted_shape",0.207207207207207
"fitted_shape",0
"fitted_shape",0
"fitted_shape",0
"fitted_shape",0.0528846153846154
"fitted_shape",0.095
"fitted_shape",1
"fitted_shape",1
"fitted_shape",0.0062111801242236
"fitted_shape",0.961722488038278
"fitted_shape",0
"fitted_shape",0.325
"fitted_shape",0.0186335403726708
"fitted_shape",0
"fitted_shape",0
"fitted_shape",0
"fitted_shape",0.0122448979591837
"fitted_shape",0.990950226244344
"fitted_shape",0
"fitted_shape",0
"fitted_shape",0.177570093457944
"fitted_shape",0
"fitted_shape",1
"fitted_shape",0.278846153846154
"fitted_shape",0.0185185185185185
"fitted_shape",0
"fitted_shape",0
"fitted_shape",0
"fitted_shape",0
"fitted_shape",0
"fitted_shape",0
"fitted_shape",0
"fitted_shape",1
"fitted_shape",0.0125
"fitted_shape",0
"fitted_shape",0
"fitted_shape",0
"fitted_shape",0.00961538461538462
"fitted_shape",0
"fitted_shape",1
"fitted_shape",1
"fitted_shape",0.972972972972973
"fitted_shape",0.0205128205128205
"fitted_shape",0
"fitted_shape",1
"fitted_shape",0
"fitted_shape",0
"fitted_shape",0
"fitted_shape",0
"fitted_shape",0
"fitted_shape",0
"fitted_shape",0
"fitted_shape",0.14018691588785
"fitted_shape",0.201923076923077
"fitted_shape",0.962732919254658
"fitted_shape",0
"fitted_shape",0.984771573604061
"fitted_shape",0
"fitted_shape",0
"fitted_shape",1
"fitted_shape",0
"fitted_shape",0
"fitted_shape",0
"fitted_shape",0
"fitted_shape",0.045045045045045
"fitted_shape",0
"fitted_shape",0
"fitted_shape",0
"fitted_shape",1
"fitted_shape",0.00819672131147541
"fitted_shape",0
"fitted_shape",0
"fitted_shape",0
"fitted_shape",0
"fitted_shape",0
"fitted_shape",0.0124223602484472
"fitted_shape",0.353233830845771
"fitted_shape",0.813664596273292
"fitted_shape",0
"fitted_shape",0.793269230769231
"fitted_shape",0
"fitted_shape",0.869158878504673
"fitted_shape",0
"fitted_shape",1
"fitted_shape",0
"fitted_shape",0
"fitted_shape",0
"fitted_shape",0
"fitted_shape",0
"fitted_shape",0.0321100917431193
"fitted_shape",0.870192307692308
"fitted_shape",0
"fitted_shape",0
"fitted_shape",0
"fitted_shape",0
"fitted_shape",0.725225225225225
"fitted_shape",0
"fitted_shape",0
"fitted_shape",0
"fitted_shape",0
"fitted_shape",1
"fitted_shape",0.689814814814815
"fitted_shape",0
"fitted_shape",0
"fitted_shape",0.99537037037037
"fitted_shape",0.0511627906976744
"fitted_shape",0
"fitted_shape",0.819875776397516
"fitted_shape",0
"fitted_shape",1
"fitted_shape",0
"fitted_shape",0.583850931677019
"fitted_shape",0.98
"fitted_shape",0
"fitted_shape",0
"fitted_shape",0.107692307692308
"fitted_shape",1
"fitted_shape",0
"fitted_shape",0.663551401869159
"fitted_shape",0
"fitted_shape",0.00480769230769231
"fitted_shape",0.0303030303030303
"fitted_shape",0.87962962962963
"fitted_shape",0
"fitted_shape",0
"fitted_shape",1
"fitted_shape",1
"fitted_shape",0
"fitted_shape",1
"fitted_shape",0
"fitted_shape",0
"fitted_shape",0.0143540669856459
"fitted_shape",1
"fitted_shape",0
"fitted_shape",0
"fitted_shape",0.0102564102564103
"fitted_shape",0.376681614349776
"fitted_shape",0
"fitted_shape",0
"fitted_shape",0.123076923076923
"fitted_shape",0.657004830917874
"fitted_shape",0
"fitted_shape",0.981308411214953
"fitted_shape",0.0967741935483871
"fitted_shape",1
"fitted_shape",0.537037037037037
"fitted_shape",0
"fitted_shape",0
"fitted_shape",0
"fitted_shape",0.00934579439252336
"fitted_shape",1
"fitted_shape",0.0842105263157895
"fitted_shape",1
"fitted_shape",0
"fitted_shape",1
"fitted_shape",0.0138888888888889
"fitted_shape",0.0199004975124378
"fitted_shape",0
"fitted_shape",0
"fitted_shape",0
"fitted_shape",0
"fitted_shape",0.131979695431472
"fitted_shape",0
"fitted_shape",0.975609756097561
"fitted_shape",0.0191387559808612
"fitted_shape",1
"fitted_shape",0
"fitted_shape",0.794392523364486
"fitted_shape",1
"fitted_shape",0
"fitted_shape",0.0045045045045045
"fitted_shape",0
"fitted_shape",0.413461538461538
"fitted_shape",0
"fitted_shape",0.154471544715447
"fitted_shape",0
"fitted_shape",0
"fitted_shape",0.369230769230769
"fitted_shape",0.141414141414141
"fitted_shape",1
"fitted_shape",0.119402985074627
"fitted_shape",0
"fitted_shape",0
"fitted_shape",0
"fitted_shape",0.291479820627803
"fitted_shape",0
"fitted_shape",0
"fitted_shape",0
"fitted_shape",0
"fitted_shape",0
"fitted_shape",0
"fitted_shape",0.123076923076923
"fitted_shape",0.0252525252525253
"fitted_shape",0
"fitted_shape",0.102803738317757
"fitted_shape",0
"fitted_shape",0.180555555555556
"fitted_shape",0.0135135135135135
"fitted_shape",1
"fitted_shape",0
"fitted_shape",0.643518518518518
"fitted_shape",1
"fitted_shape",0
"fitted_shape",0.00625
"fitted_shape",0.914141414141414
"fitted_shape",0
"fitted_shape",0.228855721393035
"fitted_shape",0
"fitted_shape",0
"fitted_shape",0.580808080808081
"fitted_shape",0.816143497757848
"fitted_shape",0
"fitted_shape",0.0384615384615385
"fitted_shape",0
"fitted_shape",1
"fitted_shape",0
"fitted_shape",1
"fitted_shape",1
"fitted_shape",0.0841121495327103
"fitted_shape",1
"fitted_shape",0
"fitted_shape",0.0757575757575758
"fitted_shape",0
"fitted_shape",0
"fitted_shape",0
"fitted_shape",0.695652173913043
"fitted_shape",0
"fitted_shape",0.259615384615385
"fitted_shape",0.635
"fitted_shape",0.994871794871795
"fitted_shape",0.0961538461538462
"fitted_shape",0.855769230769231
"fitted_shape",1
"fitted_shape",0
"fitted_shape",0
"fitted_shape",0.00956937799043062
"fitted_shape",0.5
"fitted_shape",0
"fitted_shape",0
"fitted_shape",1
"fitted_shape",0
"fitted_shape",0
"fitted_shape",0.0333333333333333
"fitted_shape",0.962616822429907
"fitted_shape",0
"fitted_shape",0
"fitted_shape",0.124401913875598
"fitted_shape",0.722488038277512
"fitted_shape",0
"fitted_shape",0.711711711711712
"fitted_shape",0.946859903381642
"fitted_shape",0
"fitted_shape",0.327354260089686
"fitted_shape",1
"fitted_shape",1
"fitted_shape",0
"fitted_shape",0
"fitted_shape",0.289340101522843
"fitted_shape",0
"fitted_shape",1
"fitted_shape",0
"fitted_shape",0
"fitted_shape",0.218905472636816
"fitted_shape",0.106481481481481
"fitted_shape",0.116161616161616
"fitted_shape",0.658385093167702
"fitted_shape",0.655
"fitted_shape",0
"fitted_shape",0
"fitted_shape",0
"fitted_shape",0.2625
"fitted_shape",0
"fitted_shape",0.114427860696517
"fitted_shape",0
"fitted_shape",0
"fitted_shape",0
"fitted_shape",0.0462962962962963
"fitted_shape",0.136645962732919
"fitted_shape",1
"fitted_shape",1
"fitted_shape",0
"fitted_shape",0.974358974358974
"fitted_shape",0
"fitted_shape",0.18974358974359
"fitted_shape",0
"fitted_shape",0
"fitted_shape",0
"fitted_shape",0
"fitted_shape",0.0205128205128205
"fitted_shape",0.981981981981982
"fitted_shape",0
"fitted_shape",0.00505050505050505
"fitted_shape",0.289256198347107
"fitted_shape",0
"fitted_shape",1
"fitted_shape",0.2375
"fitted_shape",0.00448430493273543
"fitted_shape",0
"fitted_shape",0
"fitted_shape",0
"fitted_shape",0
"fitted_shape",0
"fitted_shape",0
"fitted_shape",0
"fitted_shape",1
"fitted_shape",0.00483091787439614
"fitted_shape",0.00467289719626168
"fitted_shape",0
"fitted_shape",0
"fitted_shape",0
"fitted_shape",0
"fitted_shape",1
"fitted_shape",1
"fitted_shape",0.990867579908676
"fitted_shape",0.027906976744186
"fitted_shape",0
"fitted_shape",1
"fitted_shape",0
"fitted_shape",0
"fitted_shape",0
"fitted_shape",0
"fitted_shape",0
"fitted_shape",0
"fitted_shape",0
"fitted_shape",0.260504201680672
"fitted_shape",0.00925925925925926
"fitted_shape",0.91304347826087
"fitted_shape",0
"fitted_shape",0.975155279503106
"fitted_shape",0
"fitted_shape",0.00813008130081301
"fitted_shape",1
"fitted_shape",0
"fitted_shape",0
"fitted_shape",0
"fitted_shape",0
"fitted_shape",0.00934579439252336
"fitted_shape",0
"fitted_shape",0
"fitted_shape",0
"fitted_shape",1
"fitted_shape",0.0199004975124378
"fitted_shape",0
"fitted_shape",0
"fitted_shape",0
"fitted_shape",0
"fitted_shape",0
"fitted_shape",0.048780487804878
"fitted_shape",0.40506329113924
"fitted_shape",0.70048309178744
"fitted_shape",0
"fitted_shape",0.778947368421053
"fitted_shape",0
"fitted_shape",0.814432989690722
"fitted_shape",0
"fitted_shape",1
"fitted_shape",0
"fitted_shape",0
"fitted_shape",0
"fitted_shape",0
"fitted_shape",0
"fitted_shape",0.0478468899521531
"fitted_shape",0.890547263681592
"fitted_shape",0
"fitted_shape",0
"fitted_shape",0
"fitted_shape",0
"fitted_shape",0.626126126126126
"fitted_shape",0
"fitted_shape",0
"fitted_shape",0
"fitted_shape",0
"fitted_shape",1
"fitted_shape",0.654471544715447
"fitted_shape",0
"fitted_shape",0
"fitted_shape",0.995024875621891
"fitted_shape",0.0192307692307692
"fitted_shape",0
"fitted_shape",0.756880733944954
"fitted_shape",0
"fitted_shape",0.990430622009569
"fitted_shape",0
"fitted_shape",0.403587443946188
"fitted_shape",0.968325791855204
"fitted_shape",0
"fitted_shape",0
"fitted_shape",0.0903954802259887
"fitted_shape",1
"fitted_shape",0
"fitted_shape",0.523076923076923
"fitted_shape",0
"fitted_shape",0
"fitted_shape",0.0252525252525253
"fitted_shape",0.887179487179487
"fitted_shape",0
"fitted_shape",0
"fitted_shape",1
"fitted_shape",1
"fitted_shape",0
"fitted_shape",1
"fitted_shape",0
"fitted_shape",0
"fitted_shape",0.0615384615384615
"fitted_shape",1
"empirical_rates",0.986547085201794
"empirical_rates",0.00480769230769231
"empirical_rates",0.466019417475728
"empirical_rates",0
"empirical_rates",0.0372093023255814
"empirical_rates",1
"empirical_rates",0.0045045045045045
"empirical_rates",0.00465116279069767
"empirical_rates",0.00462962962962963
"empirical_rates",0.985074626865672
"empirical_rates",0
"empirical_rates",0.975155279503106
"empirical_rates",0.149532710280374
"empirical_rates",0.133971291866029
"empirical_rates",1
"empirical_rates",0.990430622009569
"empirical_rates",0
"empirical_rates",0.00483091787439614
"empirical_rates",0
"empirical_rates",0
"empirical_rates",0.126530612244898
"empirical_rates",0.0841121495327103
"empirical_rates",0.0040650406504065
"empirical_rates",0
"empirical_rates",0.36734693877551
"empirical_rates",0.177884615384615
"empirical_rates",0.0102564102564103
"empirical_rates",0.976851851851852
"empirical_rates",0
"empirical_rates",0.00448430493273543
"empirical_rates",0.00925925925925926
"empirical_rates",1
"empirical_rates",0
"empirical_rates",0.0179372197309417
"empirical_rates",0.360655737704918
"empirical_rates",0.0538116591928251
"empirical_rates",0
"empirical_rates",0.0280373831775701
"empirical_rates",0
"empirical_rates",0.027027027027027
"empirical_rates",0.240384615384615
"empirical_rates",0.755980861244019
"empirical_rates",0.455
"empirical_rates",0.0564102564102564
"empirical_rates",0
"empirical_rates",0.0862944162436548
"empirical_rates",0.0316455696202532
"empirical_rates",0.115
"empirical_rates",0.587064676616915
"empirical_rates",0
"empirical_rates",0
"empirical_rates",0.0574162679425837
"empirical_rates",0
"empirical_rates",0.316770186335404
"empirical_rates",0.287037037037037
"empirical_rates",0.24375
"empirical_rates",0.173913043478261
"empirical_rates",0
"empirical_rates",0.029126213592233
"empirical_rates",0.296650717703349
"empirical_rates",0.397129186602871
"empirical_rates",0.158974358974359
"empirical_rates",0
"empirical_rates",0.105820105820106
"empirical_rates",0
"empirical_rates",0.990384615384615
"empirical_rates",0.975155279503106
"empirical_rates",0.987577639751553
"empirical_rates",0.00896860986547085
"empirical_rates",0.291866028708134
"empirical_rates",0
"empirical_rates",0.0256410256410256
"empirical_rates",0.257575757575758
"empirical_rates",0
"empirical_rates",0.00480769230769231
"empirical_rates",0
"empirical_rates",0.0875
"empirical_rates",0.957894736842105
"empirical_rates",0.150753768844221
"empirical_rates",0
"empirical_rates",0.00505050505050505
"empirical_rates",0
"empirical_rates",0
"empirical_rates",0
"empirical_rates",0.04
"empirical_rates",0.00480769230769231
"empirical_rates",0.0762331838565022
"empirical_rates",0.121076233183857
"empirical_rates",0.0185185185185185
"empirical_rates",0
"empirical_rates",0.980099502487562
"empirical_rates",0.644859813084112
"empirical_rates",0.242268041237113
"empirical_rates",0
"empirical_rates",0.601010101010101
"empirical_rates",0.980769230769231
"empirical_rates",0.990384615384615
"empirical_rates",0
"empirical_rates",0
"empirical_rates",0.271844660194175
"empirical_rates",0.310204081632653
"empirical_rates",0.115942028985507
"empirical_rates",0
"empirical_rates",0.139013452914798
"empirical_rates",0.587443946188341
"empirical_rates",0.0185185185185185
"empirical_rates",0
"empirical_rates",0
"empirical_rates",0.0404040404040404
"empirical_rates",0.0045045045045045
"empirical_rates",0
"empirical_rates",0
"empirical_rates",0.538461538461538
"empirical_rates",0
"empirical_rates",0.99537037037037
"empirical_rates",0
"empirical_rates",0
"empirical_rates",0
"empirical_rates",0.966666666666667
"empirical_rates",0.732057416267943
"empirical_rates",0.269230769230769
"empirical_rates",0.962732919254658
"empirical_rates",0.373831775700935
"empirical_rates",0
"empirical_rates",0.615740740740741
"empirical_rates",0.964102564102564
"empirical_rates",0.981366459627329
"empirical_rates",0.198757763975155
"empirical_rates",0.985576923076923
"empirical_rates",0.0040650406504065
"empirical_rates",0.176767676767677
"empirical_rates",0.186602870813397
"empirical_rates",0
"empirical_rates",0
"empirical_rates",0.967592592592593
"empirical_rates",0.0845771144278607
"empirical_rates",0.207317073170732
"empirical_rates",0.944444444444444
"empirical_rates",0.00813008130081301
"empirical_rates",0.237209302325581
"empirical_rates",0.987755102040816
"empirical_rates",0.00478468899521531
"empirical_rates",0
"empirical_rates",0
"empirical_rates",0.956521739130435
"empirical_rates",0.00925925925925926
"empirical_rates",0.177033492822967
"empirical_rates",0.975961538461538
"empirical_rates",0
"empirical_rates",0.0491803278688525
"empirical_rates",1
"empirical_rates",0.969230769230769
"empirical_rates",0.552884615384615
"empirical_rates",0.97196261682243
"empirical_rates",0.0256410256410256
"empirical_rates",0
"empirical_rates",0.00497512437810945
"empirical_rates",0
"empirical_rates",0.937219730941704
"empirical_rates",0.0179372197309417
"empirical_rates",0.0995024875621891
"empirical_rates",0.076555023923445
"empirical_rates",0.0646766169154229
"empirical_rates",0.0280373831775701
"empirical_rates",0.960199004975124
"empirical_rates",1
"empirical_rates",0.0807453416149068
"empirical_rates",0
"empirical_rates",0.0138888888888889
"empirical_rates",0.118367346938776
"empirical_rates",0.196261682242991
"empirical_rates",0.986111111111111
"empirical_rates",0
"empirical_rates",0.975845410628019
"empirical_rates",0.0207253886010363
"empirical_rates",0.00934579439252336
"empirical_rates",0
"empirical_rates",0.976851851851852
"empirical_rates",0.0193236714975845
"empirical_rates",0.955
"empirical_rates",0
"empirical_rates",0.98989898989899
"empirical_rates",0
"empirical_rates",0.082051282051282
"empirical_rates",0.0186915887850467
"empirical_rates",0.274038461538462
"empirical_rates",0.246153846153846
"empirical_rates",0.986547085201794
"empirical_rates",0.682692307692308
"empirical_rates",0.0430622009569378
"empirical_rates",0.697115384615385
"empirical_rates",0.00896860986547085
"empirical_rates",0.947115384615385
"empirical_rates",0.00934579439252336
"empirical_rates",0.00497512437810945
"empirical_rates",0.00480769230769231
"empirical_rates",0.990654205607477
"empirical_rates",0
"empirical_rates",0.381642512077295
"empirical_rates",0.0199004975124378
"empirical_rates",0.956937799043062
"empirical_rates",0.991031390134529
"empirical_rates",0
"empirical_rates",0.365384615384615
"empirical_rates",0.986547085201794
"empirical_rates",0.482051282051282
"empirical_rates",0.0102564102564103
"empirical_rates",0.0538116591928251
"empirical_rates",0
"empirical_rates",0.993788819875776
"empirical_rates",0.00934579439252336
"empirical_rates",0.00505050505050505
"empirical_rates",0.980861244019139
"empirical_rates",0
"empirical_rates",0.0149253731343284
"empirical_rates",0.30622009569378
"empirical_rates",0.0202020202020202
"empirical_rates",0.923076923076923
"empirical_rates",0.0310880829015544
"empirical_rates",0.0478468899521531
"empirical_rates",0.476635514018692
"empirical_rates",0.995024875621891
"empirical_rates",0.416149068322981
"empirical_rates",0
"empirical_rates",0.0122950819672131
"empirical_rates",0
"empirical_rates",0.512820512820513
"empirical_rates",0.00505050505050505
"empirical_rates",0.0062111801242236
"empirical_rates",0.0231481481481481
"empirical_rates",0.981366459627329
"empirical_rates",0
"empirical_rates",0.248803827751196
"empirical_rates",0.0467289719626168
"empirical_rates",0.00505050505050505
"empirical_rates",0.977578475336323
"empirical_rates",0.0202020202020202
"empirical_rates",0
"empirical_rates",0.0546218487394958
"empirical_rates",0
"empirical_rates",0.00512820512820513
"empirical_rates",0.0102564102564103
"empirical_rates",0.00465116279069767
"empirical_rates",0.0974358974358974
"empirical_rates",0.212121212121212
"empirical_rates",0.0588235294117647
"empirical_rates",0.0248756218905473
"empirical_rates",0
"empirical_rates",0.117948717948718
"empirical_rates",1
"empirical_rates",0.0339805825242718
"empirical_rates",0
"empirical_rates",0.00483091787439614
"empirical_rates",0.292929292929293
"empirical_rates",0.0303030303030303
"empirical_rates",0
"empirical_rates",0.087962962962963
"empirical_rates",0.975155279503106
"empirical_rates",0.971014492753623
"empirical_rates",0.0514018691588785
"empirical_rates",0
"empirical_rates",0.521531100478469
"empirical_rates",0
"empirical_rates",0
"empirical_rates",0.248447204968944
"empirical_rates",0
"empirical_rates",0
"empirical_rates",0.0170212765957447
"empirical_rates",0.965
"empirical_rates",0.47
"empirical_rates",0.485576923076923
"empirical_rates",0
"empirical_rates",0.953703703703704
"empirical_rates",0.0375586854460094
"empirical_rates",0.403587443946188
"empirical_rates",0
"empirical_rates",0.0762331838565022
"empirical_rates",0.995215311004785
"empirical_rates",0.00478468899521531
"empirical_rates",0
"empirical_rates",0.00505050505050505
"empirical_rates",0.990740740740741
"empirical_rates",0
"empirical_rates",0.98974358974359
"empirical_rates",0.0769230769230769
"empirical_rates",0.0796019900497512
"empirical_rates",0.995454545454545
"empirical_rates",0.975124378109453
"empirical_rates",0
"empirical_rates",0
"empirical_rates",0
"empirical_rates",0.00480769230769231
"empirical_rates",0.0694444444444444
"empirical_rates",0.130841121495327
"empirical_rates",0.037037037037037
"empirical_rates",0
"empirical_rates",0.446153846153846
"empirical_rates",0.324074074074074
"empirical_rates",0
"empirical_rates",0.974747474747475
"empirical_rates",0
"empirical_rates",0
"empirical_rates",0
"empirical_rates",0.985074626865672
"empirical_rates",0
"empirical_rates",0.0288461538461538
"empirical_rates",0.283950617283951
"empirical_rates",0.0560747663551402
"empirical_rates",0.00480769230769231
"empirical_rates",0.139303482587065
"empirical_rates",0
"empirical_rates",0.00943396226415094
"empirical_rates",0.149532710280374
"empirical_rates",0.768518518518518
"empirical_rates",0.461883408071749
"empirical_rates",0.0447761194029851
"empirical_rates",0
"empirical_rates",0.186046511627907
"empirical_rates",0.0576923076923077
"empirical_rates",0.245901639344262
"empirical_rates",0.7
"empirical_rates",0
"empirical_rates",0
"empirical_rates",0.145
"empirical_rates",0
"empirical_rates",0.237209302325581
"empirical_rates",0.457013574660633
"empirical_rates",0.262886597938144
"empirical_rates",0.232876712328767
"empirical_rates",0
"empirical_rates",0.0384615384615385
"empirical_rates",0.17948717948718
"empirical_rates",0.420408163265306
"empirical_rates",0.153846153846154
"empirical_rates",0
"empirical_rates",0.087962962962963
"empirical_rates",0
"empirical_rates",0.971153846153846
"empirical_rates",0.980769230769231
"empirical_rates",0.980769230769231
"empirical_rates",0.0138888888888889
"empirical_rates",0.263157894736842
"empirical_rates",0
"empirical_rates",0.0448979591836735
"empirical_rates",0.398373983739837
"empirical_rates",0
"empirical_rates",0
"empirical_rates",0
"empirical_rates",0.076555023923445
"empirical_rates",0.99
"empirical_rates",0.144230769230769
"empirical_rates",0
"empirical_rates",0
"empirical_rates",0
"empirical_rates",0
"empirical_rates",0
"empirical_rates",0.025
"empirical_rates",0.00480769230769231
"empirical_rates",0.0493273542600897
"empirical_rates",0.171428571428571
"empirical_rates",0
"empirical_rates",0.00462962962962963
"empirical_rates",0.986111111111111
"empirical_rates",0.46583850931677
"empirical_rates",0.282511210762332
"empirical_rates",0
"empirical_rates",0.538461538461538
"empirical_rates",0.986547085201794
"empirical_rates",0.967441860465116
"empirical_rates",0
"empirical_rates",0
"empirical_rates",0.263959390862944
"empirical_rates",0.336538461538462
"empirical_rates",0
"empirical_rates",0
"empirical_rates",0.106481481481481
"empirical_rates",0.7
"empirical_rates",0.00434782608695652
"empirical_rates",0
"empirical_rates",0
"empirical_rates",0.0372670807453416
"empirical_rates",0
"empirical_rates",0
"empirical_rates",0.00515463917525773
"empirical_rates",0.43
"empirical_rates",0
"empirical_rates",0.985576923076923
"empirical_rates",0
"empirical_rates",0
"empirical_rates",0
"empirical_rates",0.984536082474227
"empirical_rates",0.65
"empirical_rates",0.0975609756097561
"empirical_rates",0.949074074074074
"empirical_rates",0.282511210762332
"empirical_rates",0
"empirical_rates",0.689873417721519
"empirical_rates",1
"empirical_rates",0.986547085201794
"empirical_rates",0.0240384615384615
"empirical_rates",0.993788819875776
"empirical_rates",0
"empirical_rates",0.287878787878788
"empirical_rates",0.343434343434343
"empirical_rates",0
"empirical_rates",0
"empirical_rates",1
"empirical_rates",0.0462962962962963
"empirical_rates",0.201793721973094
"empirical_rates",0.975510204081633
"empirical_rates",0.00934579439252336
"empirical_rates",0.147982062780269
"empirical_rates",0.955223880597015
"empirical_rates",0
"empirical_rates",0
"empirical_rates",0
"empirical_rates",0.951923076923077
"empirical_rates",0
"empirical_rates",0.16260162601626
"empirical_rates",0.964912280701754
"empirical_rates",0
"empirical_rates",0.121212121212121
"empirical_rates",0.991836734693878
"empirical_rates",0.950310559006211
"empirical_rates",0.484848484848485
"empirical_rates",0.981308411214953
"empirical_rates",0.0403587443946188
"empirical_rates",0
"empirical_rates",0.005
"empirical_rates",0
"empirical_rates",0.987755102040816
"empirical_rates",0.0186335403726708
"empirical_rates",0.0691823899371069
"empirical_rates",0.148148148148148
"empirical_rates",0.0663265306122449
"empirical_rates",0
"empirical_rates",1
"empirical_rates",0.955974842767296
"empirical_rates",0.182692307692308
"empirical_rates",0.0050761421319797
"empirical_rates",0.0128205128205128
"empirical_rates",0.0582959641255605
"empirical_rates",0.21025641025641
"empirical_rates",0.97979797979798
"empirical_rates",0
"empirical_rates",1
"empirical_rates",0.00448430493273543
"empirical_rates",0.0143540669856459
"empirical_rates",0
"empirical_rates",0.94949494949495
"empirical_rates",0
"empirical_rates",0.933014354066986
"empirical_rates",0
"empirical_rates",0.956937799043062
"empirical_rates",0
"empirical_rates",0.110047846889952
"empirical_rates",0
"empirical_rates",0.203252032520325
"empirical_rates",0.280851063829787
"empirical_rates",0.986111111111111
"empirical_rates",0.55
"empirical_rates",0.06
"empirical_rates",0.592964824120603
"empirical_rates",0.00478468899521531
"empirical_rates",0.955223880597015
"empirical_rates",0
"empirical_rates",0.00896860986547085
"empirical_rates",0
"empirical_rates",0.990430622009569
"empirical_rates",0
"empirical_rates",0.396907216494845
"empirical_rates",0.00485436893203883
"empirical_rates",0.986425339366516
"empirical_rates",1
"empirical_rates",0
"empirical_rates",0.248756218905473
"empirical_rates",0.99537037037037
"empirical_rates",0.457943925233645
"empirical_rates",0
"empirical_rates",0.118012422360248
"empirical_rates",0
"empirical_rates",1
"empirical_rates",0.00478468899521531
"empirical_rates",0
"empirical_rates",0.985645933014354
"empirical_rates",0.00478468899521531
"empirical_rates",0.00896860986547085
"empirical_rates",0.277511961722488
"empirical_rates",0.0373831775700935
"empirical_rates",0.94
"empirical_rates",0.00483091787439614
"empirical_rates",0.0993788819875776
"empirical_rates",0.330097087378641
"empirical_rates",0.986046511627907
"empirical_rates",0.41025641025641
"empirical_rates",0.00956937799043062
"empirical_rates",0.00813008130081301
"empirical_rates",0
"empirical_rates",0.348484848484849
"empirical_rates",0
"empirical_rates",0
"empirical_rates",0.0861244019138756
"empirical_rates",0.989949748743719
"empirical_rates",0
"empirical_rates",0.196261682242991
"empirical_rates",0.0654205607476635
"empirical_rates",0.00478468899521531
"empirical_rates",0.97196261682243
"empirical_rates",0.0807453416149068
"empirical_rates",0.00448430493273543
"empirical_rates",0.0287081339712919
"empirical_rates",0.0102564102564103
"empirical_rates",0.0101010101010101
"empirical_rates",0.0045045045045045
"empirical_rates",0
"empirical_rates",0.0786026200873362
"empirical_rates",0.392344497607655
"empirical_rates",0.0269058295964126
"empirical_rates",0.0144230769230769
"empirical_rates",0
"empirical_rates",0.0528455284552846
"empirical_rates",0.995348837209302
"empirical_rates",0.0149253731343284
"empirical_rates",0.0062111801242236
"empirical_rates",0.0205128205128205
"empirical_rates",0.208333333333333
"empirical_rates",0.07
"empirical_rates",0
"empirical_rates",0.139013452914798
"empirical_rates",0.975609756097561
"empirical_rates",0.97979797979798
"empirical_rates",0.0050761421319797
"empirical_rates",0
"empirical_rates",0.585585585585586
"empirical_rates",0.00512820512820513
"empirical_rates",0.0148514851485149
"empirical_rates",0.2
"empirical_rates",0
"empirical_rates",0
"empirical_rates",0.0555555555555556
"empirical_rates",1
"empirical_rates",0.579185520361991
"empirical_rates",0.611111111111111
"empirical_rates",0.00448430493273543
"empirical_rates",0.985645933014354
"empirical_rates",0.0745341614906832
"empirical_rates",0.551401869158878
"empirical_rates",0.005
"empirical_rates",0.0769230769230769
"empirical_rates",0.97979797979798
"empirical_rates",0.048780487804878
"empirical_rates",0.0121951219512195
"empirical_rates",0.0101010101010101
"empirical_rates",0.990654205607477
"empirical_rates",0
"empirical_rates",0.994871794871795
"empirical_rates",0.0186335403726708
"empirical_rates",0.0731707317073171
"empirical_rates",0.981308411214953
"empirical_rates",0.995515695067265
"empirical_rates",0
"empirical_rates",0.00480769230769231
"empirical_rates",0
"empirical_rates",0
"empirical_rates",0.0900900900900901
"empirical_rates",0.115740740740741
"empirical_rates",0
"empirical_rates",0
"empirical_rates",0.542600896860987
"empirical_rates",0.368686868686869
"empirical_rates",0
"empirical_rates",0.994871794871795
"empirical_rates",0
"empirical_rates",0
"empirical_rates",0
"empirical_rates",0.995
"empirical_rates",0
"empirical_rates",0.0555555555555556
"empirical_rates",0.430769230769231
"empirical_rates",0.0373831775700935
"empirical_rates",0.0062111801242236
"empirical_rates",0.121212121212121
"empirical_rates",0
"empirical_rates",0.00961538461538462
"empirical_rates",0.12
"empirical_rates",0.811659192825112
"empirical_rates",0.447115384615385
"empirical_rates",0.00961538461538462
"empirical_rates",0
"empirical_rates",0.0496894409937888
"empirical_rates",0.114427860696517
"empirical_rates",0.181347150259067
"empirical_rates",0.547085201793722
"empirical_rates",0
"empirical_rates",0
"empirical_rates",0.0224215246636771
"empirical_rates",0.0050761421319797
"empirical_rates",0.569444444444444
"empirical_rates",0.207070707070707
"empirical_rates",0.13
"empirical_rates",0.334928229665072
"empirical_rates",0
"empirical_rates",0.0526315789473684
"empirical_rates",0.168224299065421
"empirical_rates",0.435406698564593
"empirical_rates",0.239234449760766
"empirical_rates",0.0101522842639594
"empirical_rates",0.119402985074627
"empirical_rates",0.0199004975124378
"empirical_rates",0.975155279503106
"empirical_rates",0.994845360824742
"empirical_rates",1
"empirical_rates",0.0382775119617225
"empirical_rates",0.279503105590062
"empirical_rates",0
"empirical_rates",0.0673076923076923
"empirical_rates",0.203703703703704
"empirical_rates",0
"empirical_rates",0
"empirical_rates",0
"empirical_rates",0.102803738317757
"empirical_rates",0.967741935483871
"empirical_rates",0.239234449760766
"empirical_rates",0
"empirical_rates",0
"empirical_rates",0
"empirical_rates",0
"empirical_rates",0
"empirical_rates",0.186915887850467
"empirical_rates",0.0134529147982063
"empirical_rates",0.031055900621118
"empirical_rates",0.224215246636771
"empirical_rates",0
"empirical_rates",0.00896860986547085
"empirical_rates",0.995633187772926
"empirical_rates",0.45045045045045
"empirical_rates",0.10762331838565
"empirical_rates",0
"empirical_rates",0.57948717948718
"empirical_rates",0.974619289340102
"empirical_rates",0.991031390134529
"empirical_rates",0
"empirical_rates",0.00961538461538462
"empirical_rates",0.338383838383838
"empirical_rates",0.341614906832298
"empirical_rates",0.00462962962962963
"empirical_rates",0
"empirical_rates",0.0434782608695652
"empirical_rates",0.592039800995025
"empirical_rates",0.00836820083682008
"empirical_rates",0
"empirical_rates",0
"empirical_rates",0.0257510729613734
"empirical_rates",0
"empirical_rates",0.0149253731343284
"empirical_rates",0.0186335403726708
"empirical_rates",0.47
"empirical_rates",0.00961538461538462
"empirical_rates",0.980099502487562
"empirical_rates",0
"empirical_rates",0.00478468899521531
"empirical_rates",0.0206185567010309
"empirical_rates",0.976076555023923
"empirical_rates",0.654205607476635
"empirical_rates",0.191387559808612
"empirical_rates",0.975
"empirical_rates",0.308411214953271
"empirical_rates",0.00448430493273543
"empirical_rates",0.585585585585586
"empirical_rates",0.989949748743719
"empirical_rates",0.986486486486487
"empirical_rates",0.107692307692308
"empirical_rates",0.995918367346939
"empirical_rates",0
"empirical_rates",0.148325358851675
"empirical_rates",0.1875
"empirical_rates",0
"empirical_rates",0
"empirical_rates",0.991869918699187
"empirical_rates",0.0284552845528455
"empirical_rates",0.199074074074074
"empirical_rates",0.97196261682243
"empirical_rates",0.0135135135135135
"empirical_rates",0.161490683229814
"empirical_rates",0.964467005076142
"empirical_rates",0
"empirical_rates",0
"empirical_rates",0
"empirical_rates",0.953271028037383
"empirical_rates",0
"empirical_rates",0.11214953271028
"empirical_rates",0.981308411214953
"empirical_rates",0
"empirical_rates",0.119402985074627
"empirical_rates",0.990740740740741
"empirical_rates",0.957894736842105
"empirical_rates",0.430622009569378
"empirical_rates",0.987421383647799
"empirical_rates",0.0192307692307692
"empirical_rates",0
"empirical_rates",0.0151515151515152
"empirical_rates",0.00480769230769231
"empirical_rates",0.981366459627329
"empirical_rates",0.0099502487562189
"empirical_rates",0.121076233183857
"empirical_rates",0.133333333333333
"empirical_rates",0.182692307692308
"empirical_rates",0
"empirical_rates",0.985576923076923
"empirical_rates",1
"empirical_rates",0.0372670807453416
"empirical_rates",0.00961538461538462
"empirical_rates",0.00462962962962963
"empirical_rates",0.105769230769231
"empirical_rates",0.208333333333333
"empirical_rates",0.974747474747475
"empirical_rates",0
"empirical_rates",0.975961538461538
"empirical_rates",0.0149253731343284
"empirical_rates",0
"empirical_rates",0
"empirical_rates",0.974358974358974
"empirical_rates",0.04
"empirical_rates",0.947368421052632
"empirical_rates",0
"empirical_rates",0.971153846153846
"empirical_rates",0
"empirical_rates",0.0511627906976744
"empirical_rates",0.0144230769230769
"empirical_rates",0.353233830845771
"empirical_rates",0.284263959390863
"empirical_rates",1
"empirical_rates",0.6318407960199
"empirical_rates",0.0932642487046632
"empirical_rates",0.634517766497462
"empirical_rates",0.01
"empirical_rates",0.937219730941704
"empirical_rates",0.036734693877551
"empirical_rates",0.03125
"empirical_rates",0.0101010101010101
"empirical_rates",0.956730769230769
"empirical_rates",0
"empirical_rates",0.317307692307692
"empirical_rates",0.0248447204968944
"empirical_rates",0.972222222222222
"empirical_rates",0.973094170403587
"empirical_rates",0
"empirical_rates",0.16734693877551
"empirical_rates",1
"empirical_rates",0.562189054726368
"empirical_rates",0
"empirical_rates",0.0765765765765766
"empirical_rates",0
"empirical_rates",0.9875
"empirical_rates",0.0202020202020202
"empirical_rates",0
"empirical_rates",0.975
"empirical_rates",0
"empirical_rates",0.0280373831775701
"empirical_rates",0.317757009345794
"empirical_rates",0.00478468899521531
"empirical_rates",0.937219730941704
"empirical_rates",0.0202020202020202
"empirical_rates",0.0373831775700935
"empirical_rates",0.369918699186992
"empirical_rates",0.990740740740741
"empirical_rates",0.373737373737374
"empirical_rates",0.0144230769230769
"empirical_rates",0
"empirical_rates",0
"empirical_rates",0.365740740740741
"empirical_rates",0.00497512437810945
"empirical_rates",0.0248447204968944
"empirical_rates",0.0416666666666667
"empirical_rates",1
"empirical_rates",0
"empirical_rates",0.277777777777778
"empirical_rates",0.0373831775700935
"empirical_rates",0
"empirical_rates",0.981308411214953
"empirical_rates",0.0405405405405405
"empirical_rates",0
"empirical_rates",0.136363636363636
"empirical_rates",0.00961538461538462
"empirical_rates",0.0595744680851064
"empirical_rates",0
"empirical_rates",0.00462962962962963
"empirical_rates",0.102564102564103
"empirical_rates",0.269058295964126
"empirical_rates",0.00873362445414847
"empirical_rates",0.0406091370558376
"empirical_rates",0.00478468899521531
"empirical_rates",0.05
"empirical_rates",1
"empirical_rates",0.00896860986547085
"empirical_rates",0
"empirical_rates",0.00892857142857143
"empirical_rates",0.264227642276423
"empirical_rates",0.0382775119617225
"empirical_rates",0
"empirical_rates",0.172248803827751
"empirical_rates",0.97979797979798
"empirical_rates",1
"empirical_rates",0.0040650406504065
"empirical_rates",0
"empirical_rates",0.462962962962963
"empirical_rates",0
"empirical_rates",0.00462962962962963
"empirical_rates",0.193236714975845
"empirical_rates",0
"empirical_rates",0
"empirical_rates",0.00961538461538462
"empirical_rates",0.975609756097561
"empirical_rates",0.37888198757764
"empirical_rates",0.475961538461538
"empirical_rates",0
"empirical_rates",0.981132075471698
"empirical_rates",0.0244897959183673
"empirical_rates",0.362694300518135
"empirical_rates",0
"empirical_rates",0.0601851851851852
"empirical_rates",0.994871794871795
"empirical_rates",0.015
"empirical_rates",0
"empirical_rates",0.00934579439252336
"empirical_rates",0.994871794871795
"empirical_rates",0
"empirical_rates",0.979695431472081
"empirical_rates",0.0618556701030928
"empirical_rates",0.09
"empirical_rates",0.969957081545064
"empirical_rates",0.993788819875776
"empirical_rates",0
"empirical_rates",0
"empirical_rates",0
"empirical_rates",0
"empirical_rates",0.0817307692307692
"empirical_rates",0.0909090909090909
"empirical_rates",0
"empirical_rates",0.0186915887850467
"empirical_rates",0.570093457943925
"empirical_rates",0.304932735426009
"empirical_rates",0
"empirical_rates",0.977578475336323
"empirical_rates",0
"empirical_rates",0
"empirical_rates",0
"empirical_rates",1
"empirical_rates",0
"empirical_rates",0.0430622009569378
"empirical_rates",0.412371134020619
"empirical_rates",0.14018691588785
"empirical_rates",0
"empirical_rates",0.0153061224489796
"empirical_rates",0
"empirical_rates",0.00478468899521531
"empirical_rates",0.272727272727273
"empirical_rates",0.753846153846154
"empirical_rates",0.382882882882883
"empirical_rates",0.0588235294117647
"empirical_rates",0
"empirical_rates",0.0986547085201794
"empirical_rates",0.054726368159204
"empirical_rates",0.105769230769231
"empirical_rates",0.675925925925926
"empirical_rates",0
"empirical_rates",0
"empirical_rates",0.0447761194029851
"empirical_rates",0.0151515151515152
"empirical_rates",0.543589743589744
"empirical_rates",0.198757763975155
"empirical_rates",0.172093023255814
"empirical_rates",0.186915887850467
"empirical_rates",0
"empirical_rates",0.0538116591928251
"empirical_rates",0.138755980861244
"empirical_rates",0.305555555555556
"empirical_rates",0.115384615384615
"empirical_rates",0
"empirical_rates",0.129807692307692
"empirical_rates",0.0191387559808612
"empirical_rates",0.977477477477477
"empirical_rates",0.961538461538462
"empirical_rates",0.980769230769231
"empirical_rates",0.00956937799043062
"empirical_rates",0.280373831775701
"empirical_rates",0
"empirical_rates",0.0307692307692308
"empirical_rates",0.256756756756757
"empirical_rates",0.0099502487562189
"empirical_rates",0
"empirical_rates",0
"empirical_rates",0.100961538461538
"empirical_rates",0.990654205607477
"empirical_rates",0.186335403726708
"empirical_rates",0
"empirical_rates",0
"empirical_rates",0
"empirical_rates",0
"empirical_rates",0
"empirical_rates",0.0269058295964126
"empirical_rates",0.025
"empirical_rates",0.0721649484536082
"empirical_rates",0.186868686868687
"empirical_rates",0
"empirical_rates",0.0138888888888889
"empirical_rates",1
"empirical_rates",0.522388059701492
"empirical_rates",0.152380952380952
"empirical_rates",0
"empirical_rates",0.621951219512195
"empirical_rates",0.995192307692308
"empirical_rates",0.98989898989899
"empirical_rates",0
"empirical_rates",0
"empirical_rates",0.25
"empirical_rates",0.336538461538462
"empirical_rates",0.0348258706467662
"empirical_rates",0.0062111801242236
"empirical_rates",0.0841121495327103
"empirical_rates",0.601010101010101
"empirical_rates",0
"empirical_rates",0
"empirical_rates",0
"empirical_rates",0.0269058295964126
"empirical_rates",0
"empirical_rates",0
"empirical_rates",0.0248756218905473
"empirical_rates",0.515695067264574
"empirical_rates",0
"empirical_rates",0.985645933014354
"empirical_rates",0
"empirical_rates",0.0062111801242236
"empirical_rates",0.00512820512820513
"empirical_rates",0.976851851851852
"empirical_rates",0.67420814479638
"empirical_rates",0.197115384615385
"empirical_rates",0.923076923076923
"empirical_rates",0.327102803738318
"empirical_rates",0.00956937799043062
"empirical_rates",0.6875
"empirical_rates",1
"empirical_rates",0.99163179916318
"empirical_rates",0.0781893004115226
"empirical_rates",0.99537037037037
"empirical_rates",0
"empirical_rates",0.220095693779904
"empirical_rates",0.16751269035533
"empirical_rates",0
"empirical_rates",0
"empirical_rates",0.987704918032787
"empirical_rates",0.0358974358974359
"empirical_rates",0.173913043478261
"empirical_rates",0.976076555023923
"empirical_rates",0.031390134529148
"empirical_rates",0.147208121827411
"empirical_rates",0.980099502487562
"empirical_rates",0
"empirical_rates",0
"empirical_rates",0
"empirical_rates",0.961538461538462
"empirical_rates",0.0163934426229508
"empirical_rates",0.095
"empirical_rates",0.982062780269058
"empirical_rates",0
"empirical_rates",0.138364779874214
"empirical_rates",0.985645933014354
"empirical_rates",0.915422885572139
"empirical_rates",0.611111111111111
"empirical_rates",0.957983193277311
"empirical_rates",0.0298507462686567
"empirical_rates",0
"empirical_rates",0
"empirical_rates",0
"empirical_rates",0.985
"empirical_rates",0.0416666666666667
"empirical_rates",0.0654205607476635
"empirical_rates",0.0721153846153846
"empirical_rates",0.158333333333333
"empirical_rates",0
"empirical_rates",0.985074626865672
"empirical_rates",0.989847715736041
"empirical_rates",0.0913461538461538
"empirical_rates",0.0062111801242236
"empirical_rates",0.0040650406504065
"empirical_rates",0.252336448598131
"empirical_rates",0.0858585858585859
"empirical_rates",1
"empirical_rates",0
"empirical_rates",0.990430622009569
"empirical_rates",0
"empirical_rates",0.0199004975124378
"empirical_rates",0
"empirical_rates",1
"empirical_rates",0.112107623318386
"empirical_rates",0.975155279503106
"empirical_rates",0.112820512820513
"empirical_rates",0.990697674418605
"empirical_rates",0
"empirical_rates",0.0430622009569378
"empirical_rates",0
"empirical_rates",0.386792452830189
"empirical_rates",0.184684684684685
"empirical_rates",0.99537037037037
"empirical_rates",0.782608695652174
"empirical_rates",0.0377358490566038
"empirical_rates",0.695652173913043
"empirical_rates",0.00465116279069767
"empirical_rates",0.935185185185185
"empirical_rates",0
"empirical_rates",0
"empirical_rates",0
"empirical_rates",0.995215311004785
"empirical_rates",0.00934579439252336
"empirical_rates",0.16260162601626
"empirical_rates",0.0704845814977974
"empirical_rates",0.974358974358974
"empirical_rates",0.980769230769231
"empirical_rates",0
"empirical_rates",0.393518518518519
"empirical_rates",0.985645933014354
"empirical_rates",0.49746192893401
"empirical_rates",0
"empirical_rates",0.211711711711712
"empirical_rates",0
"empirical_rates",0.981481481481482
"empirical_rates",0.0152284263959391
"empirical_rates",0
"empirical_rates",0.987577639751553
"empirical_rates",0
"empirical_rates",0.0154639175257732
"empirical_rates",0.205
"empirical_rates",0.0199004975124378
"empirical_rates",0.932692307692308
"empirical_rates",0.0202020202020202
"empirical_rates",0.0865384615384615
"empirical_rates",0.393939393939394
"empirical_rates",0.990990990990991
"empirical_rates",0.592592592592593
"empirical_rates",0
"empirical_rates",0.00813008130081301
"empirical_rates",0
"empirical_rates",0.258373205741627
"empirical_rates",0
"empirical_rates",0.0124223602484472
"empirical_rates",0.0358974358974359
"empirical_rates",0.958333333333333
"empirical_rates",0
"empirical_rates",0.402777777777778
"empirical_rates",0.0746268656716418
"empirical_rates",0
"empirical_rates",0.986111111111111
"empirical_rates",0.102325581395349
"empirical_rates",0
"empirical_rates",0.0155440414507772
"empirical_rates",0.00900900900900901
"empirical_rates",0.00961538461538462
"empirical_rates",0.00961538461538462
"empirical_rates",0
"empirical_rates",0.0656565656565657
"empirical_rates",0.308080808080808
"empirical_rates",0.00485436893203883
"empirical_rates",0.0372670807453416
"empirical_rates",0.0555555555555556
"empirical_rates",0.121495327102804
"empirical_rates",1
"empirical_rates",0.0102040816326531
"empirical_rates",0.0603015075376884
"empirical_rates",0.00497512437810945
"empirical_rates",0.134615384615385
"empirical_rates",0.0405405405405405
"empirical_rates",0
"empirical_rates",0.0938775510204082
"empirical_rates",0.975961538461538
"empirical_rates",0.990430622009569
"empirical_rates",0.0149253731343284
"empirical_rates",0
"empirical_rates",0.422885572139304
"empirical_rates",0.00505050505050505
"empirical_rates",0.0736842105263158
"empirical_rates",0.168224299065421
"empirical_rates",0
"empirical_rates",0
"empirical_rates",0.0284552845528455
"empirical_rates",0.971291866028708
"empirical_rates",0.593301435406699
"empirical_rates",0.429906542056075
"empirical_rates",0
"empirical_rates",0.981481481481482
"empirical_rates",0.0538116591928251
"empirical_rates",0.41025641025641
"empirical_rates",0
"empirical_rates",0.0179372197309417
"empirical_rates",0.99492385786802
"empirical_rates",0.00956937799043062
"empirical_rates",0.00485436893203883
"empirical_rates",0
"empirical_rates",0.98989898989899
"empirical_rates",0
"empirical_rates",0.98989898989899
"empirical_rates",0.131313131313131
"empirical_rates",0.111111111111111
"empirical_rates",0.98989898989899
"empirical_rates",0.990990990990991
"empirical_rates",0
"empirical_rates",0
"empirical_rates",0
"empirical_rates",0
"empirical_rates",0.0909090909090909
"empirical_rates",0.0945273631840796
"empirical_rates",0
"empirical_rates",0
"empirical_rates",0.409937888198758
"empirical_rates",0.197309417040359
"empirical_rates",0.0045045045045045
"empirical_rates",0.993788819875776
"empirical_rates",0
"empirical_rates",0.00515463917525773
"empirical_rates",0
"empirical_rates",0.987577639751553
"empirical_rates",0
"empirical_rates",0.0717703349282297
"empirical_rates",0.277777777777778
"empirical_rates",0.16734693877551
"empirical_rates",0
"empirical_rates",0.0496894409937888
"empirical_rates",0
"empirical_rates",0
"empirical_rates",0.229665071770335
"empirical_rates",0.691056910569106
"empirical_rates",0.335
"empirical_rates",0.0248447204968944
"empirical_rates",0
"empirical_rates",0.0560747663551402
"empirical_rates",0.0574162679425837
"empirical_rates",0.139303482587065
"empirical_rates",0.62111801242236
"empirical_rates",0
"empirical_rates",0
"empirical_rates",0.0192307692307692
"empirical_rates",0.0134529147982063
"empirical_rates",0.379807692307692
"empirical_rates",0.252336448598131
"empirical_rates",0.195
"empirical_rates",0.224299065420561
"empirical_rates",0
"empirical_rates",0.050761421319797
"empirical_rates",0.246153846153846
"empirical_rates",0.540540540540541
"empirical_rates",0.246153846153846
"empirical_rates",0
"empirical_rates",0.0807453416149068
"empirical_rates",0.0045662100456621
"empirical_rates",0.99
"empirical_rates",0.987577639751553
"empirical_rates",0.990654205607477
"empirical_rates",0.0298507462686567
"empirical_rates",0.276422764227642
"empirical_rates",0
"empirical_rates",0.0225225225225225
"empirical_rates",0.375
"empirical_rates",0.00462962962962963
"empirical_rates",0
"empirical_rates",0
"empirical_rates",0.087962962962963
"empirical_rates",0.991031390134529
"empirical_rates",0.143589743589744
"empirical_rates",0
"empirical_rates",0
"empirical_rates",0.00467289719626168
"empirical_rates",0
"empirical_rates",0
"empirical_rates",0.062200956937799
"empirical_rates",0.0240384615384615
"empirical_rates",0.0514018691588785
"empirical_rates",0.3125
"empirical_rates",0
"empirical_rates",0
"empirical_rates",0.989847715736041
"empirical_rates",0.533333333333333
"empirical_rates",0.130081300813008
"empirical_rates",0
"empirical_rates",0.562189054726368
"empirical_rates",0.982062780269058
"empirical_rates",0.95959595959596
"empirical_rates",0
"empirical_rates",0.00934579439252336
"empirical_rates",0.179245283018868
"empirical_rates",0.289795918367347
"empirical_rates",0
"empirical_rates",0
"empirical_rates",0.0740740740740741
"empirical_rates",0.72
"empirical_rates",0.0124223602484472
"empirical_rates",0.00505050505050505
"empirical_rates",0.00505050505050505
"empirical_rates",0.0416666666666667
"empirical_rates",0
"empirical_rates",0
"empirical_rates",0.0099502487562189
"empirical_rates",0.588516746411483
"empirical_rates",0
"empirical_rates",0.984615384615385
"empirical_rates",0
"empirical_rates",0
"empirical_rates",0.00505050505050505
"empirical_rates",1
"empirical_rates",0.705
"empirical_rates",0.14
"empirical_rates",0.93167701863354
"empirical_rates",0.291666666666667
"empirical_rates",0.024390243902439
"empirical_rates",0.593908629441624
"empirical_rates",1
"empirical_rates",0.985576923076923
"empirical_rates",0.119402985074627
"empirical_rates",0.987577639751553
"empirical_rates",0
"empirical_rates",0.216981132075472
"empirical_rates",0.259259259259259
"empirical_rates",0
"empirical_rates",0
"empirical_rates",0.96875
"empirical_rates",0.0673076923076923
"empirical_rates",0.161434977578475
"empirical_rates",0.993788819875776
"empirical_rates",0
"empirical_rates",0.148148148148148
"empirical_rates",0.974358974358974
"empirical_rates",0
"empirical_rates",0
"empirical_rates",0
"empirical_rates",0.943298969072165
"empirical_rates",0
"empirical_rates",0.0909090909090909
"empirical_rates",0.97
"empirical_rates",0
"empirical_rates",0.11214953271028
"empirical_rates",0.99375
"empirical_rates",0.933333333333333
"empirical_rates",0.55
"empirical_rates",0.995515695067265
"empirical_rates",0.0559006211180124
"empirical_rates",0
"empirical_rates",0.0125786163522013
"empirical_rates",0
"empirical_rates",0.986111111111111
"empirical_rates",0.0206185567010309
"empirical_rates",0.106280193236715
"empirical_rates",0.163461538461538
"empirical_rates",0.168224299065421
"empirical_rates",0
"empirical_rates",1
"empirical_rates",0.99537037037037
"empirical_rates",0.201793721973094
"empirical_rates",0.050761421319797
"empirical_rates",0.00934579439252336
"empirical_rates",0.1875
"empirical_rates",0.0869565217391304
"empirical_rates",0.981481481481482
"empirical_rates",0
"empirical_rates",0.990654205607477
"empirical_rates",0.0373831775700935
"empirical_rates",0.0328638497652582
"empirical_rates",0
"empirical_rates",0.97979797979798
"empirical_rates",0.00961538461538462
"empirical_rates",0.962616822429907
"empirical_rates",0.00961538461538462
"empirical_rates",0.993788819875776
"empirical_rates",0
"empirical_rates",0.165919282511211
"empirical_rates",0
"empirical_rates",0.453416149068323
"empirical_rates",0.205741626794258
"empirical_rates",0.949074074074074
"empirical_rates",0.75776397515528
"empirical_rates",0.111627906976744
"empirical_rates",0.575757575757576
"empirical_rates",0.0185185185185185
"empirical_rates",0.894736842105263
"empirical_rates",0.00966183574879227
"empirical_rates",0.0101522842639594
"empirical_rates",0
"empirical_rates",0.990243902439024
"empirical_rates",0
"empirical_rates",0.146341463414634
"empirical_rates",0.0206185567010309
"empirical_rates",0.968421052631579
"empirical_rates",0.962962962962963
"empirical_rates",0
"empirical_rates",0.384259259259259
"empirical_rates",0.99537037037037
"empirical_rates",0.505154639175258
"empirical_rates",0
"empirical_rates",0.141509433962264
"empirical_rates",0
"empirical_rates",0.97196261682243
"empirical_rates",0
"empirical_rates",0
"empirical_rates",0.993788819875776
"empirical_rates",0
"empirical_rates",0.0239234449760766
"empirical_rates",0.164102564102564
"empirical_rates",0.025
"empirical_rates",0.91219512195122
"empirical_rates",0.0287081339712919
"empirical_rates",0.0817307692307692
"empirical_rates",0.27319587628866
"empirical_rates",0.990384615384615
"empirical_rates",0.355140186915888
"empirical_rates",0
"empirical_rates",0
"empirical_rates",0
"empirical_rates",0.271356783919598
"empirical_rates",0.00632911392405063
"empirical_rates",0
"empirical_rates",0.0144230769230769
"empirical_rates",0.990740740740741
"empirical_rates",0
"empirical_rates",0.343283582089552
"empirical_rates",0.0574162679425837
"empirical_rates",0
"empirical_rates",0.99
"empirical_rates",0.0241545893719807
"empirical_rates",0
"empirical_rates",0.0248756218905473
"empirical_rates",0.0288461538461538
"empirical_rates",0.0143540669856459
"empirical_rates",0.00497512437810945
"empirical_rates",0
"empirical_rates",0.135265700483092
"empirical_rates",0.412556053811659
"empirical_rates",0.0204081632653061
"empirical_rates",0.00961538461538462
"empirical_rates",0
"empirical_rates",0.0511627906976744
"empirical_rates",1
"empirical_rates",0.0192307692307692
"empirical_rates",0.00478468899521531
"empirical_rates",0
"empirical_rates",0.261224489795918
"empirical_rates",0.0122448979591837
"empirical_rates",0
"empirical_rates",0.107692307692308
"empirical_rates",0.980676328502415
"empirical_rates",1
"empirical_rates",0
"empirical_rates",0.0153846153846154
"empirical_rates",0.495192307692308
"empirical_rates",0.00480769230769231
"empirical_rates",0.0185185185185185
"empirical_rates",0.331730769230769
"empirical_rates",0
"empirical_rates",0
"empirical_rates",0.0256410256410256
"empirical_rates",0.980861244019139
"empirical_rates",0.53416149068323
"empirical_rates",0.425
"empirical_rates",0
"empirical_rates",0.985507246376812
"empirical_rates",0.0151515151515152
"empirical_rates",0.423076923076923
"empirical_rates",0
"empirical_rates",0.101449275362319
"empirical_rates",0.976076555023923
"empirical_rates",0.0040983606557377
"empirical_rates",0.0062111801242236
"empirical_rates",0
"empirical_rates",0.980676328502415
"empirical_rates",0
"empirical_rates",1
"empirical_rates",0.0934579439252336
"empirical_rates",0.0673076923076923
"empirical_rates",0.975
"empirical_rates",1
"empirical_rates",0
"empirical_rates",0.00483091787439614
"empirical_rates",0
"empirical_rates",0
"empirical_rates",0.0841121495327103
"empirical_rates",0.14375
"empirical_rates",0
"empirical_rates",0.00961538461538462
"empirical_rates",0.333333333333333
"empirical_rates",0.126315789473684
"empirical_rates",0
"empirical_rates",0.987704918032787
"empirical_rates",0
"empirical_rates",0.00888888888888889
"empirical_rates",0
"empirical_rates",0.975155279503106
"empirical_rates",0
"empirical_rates",0.032520325203252
"empirical_rates",0.33739837398374
"empirical_rates",0.0654205607476635
"empirical_rates",0
"empirical_rates",0.0495867768595041
"empirical_rates",0
"empirical_rates",0
"empirical_rates",0.297297297297297
"empirical_rates",0.781094527363184
"empirical_rates",0.373983739837398
"empirical_rates",0.00896860986547085
"empirical_rates",0
"empirical_rates",0.125
"empirical_rates",0.0669856459330144
"empirical_rates",0.0956937799043062
"empirical_rates",0.695067264573991
"empirical_rates",0
"empirical_rates",0
"empirical_rates",0.0239234449760766
"empirical_rates",0.0280373831775701
"empirical_rates",0.451923076923077
"empirical_rates",0.24375
"empirical_rates",0.154228855721393
"empirical_rates",0.158878504672897
"empirical_rates",0
"empirical_rates",0.0434782608695652
"empirical_rates",0.226130653266332
"empirical_rates",0.442105263157895
"empirical_rates",0.0740740740740741
"empirical_rates",0
"empirical_rates",0.137055837563452
"empirical_rates",0
"empirical_rates",0.976635514018692
"empirical_rates",0.990654205607477
"empirical_rates",0.989690721649485
"empirical_rates",0.018018018018018
"empirical_rates",0.343434343434343
"empirical_rates",0
"empirical_rates",0.0497512437810945
"empirical_rates",0.358208955223881
"empirical_rates",0.00480769230769231
"empirical_rates",0
"empirical_rates",0
"empirical_rates",0.169154228855721
"empirical_rates",0.97948717948718
"empirical_rates",0.12962962962963
"empirical_rates",0
"empirical_rates",0
"empirical_rates",0
"empirical_rates",0
"empirical_rates",0
"empirical_rates",0.00497512437810945
"empirical_rates",0.0210084033613445
"empirical_rates",0.0447761194029851
"empirical_rates",0.248756218905473
"empirical_rates",0.01
"empirical_rates",0.0040650406504065
"empirical_rates",0.995215311004785
"empirical_rates",0.52914798206278
"empirical_rates",0.220338983050847
"empirical_rates",0
"empirical_rates",0.524271844660194
"empirical_rates",0.990654205607477
"empirical_rates",0.98
"empirical_rates",0.00478468899521531
"empirical_rates",0.00505050505050505
"empirical_rates",0.181818181818182
"empirical_rates",0.326923076923077
"empirical_rates",0.0285714285714286
"empirical_rates",0
"empirical_rates",0.0925925925925926
"empirical_rates",0.60248447204969
"empirical_rates",0.0717948717948718
"empirical_rates",0.0062111801242236
"empirical_rates",0
"empirical_rates",0.0434782608695652
"empirical_rates",0
"empirical_rates",0
"empirical_rates",0.00961538461538462
"empirical_rates",0.528846153846154
"empirical_rates",0.00497512437810945
"empirical_rates",0.970149253731343
"empirical_rates",0
"empirical_rates",0
"empirical_rates",0
"empirical_rates",1
"empirical_rates",0.691542288557214
"empirical_rates",0.131313131313131
"empirical_rates",0.950310559006211
"empirical_rates",0.242152466367713
"empirical_rates",0
"empirical_rates",0.800925925925926
"empirical_rates",0.994949494949495
"empirical_rates",0.98989898989899
"empirical_rates",0.0721153846153846
"empirical_rates",0.995515695067265
"empirical_rates",0.00512820512820513
"empirical_rates",0.323076923076923
"empirical_rates",0.274774774774775
"empirical_rates",0
"empirical_rates",0
"empirical_rates",0.994871794871795
"empirical_rates",0.0683229813664596
"empirical_rates",0.478260869565217
"empirical_rates",0.9625
"empirical_rates",0.0199004975124378
"empirical_rates",0.201793721973094
"empirical_rates",0.974747474747475
"empirical_rates",0.0099502487562189
"empirical_rates",0
"empirical_rates",0.101449275362319
"empirical_rates",0.971428571428571
"empirical_rates",0
"empirical_rates",0.169154228855721
"empirical_rates",0.98780487804878
"empirical_rates",0
"empirical_rates",0.144230769230769
"empirical_rates",0.962616822429907
"empirical_rates",0.950819672131147
"empirical_rates",0.567307692307692
"empirical_rates",0.986486486486487
"empirical_rates",0.0493273542600897
"empirical_rates",0
"empirical_rates",0
"empirical_rates",0
"empirical_rates",0.955223880597015
"empirical_rates",0.00961538461538462
"empirical_rates",0.159203980099502
"empirical_rates",0.153846153846154
"empirical_rates",0.0818181818181818
"empirical_rates",0
"empirical_rates",0.967592592592593
"empirical_rates",0.989637305699482
"empirical_rates",0.1
"empirical_rates",0.0143540669856459
"empirical_rates",0.00515463917525773
"empirical_rates",0.087378640776699
"empirical_rates",0.0931372549019608
"empirical_rates",0.990740740740741
"empirical_rates",0
"empirical_rates",0.984615384615385
"empirical_rates",0
"empirical_rates",0
"empirical_rates",0
"empirical_rates",0.9957805907173
"empirical_rates",0.0124223602484472
"empirical_rates",0.928251121076233
"empirical_rates",0
"empirical_rates",0.971544715447154
"empirical_rates",0
"empirical_rates",0.0631578947368421
"empirical_rates",0
"empirical_rates",0.282407407407407
"empirical_rates",0.252631578947368
"empirical_rates",0.964102564102564
"empirical_rates",0.683229813664596
"empirical_rates",0.0497737556561086
"empirical_rates",0.640495867768595
"empirical_rates",0.0434782608695652
"empirical_rates",0.965
"empirical_rates",0
"empirical_rates",0.055
"empirical_rates",0.0233644859813084
"empirical_rates",0.995934959349594
"empirical_rates",0
"empirical_rates",0.217592592592593
"empirical_rates",0.0318181818181818
"empirical_rates",0.983673469387755
"empirical_rates",0.991666666666667
"empirical_rates",0
"empirical_rates",0.205607476635514
"empirical_rates",0.984536082474227
"empirical_rates",0.540084388185654
"empirical_rates",0.0257731958762887
"empirical_rates",0.11340206185567
"empirical_rates",0
"empirical_rates",1
"empirical_rates",0.0144230769230769
"empirical_rates",0
"empirical_rates",1
"empirical_rates",0
"empirical_rates",0.00816326530612245
"empirical_rates",0.221649484536082
"empirical_rates",0.0101522842639594
"empirical_rates",0.951456310679612
"empirical_rates",0.0288461538461538
"empirical_rates",0.0430622009569378
"empirical_rates",0.355769230769231
"empirical_rates",0.980861244019139
"empirical_rates",0.621890547263682
"empirical_rates",0.00956937799043062
"empirical_rates",0.0144230769230769
"empirical_rates",0
"empirical_rates",0.336448598130841
"empirical_rates",0
"empirical_rates",0
"empirical_rates",0.0555555555555556
"empirical_rates",0.995515695067265
"empirical_rates",0
"empirical_rates",0.416666666666667
"empirical_rates",0.0353535353535354
"empirical_rates",0.00515463917525773
"empirical_rates",0.962790697674419
"empirical_rates",0.0558375634517767
"empirical_rates",0
"empirical_rates",0.0373831775700935
"empirical_rates",0
"empirical_rates",0.0062111801242236
"empirical_rates",0.00448430493273543
"empirical_rates",0
"empirical_rates",0.0817307692307692
"empirical_rates",0.214953271028037
"empirical_rates",0.0615384615384615
"empirical_rates",0.15625
"empirical_rates",0
"empirical_rates",0.0796019900497512
"empirical_rates",0.995215311004785
"empirical_rates",0.05
"empirical_rates",0
"empirical_rates",0.0925925925925926
"empirical_rates",0.257281553398058
"empirical_rates",0
"empirical_rates",0
"empirical_rates",0.075
"empirical_rates",0.955
"empirical_rates",0.989637305699482
"empirical_rates",0
"empirical_rates",0.00462962962962963
"empirical_rates",0.569230769230769
"empirical_rates",0.00934579439252336
"empirical_rates",0.0101010101010101
"empirical_rates",0.221052631578947
"empirical_rates",0
"empirical_rates",0
"empirical_rates",0.05
"empirical_rates",1
"empirical_rates",0.509259259259259
"empirical_rates",0.454545454545455
"empirical_rates",0
"empirical_rates",0.985576923076923
"empirical_rates",0.149038461538462
"empirical_rates",0.58125
"empirical_rates",0
"empirical_rates",0.0478468899521531
"empirical_rates",1
"empirical_rates",0.0239234449760766
"empirical_rates",0
"empirical_rates",0.00448430493273543
"empirical_rates",0.968609865470852
"empirical_rates",0
"empirical_rates",0.991031390134529
"empirical_rates",0.0694444444444444
"empirical_rates",0.0934579439252336
"empirical_rates",0.962616822429907
"empirical_rates",0.987577639751553
"empirical_rates",0
"empirical_rates",0.00478468899521531
"empirical_rates",0
"empirical_rates",0
"empirical_rates",0.157894736842105
"empirical_rates",0.110655737704918
"empirical_rates",0.0631578947368421
"empirical_rates",0.0105263157894737
"empirical_rates",0.383177570093458
"empirical_rates",0.263959390862944
"empirical_rates",0
"empirical_rates",0.994871794871795
"empirical_rates",0
"empirical_rates",0.0050761421319797
"empirical_rates",0.00956937799043062
"empirical_rates",0.977578475336323
"empirical_rates",0
"empirical_rates",0.0747663551401869
"empirical_rates",0.292887029288703
"empirical_rates",0.0672645739910314
"empirical_rates",0
"empirical_rates",0.0280373831775701
"empirical_rates",0
"empirical_rates",0.00462962962962963
"empirical_rates",0.215384615384615
"empirical_rates",0.826923076923077
"empirical_rates",0.493273542600897
"empirical_rates",0.0242718446601942
"empirical_rates",0
"empirical_rates",0.0280373831775701
"empirical_rates",0.0842105263157895
"empirical_rates",0.269230769230769
"empirical_rates",0.701863354037267
"empirical_rates",0
"empirical_rates",0
"empirical_rates",0.0495495495495495
"empirical_rates",0.0134529147982063
"empirical_rates",0.383177570093458
"empirical_rates",0.310185185185185
"empirical_rates",0.13963963963964
"empirical_rates",0.248447204968944
"empirical_rates",0
"empirical_rates",0.111111111111111
"empirical_rates",0.180412371134021
"empirical_rates",0.479820627802691
"empirical_rates",0.19496855345912
"empirical_rates",0
"empirical_rates",0.133971291866029
"empirical_rates",0
"empirical_rates",1
"empirical_rates",0.983333333333333
"empirical_rates",0.985576923076923
"empirical_rates",0.00480769230769231
"empirical_rates",0.259259259259259
"empirical_rates",0.0062111801242236
"empirical_rates",0.0403587443946188
"empirical_rates",0.240740740740741
"empirical_rates",0
"empirical_rates",0
"empirical_rates",0
"empirical_rates",0.130434782608696
"empirical_rates",0.994949494949495
"empirical_rates",0.2
"empirical_rates",0
"empirical_rates",0
"empirical_rates",0.00478468899521531
"empirical_rates",0.0192307692307692
"empirical_rates",0
"empirical_rates",0.0239234449760766
"empirical_rates",0
"empirical_rates",0.0186915887850467
"empirical_rates",0.180124223602484
"empirical_rates",0
"empirical_rates",0
"empirical_rates",0.981308411214953
"empirical_rates",0.521739130434783
"empirical_rates",0.168269230769231
"empirical_rates",0
"empirical_rates",0.654205607476635
"empirical_rates",0.990384615384615
"empirical_rates",1
"empirical_rates",0
"empirical_rates",0.0121951219512195
"empirical_rates",0.275132275132275
"empirical_rates",0.291666666666667
"empirical_rates",0.00413223140495868
"empirical_rates",0
"empirical_rates",0.0186915887850467
"empirical_rates",0.657407407407407
"empirical_rates",0.0153846153846154
"empirical_rates",0
"empirical_rates",0
"empirical_rates",0.045
"empirical_rates",0
"empirical_rates",0
"empirical_rates",0.0124223602484472
"empirical_rates",0.614349775784753
"empirical_rates",0.015
"empirical_rates",0.990654205607477
"empirical_rates",0
"empirical_rates",0
"empirical_rates",0
"empirical_rates",0.981366459627329
"empirical_rates",0.639751552795031
"empirical_rates",0.0995024875621891
"empirical_rates",0.933333333333333
"empirical_rates",0.349593495934959
"empirical_rates",0.00896860986547085
"empirical_rates",0.634146341463415
"empirical_rates",0.975124378109453
"empirical_rates",0.995192307692308
"empirical_rates",0.0979381443298969
"empirical_rates",1
"empirical_rates",0
"empirical_rates",0.395939086294416
"empirical_rates",0.263374485596708
"empirical_rates",0
"empirical_rates",0
"empirical_rates",0.99537037037037
"empirical_rates",0.0288461538461538
"empirical_rates",0.324324324324324
"empirical_rates",0.980861244019139
"empirical_rates",0
"empirical_rates",0.202020202020202
"empirical_rates",0.952830188679245
"empirical_rates",0
"empirical_rates",0
"empirical_rates",0
"empirical_rates",0.965174129353234
"empirical_rates",0
"empirical_rates",0.130841121495327
"empirical_rates",0.98974358974359
"empirical_rates",0
"empirical_rates",0.17
"empirical_rates",0.987577639751553
"empirical_rates",0.968609865470852
"empirical_rates",0.535353535353535
"empirical_rates",0.97196261682243
"empirical_rates",0.0280373831775701
"empirical_rates",0
"empirical_rates",0.00497512437810945
"empirical_rates",0
"empirical_rates",0.982062780269058
"empirical_rates",0.142276422764228
"empirical_rates",0.221153846153846
"empirical_rates",0.0538116591928251
"empirical_rates",0.0857142857142857
"empirical_rates",0
"empirical_rates",0.994871794871795
"empirical_rates",0.986111111111111
"empirical_rates",0.195020746887967
"empirical_rates",0.0309278350515464
"empirical_rates",0.0062111801242236
"empirical_rates",0.0765765765765766
"empirical_rates",0.31390134529148
"empirical_rates",0.985645933014354
"empirical_rates",0
"empirical_rates",1
"empirical_rates",0
"empirical_rates",0.0185185185185185
"empirical_rates",0
"empirical_rates",0.98989898989899
"empirical_rates",0.037037037037037
"empirical_rates",0.92822966507177
"empirical_rates",0
"empirical_rates",0.981308411214953
"empirical_rates",0.00448430493273543
"empirical_rates",0.135
"empirical_rates",0
"empirical_rates",0.382775119617225
"empirical_rates",0.313131313131313
"empirical_rates",0.977578475336323
"empirical_rates",0.666666666666667
"empirical_rates",0.0574162679425837
"empirical_rates",0.696969696969697
"empirical_rates",0.00925925925925926
"empirical_rates",0.952153110047847
"empirical_rates",0.0062111801242236
"empirical_rates",0.0186915887850467
"empirical_rates",0
"empirical_rates",0.964102564102564
"empirical_rates",0
"empirical_rates",0.186602870813397
"empirical_rates",0.0740740740740741
"empirical_rates",0.96
"empirical_rates",0.990049751243781
"empirical_rates",0.00418410041841004
"empirical_rates",0.17910447761194
"empirical_rates",0.9875
"empirical_rates",0.47085201793722
"empirical_rates",0.00462962962962963
"empirical_rates",0.101626016260163
"empirical_rates",0
"empirical_rates",0.990697674418605
"empirical_rates",0.00478468899521531
"empirical_rates",0.00956937799043062
"empirical_rates",0.981481481481482
"empirical_rates",0
"empirical_rates",0.0062111801242236
"empirical_rates",0.2
"empirical_rates",0
"empirical_rates",0.943396226415094
"empirical_rates",0.0403587443946188
"empirical_rates",0.109452736318408
"empirical_rates",0.427927927927928
"empirical_rates",0.980769230769231
"empirical_rates",0.383673469387755
"empirical_rates",0.0122448979591837
"empirical_rates",0
"empirical_rates",0
"empirical_rates",0.222222222222222
"empirical_rates",0
"empirical_rates",0.00934579439252336
"empirical_rates",0.0493273542600897
"empirical_rates",0.994845360824742
"empirical_rates",0
"empirical_rates",0.3248730964467
"empirical_rates",0.0648148148148148
"empirical_rates",0
"empirical_rates",0.981481481481482
"empirical_rates",0.0496894409937888
"empirical_rates",0
"empirical_rates",0.0353535353535354
"empirical_rates",0.0151515151515152
"empirical_rates",0.00462962962962963
"empirical_rates",0
"empirical_rates",0
"empirical_rates",0.0808080808080808
"empirical_rates",0.282828282828283
"empirical_rates",0.0287081339712919
"empirical_rates",0.037037037037037
"empirical_rates",0.00515463917525773
"empirical_rates",0.134328358208955
"empirical_rates",0.974747474747475
"empirical_rates",0.0560747663551402
"empirical_rates",0
"empirical_rates",0.0087719298245614
"empirical_rates",0.354545454545455
"empirical_rates",0.074468085106383
"empirical_rates",0
"empirical_rates",0.215
"empirical_rates",0.980861244019139
"empirical_rates",0.96969696969697
"empirical_rates",0.00896860986547085
"empirical_rates",0.00480769230769231
"empirical_rates",0.610526315789474
"empirical_rates",0
"empirical_rates",0.0979381443298969
"empirical_rates",0.22488038277512
"empirical_rates",0
"empirical_rates",0
"empirical_rates",0.0248447204968944
"empirical_rates",0.990384615384615
"empirical_rates",0.557213930348259
"empirical_rates",0.415384615384615
"empirical_rates",0.00478468899521531
"empirical_rates",0.991869918699187
"empirical_rates",0.0796019900497512
"empirical_rates",0.538116591928251
"empirical_rates",0
"empirical_rates",0.0796019900497512
"empirical_rates",0.975845410628019
"empirical_rates",0.00961538461538462
"empirical_rates",0.00934579439252336
"empirical_rates",0.0135746606334842
"empirical_rates",0.975961538461538
"empirical_rates",0
"empirical_rates",0.99537037037037
"empirical_rates",0.12
"empirical_rates",0.0956937799043062
"empirical_rates",0.994871794871795
"empirical_rates",0.97196261682243
"empirical_rates",0
"empirical_rates",0
"empirical_rates",0
"empirical_rates",0
"empirical_rates",0.130841121495327
"empirical_rates",0.100478468899522
"empirical_rates",0.00896860986547085
"empirical_rates",0.00497512437810945
"empirical_rates",0.41747572815534
"empirical_rates",0.2
"empirical_rates",0
"empirical_rates",1
"empirical_rates",0
"empirical_rates",0
"empirical_rates",0.0746268656716418
"empirical_rates",0.982062780269058
"empirical_rates",0
"empirical_rates",0.0404040404040404
"empirical_rates",0.327354260089686
"empirical_rates",0.0696517412935323
"empirical_rates",0
"empirical_rates",0.0205128205128205
"empirical_rates",0
"empirical_rates",0
"empirical_rates",0.0970873786407767
"empirical_rates",0.813664596273292
"empirical_rates",0.29375
"empirical_rates",0.00813008130081301
"empirical_rates",0
"empirical_rates",0.0654205607476635
"empirical_rates",0.0199004975124378
"empirical_rates",0.147982062780269
"empirical_rates",0.649746192893401
"empirical_rates",0
"empirical_rates",0
"empirical_rates",0.0747663551401869
"empirical_rates",0.00956937799043062
"empirical_rates",0.382352941176471
"empirical_rates",0.253807106598985
"empirical_rates",0.247474747474747
"empirical_rates",0.195876288659794
"empirical_rates",0
"empirical_rates",0.0358744394618834
"empirical_rates",0.149532710280374
"empirical_rates",0.431472081218274
"empirical_rates",0.156565656565657
"empirical_rates",0
"empirical_rates",0.17948717948718
"empirical_rates",0
"empirical_rates",0.976851851851852
"empirical_rates",1
"empirical_rates",0.968468468468468
"empirical_rates",0.0324074074074074
"empirical_rates",0.295
"empirical_rates",0
"empirical_rates",0.0175438596491228
"empirical_rates",0.372093023255814
"empirical_rates",0.0151515151515152
"empirical_rates",0
"empirical_rates",0
"empirical_rates",0.065843621399177
"empirical_rates",0.990384615384615
"empirical_rates",0.208333333333333
"empirical_rates",0
"empirical_rates",0
"empirical_rates",0
"empirical_rates",0
"empirical_rates",0
"empirical_rates",0.0192307692307692
"empirical_rates",0.00966183574879227
"empirical_rates",0.0240384615384615
"empirical_rates",0.225
"empirical_rates",0.00934579439252336
"empirical_rates",0
"empirical_rates",0.980676328502415
"empirical_rates",0.569506726457399
"empirical_rates",0.27906976744186
"empirical_rates",0
"empirical_rates",0.595854922279793
"empirical_rates",0.991869918699187
"empirical_rates",0.953271028037383
"empirical_rates",0
"empirical_rates",0.0062111801242236
"empirical_rates",0.337962962962963
"empirical_rates",0.271028037383178
"empirical_rates",0.0105263157894737
"empirical_rates",0.00462962962962963
"empirical_rates",0.121495327102804
"empirical_rates",0.646766169154229
"empirical_rates",0
"empirical_rates",0
"empirical_rates",0
"empirical_rates",0.05
"empirical_rates",0
"empirical_rates",0
"empirical_rates",0.0179372197309417
"empirical_rates",0.509009009009009
"empirical_rates",0.01
"empirical_rates",0.96969696969697
"empirical_rates",0
"empirical_rates",0
"empirical_rates",0.00925925925925926
"empirical_rates",0.991031390134529
"empirical_rates",0.666666666666667
"empirical_rates",0.119402985074627
"empirical_rates",0.974619289340102
"empirical_rates",0.432432432432432
"empirical_rates",0.00925925925925926
"empirical_rates",0.6875
"empirical_rates",0.995024875621891
"empirical_rates",0.975155279503106
"empirical_rates",0.0769230769230769
"empirical_rates",0.987341772151899
"empirical_rates",0
"empirical_rates",0.217171717171717
"empirical_rates",0.277777777777778
"empirical_rates",0
"empirical_rates",0
"empirical_rates",0.995192307692308
"empirical_rates",0.0179372197309417
"empirical_rates",0.263636363636364
"empirical_rates",1
"empirical_rates",0.00465116279069767
"empirical_rates",0.125786163522013
"empirical_rates",0.970149253731343
"empirical_rates",0.00462962962962963
"empirical_rates",0
"empirical_rates",0
"empirical_rates",0.935185185185185
"empirical_rates",0
"empirical_rates",0.0956937799043062
"empirical_rates",0.971291866028708
"empirical_rates",0
"empirical_rates",0.179611650485437
"empirical_rates",1
"empirical_rates",0.959183673469388
"empirical_rates",0.58252427184466
"empirical_rates",0.977578475336323
"empirical_rates",0.0447154471544715
"empirical_rates",0
"empirical_rates",0
"empirical_rates",0
"empirical_rates",0.953271028037383
"empirical_rates",0.00934579439252336
"empirical_rates",0.100961538461538
"empirical_rates",0.1
"empirical_rates",0.149532710280374
"empirical_rates",0
"empirical_rates",0.97979797979798
"empirical_rates",0.995238095238095
"empirical_rates",0.173913043478261
"empirical_rates",0.00813008130081301
"empirical_rates",0.0669856459330144
"empirical_rates",0.0373831775700935
"empirical_rates",0.115
"empirical_rates",0.990049751243781
"empirical_rates",0.0206185567010309
"empirical_rates",0.989847715736041
"empirical_rates",0
"empirical_rates",0.0134529147982063
"empirical_rates",0
"empirical_rates",0.990654205607477
"empirical_rates",0.0125
"empirical_rates",0.940298507462687
"empirical_rates",0.00512820512820513
"empirical_rates",1
"empirical_rates",0
"empirical_rates",0.0858585858585859
"empirical_rates",0
"empirical_rates",0.340909090909091
"empirical_rates",0.432038834951456
"empirical_rates",0.975961538461538
"empirical_rates",0.645933014354067
"empirical_rates",0.045045045045045
"empirical_rates",0.579439252336449
"empirical_rates",0.16875
"empirical_rates",0.956730769230769
"empirical_rates",0.0700934579439252
"empirical_rates",0.00934579439252336
"empirical_rates",0
"empirical_rates",0.978947368421053
"empirical_rates",0
"empirical_rates",0.154228855721393
"empirical_rates",0.00628930817610063
"empirical_rates",0.984615384615385
"empirical_rates",1
"empirical_rates",0
"empirical_rates",0.278606965174129
"empirical_rates",0.979591836734694
"empirical_rates",0.575757575757576
"empirical_rates",0
"empirical_rates",0.23444976076555
"empirical_rates",0
"empirical_rates",0.980099502487562
"empirical_rates",0.00462962962962963
"empirical_rates",0.00485436893203883
"empirical_rates",0.973094170403587
"empirical_rates",0
"empirical_rates",0.0124223602484472
"empirical_rates",0.164179104477612
"empirical_rates",0
"empirical_rates",0.966346153846154
"empirical_rates",0.0280373831775701
"empirical_rates",0.0372670807453416
"empirical_rates",0.318181818181818
"empirical_rates",0.986111111111111
"empirical_rates",0.418269230769231
"empirical_rates",0.00896860986547085
"empirical_rates",0
"empirical_rates",0
"empirical_rates",0.323232323232323
"empirical_rates",0.00480769230769231
"empirical_rates",0.0151515151515152
"empirical_rates",0.0121951219512195
"empirical_rates",0.991869918699187
"empirical_rates",0
"empirical_rates",0.247747747747748
"empirical_rates",0.0467289719626168
"empirical_rates",0.0186915887850467
"empirical_rates",0.966507177033493
"empirical_rates",0.0448430493273543
"empirical_rates",0
"empirical_rates",0.0430622009569378
"empirical_rates",0
"empirical_rates",0.0062111801242236
"empirical_rates",0
"empirical_rates",0
"empirical_rates",0.0421052631578947
"empirical_rates",0.422360248447205
"empirical_rates",0.0373831775700935
"empirical_rates",0.00961538461538462
"empirical_rates",0
"empirical_rates",0.0717948717948718
"empirical_rates",0.985576923076923
"empirical_rates",0.0280373831775701
"empirical_rates",0.00505050505050505
"empirical_rates",0.00444444444444444
"empirical_rates",0.112820512820513
"empirical_rates",0.0411522633744856
"empirical_rates",0
"empirical_rates",0.111111111111111
"empirical_rates",0.97196261682243
"empirical_rates",0.981366459627329
"empirical_rates",0
"empirical_rates",0.0101010101010101
"empirical_rates",0.616822429906542
"empirical_rates",0
"empirical_rates",0.0144230769230769
"empirical_rates",0.242105263157895
"empirical_rates",0
"empirical_rates",0
"empirical_rates",0.0338164251207729
"empirical_rates",0.98728813559322
"empirical_rates",0.354260089686099
"empirical_rates",0.53
"empirical_rates",0
"empirical_rates",0.990654205607477
"empirical_rates",0.0186915887850467
"empirical_rates",0.457399103139013
"empirical_rates",0
"empirical_rates",0.0186915887850467
"empirical_rates",0.990654205607477
"empirical_rates",0.0186335403726708
"empirical_rates",0
"empirical_rates",0.0372093023255814
"empirical_rates",0.989473684210526
"empirical_rates",0
"empirical_rates",0.98780487804878
"empirical_rates",0.2
"empirical_rates",0.056910569105691
"empirical_rates",0.970873786407767
"empirical_rates",0.986547085201794
"empirical_rates",0
"empirical_rates",0
"empirical_rates",0
"empirical_rates",0
"empirical_rates",0.164102564102564
"empirical_rates",0.0925925925925926
"empirical_rates",0.005
"empirical_rates",0
"empirical_rates",0.329896907216495
"empirical_rates",0.302884615384615
"empirical_rates",0
"empirical_rates",0.993670886075949
"empirical_rates",0
"empirical_rates",0
"empirical_rates",0
"empirical_rates",0.995215311004785
"empirical_rates",0
"empirical_rates",0.0210526315789474
"empirical_rates",0.411214953271028
"empirical_rates",0.0934579439252336
"empirical_rates",0
"empirical_rates",0.0231481481481481
"empirical_rates",0
"empirical_rates",0.0163934426229508
"empirical_rates",0.186991869918699
"empirical_rates",0.791666666666667
"empirical_rates",0.471794871794872
"empirical_rates",0.0601851851851852
"empirical_rates",0
"empirical_rates",0.262135922330097
"empirical_rates",0.054726368159204
"empirical_rates",0.220408163265306
"empirical_rates",0.635220125786163
"empirical_rates",0
"empirical_rates",0
"empirical_rates",0.0240384615384615
"empirical_rates",0.0087719298245614
"empirical_rates",0.416149068322981
"empirical_rates",0.199004975124378
"empirical_rates",0.175257731958763
"empirical_rates",0.215
"empirical_rates",0
"empirical_rates",0.0277777777777778
"empirical_rates",0.177884615384615
"empirical_rates",0.476851851851852
"empirical_rates",0.0934579439252336
"empirical_rates",0
"empirical_rates",0.130434782608696
"empirical_rates",0
"empirical_rates",0.966666666666667
"empirical_rates",1
"empirical_rates",1
"empirical_rates",0.0062111801242236
"empirical_rates",0.308641975308642
"empirical_rates",0
"empirical_rates",0.0373831775700935
"empirical_rates",0.274038461538462
"empirical_rates",0.00823045267489712
"empirical_rates",0
"empirical_rates",0
"empirical_rates",0.0942622950819672
"empirical_rates",0.98780487804878
"empirical_rates",0.2
"empirical_rates",0
"empirical_rates",0
"empirical_rates",0.00934579439252336
"empirical_rates",0
"empirical_rates",0
"empirical_rates",0.130841121495327
"empirical_rates",0.0242718446601942
"empirical_rates",0.0231481481481481
"empirical_rates",0.293814432989691
"empirical_rates",0
"empirical_rates",0.0099502487562189
"empirical_rates",1
"empirical_rates",0.504672897196262
"empirical_rates",0.25
"empirical_rates",0
"empirical_rates",0.651741293532338
"empirical_rates",0.987421383647799
"empirical_rates",0.990566037735849
"empirical_rates",0
"empirical_rates",0
"empirical_rates",0.2152466367713
"empirical_rates",0.308411214953271
"empirical_rates",0.00512820512820513
"empirical_rates",0
"empirical_rates",0.0576923076923077
"empirical_rates",0.638211382113821
"empirical_rates",0.00505050505050505
"empirical_rates",0
"empirical_rates",0
"empirical_rates",0.0103092783505155
"empirical_rates",0
"empirical_rates",0
"empirical_rates",0.0102564102564103
"empirical_rates",0.461187214611872
"empirical_rates",0
"empirical_rates",0.99581589958159
"empirical_rates",0
"empirical_rates",0
"empirical_rates",0
"empirical_rates",1
"empirical_rates",0.659192825112108
"empirical_rates",0.121495327102804
"empirical_rates",0.931192660550459
"empirical_rates",0.263157894736842
"empirical_rates",0.00961538461538462
"empirical_rates",0.651515151515151
"empirical_rates",0.990384615384615
"empirical_rates",1
"empirical_rates",0.0496894409937888
"empirical_rates",1
"empirical_rates",0
"empirical_rates",0.149068322981366
"empirical_rates",0.304347826086957
"empirical_rates",0
"empirical_rates",0
"empirical_rates",0.994845360824742
"empirical_rates",0.138392857142857
"empirical_rates",0.246636771300448
"empirical_rates",0.962025316455696
"empirical_rates",0
"empirical_rates",0.148648648648649
"empirical_rates",0.967592592592593
"empirical_rates",0
"empirical_rates",0
"empirical_rates",0
"empirical_rates",0.935
"empirical_rates",0
"empirical_rates",0.0896860986547085
"empirical_rates",0.981366459627329
"empirical_rates",0
"empirical_rates",0.0703517587939698
"empirical_rates",0.995
"empirical_rates",0.987577639751553
"empirical_rates",0.485576923076923
"empirical_rates",0.990384615384615
"empirical_rates",0.0280373831775701
"empirical_rates",0
"empirical_rates",0
"empirical_rates",0
"empirical_rates",0.979695431472081
"empirical_rates",0.0280373831775701
"empirical_rates",0.0901639344262295
"empirical_rates",0.082051282051282
"empirical_rates",0.0480769230769231
"empirical_rates",0
"empirical_rates",0.98974358974359
"empirical_rates",0.990950226244344
"empirical_rates",0.127049180327869
"empirical_rates",0.0186335403726708
"empirical_rates",0
"empirical_rates",0.0871794871794872
"empirical_rates",0.101626016260163
"empirical_rates",1
"empirical_rates",0
"empirical_rates",0.99163179916318
"empirical_rates",0.00934579439252336
"empirical_rates",0.035
"empirical_rates",0
"empirical_rates",0.99
"empirical_rates",0.0135746606334842
"empirical_rates",0.93939393939394
"empirical_rates",0.027027027027027
"empirical_rates",1
"empirical_rates",0
"empirical_rates",0.0654205607476635
"empirical_rates",0
"empirical_rates",0.418918918918919
"empirical_rates",0.363636363636364
"empirical_rates",0.99537037037037
"empirical_rates",0.720496894409938
"empirical_rates",0.062111801242236
"empirical_rates",0.623318385650224
"empirical_rates",0.00934579439252336
"empirical_rates",0.918269230769231
"empirical_rates",0.0062111801242236
"empirical_rates",0.0040650406504065
"empirical_rates",0.0050761421319797
"empirical_rates",0.98780487804878
"empirical_rates",0.22
"empirical_rates",0.224299065420561
"empirical_rates",0.0576923076923077
"empirical_rates",0.969230769230769
"empirical_rates",0.966346153846154
"empirical_rates",0
"empirical_rates",0.279279279279279
"empirical_rates",0.990430622009569
"empirical_rates",0.655
"empirical_rates",0
"empirical_rates",0.0628019323671498
"empirical_rates",0
"empirical_rates",0.991836734693878
"empirical_rates",0.00512820512820513
"empirical_rates",0
"empirical_rates",0.990291262135922
"empirical_rates",0
"empirical_rates",0.0062111801242236
"empirical_rates",0.218905472636816
"empirical_rates",0.0496894409937888
"empirical_rates",0.970149253731343
"empirical_rates",0.158653846153846
"empirical_rates",0.0808080808080808
"empirical_rates",0.485981308411215
"empirical_rates",0.994949494949495
"empirical_rates",0.502487562189055
"empirical_rates",0.00966183574879227
"empirical_rates",0.00448430493273543
"empirical_rates",0
"empirical_rates",0.261538461538462
"empirical_rates",0.0062111801242236
"empirical_rates",0
"empirical_rates",0.0240384615384615
"empirical_rates",0.990654205607477
"empirical_rates",0
"empirical_rates",0.466981132075472
"empirical_rates",0.101449275362319
"empirical_rates",0.00900900900900901
"empirical_rates",0.990384615384615
"empirical_rates",0.149532710280374
"empirical_rates",0.00934579439252336
"empirical_rates",0.056910569105691
"empirical_rates",0
"empirical_rates",0.00462962962962963
"empirical_rates",0
"empirical_rates",0
"empirical_rates",0.111111111111111
"empirical_rates",0.344186046511628
"empirical_rates",0.0189873417721519
"empirical_rates",0.0062111801242236
"empirical_rates",0
"empirical_rates",0.102803738317757
"empirical_rates",0.983739837398374
"empirical_rates",0.0372670807453416
"empirical_rates",0
"empirical_rates",0
"empirical_rates",0.198757763975155
"empirical_rates",0.0512820512820513
"empirical_rates",0
"empirical_rates",0.105590062111801
"empirical_rates",0.981308411214953
"empirical_rates",0.975961538461538
"empirical_rates",0.00480769230769231
"empirical_rates",0
"empirical_rates",0.509259259259259
"empirical_rates",0.00480769230769231
"empirical_rates",0.0597014925373134
"empirical_rates",0.202898550724638
"empirical_rates",0
"empirical_rates",0
"empirical_rates",0.0101010101010101
"empirical_rates",0.986547085201794
"empirical_rates",0.5
"empirical_rates",0.665071770334928
"empirical_rates",0.0102564102564103
"empirical_rates",0.981308411214953
"empirical_rates",0.0407239819004525
"empirical_rates",0.38974358974359
"empirical_rates",0.00448430493273543
"empirical_rates",0.0869565217391304
"empirical_rates",0.983739837398374
"empirical_rates",0.0358974358974359
"empirical_rates",0.00483091787439614
"empirical_rates",0
"empirical_rates",0.990654205607477
"empirical_rates",0
"empirical_rates",0.981366459627329
"empirical_rates",0.101851851851852
"empirical_rates",0.0353535353535354
"empirical_rates",0.99537037037037
"empirical_rates",0.995169082125604
"empirical_rates",0
"empirical_rates",0
"empirical_rates",0
"empirical_rates",0
"empirical_rates",0.0707070707070707
"empirical_rates",0.0852017937219731
"empirical_rates",0.00925925925925926
"empirical_rates",0
"empirical_rates",0.533653846153846
"empirical_rates",0.202020202020202
"empirical_rates",0.00448430493273543
"empirical_rates",0.977578475336323
"empirical_rates",0
"empirical_rates",0.0062111801242236
"empirical_rates",0
"empirical_rates",0.980861244019139
"empirical_rates",0
"empirical_rates",0.0292682926829268
"empirical_rates",0.485981308411215
"empirical_rates",0.149532710280374
"empirical_rates",0
"empirical_rates",0.0585585585585586
"empirical_rates",0
"empirical_rates",0
"empirical_rates",0.168224299065421
"empirical_rates",0.686991869918699
"empirical_rates",0.397515527950311
"empirical_rates",0.0186915887850467
"empirical_rates",0
"empirical_rates",0.0454545454545455
"empirical_rates",0.0585585585585586
"empirical_rates",0.139303482587065
"empirical_rates",0.69377990430622
"empirical_rates",0
"empirical_rates",0
"empirical_rates",0.0269058295964126
"empirical_rates",0
"empirical_rates",0.388888888888889
"empirical_rates",0.204968944099379
"empirical_rates",0.224299065420561
"empirical_rates",0.158653846153846
"empirical_rates",0
"empirical_rates",0.0615384615384615
"empirical_rates",0.272727272727273
"empirical_rates",0.416149068322981
"empirical_rates",0.186915887850467
"empirical_rates",0
"empirical_rates",0.115740740740741
"empirical_rates",0
"empirical_rates",0.990430622009569
"empirical_rates",0.98989898989899
"empirical_rates",0.981481481481482
"empirical_rates",0
"empirical_rates",0.282828282828283
"empirical_rates",0
"empirical_rates",0
"empirical_rates",0.247474747474747
"empirical_rates",0.0099502487562189
"empirical_rates",0
"empirical_rates",0
"empirical_rates",0.156565656565657
"empirical_rates",0.991031390134529
"empirical_rates",0.138755980861244
"empirical_rates",0
"empirical_rates",0
"empirical_rates",0
"empirical_rates",0.00512820512820513
"empirical_rates",0.00478468899521531
"empirical_rates",0.0101522842639594
"empirical_rates",0
"empirical_rates",0.0205128205128205
"empirical_rates",0.22488038277512
"empirical_rates",0.00505050505050505
"empirical_rates",0
"empirical_rates",0.994974874371859
"empirical_rates",0.358974358974359
"empirical_rates",0.130434782608696
"empirical_rates",0
"empirical_rates",0.591346153846154
"empirical_rates",0.985
"empirical_rates",0.98974358974359
"empirical_rates",0
"empirical_rates",0.00961538461538462
"empirical_rates",0.266666666666667
"empirical_rates",0.394871794871795
"empirical_rates",0.0248447204968944
"empirical_rates",0
"empirical_rates",0.0740740740740741
"empirical_rates",0.655502392344498
"empirical_rates",0.0497512437810945
"empirical_rates",0
"empirical_rates",0
"empirical_rates",0.0138888888888889
"empirical_rates",0
"empirical_rates",0.00934579439252336
"empirical_rates",0.0125
"empirical_rates",0.485981308411215
"empirical_rates",0
"empirical_rates",0.985645933014354
"empirical_rates",0
"empirical_rates",0
"empirical_rates",0.0338164251207729
"empirical_rates",0.98989898989899
"empirical_rates",0.618834080717489
"empirical_rates",0.121495327102804
"empirical_rates",0.94949494949495
"empirical_rates",0.368686868686869
"empirical_rates",0.00956937799043062
"empirical_rates",0.573604060913706
"empirical_rates",0.986111111111111
"empirical_rates",0.990384615384615
"empirical_rates",0.111801242236025
"empirical_rates",0.991031390134529
"empirical_rates",0
"empirical_rates",0.143518518518519
"empirical_rates",0.277777777777778
"empirical_rates",0
"empirical_rates",0.005
"empirical_rates",0.995024875621891
"empirical_rates",0.0241545893719807
"empirical_rates",0.364485981308411
"empirical_rates",0.99375
"empirical_rates",0.00943396226415094
"empirical_rates",0.208955223880597
"empirical_rates",0.968609865470852
"empirical_rates",0
"empirical_rates",0.00512820512820513
"empirical_rates",0
"empirical_rates",0.93167701863354
"empirical_rates",0
"empirical_rates",0.11214953271028
"empirical_rates",0.98974358974359
"empirical_rates",0
"empirical_rates",0.149253731343284
"empirical_rates",0.98974358974359
"empirical_rates",0.972222222222222
"empirical_rates",0.405128205128205
"empirical_rates",0.976851851851852
"empirical_rates",0.0248447204968944
"empirical_rates",0
"empirical_rates",0
"empirical_rates",0
"empirical_rates",0.974747474747475
"empirical_rates",0.0206611570247934
"empirical_rates",0.0721153846153846
"empirical_rates",0.173913043478261
"empirical_rates",0.10625
"empirical_rates",0
"empirical_rates",1
"empirical_rates",0.971014492753623
"empirical_rates",0.148148148148148
"empirical_rates",0
"empirical_rates",0.0125786163522013
"empirical_rates",0.117924528301887
"empirical_rates",0.130841121495327
"empirical_rates",1
"empirical_rates",0.0241545893719807
"empirical_rates",0.985981308411215
"empirical_rates",0.00512820512820513
"empirical_rates",0.00512820512820513
"empirical_rates",0
"empirical_rates",0.985645933014354
"empirical_rates",0.0149253731343284
"empirical_rates",0.894736842105263
"empirical_rates",0
"empirical_rates",0.976744186046512
"empirical_rates",0
"empirical_rates",0.0934579439252336
"empirical_rates",0
"empirical_rates",0.242990654205607
"empirical_rates",0.353535353535354
"empirical_rates",0.980676328502415
"empirical_rates",0.727272727272727
"empirical_rates",0.0269058295964126
"empirical_rates",0.691588785046729
"empirical_rates",0.00420168067226891
"empirical_rates",0.944444444444444
"empirical_rates",0.0248447204968944
"empirical_rates",0.0186046511627907
"empirical_rates",0
"empirical_rates",0.989583333333333
"empirical_rates",0
"empirical_rates",0.192307692307692
"empirical_rates",0.0334928229665072
"empirical_rates",0.984771573604061
"empirical_rates",0.985074626865672
"empirical_rates",0.0101010101010101
"empirical_rates",0.242990654205607
"empirical_rates",1
"empirical_rates",0.654545454545455
"empirical_rates",0
"empirical_rates",0.0646766169154229
"empirical_rates",0.00497512437810945
"empirical_rates",0.991031390134529
"empirical_rates",0.0186915887850467
"empirical_rates",0
"empirical_rates",1
"empirical_rates",0
"empirical_rates",0.024390243902439
"empirical_rates",0.183544303797468
"empirical_rates",0
"empirical_rates",0.91304347826087
"empirical_rates",0.0631578947368421
"empirical_rates",0.0456852791878173
"empirical_rates",0.412371134020619
"empirical_rates",0.99
"empirical_rates",0.45
"empirical_rates",0.0099009900990099
"empirical_rates",0.0062111801242236
"empirical_rates",0
"empirical_rates",0.20627802690583
"empirical_rates",0.00478468899521531
"empirical_rates",0.00478468899521531
"empirical_rates",0.0845771144278607
"empirical_rates",0.981395348837209
"empirical_rates",0
"empirical_rates",0.240816326530612
"empirical_rates",0.0462962962962963
"empirical_rates",0
"empirical_rates",0.980861244019139
"empirical_rates",0.0650406504065041
"empirical_rates",0
"empirical_rates",0.0420168067226891
"empirical_rates",0.00408163265306122
"empirical_rates",0.0040650406504065
"empirical_rates",0.0040650406504065
"empirical_rates",0
"empirical_rates",0.263681592039801
"empirical_rates",0.307692307692308
"empirical_rates",0.00480769230769231
"empirical_rates",0.0275229357798165
"empirical_rates",0
"empirical_rates",0.138755980861244
"empirical_rates",0.990990990990991
"empirical_rates",0.0582959641255605
"empirical_rates",0
"empirical_rates",0.00448430493273543
"empirical_rates",0.248756218905473
"empirical_rates",0.0395480225988701
"empirical_rates",0
"empirical_rates",0.0717703349282297
"empirical_rates",0.974358974358974
"empirical_rates",0.937888198757764
"empirical_rates",0
"empirical_rates",0
"empirical_rates",0.517948717948718
"empirical_rates",0.0045045045045045
"empirical_rates",0.0153061224489796
"empirical_rates",0.341463414634146
"empirical_rates",0.00480769230769231
"empirical_rates",0
"empirical_rates",0.0185185185185185
"empirical_rates",0.99375
"empirical_rates",0.416149068322981
"empirical_rates",0.435897435897436
"empirical_rates",0.0307692307692308
