"configuration","editing_rate"
"reference",0.0416666666666667
"reference",0.995934959349594
"reference",0.174528301886792
"reference",0.0546218487394958
"reference",0.995934959349594
"reference",0.820754716981132
"reference",0.41340782122905
"reference",0.0040650406504065
"reference",0
"reference",1
"reference",0.9581589958159
"reference",0.00813008130081301
"reference",0
"reference",0.0122448979591837
"reference",0.970588235294118
"reference",0.131818181818182
"reference",0.00819672131147541
"reference",0.0122448979591837
"reference",0
"reference",0.0208333333333333
"reference",1
"reference",0.155555555555556
"reference",1
"reference",0.170403587443946
"reference",0.00826446280991736
"reference",0
"reference",0
"reference",1
"reference",0.983539094650206
"reference",0.00819672131147541
"reference",0.0169491525423729
"reference",0
"reference",0.00816326530612245
"reference",0.0122950819672131
"reference",0.983471074380165
"reference",0.291666666666667
"reference",0.05
"reference",0
"reference",0.991836734693878
"reference",0.175115207373272
"reference",0.717703349282297
"reference",0.343137254901961
"reference",0
"reference",0
"reference",0
"reference",0.987603305785124
"reference",0.171945701357466
"reference",0.0040650406504065
"reference",0.0164609053497942
"reference",0
"reference",0.0040650406504065
"reference",0.860262008733624
"reference",0.0969162995594714
"reference",0.114537444933921
"reference",0.00416666666666667
"reference",0
"reference",0
"reference",0.931034482758621
"reference",0.945147679324895
"reference",0.0376569037656904
"reference",0.0333333333333333
"reference",0.0040650406504065
"reference",0
"reference",0.0550847457627119
"reference",0.513227513227513
"reference",0.524590163934426
"reference",0.678391959798995
"reference",0.0420168067226891
"reference",0
"reference",0.895454545454546
"reference",0.882096069868996
"reference",0.663366336633663
"reference",0
"reference",0
"reference",0.00816326530612245
"reference",1
"reference",0.0163265306122449
"reference",0.0630252100840336
"reference",0.55026455026455
"reference",0
"reference",0
"reference",0
"reference",0
"reference",0
"reference",0.267942583732057
"reference",0.962655601659751
"reference",0.665
"reference",0.0464135021097046
"reference",0.0168776371308017
"reference",0.893333333333333
"reference",0.0468085106382979
"reference",0.00819672131147541
"reference",0.0040983606557377
"reference",0.00816326530612245
"reference",0
"reference",0
"reference",0.0040650406504065
"reference",1
"reference",0.657458563535912
"reference",0
"reference",0
"reference",0.859090909090909
"reference",1
"reference",0
"reference",1
"reference",0.0941704035874439
"reference",0
"reference",0
"reference",0
"reference",0.88
"reference",0.130044843049327
"reference",0
"reference",0.0163265306122449
"reference",0
"reference",0.53125
"reference",1
"reference",0.743961352657005
"reference",0.0493827160493827
"reference",0.0123456790123457
"reference",1
"reference",0.437158469945355
"reference",0.632768361581921
"reference",0.0765957446808511
"reference",0.0040650406504065
"reference",0
"reference",0.0292887029288703
"reference",0
"reference",0.949579831932773
"reference",0.228971962616822
"reference",0.757425742574257
"reference",0.421875
"reference",0.240740740740741
"reference",0.0040983606557377
"reference",1
"reference",0.84375
"reference",0
"reference",0
"reference",0
"reference",0
"reference",0
"reference",1
"reference",1
"reference",0.200913242009132
"reference",0
"reference",0.376811594202899
"reference",0.140350877192982
"reference",0.0786026200873362
"reference",0.0040650406504065
"reference",0
"reference",1
"reference",0.0122950819672131
"reference",1
"reference",0.00819672131147541
"reference",0
"reference",0
"reference",0
"reference",0
"reference",1
"reference",0.357541899441341
"reference",0.628571428571429
"reference",0
"reference",0
"reference",1
"reference",0.053941908713693
"reference",0.0121951219512195
"reference",0
"reference",1
"reference",0.531914893617021
"reference",0.767123287671233
"reference",0
"reference",0.0378151260504202
"reference",0.0040983606557377
"reference",1
"reference",1
"reference",0.0163265306122449
"reference",0
"reference",1
"reference",1
"reference",1
"reference",0.00829875518672199
"reference",0.00813008130081301
"reference",0
"reference",0.882608695652174
"reference",1
"reference",0
"reference",0.819047619047619
"reference",0.485714285714286
"reference",0.0209205020920502
"reference",0.033195020746888
"reference",0.446601941747573
"reference",0.883408071748879
"reference",0.417840375586854
"reference",0
"reference",1
"reference",0.426470588235294
"reference",0.0515021459227468
"reference",0
"reference",0
"reference",0
"reference",0.991769547325103
"reference",0.779816513761468
"reference",0
"reference",0
"reference",0
"reference",0.016597510373444
"reference",0.0040983606557377
"reference",1
"reference",0.0896860986547085
"reference",0.0460251046025105
"reference",0
"reference",0
"reference",0
"reference",0.00411522633744856
"reference",1
"reference",0.30188679245283
"reference",0.004149377593361
"reference",0.00408163265306122
"reference",1
"reference",0.275229357798165
"reference",0.164383561643836
"reference",0.00816326530612245
"reference",0
"reference",1
"reference",0.0512820512820513
"reference",0.0121951219512195
"reference",0.0206611570247934
"reference",0
"reference",0
"reference",0.0040650406504065
"reference",0.303482587064677
"reference",1
"reference",0.110576923076923
"reference",0.00816326530612245
"reference",1
"reference",1
"reference",0.0122950819672131
"reference",0
"reference",0
"reference",0.844444444444444
"reference",0.754807692307692
"reference",0
"reference",0.00833333333333333
"reference",1
"reference",1
"reference",0
"reference",0.0125
"reference",1
"reference",0
"reference",0.0040650406504065
"reference",0.0040650406504065
"reference",0.00819672131147541
"reference",0.895196506550218
"reference",0.328358208955224
"reference",0.774038461538462
"reference",0.303921568627451
"reference",0.0245901639344262
"reference",0
"reference",1
"reference",0.99163179916318
"reference",0
"reference",0
"reference",0
"reference",1
"reference",0.966666666666667
"reference",0
"reference",0
"reference",0
"reference",0
"reference",0.657004830917874
"reference",1
"reference",0.029535864978903
"reference",0
"reference",0.0448430493273543
"reference",1
"reference",0.18018018018018
"reference",0.10762331838565
"reference",0.995515695067265
"reference",0.782805429864253
"reference",0.0585585585585586
"reference",0.00448430493273543
"reference",0
"reference",0.995515695067265
"reference",0.972972972972973
"reference",0
"reference",0.00448430493273543
"reference",0.00900900900900901
"reference",0.995515695067265
"reference",0.157657657657658
"reference",0.0135135135135135
"reference",0.0269058295964126
"reference",0
"reference",0.0269058295964126
"reference",1
"reference",1
"reference",0.995515695067265
"reference",0.00896860986547085
"reference",0.0179372197309417
"reference",0
"reference",0.00448430493273543
"reference",0.995515695067265
"reference",0.995515695067265
"reference",0.0045045045045045
"reference",0
"reference",0.00448430493273543
"reference",0.00896860986547085
"reference",0.0269058295964126
"reference",0.964125560538117
"reference",0.439461883408072
"reference",0.0493273542600897
"reference",0.00448430493273543
"reference",1
"reference",0.995515695067265
"reference",0.991031390134529
"reference",0.0134529147982063
"reference",0.00448430493273543
"reference",0
"reference",0.00448430493273543
"reference",0.991031390134529
"reference",0.269406392694064
"reference",0.00448430493273543
"reference",0.027027027027027
"reference",0.00448430493273543
"reference",0
"reference",0.506787330316742
"reference",0.0179372197309417
"reference",0
"reference",0.00448430493273543
"reference",0.00448430493273543
"reference",0
"reference",0.556561085972851
"reference",0.418918918918919
"reference",0.991031390134529
"reference",0.031390134529148
"reference",0.00896860986547085
"reference",0.00448430493273543
"reference",0.00448430493273543
"reference",0.122727272727273
"reference",0.0807174887892377
"reference",0.0135135135135135
"reference",0.103603603603604
"reference",0
"reference",0.995515695067265
"reference",0.995515695067265
"reference",1
"reference",0
"reference",0
"reference",0.0134529147982063
"reference",1
"reference",0.0852017937219731
"reference",0.177272727272727
"reference",0.230769230769231
"reference",0
"reference",0
"reference",0
"reference",0.0045045045045045
"reference",0.0045045045045045
"reference",0.995495495495496
"reference",1
"reference",0.0225225225225225
"reference",0.0315315315315315
"reference",0.171945701357466
"reference",0.378995433789954
"reference",0.117647058823529
"reference",0.027027027027027
"reference",0
"reference",0.0135135135135135
"reference",0
"reference",0.0315315315315315
"reference",0.0135746606334842
"reference",0.990990990990991
"reference",0.0405405405405405
"reference",0.0045045045045045
"reference",0.0045045045045045
"reference",0.686363636363636
"reference",1
"reference",0
"reference",1
"reference",0.0818181818181818
"reference",0
"reference",0.00896860986547085
"reference",0
"reference",0.477272727272727
"reference",0.484162895927602
"reference",0
"reference",0.00896860986547085
"reference",0.00448430493273543
"reference",0.40990990990991
"reference",0.995515695067265
"reference",0.221719457013575
"reference",0.116591928251121
"reference",0.00896860986547085
"reference",1
"reference",0.995515695067265
"reference",0.0134529147982063
"reference",0.0224215246636771
"reference",0
"reference",0.00896860986547085
"reference",0.031390134529148
"reference",0.00448430493273543
"reference",0.995515695067265
"reference",0.995515695067265
"reference",0.991031390134529
"reference",0.00448430493273543
"reference",0.0269058295964126
"reference",0
"reference",0.837837837837838
"reference",0.731818181818182
"reference",0.018018018018018
"reference",0.00448430493273543
"reference",0
"reference",0.00896860986547085
"reference",0.00448430493273543
"reference",1
"reference",0.995515695067265
"reference",0.027027027027027
"reference",0
"reference",0.384615384615385
"reference",0.0448430493273543
"reference",0.0855855855855856
"reference",0
"reference",0
"reference",0.878923766816143
"reference",0.292792792792793
"reference",0.579185520361991
"reference",0.0769230769230769
"reference",0.0269058295964126
"reference",0.00448430493273543
"reference",0
"reference",0
"reference",0.982062780269058
"reference",0.0582959641255605
"reference",0.0358744394618834
"reference",0.00448430493273543
"reference",0.00896860986547085
"reference",0.995515695067265
"reference",0.00896860986547085
"reference",0
"reference",0.00448430493273543
"reference",0.6289592760181
"reference",0.85
"reference",0.103603603603604
"reference",0
"reference",0.00448430493273543
"reference",0.00896860986547085
"reference",1
"reference",0.995515695067265
"reference",0.00452488687782805
"reference",0
"reference",1
"reference",0.995515695067265
"reference",0.995515695067265
"reference",0.0134529147982063
"reference",0.00448430493273543
"reference",0
"reference",0.773755656108597
"reference",0.887892376681614
"reference",0.00448430493273543
"reference",0.702702702702703
"reference",0.693693693693694
"reference",0.0810810810810811
"reference",0.0493273542600897
"reference",0.937219730941704
"reference",0.14027149321267
"reference",0.0269058295964126
"reference",0.00896860986547085
"reference",0.995495495495496
"reference",0.298642533936652
"reference",0.0540540540540541
"reference",0.0045045045045045
"reference",0
"reference",0.0045045045045045
"reference",0.833333333333333
"reference",0.878378378378378
"reference",0.018018018018018
"reference",0.085972850678733
"reference",0
"reference",0.027027027027027
"reference",0.036036036036036
"reference",0.828828828828829
"reference",0.312217194570136
"reference",0.0407239819004525
"reference",0
"reference",0
"reference",0.00896860986547085
"reference",0.0224215246636771
"reference",0.995515695067265
"reference",0.234234234234234
"reference",0.0134529147982063
"reference",0
"reference",0.995515695067265
"reference",0.221719457013575
"reference",0.0358744394618834
"reference",0
"reference",0
"reference",0.755656108597285
"reference",0.288288288288288
"reference",0.0134529147982063
"reference",0.0405405405405405
"reference",0
"reference",0.00448430493273543
"reference",0.0224215246636771
"reference",0.256756756756757
"reference",0.828828828828829
"reference",0.306306306306306
"reference",0.00448430493273543
"reference",1
"reference",0.995515695067265
"reference",0.031390134529148
"reference",0
"reference",0
"reference",0.672645739910314
"reference",0.820627802690583
"reference",0
"reference",0.0179372197309417
"reference",0.618181818181818
"reference",0.995515695067265
"reference",0.00448430493273543
"reference",0.0672645739910314
"reference",0.995515695067265
"reference",0.00448430493273543
"reference",0
"reference",0
"reference",0.0179372197309417
"reference",0.990990990990991
"reference",0.031390134529148
"reference",0.18552036199095
"reference",0.0179372197309417
"reference",0
"reference",0.00448430493273543
"reference",0.995495495495496
"reference",0.995495495495496
"reference",0
"reference",0
"reference",0.00448430493273543
"reference",1
"reference",0.631336405529954
"reference",0.00896860986547085
"reference",0.00448430493273543
"reference",0
"reference",0.00448430493273543
"reference",0.995495495495496
"reference",0.642201834862385
"reference",0.0179372197309417
"reference",0.00448430493273543
"reference",0.0416666666666667
"reference",1
"reference",0.208333333333333
"reference",0.0934579439252336
"reference",0.99537037037037
"reference",0.629107981220657
"reference",0.0930232558139535
"reference",0.00925925925925926
"reference",0
"reference",0.99537037037037
"reference",0.851851851851852
"reference",0
"reference",0.00462962962962963
"reference",0.00462962962962963
"reference",0.847222222222222
"reference",0.211267605633803
"reference",0.0185185185185185
"reference",0.013953488372093
"reference",0
"reference",0.0277777777777778
"reference",1
"reference",0.958333333333333
"reference",0.421296296296296
"reference",0.00925925925925926
"reference",0
"reference",0
"reference",0.00462962962962963
"reference",0.958333333333333
"reference",0.981481481481482
"reference",0.0324074074074074
"reference",0
"reference",0.00925925925925926
"reference",0.00925925925925926
"reference",0.0185185185185185
"reference",0.953703703703704
"reference",0.483720930232558
"reference",0.0462962962962963
"reference",0.00462962962962963
"reference",0.99537037037037
"reference",0.134259259259259
"reference",0.50462962962963
"reference",0.0601851851851852
"reference",0.00462962962962963
"reference",0
"reference",0.0138888888888889
"reference",0.803738317757009
"reference",0.194444444444444
"reference",0
"reference",0.0416666666666667
"reference",0.0138888888888889
"reference",0
"reference",1
"reference",0.32093023255814
"reference",0.0277777777777778
"reference",0.0324074074074074
"reference",0.00462962962962963
"reference",0
"reference",0.989473684210526
"reference",0.578947368421053
"reference",0.0421052631578947
"reference",0.0736842105263158
"reference",0.0105263157894737
"reference",0.0105263157894737
"reference",0.0631578947368421
"reference",0.326315789473684
"reference",0.905263157894737
"reference",0.157894736842105
"reference",0.0957446808510638
"reference",0
"reference",1
"reference",0.0105263157894737
"reference",1
"reference",0
"reference",0
"reference",0.0315789473684211
"reference",1
"reference",0
"reference",0.178947368421053
"reference",0.170212765957447
"reference",0
"reference",0
"reference",0
"reference",0.0105263157894737
"reference",0.00462962962962963
"reference",0.578947368421053
"reference",0.412037037037037
"reference",0.166666666666667
"reference",0.125
"reference",0.181395348837209
"reference",0.548837209302326
"reference",0.111111111111111
"reference",0.0231481481481481
"reference",0.00462962962962963
"reference",0.0231481481481481
"reference",0
"reference",0.0138888888888889
"reference",0.0138888888888889
"reference",1
"reference",1
"reference",0.00462962962962963
"reference",0.00462962962962963
"reference",0.888372093023256
"reference",1
"reference",0
"reference",1
"reference",0.302325581395349
"reference",0
"reference",0.00462962962962963
"reference",0
"reference",0.666666666666667
"reference",0.251162790697674
"reference",0
"reference",0.0138888888888889
"reference",0
"reference",0.0972222222222222
"reference",0.99537037037037
"reference",0.55607476635514
"reference",0.0462962962962963
"reference",0.00925925925925926
"reference",1
"reference",0.99537037037037
"reference",0.0138888888888889
"reference",0.0555555555555556
"reference",0
"reference",0
"reference",0.0604651162790698
"reference",0.00462962962962963
"reference",0.726415094339623
"reference",0.0700934579439252
"reference",0.0976744186046512
"reference",0.0277777777777778
"reference",0.0558139534883721
"reference",0
"reference",0.372093023255814
"reference",0.925581395348837
"reference",0
"reference",0.00465116279069767
"reference",0
"reference",0
"reference",0.00465116279069767
"reference",1
"reference",0.995348837209302
"reference",0.0231481481481481
"reference",0
"reference",0.302325581395349
"reference",0.0604651162790698
"reference",0.199074074074074
"reference",0.00925925925925926
"reference",0
"reference",0.99537037037037
"reference",0.99537037037037
"reference",0.99537037037037
"reference",0
"reference",0
"reference",0.00462962962962963
"reference",0
"reference",0
"reference",0.990740740740741
"reference",0.180555555555556
"reference",0.689814814814815
"reference",0.00462962962962963
"reference",0.00462962962962963
"reference",0.865740740740741
"reference",0.560185185185185
"reference",0
"reference",0.00462962962962963
"reference",0.777777777777778
"reference",0.462962962962963
"reference",0.537037037037037
"reference",0
"reference",0
"reference",0.00925925925925926
"reference",0.831775700934579
"reference",0.99537037037037
"reference",0.0976744186046512
"reference",0.00462962962962963
"reference",0.995348837209302
"reference",0.725581395348837
"reference",0.990697674418605
"reference",0.00930232558139535
"reference",0.00930232558139535
"reference",0
"reference",1
"reference",0.0558139534883721
"reference",0.00930232558139535
"reference",0.274418604651163
"reference",0.827102803738318
"reference",0.102325581395349
"reference",0.0560747663551402
"reference",0.66046511627907
"reference",0.795348837209302
"reference",0.106481481481481
"reference",0.00462962962962963
"reference",0.99537037037037
"reference",0.75462962962963
"reference",0.0325581395348837
"reference",0
"reference",0
"reference",0.00462962962962963
"reference",0.967592592592593
"reference",0.976851851851852
"reference",0.0138888888888889
"reference",0.00925925925925926
"reference",0
"reference",0.0277777777777778
"reference",0.00462962962962963
"reference",0.888372093023256
"reference",0.0416666666666667
"reference",0.0138888888888889
"reference",0
"reference",0.00925925925925926
"reference",0
"reference",0.282407407407407
"reference",0.990740740740741
"reference",0.579439252336449
"reference",0.00462962962962963
"reference",0
"reference",1
"reference",0.486111111111111
"reference",0.0648148148148148
"reference",0
"reference",0
"reference",0.962962962962963
"reference",0.106976744186047
"reference",0.0186046511627907
"reference",0.0277777777777778
"reference",0
"reference",0
"reference",0
"reference",0.293023255813953
"reference",0.53953488372093
"reference",0.560185185185185
"reference",0
"reference",1
"reference",0.99537037037037
"reference",0.990740740740741
"reference",0
"reference",0.00462962962962963
"reference",0.787037037037037
"reference",0.319444444444444
"reference",0
"reference",0.0511627906976744
"reference",0.99537037037037
"reference",0.99537037037037
"reference",0.00462962962962963
"reference",0.013953488372093
"reference",0.99537037037037
"reference",0.00462962962962963
"reference",0
"reference",0
"reference",0.0277777777777778
"reference",0.675925925925926
"reference",0.138888888888889
"reference",0.967592592592593
"reference",0.0277777777777778
"reference",0
"reference",0.00462962962962963
"reference",0.87962962962963
"reference",0.976851851851852
"reference",0
"reference",0.00462962962962963
"reference",0.00462962962962963
"reference",1
"reference",0.99537037037037
"reference",0
"reference",0
"reference",0.00462962962962963
"reference",0.00462962962962963
"reference",0.990740740740741
"reference",0.981481481481482
"reference",0.0324074074074074
"reference",0.00925925925925926
"reference",0.0143540669856459
"reference",1
"reference",0.995215311004785
"reference",0.00478468899521531
"reference",0.995215311004785
"reference",0.671497584541063
"reference",0.105263157894737
"reference",0.0191387559808612
"reference",0
"reference",0.995215311004785
"reference",0.91866028708134
"reference",0
"reference",0.00478468899521531
"reference",0
"reference",0.995215311004785
"reference",0.0772946859903382
"reference",0.0143540669856459
"reference",0.00956937799043062
"reference",0.00478468899521531
"reference",0.00956937799043062
"reference",1
"reference",0.990430622009569
"reference",0.0625
"reference",0.0287081339712919
"reference",0.00478468899521531
"reference",0
"reference",0.00956937799043062
"reference",0.995215311004785
"reference",0.00961538461538462
"reference",1
"reference",0
"reference",0.00478468899521531
"reference",0
"reference",0.00956937799043062
"reference",0.971291866028708
"reference",0.370192307692308
"reference",0.0288461538461538
"reference",0.00480769230769231
"reference",0.995192307692308
"reference",0.211538461538462
"reference",0.352657004830918
"reference",0.0625
"reference",0.00483091787439614
"reference",0.00483091787439614
"reference",0.00483091787439614
"reference",0.848780487804878
"reference",0.995145631067961
"reference",0
"reference",0.00970873786407767
"reference",0.00485436893203883
"reference",0
"reference",1
"reference",0.0780487804878049
"reference",0.0536585365853659
"reference",0.0390243902439024
"reference",0.00970873786407767
"reference",0
"reference",1
"reference",0.995169082125604
"reference",0.0338164251207729
"reference",0.0144927536231884
"reference",0.00483091787439614
"reference",0.00483091787439614
"reference",0.0772946859903382
"reference",0.241545893719807
"reference",0.869565217391304
"reference",0.256038647342995
"reference",0.135265700483092
"reference",0
"reference",0.0240384615384615
"reference",0.0240384615384615
"reference",1
"reference",0
"reference",0
"reference",0.0143540669856459
"reference",1
"reference",0.0191387559808612
"reference",0.120772946859903
"reference",0.177033492822967
"reference",0
"reference",0.00478468899521531
"reference",0
"reference",0.00956937799043062
"reference",0
"reference",0.421052631578947
"reference",0.629807692307692
"reference",0.660287081339713
"reference",0.0384615384615385
"reference",0.27536231884058
"reference",0.276699029126214
"reference",0.205741626794258
"reference",0.0478468899521531
"reference",0
"reference",0.00478468899521531
"reference",0
"reference",0.00956937799043062
"reference",0.0191387559808612
"reference",0.995215311004785
"reference",0.0526315789473684
"reference",0.00478468899521531
"reference",0.00478468899521531
"reference",0.875598086124402
"reference",1
"reference",0.00478468899521531
"reference",1
"reference",0.995215311004785
"reference",0
"reference",0.00478468899521531
"reference",0
"reference",0.995215311004785
"reference",0.0334928229665072
"reference",0
"reference",0.00956937799043062
"reference",0
"reference",0.0239234449760766
"reference",1
"reference",1
"reference",0
"reference",0.00478468899521531
"reference",1
"reference",0.995215311004785
"reference",1
"reference",0.00956937799043062
"reference",0
"reference",0
"reference",0.00478468899521531
"reference",0.00478468899521531
"reference",0.995215311004785
"reference",0.0861244019138756
"reference",0.995215311004785
"reference",0.0239234449760766
"reference",0.139423076923077
"reference",0
"reference",0.995215311004785
"reference",0.995215311004785
"reference",0.00478468899521531
"reference",0.00478468899521531
"reference",0
"reference",0.00956937799043062
"reference",0.00478468899521531
"reference",1
"reference",1
"reference",1
"reference",0
"reference",0.593301435406699
"reference",0.100961538461538
"reference",0.0961538461538462
"reference",0
"reference",0
"reference",0.995215311004785
"reference",0.0287081339712919
"reference",0.990430622009569
"reference",0.00956937799043062
"reference",0
"reference",0
"reference",0
"reference",0
"reference",1
"reference",0.990430622009569
"reference",0.00478468899521531
"reference",0
"reference",0.00478468899521531
"reference",0.995215311004785
"reference",0.0192307692307692
"reference",0.00478468899521531
"reference",0.00478468899521531
"reference",0.0239234449760766
"reference",1
"reference",0.995215311004785
"reference",0
"reference",0.00478468899521531
"reference",0.00478468899521531
"reference",1
"reference",0.995215311004785
"reference",0.0191387559808612
"reference",0
"reference",1
"reference",0.995215311004785
"reference",0.995215311004785
"reference",0.00478468899521531
"reference",0.00478468899521531
"reference",0
"reference",1
"reference",0.0669856459330144
"reference",0.0334928229665072
"reference",0.0432692307692308
"reference",0.995215311004785
"reference",0.00956937799043062
"reference",0.00480769230769231
"reference",0.990430622009569
"reference",1
"reference",0.990430622009569
"reference",0.00478468899521531
"reference",1
"reference",0.995215311004785
"reference",0.0478468899521531
"reference",0
"reference",0.00478468899521531
"reference",0.00478468899521531
"reference",1
"reference",1
"reference",0.00478468899521531
"reference",0
"reference",0
"reference",0.00956937799043062
"reference",0.00478468899521531
"reference",0.995215311004785
"reference",0.139423076923077
"reference",0.0956937799043062
"reference",0
"reference",0.00956937799043062
"reference",0
"reference",0.0334928229665072
"reference",0.995215311004785
"reference",0.278846153846154
"reference",0.0382775119617225
"reference",0.00478468899521531
"reference",1
"reference",0.383495145631068
"reference",0.062200956937799
"reference",0.00478468899521531
"reference",0.00478468899521531
"reference",0.545893719806763
"reference",0.490291262135922
"reference",0.0382775119617225
"reference",0.0382775119617225
"reference",0
"reference",0
"reference",0.00956937799043062
"reference",0.0478468899521531
"reference",0.995215311004785
"reference",0.00478468899521531
"reference",0
"reference",0.283653846153846
"reference",0.995215311004785
"reference",0.0861244019138756
"reference",0
"reference",0.00478468899521531
"reference",0.966507177033493
"reference",0.442307692307692
"reference",0
"reference",0.0334928229665072
"reference",0.995215311004785
"reference",0.430622009569378
"reference",0.00478468899521531
"reference",0.00956937799043062
"reference",0.995215311004785
"reference",0.00956937799043062
"reference",0
"reference",0
"reference",0.0191387559808612
"reference",0.990430622009569
"reference",0.0239234449760766
"reference",0.248803827751196
"reference",0.0287081339712919
"reference",0.00478468899521531
"reference",0.00478468899521531
"reference",0.995215311004785
"reference",0.995215311004785
"reference",0
"reference",0
"reference",0.0143540669856459
"reference",1
"reference",0.669856459330144
"reference",0
"reference",0
"reference",0
"reference",0.00478468899521531
"reference",0.937799043062201
"reference",0.976076555023923
"reference",0.00961538461538462
"reference",0.00478468899521531
"reference",0.0384615384615385
"reference",1
"reference",0.164251207729469
"reference",0.0625
"reference",1
"reference",0.516908212560386
"reference",0.111650485436893
"reference",0.00961538461538462
"reference",0.00480769230769231
"reference",1
"reference",0.836538461538462
"reference",0
"reference",0
"reference",0.0144230769230769
"reference",0.558252427184466
"reference",0.576923076923077
"reference",0.0193236714975845
"reference",0.0144230769230769
"reference",0.00480769230769231
"reference",0.0192307692307692
"reference",1
"reference",1
"reference",1
"reference",0.00480769230769231
"reference",0.00961538461538462
"reference",0
"reference",0
"reference",1
"reference",1
"reference",0
"reference",0
"reference",0.0192307692307692
"reference",0.00480769230769231
"reference",0.0192307692307692
"reference",0.947115384615385
"reference",0.364077669902913
"reference",0.0721153846153846
"reference",0
"reference",0.985576923076923
"reference",0.168269230769231
"reference",0.408653846153846
"reference",0.0772946859903382
"reference",0
"reference",0
"reference",0.0144230769230769
"reference",1
"reference",0.202898550724638
"reference",0
"reference",0.0288461538461538
"reference",0.00480769230769231
"reference",0
"reference",1
"reference",0.0917874396135266
"reference",0.0432692307692308
"reference",0.0192307692307692
"reference",0.00480769230769231
"reference",0
"reference",0.686274509803922
"reference",0.24390243902439
"reference",1
"reference",0.0388349514563107
"reference",0.00480769230769231
"reference",0
"reference",0.0288461538461538
"reference",0.0628019323671498
"reference",1
"reference",0.0528846153846154
"reference",0.0485436893203883
"reference",0
"reference",0.0386473429951691
"reference",0.00483091787439614
"reference",1
"reference",0
"reference",0
"reference",0.00480769230769231
"reference",1
"reference",0
"reference",0
"reference",1
"reference",0
"reference",0
"reference",0
"reference",0.00480769230769231
"reference",0
"reference",0.454106280193237
"reference",0.753623188405797
"reference",0.492753623188406
"reference",0.0480769230769231
"reference",0.158653846153846
"reference",0.288461538461538
"reference",0.168269230769231
"reference",0.0576923076923077
"reference",0.00480769230769231
"reference",0.0192307692307692
"reference",0
"reference",0.0192307692307692
"reference",0.0192307692307692
"reference",0.975961538461538
"reference",0.894230769230769
"reference",0.00480769230769231
"reference",0
"reference",1
"reference",1
"reference",0
"reference",1
"reference",0.174757281553398
"reference",0
"reference",0
"reference",0
"reference",0.718446601941748
"reference",0.207729468599034
"reference",0
"reference",0.00480769230769231
"reference",0
"reference",0.188405797101449
"reference",1
"reference",0.252427184466019
"reference",0.120772946859903
"reference",0.0288461538461538
"reference",1
"reference",1
"reference",0.00961538461538462
"reference",0.0336538461538462
"reference",0.00480769230769231
"reference",0
"reference",0.00966183574879227
"reference",0
"reference",1
"reference",0.193236714975845
"reference",0.400966183574879
"reference",0.0338164251207729
"reference",0.263414634146341
"reference",0
"reference",0.757281553398058
"reference",0.807692307692308
"reference",0
"reference",0
"reference",0
"reference",0
"reference",0
"reference",1
"reference",1
"reference",0.0432692307692308
"reference",0
"reference",0.51980198019802
"reference",0.197115384615385
"reference",0.115384615384615
"reference",0
"reference",0
"reference",1
"reference",0.00480769230769231
"reference",1
"reference",1
"reference",0
"reference",0.00480769230769231
"reference",0
"reference",0
"reference",1
"reference",1
"reference",0.00480769230769231
"reference",0
"reference",0.00480769230769231
"reference",1
"reference",0.0192307692307692
"reference",0
"reference",0
"reference",1
"reference",0.681159420289855
"reference",0.153846153846154
"reference",0.00961538461538462
"reference",0
"reference",0.0144230769230769
"reference",1
"reference",1
"reference",0
"reference",0.00483091787439614
"reference",1
"reference",1
"reference",1
"reference",0
"reference",0.00480769230769231
"reference",0
"reference",1
"reference",0.178743961352657
"reference",0.00480769230769231
"reference",0.439613526570048
"reference",0.703883495145631
"reference",0.222222222222222
"reference",0.0336538461538462
"reference",1
"reference",1
"reference",0.00480769230769231
"reference",0.00480769230769231
"reference",1
"reference",1
"reference",0.00480769230769231
"reference",0
"reference",0
"reference",0
"reference",0.689320388349515
"reference",1
"reference",0.00480769230769231
"reference",0.0288461538461538
"reference",0.00483091787439614
"reference",0.0384615384615385
"reference",0.00480769230769231
"reference",1
"reference",0.0865384615384615
"reference",0.0769230769230769
"reference",0.00961538461538462
"reference",0
"reference",0.00480769230769231
"reference",0
"reference",1
"reference",0.27536231884058
"reference",0.0144230769230769
"reference",0
"reference",1
"reference",0.333333333333333
"reference",0.0338164251207729
"reference",0.00961538461538462
"reference",0.00480769230769231
"reference",0.492753623188406
"reference",0.509615384615385
"reference",0.221153846153846
"reference",0.0240384615384615
"reference",0
"reference",0
"reference",0
"reference",0.00961538461538462
"reference",1
"reference",1
"reference",0
"reference",1
"reference",1
"reference",0.00480769230769231
"reference",0
"reference",0
"reference",0.966346153846154
"reference",0.524038461538462
"reference",0
"reference",0.201923076923077
"reference",1
"reference",0.341346153846154
"reference",0
"reference",0.0240384615384615
"reference",1
"reference",0
"reference",0
"reference",0
"reference",0.00966183574879227
"reference",1
"reference",0.00480769230769231
"reference",1
"reference",0
"reference",0
"reference",0
"reference",1
"reference",1
"reference",0
"reference",0
"reference",0.00480769230769231
"reference",1
"reference",0.839805825242718
"reference",0.0384615384615385
"reference",0.00480769230769231
"reference",0
"reference",0
"reference",0.754807692307692
"reference",0.975961538461538
"reference",0.00961538461538462
"reference",0
"reference",0.111675126903553
"reference",1
"reference",0.198979591836735
"reference",0.0761421319796954
"reference",0.98989898989899
"reference",0.668367346938776
"reference",0.0862944162436548
"reference",0.0151515151515152
"reference",0
"reference",0.98989898989899
"reference",0.974747474747475
"reference",0
"reference",0.0101010101010101
"reference",0.00505050505050505
"reference",0.98989898989899
"reference",0.0913705583756345
"reference",0.0252525252525253
"reference",0.0252525252525253
"reference",0.00505050505050505
"reference",0.0151515151515152
"reference",1
"reference",0.994949494949495
"reference",0.136363636363636
"reference",0.0101010101010101
"reference",0.00505050505050505
"reference",0.0101010101010101
"reference",0.0101010101010101
"reference",0.98989898989899
"reference",0.98989898989899
"reference",0.0101010101010101
"reference",0
"reference",0.00505050505050505
"reference",0.0101010101010101
"reference",0.0303030303030303
"reference",0.994949494949495
"reference",0.279187817258883
"reference",0.0609137055837563
"reference",0.0101010101010101
"reference",0.994949494949495
"reference",0.48989898989899
"reference",0.378787878787879
"reference",0.0404040404040404
"reference",0.0101010101010101
"reference",0
"reference",0.0101010101010101
"reference",0.98989898989899
"reference",0.360406091370558
"reference",0
"reference",0.0101010101010101
"reference",0
"reference",0
"reference",1
"reference",0.0202020202020202
"reference",0.98989898989899
"reference",0.00505050505050505
"reference",0.0101010101010101
"reference",0
"reference",0.994949494949495
"reference",0.336734693877551
"reference",0.0858585858585859
"reference",0.0454545454545455
"reference",0.0101010101010101
"reference",0.0101010101010101
"reference",0.0202020202020202
"reference",0.0858585858585859
"reference",0.98989898989899
"reference",0.0406091370558376
"reference",0.290816326530612
"reference",0
"reference",0.0404040404040404
"reference",1
"reference",1
"reference",0
"reference",0
"reference",0.0303030303030303
"reference",1
"reference",0.0252525252525253
"reference",0.116751269035533
"reference",0.186868686868687
"reference",0.00505050505050505
"reference",0
"reference",0
"reference",0.0101010101010101
"reference",0.00505050505050505
"reference",0.232323232323232
"reference",0.388888888888889
"reference",0.101010101010101
"reference",1
"reference",0.0252525252525253
"reference",0.0505050505050505
"reference",0.98989898989899
"reference",0.0101010101010101
"reference",0
"reference",0
"reference",0.00505050505050505
"reference",0
"reference",0.0303030303030303
"reference",1
"reference",1
"reference",0.0101010101010101
"reference",0.0101010101010101
"reference",0.898477157360406
"reference",1
"reference",0
"reference",1
"reference",0.192893401015228
"reference",0
"reference",0.0101010101010101
"reference",0
"reference",0.535353535353535
"reference",0.343434343434343
"reference",0.00505050505050505
"reference",0.0404040404040404
"reference",0
"reference",0.217171717171717
"reference",0.994949494949495
"reference",0.270408163265306
"reference",0.0808080808080808
"reference",0.0151515151515152
"reference",0.994949494949495
"reference",0.843434343434343
"reference",0.308080808080808
"reference",0.050761421319797
"reference",0.0101010101010101
"reference",0.00505050505050505
"reference",0.0456852791878173
"reference",0.0101010101010101
"reference",0.98989898989899
"reference",1
"reference",0.98989898989899
"reference",0.98989898989899
"reference",0.0303030303030303
"reference",0.0101010101010101
"reference",0.98989898989899
"reference",0.661616161616162
"reference",0
"reference",0.0101010101010101
"reference",0.00505050505050505
"reference",0.0151515151515152
"reference",0.0101010101010101
"reference",1
"reference",0.98989898989899
"reference",0.0303030303030303
"reference",0
"reference",0.413265306122449
"reference",0.0761421319796954
"reference",0.0710659898477157
"reference",0.0101010101010101
"reference",0
"reference",0.98989898989899
"reference",0.0202020202020202
"reference",0.98989898989899
"reference",0.0101010101010101
"reference",0
"reference",0
"reference",0
"reference",0
"reference",1
"reference",0.98989898989899
"reference",0.0151515151515152
"reference",0
"reference",0.0101010101010101
"reference",0.98989898989899
"reference",0.0353535353535354
"reference",0.0101010101010101
"reference",0.0101010101010101
"reference",1
"reference",0.868686868686869
"reference",0.0303030303030303
"reference",0
"reference",0
"reference",0
"reference",0.939086294416244
"reference",0.98989898989899
"reference",0.0252525252525253
"reference",0
"reference",1
"reference",1
"reference",0.98989898989899
"reference",0.00505050505050505
"reference",0.0101010101010101
"reference",0
"reference",1
"reference",0.050761421319797
"reference",0.0151515151515152
"reference",0.720812182741117
"reference",0.360406091370558
"reference",0.494949494949495
"reference",0.0404040404040404
"reference",0.604060913705584
"reference",0.989847715736041
"reference",0.0357142857142857
"reference",0.0102040816326531
"reference",0.989847715736041
"reference",0.223350253807107
"reference",0.121827411167513
"reference",0
"reference",0
"reference",0.0101522842639594
"reference",0.673469387755102
"reference",1
"reference",0.121827411167513
"reference",0.0152284263959391
"reference",0
"reference",0.0406091370558376
"reference",0.0152284263959391
"reference",0.989847715736041
"reference",0.147959183673469
"reference",0.065989847715736
"reference",0
"reference",0
"reference",0.0050761421319797
"reference",0.0101522842639594
"reference",0.989847715736041
"reference",0.459183673469388
"reference",0.0152284263959391
"reference",0
"reference",0.989847715736041
"reference",0.423469387755102
"reference",0.050761421319797
"reference",0.0050761421319797
"reference",0.0050761421319797
"reference",0.182741116751269
"reference",0.913705583756345
"reference",0.0456852791878173
"reference",0.00510204081632653
"reference",0
"reference",0.0050761421319797
"reference",0
"reference",0.888324873096447
"reference",0.989847715736041
"reference",0
"reference",0
"reference",1
"reference",0.98989898989899
"reference",0.0555555555555556
"reference",0
"reference",0.0101010101010101
"reference",0.696969696969697
"reference",0.888888888888889
"reference",0
"reference",0.0404040404040404
"reference",1
"reference",0.98989898989899
"reference",0.0101010101010101
"reference",0.0252525252525253
"reference",0.98989898989899
"reference",0.0101010101010101
"reference",0
"reference",0
"reference",0.0101010101010101
"reference",0.253807106598985
"reference",0.0202020202020202
"reference",0.98989898989899
"reference",0.00505050505050505
"reference",0
"reference",0.0101010101010101
"reference",0.651282051282051
"reference",0.98989898989899
"reference",0.00505050505050505
"reference",0
"reference",0.0152284263959391
"reference",1
"reference",0.98989898989899
"reference",0
"reference",0
"reference",0
"reference",0.0101010101010101
"reference",1
"reference",0.904040404040404
"reference",0.0202020202020202
"reference",0.0101010101010101
"reference",0.0099502487562189
"reference",1
"reference",0.995024875621891
"reference",0.0199004975124378
"reference",0.995024875621891
"reference",0.995024875621891
"reference",0.0646766169154229
"reference",0.0099502487562189
"reference",0
"reference",0.995024875621891
"reference",0.995024875621891
"reference",0
"reference",0.00497512437810945
"reference",0.0298507462686567
"reference",0.995024875621891
"reference",0.175
"reference",0.0199004975124378
"reference",0.0199004975124378
"reference",0
"reference",0.0199004975124378
"reference",1
"reference",0.995024875621891
"reference",0.0248756218905473
"reference",0.0248756218905473
"reference",0.00497512437810945
"reference",0
"reference",0.00497512437810945
"reference",0.995024875621891
"reference",0.995024875621891
"reference",0.00497512437810945
"reference",0
"reference",0.00497512437810945
"reference",0.00497512437810945
"reference",0.0199004975124378
"reference",0
"reference",0.0696517412935323
"reference",0.054726368159204
"reference",0.0149253731343284
"reference",0.995024875621891
"reference",0.0149253731343284
"reference",0.995024875621891
"reference",0.0447761194029851
"reference",0.00497512437810945
"reference",0
"reference",0.00497512437810945
"reference",0.995024875621891
"reference",0.36318407960199
"reference",0.0099502487562189
"reference",0.0199004975124378
"reference",0
"reference",0.00497512437810945
"reference",1
"reference",0.0497512437810945
"reference",0.442786069651741
"reference",0.0298507462686567
"reference",0.00497512437810945
"reference",0
"reference",1
"reference",0.56
"reference",0.105
"reference",0.085
"reference",0.01
"reference",0.005
"reference",0.025
"reference",0.075
"reference",0.995
"reference",0.32
"reference",0.05
"reference",0
"reference",0.04
"reference",0.0452261306532663
"reference",1
"reference",0
"reference",0
"reference",0.015
"reference",1
"reference",0.025
"reference",0.44
"reference",0.525
"reference",0
"reference",0
"reference",0
"reference",0.01
"reference",0.005
"reference",1
"reference",1
"reference",0.995
"reference",0.085
"reference",0.005
"reference",0.0251256281407035
"reference",0.995
"reference",0.005
"reference",0.005
"reference",0.01
"reference",0
"reference",0
"reference",0.01
"reference",0.995
"reference",0.195
"reference",0.035
"reference",0.005
"reference",1
"reference",1
"reference",0.00497512437810945
"reference",1
"reference",0.651741293532338
"reference",0
"reference",0.00497512437810945
"reference",0
"reference",0.995024875621891
"reference",0.03
"reference",0
"reference",0.0149253731343284
"reference",0
"reference",0.253731343283582
"reference",1
"reference",0.4
"reference",0.109452736318408
"reference",0.01
"reference",1
"reference",0.995024875621891
"reference",0.00497512437810945
"reference",0.0398009950248756
"reference",0
"reference",0
"reference",0.0497512437810945
"reference",0
"reference",0.557213930348259
"reference",0.139303482587065
"reference",0.437810945273632
"reference",0.00497512437810945
"reference",0.054726368159204
"reference",0.0099502487562189
"reference",0.995024875621891
"reference",0.28643216080402
"reference",0.00497512437810945
"reference",0.00497512437810945
"reference",0
"reference",0.0099502487562189
"reference",0.00497512437810945
"reference",1
"reference",0.995024875621891
"reference",0.0447761194029851
"reference",0
"reference",0.398009950248756
"reference",0.0199004975124378
"reference",0.0995024875621891
"reference",0
"reference",0
"reference",0.995024875621891
"reference",0.0099502487562189
"reference",0.995024875621891
"reference",0.00497512437810945
"reference",0
"reference",0
"reference",0
"reference",0
"reference",0.995
"reference",0.0351758793969849
"reference",0.035
"reference",0
"reference",0.005
"reference",0.995
"reference",0.09
"reference",0.01
"reference",0.005
"reference",1
"reference",0.995
"reference",0.02
"reference",0
"reference",0
"reference",0.01
"reference",0.819095477386935
"reference",0.995
"reference",0.135
"reference",0
"reference",1
"reference",1
"reference",0.995024875621891
"reference",0.0099502487562189
"reference",0.0099502487562189
"reference",0
"reference",1
"reference",0.04
"reference",0.0149253731343284
"reference",0.373134328358209
"reference",0.751243781094527
"reference",0.154228855721393
"reference",0.0348258706467662
"reference",0.06
"reference",0
"reference",0.01
"reference",0
"reference",1
"reference",0.225
"reference",0.095
"reference",0
"reference",0
"reference",0
"reference",0.535353535353535
"reference",1
"reference",0.01
"reference",0.05
"reference",0.01
"reference",0.035
"reference",0
"reference",1
"reference",0.095
"reference",0.0703517587939698
"reference",0
"reference",0.005
"reference",0
"reference",0.01
"reference",1
"reference",0.306532663316583
"reference",0.0099502487562189
"reference",0
"reference",1
"reference",0.323383084577114
"reference",0.0845771144278607
"reference",0.0099502487562189
"reference",0
"reference",0.00497512437810945
"reference",0.995024875621891
"reference",0.995024875621891
"reference",0.00497512437810945
"reference",0
"reference",0.00497512437810945
"reference",0.0149253731343284
"reference",0.995024875621891
"reference",0.154228855721393
"reference",0.00497512437810945
"reference",0
"reference",0.303482587064677
"reference",0.995024875621891
"reference",0.129353233830846
"reference",0.00497512437810945
"reference",0.005
"reference",0.995024875621891
"reference",0.0149253731343284
"reference",0.00497512437810945
"reference",0.0149253731343284
"reference",0.995024875621891
"reference",0.781094527363184
"reference",0.00497512437810945
"reference",0.990049751243781
"reference",0.990049751243781
"reference",0.00497512437810945
"reference",0.990049751243781
"reference",0.00497512437810945
"reference",0.0149253731343284
"reference",0.865671641791045
"reference",0.159203980099502
"reference",0.915422885572139
"reference",0.0199004975124378
"reference",0
"reference",0.00497512437810945
"reference",0.990049751243781
"reference",0.990049751243781
"reference",0
"reference",0
"reference",0.00497512437810945
"reference",0.995024875621891
"reference",0.990049751243781
"reference",0
"reference",0
"reference",0
"reference",0.00497512437810945
"reference",0.995024875621891
"reference",0.990049751243781
"reference",0.0199004975124378
"reference",0.00497512437810945
"reference",0.0461538461538462
"reference",0.994871794871795
"reference",0.225641025641026
"reference",0.0871794871794872
"reference",0.994871794871795
"reference",0.597938144329897
"reference",0.0615384615384615
"reference",0.0153846153846154
"reference",0.00512820512820513
"reference",0.98974358974359
"reference",0.98974358974359
"reference",0.0102564102564103
"reference",0.0102564102564103
"reference",0
"reference",0.98974358974359
"reference",0.0979381443298969
"reference",0.0102564102564103
"reference",0.0153846153846154
"reference",0.0153846153846154
"reference",0.00515463917525773
"reference",0.494845360824742
"reference",0.530927835051546
"reference",0.169230769230769
"reference",0.0461538461538462
"reference",0
"reference",0
"reference",0.0102564102564103
"reference",0.887179487179487
"reference",0.98974358974359
"reference",0.0153846153846154
"reference",0.00512820512820513
"reference",0
"reference",0.0358974358974359
"reference",0.0153846153846154
"reference",0.963917525773196
"reference",0.353846153846154
"reference",0.0205128205128205
"reference",0.00512820512820513
"reference",0.98974358974359
"reference",0.149484536082474
"reference",0.328205128205128
"reference",0.0769230769230769
"reference",0.00515463917525773
"reference",0
"reference",0.00512820512820513
"reference",0.742268041237113
"reference",0.98974358974359
"reference",0
"reference",0.00512820512820513
"reference",0
"reference",0
"reference",0.994871794871795
"reference",0.153846153846154
"reference",0.0564102564102564
"reference",0.0307692307692308
"reference",0.0205128205128205
"reference",0.00512820512820513
"reference",0.994871794871795
"reference",0.994871794871795
"reference",0.00512820512820513
"reference",0.994871794871795
"reference",0.00512820512820513
"reference",0.0102564102564103
"reference",0.0974358974358974
"reference",0.278350515463918
"reference",0.635897435897436
"reference",0.594871794871795
"reference",0.0871794871794872
"reference",0
"reference",0.0670103092783505
"reference",0.0358974358974359
"reference",1
"reference",0
"reference",0.00512820512820513
"reference",0.0205128205128205
"reference",0.958974358974359
"reference",0.0461538461538462
"reference",0.153846153846154
"reference",0.489690721649485
"reference",0
"reference",0
"reference",0
"reference",0.0205128205128205
"reference",0.00512820512820513
"reference",0.302564102564103
"reference",0.882051282051282
"reference",0.494845360824742
"reference",0.0358974358974359
"reference",0.153846153846154
"reference",0.22051282051282
"reference",0.2
"reference",0.0358974358974359
"reference",0.0153846153846154
"reference",0.0205128205128205
"reference",0.0307692307692308
"reference",0.0257731958762887
"reference",0.0461538461538462
"reference",0.969230769230769
"reference",0.743589743589744
"reference",0.0153846153846154
"reference",0.0102564102564103
"reference",0.769230769230769
"reference",1
"reference",0.00512820512820513
"reference",0.994871794871795
"reference",0.138461538461538
"reference",0
"reference",0.00512820512820513
"reference",0
"reference",0.564102564102564
"reference",0.435897435897436
"reference",0
"reference",0.0256410256410256
"reference",0.00512820512820513
"reference",0.153846153846154
"reference",0.994871794871795
"reference",0.324742268041237
"reference",0.102564102564103
"reference",0.0102564102564103
"reference",1
"reference",0.994845360824742
"reference",0.00515463917525773
"reference",0.0257731958762887
"reference",0
"reference",0
"reference",0.0309278350515464
"reference",0.00515463917525773
"reference",0.938144329896907
"reference",0.731958762886598
"reference",0.180412371134021
"reference",0.0154639175257732
"reference",0.201030927835052
"reference",0.00515463917525773
"reference",0.809278350515464
"reference",0.730569948186529
"reference",0.00515463917525773
"reference",0.00515463917525773
"reference",0
"reference",0
"reference",0.00515463917525773
"reference",1
"reference",1
"reference",1
"reference",0
"reference",0.65979381443299
"reference",0.0670103092783505
"reference",0.0829015544041451
"reference",0
"reference",0
"reference",0.994845360824742
"reference",0.0206185567010309
"reference",0.0721649484536082
"reference",0.994818652849741
"reference",0.00515463917525773
"reference",0
"reference",0
"reference",0
"reference",0.927461139896373
"reference",0.458762886597938
"reference",0.278350515463918
"reference",0
"reference",0.0103092783505155
"reference",0.94300518134715
"reference",0.170984455958549
"reference",0.0103092783505155
"reference",0.00518134715025907
"reference",0.709844559585492
"reference",0.492227979274611
"reference",0.440414507772021
"reference",0
"reference",0
"reference",0.00515463917525773
"reference",0.77948717948718
"reference",0.98974358974359
"reference",0.0512820512820513
"reference",0
"reference",0.994871794871795
"reference",0.38659793814433
"reference",0.994871794871795
"reference",0.0512820512820513
"reference",0.0153846153846154
"reference",0
"reference",0.994871794871795
"reference",0.0615384615384615
"reference",0.00512820512820513
"reference",0.728205128205128
"reference",0.774358974358974
"reference",0.0564102564102564
"reference",0.0256410256410256
"reference",0.615384615384615
"reference",0.748717948717949
"reference",0.487179487179487
"reference",0.00512820512820513
"reference",0.994871794871795
"reference",0.98974358974359
"reference",0.0205128205128205
"reference",0
"reference",0.00512820512820513
"reference",0.0102564102564103
"reference",0.757731958762887
"reference",0.994871794871795
"reference",0.0102564102564103
"reference",0.0205128205128205
"reference",0
"reference",0.292307692307692
"reference",0.0102564102564103
"reference",0.98974358974359
"reference",0.134020618556701
"reference",0.0256410256410256
"reference",0
"reference",0.00512820512820513
"reference",0.00512820512820513
"reference",0.0102564102564103
"reference",0.98974358974359
"reference",0.343589743589744
"reference",0.0102564102564103
"reference",0.00512820512820513
"reference",0.98974358974359
"reference",0.360824742268041
"reference",0.0666666666666667
"reference",0
"reference",0
"reference",0.964102564102564
"reference",0.435233160621762
"reference",0.0256410256410256
"reference",0.0205128205128205
"reference",0
"reference",0.00512820512820513
"reference",0.0256410256410256
"reference",0.108247422680412
"reference",0.984615384615385
"reference",0.0205128205128205
"reference",0
"reference",0.994871794871795
"reference",0.933333333333333
"reference",0.4
"reference",0
"reference",0.00512820512820513
"reference",0.97948717948718
"reference",0.107692307692308
"reference",0.00512820512820513
"reference",0.0564102564102564
"reference",0.994871794871795
"reference",0.764102564102564
"reference",0.00512820512820513
"reference",0.0153846153846154
"reference",0.98974358974359
"reference",0.00512820512820513
"reference",0
"reference",0
"reference",0
"reference",0.041025641025641
"reference",0.887179487179487
"reference",0.989690721649485
"reference",0
"reference",0
"reference",0.0102564102564103
"reference",0.994871794871795
"reference",0.994871794871795
"reference",0.0102564102564103
"reference",0
"reference",0.0153846153846154
"reference",0.994818652849741
"reference",0.805128205128205
"reference",0
"reference",0
"reference",0.00512820512820513
"reference",0.0102564102564103
"reference",0.994871794871795
"reference",0.98974358974359
"reference",0.0153846153846154
"reference",0.00512820512820513
"reference",1
"reference",1
"reference",0.0248447204968944
"reference",0.0124223602484472
"reference",0.993788819875776
"reference",0.784810126582278
"reference",0.0372670807453416
"reference",0.0062111801242236
"reference",0.0062111801242236
"reference",0.993788819875776
"reference",0.836477987421384
"reference",0
"reference",0.0062111801242236
"reference",0.0062111801242236
"reference",0.84375
"reference",0.320754716981132
"reference",0.1875
"reference",0.01875
"reference",0
"reference",0.0186335403726708
"reference",0.993788819875776
"reference",1
"reference",1
"reference",0.0062111801242236
"reference",0
"reference",0
"reference",0.0062111801242236
"reference",0.993788819875776
"reference",0.993788819875776
"reference",0.0124223602484472
"reference",0.0062111801242236
"reference",0.031055900621118
"reference",0
"reference",0.0434782608695652
"reference",1
"reference",1
"reference",0.0062111801242236
"reference",0.0062111801242236
"reference",0.993788819875776
"reference",0.0880503144654088
"reference",0.8125
"reference",0.0375
"reference",0.0062111801242236
"reference",0
"reference",0.0062111801242236
"reference",0.993788819875776
"reference",0.245283018867925
"reference",0
"reference",0.025
"reference",0
"reference",0
"reference",1
"reference",0.170886075949367
"reference",0.0759493670886076
"reference",0.0248447204968944
"reference",0.0062111801242236
"reference",0
"reference",1
"reference",0.34375
"reference",0.0496894409937888
"reference",0.0683229813664596
"reference",0.0062111801242236
"reference",0.0062111801242236
"reference",0.0566037735849057
"reference",0.40251572327044
"reference",0.475
"reference",0.4
"reference",0.220125786163522
"reference",0
"reference",0.993788819875776
"reference",0.118012422360248
"reference",0.417721518987342
"reference",0
"reference",0
"reference",0.0124223602484472
"reference",1
"reference",0.05625
"reference",0.169811320754717
"reference",0.238993710691824
"reference",0
"reference",0
"reference",0
"reference",0.0062111801242236
"reference",0.0062111801242236
"reference",1
"reference",1
"reference",0.99375
"reference",0.00625
"reference",0.278481012658228
"reference",0.392405063291139
"reference",0.119496855345912
"reference",0.03125
"reference",0.00625
"reference",0
"reference",0
"reference",0.0251572327044025
"reference",0.0125
"reference",1
"reference",0.0828025477707006
"reference",0.00625
"reference",0.00625
"reference",1
"reference",1
"reference",0
"reference",1
"reference",0.993788819875776
"reference",0
"reference",0.0062111801242236
"reference",0
"reference",0.761006289308176
"reference",0.341772151898734
"reference",0
"reference",0.0062111801242236
"reference",0
"reference",0.99375
"reference",0.993788819875776
"reference",0.0248447204968944
"reference",0
"reference",0
"reference",1
"reference",0.95
"reference",0.119496855345912
"reference",0.0625
"reference",0
"reference",0.0062111801242236
"reference",0.0745341614906832
"reference",0.0062111801242236
"reference",0.981366459627329
"reference",0.093167701863354
"reference",0.440251572327044
"reference",0.0124223602484472
"reference",0.394904458598726
"reference",0.0062111801242236
"reference",0.993788819875776
"reference",0.4125
"reference",0
"reference",0.0062111801242236
"reference",0
"reference",0.00625
"reference",0.00625
"reference",1
"reference",1
"reference",0.987421383647799
"reference",0
"reference",0.4
"reference",0.0754716981132075
"reference",0.0759493670886076
"reference",0
"reference",0
"reference",0.993788819875776
"reference",0.031055900621118
"reference",0.993788819875776
"reference",0.0124223602484472
"reference",0
"reference",0
"reference",0
"reference",0
"reference",0.981366459627329
"reference",0.138364779874214
"reference",0.0496894409937888
"reference",0
"reference",0.0124223602484472
"reference",0.993788819875776
"reference",0.0062111801242236
"reference",0.0062111801242236
"reference",0.0062111801242236
"reference",1
"reference",0.739130434782609
"reference",0.0683229813664596
"reference",0.0062111801242236
"reference",0
"reference",0.0124223602484472
"reference",0.9
"reference",0.993788819875776
"reference",0.08125
"reference",0
"reference",1
"reference",0.987577639751553
"reference",0.881987577639752
"reference",0.0186335403726708
"reference",0.0124223602484472
"reference",0
"reference",1
"reference",0.124223602484472
"reference",0.0124223602484472
"reference",0.987577639751553
"reference",0.981366459627329
"reference",0
"reference",0.0124223602484472
"reference",0.77639751552795
"reference",0.981366459627329
"reference",0.43125
"reference",0.0062111801242236
"reference",1
"reference",0.869565217391304
"reference",0.0434782608695652
"reference",0
"reference",0
"reference",0.00625
"reference",0.993788819875776
"reference",1
"reference",0
"reference",0.0186335403726708
"reference",0
"reference",0.0124223602484472
"reference",0.0062111801242236
"reference",1
"reference",0.993788819875776
"reference",0.857142857142857
"reference",0
"reference",0
"reference",0
"reference",0.0124223602484472
"reference",0.993788819875776
"reference",0.40506329113924
"reference",0.0062111801242236
"reference",0.0062111801242236
"reference",1
"reference",0.391025641025641
"reference",0.10625
"reference",0.0062111801242236
"reference",0
"reference",0.987577639751553
"reference",0.993788819875776
"reference",0.0062111801242236
"reference",0.0124223602484472
"reference",0
"reference",0.0062111801242236
"reference",0
"reference",1
"reference",0.981366459627329
"reference",0
"reference",0
"reference",0.993788819875776
"reference",0.993788819875776
"reference",0.993788819875776
"reference",0
"reference",0.0062111801242236
"reference",0.993788819875776
"reference",0.0691823899371069
"reference",0
"reference",0.0869565217391304
"reference",1
"reference",0.987577639751553
"reference",0.0062111801242236
"reference",0.0124223602484472
"reference",0.993788819875776
"reference",0.0062111801242236
"reference",0.0062111801242236
"reference",0
"reference",0.0248447204968944
"reference",0.173913043478261
"reference",0.0372670807453416
"reference",0.993788819875776
"reference",0
"reference",0
"reference",0.0062111801242236
"reference",0.689873417721519
"reference",0.993788819875776
"reference",0
"reference",0
"reference",0.0062111801242236
"reference",0.85
"reference",0.993788819875776
"reference",0
"reference",0
"reference",0
"reference",0.0062111801242236
"reference",1
"reference",0.825
"reference",0.01875
"reference",0.0062111801242236
"reference",0.0373831775700935
"reference",1
"reference",0.196261682242991
"reference",0.0467289719626168
"reference",1
"reference",0.504672897196262
"reference",0.594339622641509
"reference",0.00934579439252336
"reference",0
"reference",1
"reference",0.85981308411215
"reference",0.00934579439252336
"reference",0
"reference",0.0186915887850467
"reference",0.850467289719626
"reference",0.542056074766355
"reference",0.0186915887850467
"reference",0.0283018867924528
"reference",0
"reference",0
"reference",1
"reference",1
"reference",0.0280373831775701
"reference",0
"reference",0
"reference",0
"reference",0
"reference",1
"reference",1
"reference",0.00934579439252336
"reference",0
"reference",0
"reference",0.00934579439252336
"reference",0.0373831775700935
"reference",0.962616822429907
"reference",0.30188679245283
"reference",0.0560747663551402
"reference",0
"reference",0.504672897196262
"reference",0.0283018867924528
"reference",0.0654205607476635
"reference",1
"reference",0
"reference",0
"reference",0.00934579439252336
"reference",1
"reference",0.0841121495327103
"reference",0.00934579439252336
"reference",0.0186915887850467
"reference",0
"reference",0
"reference",1
"reference",0.0934579439252336
"reference",0.0934579439252336
"reference",0.0280373831775701
"reference",0
"reference",0
"reference",0.962616822429907
"reference",0.794392523364486
"reference",0.0934579439252336
"reference",0.224299065420561
"reference",0.00934579439252336
"reference",0
"reference",0.0467289719626168
"reference",0.0467289719626168
"reference",1
"reference",0.121495327102804
"reference",0.0560747663551402
"reference",0
"reference",0.121495327102804
"reference",1
"reference",0.214953271028037
"reference",0
"reference",0
"reference",0
"reference",1
"reference",0
"reference",1
"reference",0.0280373831775701
"reference",0
"reference",0
"reference",0
"reference",0
"reference",0
"reference",1
"reference",1
"reference",0.00934579439252336
"reference",0
"reference",0.11214953271028
"reference",0.392523364485981
"reference",0.168224299065421
"reference",0.0373831775700935
"reference",0
"reference",0.00934579439252336
"reference",0
"reference",0.0280373831775701
"reference",0
"reference",0.121495327102804
"reference",1
"reference",0
"reference",0
"reference",1
"reference",1
"reference",0
"reference",1
"reference",0.121495327102804
"reference",0
"reference",0
"reference",0
"reference",0.94392523364486
"reference",0.121495327102804
"reference",0
"reference",0.00934579439252336
"reference",0
"reference",0.261682242990654
"reference",1
"reference",0.317757009345794
"reference",0.130841121495327
"reference",0.0280373831775701
"reference",1
"reference",1
"reference",0
"reference",0.00952380952380952
"reference",0
"reference",0
"reference",0.00934579439252336
"reference",0
"reference",0.990654205607477
"reference",0.0841121495327103
"reference",0.738317757009346
"reference",0.00934579439252336
"reference",0.635514018691589
"reference",0
"reference",0.962616822429907
"reference",0.551401869158878
"reference",0.00934579439252336
"reference",0
"reference",0
"reference",0.0280373831775701
"reference",0
"reference",1
"reference",1
"reference",0
"reference",0
"reference",0.523364485981308
"reference",0.102803738317757
"reference",0.0467289719626168
"reference",0
"reference",0
"reference",1
"reference",0.145631067961165
"reference",0.446601941747573
"reference",0.0776699029126214
"reference",0.0388349514563107
"reference",0
"reference",0
"reference",0
"reference",0.970873786407767
"reference",0.663551401869159
"reference",0
"reference",0
"reference",0
"reference",0.953271028037383
"reference",0.205607476635514
"reference",0
"reference",0
"reference",1
"reference",0.619047619047619
"reference",0.0566037735849057
"reference",0
"reference",0
"reference",0
"reference",1
"reference",1
"reference",0.0186915887850467
"reference",0
"reference",0.660377358490566
"reference",1
"reference",0.570093457943925
"reference",0.0186915887850467
"reference",0.0373831775700935
"reference",0
"reference",1
"reference",0.0747663551401869
"reference",0.00934579439252336
"reference",0.85981308411215
"reference",0.336448598130841
"reference",0.0373831775700935
"reference",0.0280373831775701
"reference",0.377358490566038
"reference",0.858490566037736
"reference",0.10377358490566
"reference",0
"reference",0.990566037735849
"reference",0.672897196261682
"reference",0.0654205607476635
"reference",0
"reference",0
"reference",0
"reference",0.355140186915888
"reference",1
"reference",0
"reference",0
"reference",0.0373831775700935
"reference",0
"reference",0.0467289719626168
"reference",0
"reference",0.0280373831775701
"reference",0.0186915887850467
"reference",0
"reference",0
"reference",0
"reference",0.0373831775700935
"reference",0.990654205607477
"reference",0.224299065420561
"reference",0
"reference",0
"reference",1
"reference",0.235849056603774
"reference",0.0560747663551402
"reference",0
"reference",0
"reference",0.691588785046729
"reference",0.186915887850467
"reference",0.0654205607476635
"reference",0.0186915887850467
"reference",0
"reference",0
"reference",0.0186915887850467
"reference",0.261682242990654
"reference",0.766355140186916
"reference",0.0280373831775701
"reference",0.00934579439252336
"reference",0.719626168224299
"reference",0.850467289719626
"reference",0.214953271028037
"reference",0
"reference",0
"reference",0.560747663551402
"reference",0.121495327102804
"reference",0
"reference",0
"reference",0.561904761904762
"reference",0.373831775700935
"reference",0
"reference",0.607476635514019
"reference",0.925233644859813
"reference",0
"reference",0
"reference",0
"reference",0.00934579439252336
"reference",1
"reference",1
"reference",1
"reference",0
"reference",0
"reference",0
"reference",0.867924528301887
"reference",1
"reference",0
"reference",0
"reference",0
"reference",1
"reference",0.495327102803738
"reference",0
"reference",0.00934579439252336
"reference",0
"reference",0
"reference",0.981308411214953
"reference",0.839622641509434
"reference",0
"reference",0
"fitted_shape",1
"fitted_shape",1
"fitted_shape",0
"fitted_shape",0
"fitted_shape",1
"fitted_shape",0
"fitted_shape",0
"fitted_shape",0
"fitted_shape",0
"fitted_shape",0
"fitted_shape",0.950248756218905
"fitted_shape",0.82
"fitted_shape",0
"fitted_shape",0
"fitted_shape",0
"fitted_shape",0
"fitted_shape",0
"fitted_shape",0.0224215246636771
"fitted_shape",0
"fitted_shape",0
"fitted_shape",0.720496894409938
"fitted_shape",0.0143540669856459
"fitted_shape",0
"fitted_shape",0
"fitted_shape",0
"fitted_shape",0.490740740740741
"fitted_shape",0.0303030303030303
"fitted_shape",0
"fitted_shape",0
"fitted_shape",0
"fitted_shape",0
"fitted_shape",0.435897435897436
"fitted_shape",0
"fitted_shape",0.0153846153846154
"fitted_shape",0.355140186915888
"fitted_shape",0.386473429951691
"fitted_shape",0
"fitted_shape",0
"fitted_shape",0
"fitted_shape",0.119617224880383
"fitted_shape",0.987755102040816
"fitted_shape",0
"fitted_shape",0.207207207207207
"fitted_shape",0
"fitted_shape",0.0845771144278607
"fitted_shape",0
"fitted_shape",0
"fitted_shape",1
"fitted_shape",0
"fitted_shape",0.383177570093458
"fitted_shape",0
"fitted_shape",0.430769230769231
"fitted_shape",0.121495327102804
"fitted_shape",0.88785046728972
"fitted_shape",0
"fitted_shape",0
"fitted_shape",0
"fitted_shape",0.0135135135135135
"fitted_shape",0.42152466367713
"fitted_shape",0.05
"fitted_shape",0.0528846153846154
"fitted_shape",0.556053811659193
"fitted_shape",0.0158730158730159
"fitted_shape",0.466346153846154
"fitted_shape",0.572139303482587
"fitted_shape",0
"fitted_shape",0
"fitted_shape",0
"fitted_shape",0
"fitted_shape",0
"fitted_shape",0.0505050505050505
"fitted_shape",0.231707317073171
"fitted_shape",0.389423076923077
"fitted_shape",0
"fitted_shape",0.83125
"fitted_shape",0.686567164179104
"fitted_shape",0
"fitted_shape",0.823834196891192
"fitted_shape",1
"fitted_shape",0.365
"fitted_shape",0
"fitted_shape",0.511627906976744
"fitted_shape",0
"fitted_shape",0.682692307692308
"fitted_shape",0
"fitted_shape",0
"fitted_shape",0
"fitted_shape",0
"fitted_shape",0
"fitted_shape",0
"fitted_shape",0.300925925925926
"fitted_shape",0.422360248447205
"fitted_shape",0
"fitted_shape",0
"fitted_shape",0
"fitted_shape",0
"fitted_shape",0
"fitted_shape",0.0721153846153846
"fitted_shape",0
"fitted_shape",0.0186335403726708
"fitted_shape",0
"fitted_shape",0.168269230769231
"fitted_shape",0.00961538461538462
"fitted_shape",0
"fitted_shape",0
"fitted_shape",0.0101010101010101
"fitted_shape",0
"fitted_shape",0
"fitted_shape",0
"fitted_shape",0.0416666666666667
"fitted_shape",0
"fitted_shape",0.570093457943925
"fitted_shape",0.386473429951691
"fitted_shape",0
"fitted_shape",0
"fitted_shape",0
"fitted_shape",0
"fitted_shape",0
"fitted_shape",0.471153846153846
"fitted_shape",0
"fitted_shape",0
"fitted_shape",1
"fitted_shape",0.00934579439252336
"fitted_shape",0.0808080808080808
"fitted_shape",0.793269230769231
"fitted_shape",0.995918367346939
"fitted_shape",0
"fitted_shape",0.156565656565657
"fitted_shape",0
"fitted_shape",1
"fitted_shape",0.0101010101010101
"fitted_shape",0
"fitted_shape",0.902564102564103
"fitted_shape",0
"fitted_shape",0
"fitted_shape",0.0277777777777778
"fitted_shape",0
"fitted_shape",0
"fitted_shape",0
"fitted_shape",0
"fitted_shape",0.192307692307692
"fitted_shape",1
"fitted_shape",1
"fitted_shape",0
"fitted_shape",0
"fitted_shape",0
"fitted_shape",1
"fitted_shape",0
"fitted_shape",0.995283018867924
"fitted_shape",0.635897435897436
"fitted_shape",0
"fitted_shape",0.158974358974359
"fitted_shape",0
"fitted_shape",0
"fitted_shape",0
"fitted_shape",0.0179372197309417
"fitted_shape",0.905660377358491
"fitted_shape",0.224299065420561
"fitted_shape",0
"fitted_shape",0
"fitted_shape",1
"fitted_shape",0.856410256410256
"fitted_shape",0
"fitted_shape",0
"fitted_shape",0
"fitted_shape",0
"fitted_shape",0.203703703703704
"fitted_shape",0.00970873786407767
"fitted_shape",0
"fitted_shape",0
"fitted_shape",0.00448430493273543
"fitted_shape",0.857142857142857
"fitted_shape",0
"fitted_shape",0
"fitted_shape",0.0154639175257732
"fitted_shape",0.994949494949495
"fitted_shape",0.882051282051282
"fitted_shape",0.502392344497608
"fitted_shape",0
"fitted_shape",1
"fitted_shape",0
"fitted_shape",0
"fitted_shape",0
"fitted_shape",0.0895522388059701
"fitted_shape",0
"fitted_shape",1
"fitted_shape",0
"fitted_shape",0
"fitted_shape",0
"fitted_shape",0.269035532994924
"fitted_shape",0.217391304347826
"fitted_shape",0.0102564102564103
"fitted_shape",0.00480769230769231
"fitted_shape",0
"fitted_shape",0
"fitted_shape",0
"fitted_shape",0.317757009345794
"fitted_shape",0.565022421524664
"fitted_shape",0
"fitted_shape",0.260162601626016
"fitted_shape",0
"fitted_shape",0.19496855345912
"fitted_shape",0.181818181818182
"fitted_shape",0.0188679245283019
"fitted_shape",0
"fitted_shape",1
"fitted_shape",0
"fitted_shape",0
"fitted_shape",0.062111801242236
"fitted_shape",0.0560747663551402
"fitted_shape",0
"fitted_shape",1
"fitted_shape",1
"fitted_shape",0.794392523364486
"fitted_shape",0
"fitted_shape",0.0248447204968944
"fitted_shape",0
"fitted_shape",0.352459016393443
"fitted_shape",0
"fitted_shape",0.0707070707070707
"fitted_shape",0
"fitted_shape",0
"fitted_shape",0.211180124223602
"fitted_shape",0
"fitted_shape",0.636363636363636
"fitted_shape",0.0573248407643312
"fitted_shape",0.91304347826087
"fitted_shape",0
"fitted_shape",0.710280373831776
"fitted_shape",0
"fitted_shape",0.00480769230769231
"fitted_shape",0.158536585365854
"fitted_shape",0
"fitted_shape",0.696969696969697
"fitted_shape",0.655502392344498
"fitted_shape",0
"fitted_shape",0.134883720930233
"fitted_shape",0.995495495495496
"fitted_shape",0.822429906542056
"fitted_shape",0
"fitted_shape",0.338308457711443
"fitted_shape",0.760765550239234
"fitted_shape",0.685567010309278
"fitted_shape",0.980769230769231
"fitted_shape",0.990049751243781
"fitted_shape",0.0045045045045045
"fitted_shape",0.0841121495327103
"fitted_shape",0.930817610062893
"fitted_shape",0
"fitted_shape",1
"fitted_shape",0
"fitted_shape",0.261682242990654
"fitted_shape",0
"fitted_shape",0
"fitted_shape",1
"fitted_shape",0
"fitted_shape",0.164383561643836
"fitted_shape",0
"fitted_shape",0.657657657657658
"fitted_shape",0
"fitted_shape",1
"fitted_shape",0.0050761421319797
"fitted_shape",1
"fitted_shape",0
"fitted_shape",0
"fitted_shape",0
"fitted_shape",0
"fitted_shape",0
"fitted_shape",0.005
"fitted_shape",0.00478468899521531
"fitted_shape",1
"fitted_shape",0
"fitted_shape",1
"fitted_shape",1
"fitted_shape",0
"fitted_shape",0
"fitted_shape",1
"fitted_shape",0
"fitted_shape",0
"fitted_shape",0
"fitted_shape",0
"fitted_shape",0
"fitted_shape",0.946808510638298
"fitted_shape",0.822115384615385
"fitted_shape",0
"fitted_shape",0
"fitted_shape",0
"fitted_shape",0
"fitted_shape",0
"fitted_shape",0.0151515151515152
"fitted_shape",0
"fitted_shape",0
"fitted_shape",0.706730769230769
"fitted_shape",0.0909090909090909
"fitted_shape",0
"fitted_shape",0
"fitted_shape",0
"fitted_shape",0.430622009569378
"fitted_shape",0.0277777777777778
"fitted_shape",0
"fitted_shape",0
"fitted_shape",0.0099502487562189
"fitted_shape",0
"fitted_shape",0.481481481481481
"fitted_shape",0
"fitted_shape",0
"fitted_shape",0.278026905829596
"fitted_shape",0.419191919191919
"fitted_shape",0
"fitted_shape",0
"fitted_shape",0
"fitted_shape",0.0205128205128205
"fitted_shape",1
"fitted_shape",0
"fitted_shape",0.177570093457944
"fitted_shape",0
"fitted_shape",0.0721153846153846
"fitted_shape",0
"fitted_shape",0
"fitted_shape",1
"fitted_shape",0
"fitted_shape",0.44949494949495
"fitted_shape",0
"fitted_shape",0.441025641025641
"fitted_shape",0.0538116591928251
"fitted_shape",0.782608695652174
"fitted_shape",0
"fitted_shape",0
"fitted_shape",0
"fitted_shape",0.00961538461538462
"fitted_shape",0.417040358744395
"fitted_shape",0.0672645739910314
"fitted_shape",0.0199004975124378
"fitted_shape",0.445
"fitted_shape",0.0153846153846154
"fitted_shape",0.509259259259259
"fitted_shape",0.52
"fitted_shape",0
"fitted_shape",0
"fitted_shape",0
"fitted_shape",0
"fitted_shape",0
"fitted_shape",0.050761421319797
"fitted_shape",0.211538461538462
"fitted_shape",0.540540540540541
"fitted_shape",0
"fitted_shape",0.794871794871795
"fitted_shape",0.783653846153846
"fitted_shape",0
"fitted_shape",0.875
"fitted_shape",0.990430622009569
"fitted_shape",0.495327102803738
"fitted_shape",0
"fitted_shape",0.577639751552795
"fitted_shape",0
"fitted_shape",0.826923076923077
"fitted_shape",0
"fitted_shape",0
"fitted_shape",0
"fitted_shape",0
"fitted_shape",0
"fitted_shape",0
"fitted_shape",0.327102803738318
"fitted_shape",0.328282828282828
"fitted_shape",0
"fitted_shape",0
"fitted_shape",0
"fitted_shape",0
"fitted_shape",0
"fitted_shape",0.131313131313131
"fitted_shape",0
"fitted_shape",0.02
"fitted_shape",0
"fitted_shape",0.282296650717703
"fitted_shape",0
"fitted_shape",0
"fitted_shape",0
"fitted_shape",0.0144230769230769
"fitted_shape",0
"fitted_shape",0
"fitted_shape",0
"fitted_shape",0.0256410256410256
"fitted_shape",0
"fitted_shape",0.616822429906542
"fitted_shape",0.424489795918367
"fitted_shape",0
"fitted_shape",0
"fitted_shape",0
"fitted_shape",0
"fitted_shape",0
"fitted_shape",0.38135593220339
"fitted_shape",0
"fitted_shape",0
"fitted_shape",1
"fitted_shape",0.00497512437810945
"fitted_shape",0.0307692307692308
"fitted_shape",0.787878787878788
"fitted_shape",1
"fitted_shape",0
"fitted_shape",0.0934579439252336
"fitted_shape",0
"fitted_shape",1
"fitted_shape",0.00512820512820513
"fitted_shape",0
"fitted_shape",0.935
"fitted_shape",0
"fitted_shape",0
"fitted_shape",0.102803738317757
"fitted_shape",0
"fitted_shape",0
"fitted_shape",0.00478468899521531
"fitted_shape",0
"fitted_shape",0.143540669856459
"fitted_shape",1
"fitted_shape",1
"fitted_shape",0
"fitted_shape",0
"fitted_shape",0
"fitted_shape",1
"fitted_shape",0
"fitted_shape",0.990740740740741
"fitted_shape",0.677018633540373
"fitted_shape",0
"fitted_shape",0.286407766990291
"fitted_shape",0
"fitted_shape",0
"fitted_shape",0
"fitted_shape",0.0194174757281553
"fitted_shape",0.824120603015075
"fitted_shape",0.201923076923077
"fitted_shape",0
"fitted_shape",0
"fitted_shape",1
"fitted_shape",0.905405405405405
"fitted_shape",0
"fitted_shape",0
"fitted_shape",0
"fitted_shape",0
"fitted_shape",0.149253731343284
"fitted_shape",0.00925925925925926
"fitted_shape",0
"fitted_shape",0
"fitted_shape",0.00925925925925926
"fitted_shape",0.893939393939394
"fitted_shape",0
"fitted_shape",0.0232558139534884
"fitted_shape",0.0240384615384615
"fitted_shape",1
"fitted_shape",0.855
"fitted_shape",0.534391534391534
"fitted_shape",0
"fitted_shape",1
"fitted_shape",0
"fitted_shape",0
"fitted_shape",0
"fitted_shape",0.128865979381443
"fitted_shape",0
"fitted_shape",1
"fitted_shape",0
"fitted_shape",0
"fitted_shape",0
"fitted_shape",0.478468899521531
"fitted_shape",0.0432692307692308
"fitted_shape",0.00505050505050505
"fitted_shape",0
"fitted_shape",0
"fitted_shape",0
"fitted_shape",0
"fitted_shape",0.282511210762332
"fitted_shape",0.579439252336449
"fitted_shape",0.0040983606557377
"fitted_shape",0.200956937799043
"fitted_shape",0
"fitted_shape",0.123076923076923
"fitted_shape",0.0754716981132075
"fitted_shape",0.0154639175257732
"fitted_shape",0
"fitted_shape",1
"fitted_shape",0
"fitted_shape",0
"fitted_shape",0.158653846153846
"fitted_shape",0.00934579439252336
"fitted_shape",0
"fitted_shape",0.995215311004785
"fitted_shape",0.99375
"fitted_shape",0.646153846153846
"fitted_shape",0
"fitted_shape",0.041025641025641
"fitted_shape",0
"fitted_shape",0.36036036036036
"fitted_shape",0
"fitted_shape",0.08
"fitted_shape",0
"fitted_shape",0
"fitted_shape",0.145
"fitted_shape",0
"fitted_shape",0.61244019138756
"fitted_shape",0.0353535353535354
"fitted_shape",0.929292929292929
"fitted_shape",0
"fitted_shape",0.650224215246637
"fitted_shape",0
"fitted_shape",0
"fitted_shape",0.100961538461538
"fitted_shape",0
"fitted_shape",0.722222222222222
"fitted_shape",0.5311004784689
"fitted_shape",0
"fitted_shape",0.165919282511211
"fitted_shape",1
"fitted_shape",0.855721393034826
"fitted_shape",0
"fitted_shape",0.341614906832298
"fitted_shape",0.708074534161491
"fitted_shape",0.6
"fitted_shape",0.969827586206897
"fitted_shape",0.990049751243781
"fitted_shape",0
"fitted_shape",0.0307692307692308
"fitted_shape",0.945273631840796
"fitted_shape",0
"fitted_shape",1
"fitted_shape",0.00934579439252336
"fitted_shape",0.59
"fitted_shape",0
"fitted_shape",0
"fitted_shape",1
"fitted_shape",0
"fitted_shape",0.230769230769231
"fitted_shape",0
"fitted_shape",0.557894736842105
"fitted_shape",0
"fitted_shape",1
"fitted_shape",0
"fitted_shape",1
"fitted_shape",0
"fitted_shape",0
"fitted_shape",0.00813008130081301
"fitted_shape",0
"fitted_shape",0
"fitted_shape",0.00462962962962963
"fitted_shape",0.0205128205128205
"fitted_shape",1
"fitted_shape",0.0103092783505155
"fitted_shape",1
"fitted_shape",1
"fitted_shape",0
"fitted_shape",0
"fitted_shape",0.993788819875776
"fitted_shape",0
"fitted_shape",0
"fitted_shape",0
"fitted_shape",0
"fitted_shape",0
"fitted_shape",0.981308411214953
"fitted_shape",0.78921568627451
"fitted_shape",0
"fitted_shape",0
"fitted_shape",0
"fitted_shape",0
"fitted_shape",0
"fitted_shape",0.00934579439252336
"fitted_shape",0
"fitted_shape",0
"fitted_shape",0.739910313901345
"fitted_shape",0.0618556701030928
"fitted_shape",0
"fitted_shape",0
"fitted_shape",0
"fitted_shape",0.304568527918782
"fitted_shape",0.0373831775700935
"fitted_shape",0
"fitted_shape",0
"fitted_shape",0.00478468899521531
"fitted_shape",0
"fitted_shape",0.567307692307692
"fitted_shape",0
"fitted_shape",0
"fitted_shape",0.310679611650485
"fitted_shape",0.308176100628931
"fitted_shape",0
"fitted_shape",0
"fitted_shape",0
"fitted_shape",0.0192307692307692
"fitted_shape",0.99375
"fitted_shape",0
"fitted_shape",0.198198198198198
"fitted_shape",0
"fitted_shape",0.0675675675675676
"fitted_shape",0
"fitted_shape",0
"fitted_shape",1
"fitted_shape",0
"fitted_shape",0.457943925233645
"fitted_shape",0
"fitted_shape",0.444444444444444
"fitted_shape",0.045045045045045
"fitted_shape",0.83248730964467
"fitted_shape",0
"fitted_shape",0
"fitted_shape",0
"fitted_shape",0.00943396226415094
"fitted_shape",0.515151515151515
"fitted_shape",0.0961538461538462
"fitted_shape",0.0255102040816327
"fitted_shape",0.668224299065421
"fitted_shape",0.01
"fitted_shape",0.457943925233645
"fitted_shape",0.487562189054726
"fitted_shape",0
"fitted_shape",0
"fitted_shape",0
"fitted_shape",0
"fitted_shape",0
"fitted_shape",0.0430622009569378
"fitted_shape",0.273291925465839
"fitted_shape",0.489690721649485
"fitted_shape",0
"fitted_shape",0.872881355932203
"fitted_shape",0.673076923076923
"fitted_shape",0
"fitted_shape",0.909090909090909
"fitted_shape",0.991031390134529
"fitted_shape",0.328703703703704
"fitted_shape",0
"fitted_shape",0.62962962962963
"fitted_shape",0
"fitted_shape",0.646464646464647
"fitted_shape",0
"fitted_shape",0
"fitted_shape",0
"fitted_shape",0
"fitted_shape",0
"fitted_shape",0
"fitted_shape",0.245283018867925
"fitted_shape",0.338308457711443
"fitted_shape",0
"fitted_shape",0
"fitted_shape",0
"fitted_shape",0
"fitted_shape",0
"fitted_shape",0.119170984455959
"fitted_shape",0
"fitted_shape",0.036036036036036
"fitted_shape",0
"fitted_shape",0.171296296296296
"fitted_shape",0.0151515151515152
"fitted_shape",0
"fitted_shape",0
"fitted_shape",0.0186915887850467
"fitted_shape",0.00943396226415094
"fitted_shape",0
"fitted_shape",0
"fitted_shape",0.040983606557377
"fitted_shape",0
"fitted_shape",0.7625
"fitted_shape",0.434343434343434
"fitted_shape",0
"fitted_shape",0
"fitted_shape",0
"fitted_shape",0
"fitted_shape",0
"fitted_shape",0.615384615384615
"fitted_shape",0
"fitted_shape",0
"fitted_shape",1
"fitted_shape",0.00462962962962963
"fitted_shape",0.0483091787439614
"fitted_shape",0.646153846153846
"fitted_shape",1
"fitted_shape",0
"fitted_shape",0.113821138211382
"fitted_shape",0
"fitted_shape",1
"fitted_shape",0.0276243093922652
"fitted_shape",0
"fitted_shape",0.898148148148148
"fitted_shape",0
"fitted_shape",0
"fitted_shape",0.0368852459016393
"fitted_shape",0
"fitted_shape",0
"fitted_shape",0.0101010101010101
"fitted_shape",0
"fitted_shape",0.0609137055837563
"fitted_shape",1
"fitted_shape",1
"fitted_shape",0
"fitted_shape",0
"fitted_shape",0
"fitted_shape",1
"fitted_shape",0
"fitted_shape",1
"fitted_shape",0.585
"fitted_shape",0
"fitted_shape",0.337837837837838
"fitted_shape",0
"fitted_shape",0
"fitted_shape",0
"fitted_shape",0.00956937799043062
"fitted_shape",0.919254658385093
"fitted_shape",0.267080745341615
"fitted_shape",0
"fitted_shape",0
"fitted_shape",1
"fitted_shape",0.91044776119403
"fitted_shape",0
"fitted_shape",0
"fitted_shape",0
"fitted_shape",0
"fitted_shape",0.111801242236025
"fitted_shape",0
"fitted_shape",0
"fitted_shape",0
"fitted_shape",0.0101010101010101
"fitted_shape",0.934010152284264
"fitted_shape",0
"fitted_shape",0
"fitted_shape",0.0436893203883495
"fitted_shape",1
"fitted_shape",0.795031055900621
"fitted_shape",0.497757847533632
"fitted_shape",0
"fitted_shape",1
"fitted_shape",0
"fitted_shape",0
"fitted_shape",0
"fitted_shape",0.16
"fitted_shape",0
"fitted_shape",1
"fitted_shape",0
"fitted_shape",0
"fitted_shape",0
"fitted_shape",0.3
"fitted_shape",0.198067632850242
"fitted_shape",0.0186915887850467
"fitted_shape",0
"fitted_shape",0
"fitted_shape",0
"fitted_shape",0
"fitted_shape",0.360248447204969
"fitted_shape",0.75
"fitted_shape",0
"fitted_shape",0.356481481481481
"fitted_shape",0
"fitted_shape",0.158878504672897
"fitted_shape",0.162037037037037
"fitted_shape",0.0382775119617225
"fitted_shape",0
"fitted_shape",1
"fitted_shape",0
"fitted_shape",0
"fitted_shape",0.0923076923076923
"fitted_shape",0.0099502487562189
"fitted_shape",0
"fitted_shape",0.995934959349594
"fitted_shape",0.989417989417989
"fitted_shape",0.816143497757848
"fitted_shape",0
"fitted_shape",0.0192307692307692
"fitted_shape",0
"fitted_shape",0.515151515151515
"fitted_shape",0
"fitted_shape",0.0576923076923077
"fitted_shape",0
"fitted_shape",0
"fitted_shape",0.201923076923077
"fitted_shape",0
"fitted_shape",0.666666666666667
"fitted_shape",0.0817307692307692
"fitted_shape",0.757009345794392
"fitted_shape",0
"fitted_shape",0.720720720720721
"fitted_shape",0.076555023923445
"fitted_shape",0.0062111801242236
"fitted_shape",0.10762331838565
"fitted_shape",0
"fitted_shape",0.8125
"fitted_shape",0.585365853658537
"fitted_shape",0
"fitted_shape",0.2
"fitted_shape",1
"fitted_shape",0.944099378881988
"fitted_shape",0
"fitted_shape",0.391304347826087
"fitted_shape",0.721649484536082
"fitted_shape",0.708133971291866
"fitted_shape",0.97979797979798
"fitted_shape",0.980861244019139
"fitted_shape",0
"fitted_shape",0.0316455696202532
"fitted_shape",0.97196261682243
"fitted_shape",0
"fitted_shape",1
"fitted_shape",0
"fitted_shape",0.269230769230769
"fitted_shape",0
"fitted_shape",0
"fitted_shape",1
"fitted_shape",0
"fitted_shape",0.37037037037037
"fitted_shape",0
"fitted_shape",0.687179487179487
"fitted_shape",0
"fitted_shape",1
"fitted_shape",0.0149253731343284
"fitted_shape",0.99492385786802
"fitted_shape",0
"fitted_shape",0
"fitted_shape",0
"fitted_shape",0
"fitted_shape",0
"fitted_shape",0
"fitted_shape",0.00956937799043062
"fitted_shape",1
"fitted_shape",0
"fitted_shape",1
"fitted_shape",1
"fitted_shape",0
"fitted_shape",0
"fitted_shape",0.993788819875776
"fitted_shape",0.0062111801242236
"fitted_shape",0
"fitted_shape",0
"fitted_shape",0
"fitted_shape",0
"fitted_shape",0.930348258706468
"fitted_shape",0.738775510204082
"fitted_shape",0
"fitted_shape",0
"fitted_shape",0
"fitted_shape",0
"fitted_shape",0
"fitted_shape",0.0615384615384615
"fitted_shape",0
"fitted_shape",0
"fitted_shape",0.663551401869159
"fitted_shape",0.0447761194029851
"fitted_shape",0
"fitted_shape",0
"fitted_shape",0
"fitted_shape",0.355102040816327
"fitted_shape",0.0186335403726708
"fitted_shape",0
"fitted_shape",0
"fitted_shape",0
"fitted_shape",0
"fitted_shape",0.620192307692308
"fitted_shape",0
"fitted_shape",0.00961538461538462
"fitted_shape",0.367149758454106
"fitted_shape",0.4
"fitted_shape",0
"fitted_shape",0
"fitted_shape",0
"fitted_shape",0.0841121495327103
"fitted_shape",0.987577639751553
"fitted_shape",0
"fitted_shape",0.271794871794872
"fitted_shape",0
"fitted_shape",0.0923076923076923
"fitted_shape",0
"fitted_shape",0
"fitted_shape",1
"fitted_shape",0
"fitted_shape",0.545454545454545
"fitted_shape",0
"fitted_shape",0.392344497607655
"fitted_shape",0.0841121495327103
"fitted_shape",0.934579439252336
"fitted_shape",0
"fitted_shape",0
"fitted_shape",0
"fitted_shape",0.0151515151515152
"fitted_shape",0.57
"fitted_shape",0.124223602484472
"fitted_shape",0.0407239819004525
"fitted_shape",0.515
"fitted_shape",0.0202020202020202
"fitted_shape",0.587962962962963
"fitted_shape",0.616326530612245
"fitted_shape",0
"fitted_shape",0
"fitted_shape",0
"fitted_shape",0
"fitted_shape",0
"fitted_shape",0.139423076923077
"fitted_shape",0.30622009569378
"fitted_shape",0.51010101010101
"fitted_shape",0
"fitted_shape",0.722222222222222
"fitted_shape",0.794258373205742
"fitted_shape",0
"fitted_shape",0.893333333333333
"fitted_shape",1
"fitted_shape",0.348258706467662
"fitted_shape",0
"fitted_shape",0.502392344497608
"fitted_shape",0
"fitted_shape",0.570093457943925
"fitted_shape",0
"fitted_shape",0
"fitted_shape",0
"fitted_shape",0
"fitted_shape",0
"fitted_shape",0
"fitted_shape",0.313131313131313
"fitted_shape",0.553846153846154
"fitted_shape",0
"fitted_shape",0
"fitted_shape",0
"fitted_shape",0
"fitted_shape",0
"fitted_shape",0.0365853658536585
"fitted_shape",0.00956937799043062
"fitted_shape",0
"fitted_shape",0
"fitted_shape",0.170403587443946
"fitted_shape",0
"fitted_shape",0
"fitted_shape",0
"fitted_shape",0.00925925925925926
"fitted_shape",0.00813008130081301
"fitted_shape",0
"fitted_shape",0
"fitted_shape",0.0388349514563107
"fitted_shape",0
"fitted_shape",0.645962732919255
"fitted_shape",0.458333333333333
"fitted_shape",0
"fitted_shape",0
"fitted_shape",0
"fitted_shape",0
"fitted_shape",0
"fitted_shape",0.690821256038647
"fitted_shape",0
"fitted_shape",0
"fitted_shape",1
"fitted_shape",0
"fitted_shape",0.0523809523809524
"fitted_shape",0.782407407407407
"fitted_shape",0.995515695067265
"fitted_shape",0
"fitted_shape",0.257861635220126
"fitted_shape",0
"fitted_shape",1
"fitted_shape",0.0186915887850467
"fitted_shape",0
"fitted_shape",0.958974358974359
"fitted_shape",0
"fitted_shape",0
"fitted_shape",0.102564102564103
"fitted_shape",0
"fitted_shape",0
"fitted_shape",0
"fitted_shape",0
"fitted_shape",0.0633484162895928
"fitted_shape",1
"fitted_shape",1
"fitted_shape",0
"fitted_shape",0
"fitted_shape",0
"fitted_shape",1
"fitted_shape",0
"fitted_shape",0.995850622406639
"fitted_shape",0.626168224299065
"fitted_shape",0
"fitted_shape",0.303030303030303
"fitted_shape",0
"fitted_shape",0
"fitted_shape",0
"fitted_shape",0.00896860986547085
"fitted_shape",0.929292929292929
"fitted_shape",0.174273858921162
"fitted_shape",0
"fitted_shape",0
"fitted_shape",1
"fitted_shape",0.819444444444444
"fitted_shape",0
"fitted_shape",0
"fitted_shape",0
"fitted_shape",0
"fitted_shape",0.111650485436893
"fitted_shape",0.0287081339712919
"fitted_shape",0
"fitted_shape",0
"fitted_shape",0.00480769230769231
"fitted_shape",0.938144329896907
"fitted_shape",0
"fitted_shape",0
"fitted_shape",0.0841121495327103
"fitted_shape",1
"fitted_shape",0.712962962962963
"fitted_shape",0.379807692307692
"fitted_shape",0.00413223140495868
"fitted_shape",1
"fitted_shape",0.0138888888888889
"fitted_shape",0
"fitted_shape",0
"fitted_shape",0.11
"fitted_shape",0
"fitted_shape",1
"fitted_shape",0
"fitted_shape",0
"fitted_shape",0
"fitted_shape",0.286307053941909
"fitted_shape",0.167464114832536
"fitted_shape",0
"fitted_shape",0
"fitted_shape",0
"fitted_shape",0
"fitted_shape",0
"fitted_shape",0.248447204968944
"fitted_shape",0.585987261146497
"fitted_shape",0.0186915887850467
"fitted_shape",0.237373737373737
"fitted_shape",0
"fitted_shape",0.154228855721393
"fitted_shape",0.111111111111111
"fitted_shape",0.0239234449760766
"fitted_shape",0
"fitted_shape",1
"fitted_shape",0
"fitted_shape",0
"fitted_shape",0.297297297297297
"fitted_shape",0.0564102564102564
"fitted_shape",0
"fitted_shape",1
"fitted_shape",0.995024875621891
"fitted_shape",0.682242990654206
"fitted_shape",0
"fitted_shape",0.105769230769231
"fitted_shape",0
"fitted_shape",0.264840182648402
"fitted_shape",0
"fitted_shape",0.16260162601626
"fitted_shape",0
"fitted_shape",0
"fitted_shape",0.191387559808612
"fitted_shape",0.00934579439252336
"fitted_shape",0.631578947368421
"fitted_shape",0.0358974358974359
"fitted_shape",0.923076923076923
"fitted_shape",0
"fitted_shape",0.654205607476635
"fitted_shape",0.0382775119617225
"fitted_shape",0
"fitted_shape",0.174129353233831
"fitted_shape",0
"fitted_shape",0.722488038277512
"fitted_shape",0.681159420289855
"fitted_shape",0
"fitted_shape",0.110552763819095
"fitted_shape",0.984615384615385
"fitted_shape",0.883838383838384
"fitted_shape",0
"fitted_shape",0.266666666666667
"fitted_shape",0.702564102564103
"fitted_shape",0.741626794258373
"fitted_shape",0.945
"fitted_shape",0.961538461538462
"fitted_shape",0
"fitted_shape",0.0138888888888889
"fitted_shape",0.946188340807175
"fitted_shape",0
"fitted_shape",1
"fitted_shape",0.0050761421319797
"fitted_shape",0.535564853556485
"fitted_shape",0
"fitted_shape",0
"fitted_shape",1
"fitted_shape",0
"fitted_shape",0.318407960199005
"fitted_shape",0
"fitted_shape",0.674641148325359
"fitted_shape",0
"fitted_shape",1
"fitted_shape",0.0412371134020619
"fitted_shape",1
"fitted_shape",0
"fitted_shape",0
"fitted_shape",0
"fitted_shape",0
"fitted_shape",0
"fitted_shape",0.00966183574879227
"fitted_shape",0.0185185185185185
"fitted_shape",1
"fitted_shape",0
"fitted_shape",1
"fitted_shape",1
"fitted_shape",0
"fitted_shape",0
"fitted_shape",0.984848484848485
"fitted_shape",0
"fitted_shape",0
"fitted_shape",0
"fitted_shape",0
"fitted_shape",0
"fitted_shape",0.972093023255814
"fitted_shape",0.677884615384615
"fitted_shape",0
"fitted_shape",0
"fitted_shape",0
"fitted_shape",0
"fitted_shape",0
"fitted_shape",0.0144230769230769
"fitted_shape",0.00462962962962963
"fitted_shape",0
"fitted_shape",0.646153846153846
"fitted_shape",0.065989847715736
"fitted_shape",0
"fitted_shape",0
"fitted_shape",0
"fitted_shape",0.466019417475728
"fitted_shape",0.0560747663551402
"fitted_shape",0
"fitted_shape",0
"fitted_shape",0
"fitted_shape",0
"fitted_shape",0.467661691542289
"fitted_shape",0
"fitted_shape",0
"fitted_shape",0.298076923076923
"fitted_shape",0.274774774774775
"fitted_shape",0
"fitted_shape",0
"fitted_shape",0
"fitted_shape",0.025
"fitted_shape",1
"fitted_shape",0
"fitted_shape",0.179611650485437
"fitted_shape",0
"fitted_shape",0.196172248803828
"fitted_shape",0
"fitted_shape",0
"fitted_shape",1
"fitted_shape",0
"fitted_shape",0.37
"fitted_shape",0
"fitted_shape",0.514124293785311
"fitted_shape",0.129807692307692
"fitted_shape",0.707317073170732
"fitted_shape",0
"fitted_shape",0
"fitted_shape",0
"fitted_shape",0.00925925925925926
"fitted_shape",0.523148148148148
"fitted_shape",0.0934579439252336
"fitted_shape",0.0235849056603774
"fitted_shape",0.53416149068323
"fitted_shape",0.0560747663551402
"fitted_shape",0.581730769230769
"fitted_shape",0.545893719806763
"fitted_shape",0
"fitted_shape",0
"fitted_shape",0
"fitted_shape",0
"fitted_shape",0
"fitted_shape",0.0648148148148148
"fitted_shape",0.398148148148148
"fitted_shape",0.62051282051282
"fitted_shape",0
"fitted_shape",0.928205128205128
"fitted_shape",0.656410256410256
"fitted_shape",0
"fitted_shape",0.860262008733624
"fitted_shape",0.971698113207547
"fitted_shape",0.272727272727273
"fitted_shape",0
"fitted_shape",0.552884615384615
"fitted_shape",0
"fitted_shape",0.607476635514019
"fitted_shape",0
"fitted_shape",0
"fitted_shape",0
"fitted_shape",0
"fitted_shape",0
"fitted_shape",0
"fitted_shape",0.308411214953271
"fitted_shape",0.285
"fitted_shape",0
"fitted_shape",0
"fitted_shape",0
"fitted_shape",0
"fitted_shape",0
"fitted_shape",0.120192307692308
"fitted_shape",0.00925925925925926
"fitted_shape",0.0353535353535354
"fitted_shape",0
"fitted_shape",0.153846153846154
"fitted_shape",0.0124223602484472
"fitted_shape",0
"fitted_shape",0
"fitted_shape",0.0203252032520325
"fitted_shape",0
"fitted_shape",0
"fitted_shape",0
"fitted_shape",0.0615384615384615
"fitted_shape",0
"fitted_shape",0.697115384615385
"fitted_shape",0.515527950310559
"fitted_shape",0
"fitted_shape",0
"fitted_shape",0
"fitted_shape",0
"fitted_shape",0
"fitted_shape",0.574162679425837
"fitted_shape",0
"fitted_shape",0
"fitted_shape",1
"fitted_shape",0.0062111801242236
"fitted_shape",0.058252427184466
"fitted_shape",0.757281553398058
"fitted_shape",0.985645933014354
"fitted_shape",0
"fitted_shape",0.106280193236715
"fitted_shape",0
"fitted_shape",1
"fitted_shape",0.00478468899521531
"fitted_shape",0
"fitted_shape",0.95959595959596
"fitted_shape",0
"fitted_shape",0.0102564102564103
"fitted_shape",0.0099502487562189
"fitted_shape",0
"fitted_shape",0
"fitted_shape",0
"fitted_shape",0
"fitted_shape",0.223350253807107
"fitted_shape",1
"fitted_shape",1
"fitted_shape",0
"fitted_shape",0
"fitted_shape",0
"fitted_shape",1
"fitted_shape",0
"fitted_shape",1
"fitted_shape",0.578703703703704
"fitted_shape",0
"fitted_shape",0.354260089686099
"fitted_shape",0
"fitted_shape",0
"fitted_shape",0
"fitted_shape",0.025
"fitted_shape",0.861788617886179
"fitted_shape",0.181818181818182
"fitted_shape",0
"fitted_shape",0
"fitted_shape",1
"fitted_shape",0.902564102564103
"fitted_shape",0
"fitted_shape",0
"fitted_shape",0
"fitted_shape",0
"fitted_shape",0.0871794871794872
"fitted_shape",0.00512820512820513
"fitted_shape",0
"fitted_shape",0
"fitted_shape",0
"fitted_shape",0.950310559006211
"fitted_shape",0
"fitted_shape",0
"fitted_shape",0.0288461538461538
"fitted_shape",0.99537037037037
"fitted_shape",0.87
"fitted_shape",0.396984924623116
"fitted_shape",0
"fitted_shape",1
"fitted_shape",0
"fitted_shape",0
"fitted_shape",0
"fitted_shape",0.130434782608696
"fitted_shape",0
"fitted_shape",1
"fitted_shape",0
"fitted_shape",0
"fitted_shape",0
"fitted_shape",0.284552845528455
"fitted_shape",0.0875
"fitted_shape",0.00485436893203883
"fitted_shape",0
"fitted_shape",0
"fitted_shape",0
"fitted_shape",0
"fitted_shape",0.317073170731707
"fitted_shape",0.737373737373737
"fitted_shape",0.00956937799043062
"fitted_shape",0.324742268041237
"fitted_shape",0
"fitted_shape",0.134328358208955
"fitted_shape",0.14018691588785
"fitted_shape",0.0454545454545455
"fitted_shape",0
"fitted_shape",1
"fitted_shape",0
"fitted_shape",0
"fitted_shape",0.105769230769231
"fitted_shape",0.0405405405405405
"fitted_shape",0
"fitted_shape",1
"fitted_shape",1
"fitted_shape",0.78974358974359
"fitted_shape",0
"fitted_shape",0.0199004975124378
"fitted_shape",0
"fitted_shape",0.481012658227848
"fitted_shape",0
"fitted_shape",0.0808080808080808
"fitted_shape",0
"fitted_shape",0
"fitted_shape",0.196969696969697
"fitted_shape",0
"fitted_shape",0.66260162601626
"fitted_shape",0.0538116591928251
"fitted_shape",0.8875
"fitted_shape",0
"fitted_shape",0.663677130044843
"fitted_shape",0.0483091787439614
"fitted_shape",0.00961538461538462
"fitted_shape",0.169230769230769
"fitted_shape",0
"fitted_shape",0.717488789237668
"fitted_shape",0.454545454545455
"fitted_shape",0
"fitted_shape",0.112820512820513
"fitted_shape",1
"fitted_shape",0.893518518518518
"fitted_shape",0
"fitted_shape",0.390134529147982
"fitted_shape",0.671641791044776
"fitted_shape",0.626262626262626
"fitted_shape",0.974747474747475
"fitted_shape",0.994871794871795
"fitted_shape",0
"fitted_shape",0.00515463917525773
"fitted_shape",0.968468468468468
"fitted_shape",0
"fitted_shape",1
"fitted_shape",0.0124223602484472
"fitted_shape",0.369230769230769
"fitted_shape",0
"fitted_shape",0
"fitted_shape",1
"fitted_shape",0
"fitted_shape",0.208955223880597
"fitted_shape",0
"fitted_shape",0.59349593495935
"fitted_shape",0
"fitted_shape",1
"fitted_shape",0
"fitted_shape",1
"fitted_shape",0
"fitted_shape",0
"fitted_shape",0
"fitted_shape",0
"fitted_shape",0
"fitted_shape",0
"fitted_shape",0
"fitted_shape",1
"fitted_shape",0.0696517412935323
"fitted_shape",1
"fitted_shape",1
"fitted_shape",0.0144230769230769
"fitted_shape",0
"fitted_shape",0.981366459627329
"fitted_shape",0.00505050505050505
"fitted_shape",0
"fitted_shape",0
"fitted_shape",0
"fitted_shape",0
"fitted_shape",0.954314720812183
"fitted_shape",0.753623188405797
"fitted_shape",0
"fitted_shape",0
"fitted_shape",0
"fitted_shape",0
"fitted_shape",0
"fitted_shape",0.00505050505050505
"fitted_shape",0.0224215246636771
"fitted_shape",0
"fitted_shape",0.640167364016736
"fitted_shape",0.0991735537190083
"fitted_shape",0
"fitted_shape",0
"fitted_shape",0
"fitted_shape",0.414141414141414
"fitted_shape",0.035
"fitted_shape",0
"fitted_shape",0
"fitted_shape",0
"fitted_shape",0
"fitted_shape",0.580808080808081
"fitted_shape",0
"fitted_shape",0
"fitted_shape",0.297297297297297
"fitted_shape",0.323232323232323
"fitted_shape",0
"fitted_shape",0
"fitted_shape",0
"fitted_shape",0.027027027027027
"fitted_shape",0.985576923076923
"fitted_shape",0
"fitted_shape",0.317948717948718
"fitted_shape",0
"fitted_shape",0.091743119266055
"fitted_shape",0
"fitted_shape",0
"fitted_shape",1
"fitted_shape",0
"fitted_shape",0.48
"fitted_shape",0
"fitted_shape",0.490740740740741
"fitted_shape",0.0993788819875776
"fitted_shape",0.77
"fitted_shape",0
"fitted_shape",0
"fitted_shape",0
"fitted_shape",0.0101010101010101
"fitted_shape",0.45414847161572
"fitted_shape",0.0673076923076923
"fitted_shape",0.0252525252525253
"fitted_shape",0.417040358744395
"fitted_shape",0.00512820512820513
"fitted_shape",0.434782608695652
"fitted_shape",0.634259259259259
"fitted_shape",0
"fitted_shape",0
"fitted_shape",0
"fitted_shape",0
"fitted_shape",0
"fitted_shape",0.0273972602739726
"fitted_shape",0.196261682242991
"fitted_shape",0.620192307692308
"fitted_shape",0
"fitted_shape",0.776422764227642
"fitted_shape",0.746268656716418
"fitted_shape",0
"fitted_shape",0.888372093023256
"fitted_shape",1
"fitted_shape",0.398989898989899
"fitted_shape",0
"fitted_shape",0.497757847533632
"fitted_shape",0
"fitted_shape",0.675925925925926
"fitted_shape",0
"fitted_shape",0
"fitted_shape",0
"fitted_shape",0
"fitted_shape",0
"fitted_shape",0
"fitted_shape",0.34841628959276
"fitted_shape",0.292929292929293
"fitted_shape",0
"fitted_shape",0
"fitted_shape",0
"fitted_shape",0
"fitted_shape",0
"fitted_shape",0.0192307692307692
"fitted_shape",0.0669856459330144
"fitted_shape",0
"fitted_shape",0
"fitted_shape",0.185185185185185
"fitted_shape",0.015
"fitted_shape",0
"fitted_shape",0
"fitted_shape",0.025
"fitted_shape",0.00462962962962963
"fitted_shape",0
"fitted_shape",0
"fitted_shape",0.0307692307692308
"fitted_shape",0
"fitted_shape",0.596273291925466
"fitted_shape",0.554054054054054
"fitted_shape",0
"fitted_shape",0
"fitted_shape",0
"fitted_shape",0
"fitted_shape",0
"fitted_shape",0.429292929292929
"fitted_shape",0
"fitted_shape",0
"fitted_shape",1
"fitted_shape",0
"fitted_shape",0.031055900621118
"fitted_shape",0.736842105263158
"fitted_shape",1
"fitted_shape",0
"fitted_shape",0.101010101010101
"fitted_shape",0
"fitted_shape",1
"fitted_shape",0.00462962962962963
"fitted_shape",0
"fitted_shape",0.956730769230769
"fitted_shape",0
"fitted_shape",0
"fitted_shape",0.0248756218905473
"fitted_shape",0
"fitted_shape",0
"fitted_shape",0.00512820512820513
"fitted_shape",0
"fitted_shape",0.0821256038647343
"fitted_shape",1
"fitted_shape",1
"fitted_shape",0
"fitted_shape",0
"fitted_shape",0.00448430493273543
"fitted_shape",1
"fitted_shape",0
"fitted_shape",1
"fitted_shape",0.586538461538462
"fitted_shape",0
"fitted_shape",0.258373205741627
"fitted_shape",0
"fitted_shape",0
"fitted_shape",0
"fitted_shape",0.0143540669856459
"fitted_shape",0.873737373737374
"fitted_shape",0.265
"fitted_shape",0
"fitted_shape",0
"fitted_shape",0.995215311004785
"fitted_shape",0.927884615384615
"fitted_shape",0
"fitted_shape",0
"fitted_shape",0
"fitted_shape",0
"fitted_shape",0.163461538461538
"fitted_shape",0.0122950819672131
"fitted_shape",0
"fitted_shape",0
"fitted_shape",0
"fitted_shape",0.889952153110048
"fitted_shape",0
"fitted_shape",0
"fitted_shape",0.112033195020747
"fitted_shape",0.990049751243781
"fitted_shape",0.794392523364486
"fitted_shape",0.476923076923077
"fitted_shape",0
"fitted_shape",1
"fitted_shape",0
"fitted_shape",0
"fitted_shape",0
"fitted_shape",0.120192307692308
"fitted_shape",0
"fitted_shape",0.99537037037037
"fitted_shape",0
"fitted_shape",0
"fitted_shape",0
"fitted_shape",0.255605381165919
"fitted_shape",0.139423076923077
"fitted_shape",0
"fitted_shape",0
"fitted_shape",0
"fitted_shape",0
"fitted_shape",0
"fitted_shape",0.399038461538462
"fitted_shape",0.631578947368421
"fitted_shape",0
"fitted_shape",0.247474747474747
"fitted_shape",0
"fitted_shape",0.0961538461538462
"fitted_shape",0.149532710280374
"fitted_shape",0.041025641025641
"fitted_shape",0
"fitted_shape",1
"fitted_shape",0
"fitted_shape",0
"fitted_shape",0.0493273542600897
"fitted_shape",0.0101010101010101
"fitted_shape",0
"fitted_shape",1
"fitted_shape",0.99
"fitted_shape",0.813664596273292
"fitted_shape",0
"fitted_shape",0.119402985074627
"fitted_shape",0
"fitted_shape",0.38125
"fitted_shape",0
"fitted_shape",0.118012422360248
"fitted_shape",0
"fitted_shape",0
"fitted_shape",0.214953271028037
"fitted_shape",0
"fitted_shape",0.636363636363636
"fitted_shape",0.0355329949238579
"fitted_shape",0.893518518518518
"fitted_shape",0
"fitted_shape",0.601010101010101
"fitted_shape",0
"fitted_shape",0.0062111801242236
"fitted_shape",0.102803738317757
"fitted_shape",0
"fitted_shape",0.741293532338308
"fitted_shape",0.495327102803738
"fitted_shape",0
"fitted_shape",0.18018018018018
"fitted_shape",0.972222222222222
"fitted_shape",0.920398009950249
"fitted_shape",0
"fitted_shape",0.494897959183673
"fitted_shape",0.695067264573991
"fitted_shape",0.686868686868687
"fitted_shape",0.980676328502415
"fitted_shape",0.97948717948718
"fitted_shape",0.00448430493273543
"fitted_shape",0.00896860986547085
"fitted_shape",0.917098445595855
"fitted_shape",0
"fitted_shape",1
"fitted_shape",0
"fitted_shape",0.402439024390244
"fitted_shape",0
"fitted_shape",0
"fitted_shape",1
"fitted_shape",0
"fitted_shape",0.188679245283019
"fitted_shape",0
"fitted_shape",0.695067264573991
"fitted_shape",0
"fitted_shape",1
"fitted_shape",0
"fitted_shape",1
"fitted_shape",0
"fitted_shape",0
"fitted_shape",0
"fitted_shape",0
"fitted_shape",0
"fitted_shape",0
"fitted_shape",0.00934579439252336
"fitted_shape",1
"fitted_shape",0
"fitted_shape",1
"fitted_shape",1
"fitted_shape",0
"fitted_shape",0
"fitted_shape",1
"fitted_shape",0
"fitted_shape",0
"fitted_shape",0
"fitted_shape",0
"fitted_shape",0
"fitted_shape",0.981366459627329
"fitted_shape",0.925465838509317
"fitted_shape",0
"fitted_shape",0
"fitted_shape",0
"fitted_shape",0
"fitted_shape",0
"fitted_shape",0.0560747663551402
"fitted_shape",0.0153846153846154
"fitted_shape",0
"fitted_shape",0.627329192546584
"fitted_shape",0.0430622009569378
"fitted_shape",0
"fitted_shape",0
"fitted_shape",0
"fitted_shape",0.670807453416149
"fitted_shape",0
"fitted_shape",0
"fitted_shape",0
"fitted_shape",0.00448430493273543
"fitted_shape",0
"fitted_shape",0.541666666666667
"fitted_shape",0
"fitted_shape",0
"fitted_shape",0.212962962962963
"fitted_shape",0.291666666666667
"fitted_shape",0
"fitted_shape",0
"fitted_shape",0
"fitted_shape",0.0841121495327103
"fitted_shape",0.99537037037037
"fitted_shape",0
"fitted_shape",0.266355140186916
"fitted_shape",0
"fitted_shape",0.0869565217391304
"fitted_shape",0
"fitted_shape",0
"fitted_shape",1
"fitted_shape",0
"fitted_shape",0.471794871794872
"fitted_shape",0
"fitted_shape",0.479820627802691
"fitted_shape",0.0186915887850467
"fitted_shape",0.874213836477987
"fitted_shape",0
"fitted_shape",0
"fitted_shape",0
"fitted_shape",0.00961538461538462
"fitted_shape",0.354260089686099
"fitted_shape",0.05
"fitted_shape",0.0240384615384615
"fitted_shape",0.419191919191919
"fitted_shape",0
"fitted_shape",0.598130841121495
"fitted_shape",0.568527918781726
"fitted_shape",0
"fitted_shape",0
"fitted_shape",0
"fitted_shape",0
"fitted_shape",0
"fitted_shape",0.031055900621118
"fitted_shape",0.364485981308411
"fitted_shape",0.405797101449275
"fitted_shape",0
"fitted_shape",0.851851851851852
"fitted_shape",0.681614349775785
"fitted_shape",0
"fitted_shape",0.818181818181818
"fitted_shape",0.990654205607477
"fitted_shape",0.305555555555556
"fitted_shape",0
"fitted_shape",0.644230769230769
"fitted_shape",0
"fitted_shape",0.702020202020202
"fitted_shape",0
"fitted_shape",0
"fitted_shape",0
"fitted_shape",0
"fitted_shape",0
"fitted_shape",0
"fitted_shape",0.272727272727273
"fitted_shape",0.258706467661692
"fitted_shape",0
"fitted_shape",0
"fitted_shape",0
"fitted_shape",0
"fitted_shape",0
"fitted_shape",0.0909090909090909
"fitted_shape",0.0040650406504065
"fitted_shape",0.0326530612244898
"fitted_shape",0
"fitted_shape",0.134328358208955
"fitted_shape",0.005
"fitted_shape",0
"fitted_shape",0
"fitted_shape",0.00956937799043062
"fitted_shape",0.00478468899521531
"fitted_shape",0
"fitted_shape",0
"fitted_shape",0.0353535353535354
"fitted_shape",0
"fitted_shape",0.555023923444976
"fitted_shape",0.5
"fitted_shape",0
"fitted_shape",0
"fitted_shape",0
"fitted_shape",0
"fitted_shape",0
"fitted_shape",0.466666666666667
"fitted_shape",0
"fitted_shape",0
"fitted_shape",1
"fitted_shape",0.00934579439252336
"fitted_shape",0.036734693877551
"fitted_shape",0.808943089430894
"fitted_shape",0.994871794871795
"fitted_shape",0
"fitted_shape",0.113989637305699
"fitted_shape",0
"fitted_shape",1
"fitted_shape",0.0099502487562189
"fitted_shape",0
"fitted_shape",0.952153110047847
"fitted_shape",0
"fitted_shape",0
"fitted_shape",0.0167364016736402
"fitted_shape",0
"fitted_shape",0
"fitted_shape",0.00512820512820513
"fitted_shape",0
"fitted_shape",0.146464646464646
"fitted_shape",1
"fitted_shape",1
"fitted_shape",0
"fitted_shape",0
"fitted_shape",0
"fitted_shape",1
"fitted_shape",0
"fitted_shape",0.970873786407767
"fitted_shape",0.577669902912621
"fitted_shape",0
"fitted_shape",0.308080808080808
"fitted_shape",0
"fitted_shape",0
"fitted_shape",0
"fitted_shape",0.0101010101010101
"fitted_shape",0.803738317757009
"fitted_shape",0.147982062780269
"fitted_shape",0.0186335403726708
"fitted_shape",0
"fitted_shape",1
"fitted_shape",0.878504672897196
"fitted_shape",0
"fitted_shape",0
"fitted_shape",0
"fitted_shape",0
"fitted_shape",0.0824742268041237
"fitted_shape",0.00480769230769231
"fitted_shape",0
"fitted_shape",0
"fitted_shape",0
"fitted_shape",0.88265306122449
"fitted_shape",0
"fitted_shape",0
"fitted_shape",0.0192307692307692
"fitted_shape",1
"fitted_shape",0.832535885167464
"fitted_shape",0.472636815920398
"fitted_shape",0.005
"fitted_shape",1
"fitted_shape",0
"fitted_shape",0
"fitted_shape",0
"fitted_shape",0.117886178861789
"fitted_shape",0
"fitted_shape",1
"fitted_shape",0
"fitted_shape",0
"fitted_shape",0
"fitted_shape",0.338308457711443
"fitted_shape",0.216346153846154
"fitted_shape",0.00480769230769231
"fitted_shape",0
"fitted_shape",0
"fitted_shape",0
"fitted_shape",0
"fitted_shape",0.305555555555556
"fitted_shape",0.758139534883721
"fitted_shape",0
"fitted_shape",0.251162790697674
"fitted_shape",0
"fitted_shape",0.128205128205128
"fitted_shape",0.0918367346938776
"fitted_shape",0.00505050505050505
"fitted_shape",0
"fitted_shape",1
"fitted_shape",0
"fitted_shape",0
"fitted_shape",0.144144144144144
"fitted_shape",0.0239234449760766
"fitted_shape",0
"fitted_shape",1
"fitted_shape",1
"fitted_shape",0.644859813084112
"fitted_shape",0
"fitted_shape",0.0199004975124378
"fitted_shape",0
"fitted_shape",0.317307692307692
"fitted_shape",0
"fitted_shape",0.106598984771574
"fitted_shape",0
"fitted_shape",0
"fitted_shape",0.230769230769231
"fitted_shape",0
"fitted_shape",0.666666666666667
"fitted_shape",0.0555555555555556
"fitted_shape",0.951923076923077
"fitted_shape",0
"fitted_shape",0.751196172248804
"fitted_shape",0.0144230769230769
"fitted_shape",0.0717488789237668
"fitted_shape",0.0675675675675676
"fitted_shape",0
"fitted_shape",0.701863354037267
"fitted_shape",0.644859813084112
"fitted_shape",0
"fitted_shape",0.0979381443298969
"fitted_shape",0.981132075471698
"fitted_shape",0.888888888888889
"fitted_shape",0
"fitted_shape",0.260869565217391
"fitted_shape",0.796747967479675
"fitted_shape",0.665
"fitted_shape",0.937219730941704
"fitted_shape",1
"fitted_shape",0
"fitted_shape",0
"fitted_shape",0.97196261682243
"fitted_shape",0
"fitted_shape",1
"fitted_shape",0.0062111801242236
"fitted_shape",0.378109452736318
"fitted_shape",0
"fitted_shape",0
"fitted_shape",1
"fitted_shape",0
"fitted_shape",0.169154228855721
"fitted_shape",0
"fitted_shape",0.649746192893401
"fitted_shape",0
"fitted_shape",1
"fitted_shape",0
"fitted_shape",1
"fitted_shape",0
"fitted_shape",0
"fitted_shape",0
"fitted_shape",0
"fitted_shape",0
"fitted_shape",0.00925925925925926
"fitted_shape",0
"fitted_shape",1
"fitted_shape",0.0186915887850467
"fitted_shape",1
"fitted_shape",1
"fitted_shape",0
"fitted_shape",0
"fitted_shape",1
"fitted_shape",0
"fitted_shape",0
"fitted_shape",0
"fitted_shape",0
"fitted_shape",0.00480769230769231
"fitted_shape",1
"fitted_shape",0.722448979591837
"fitted_shape",0
"fitted_shape",0
"fitted_shape",0
"fitted_shape",0
"fitted_shape",0
"fitted_shape",0.0377358490566038
"fitted_shape",0.0134529147982063
"fitted_shape",0
"fitted_shape",0.611650485436893
"fitted_shape",0.0841121495327103
"fitted_shape",0
"fitted_shape",0.00462962962962963
"fitted_shape",0
"fitted_shape",0.583850931677019
"fitted_shape",0.0124223602484472
"fitted_shape",0
"fitted_shape",0
"fitted_shape",0
"fitted_shape",0
"fitted_shape",0.525581395348837
"fitted_shape",0
"fitted_shape",0.062200956937799
"fitted_shape",0.287037037037037
"fitted_shape",0.21025641025641
"fitted_shape",0
"fitted_shape",0
"fitted_shape",0
"fitted_shape",0.0288461538461538
"fitted_shape",0.963265306122449
"fitted_shape",0
"fitted_shape",0.149038461538462
"fitted_shape",0
"fitted_shape",0.123076923076923
"fitted_shape",0
"fitted_shape",0
"fitted_shape",1
"fitted_shape",0
"fitted_shape",0.578947368421053
"fitted_shape",0
"fitted_shape",0.333333333333333
"fitted_shape",0.0606060606060606
"fitted_shape",0.780487804878049
"fitted_shape",0
"fitted_shape",0
"fitted_shape",0
"fitted_shape",0
"fitted_shape",0.427860696517413
"fitted_shape",0.041025641025641
"fitted_shape",0.054726368159204
"fitted_shape",0.564593301435407
"fitted_shape",0.0151515151515152
"fitted_shape",0.509433962264151
"fitted_shape",0.6
"fitted_shape",0
"fitted_shape",0
"fitted_shape",0
"fitted_shape",0
"fitted_shape",0
"fitted_shape",0.134328358208955
"fitted_shape",0.302564102564103
"fitted_shape",0.384615384615385
"fitted_shape",0
"fitted_shape",0.85981308411215
"fitted_shape",0.711442786069652
"fitted_shape",0
"fitted_shape",0.849593495934959
"fitted_shape",0.995934959349594
"fitted_shape",0.37219730941704
"fitted_shape",0
"fitted_shape",0.430555555555556
"fitted_shape",0
"fitted_shape",0.605381165919282
"fitted_shape",0
"fitted_shape",0
"fitted_shape",0
"fitted_shape",0
"fitted_shape",0
"fitted_shape",0
"fitted_shape",0.323383084577114
"fitted_shape",0.385
"fitted_shape",0
"fitted_shape",0
"fitted_shape",0
"fitted_shape",0
"fitted_shape",0
"fitted_shape",0.0186915887850467
"fitted_shape",0.00512820512820513
"fitted_shape",0.018348623853211
"fitted_shape",0
"fitted_shape",0.241545893719807
"fitted_shape",0
"fitted_shape",0
"fitted_shape",0
"fitted_shape",0
"fitted_shape",0.136842105263158
"fitted_shape",0
"fitted_shape",0
"fitted_shape",0.0502283105022831
"fitted_shape",0
"fitted_shape",0.594339622641509
"fitted_shape",0.462686567164179
"fitted_shape",0
"fitted_shape",0
"fitted_shape",0
"fitted_shape",0
"fitted_shape",0
"fitted_shape",0.439252336448598
"fitted_shape",0
"fitted_shape",0
"fitted_shape",1
"fitted_shape",0.00546448087431694
"fitted_shape",0.22
"fitted_shape",0.758474576271186
"fitted_shape",1
"fitted_shape",0
"fitted_shape",0.131313131313131
"fitted_shape",0
"fitted_shape",1
"fitted_shape",0.015
"fitted_shape",0
"fitted_shape",0.93167701863354
"fitted_shape",0
"fitted_shape",0
"fitted_shape",0.118012422360248
"fitted_shape",0
"fitted_shape",0
"fitted_shape",0.00480769230769231
"fitted_shape",0
"fitted_shape",0.184615384615385
"fitted_shape",1
"fitted_shape",1
"fitted_shape",0
"fitted_shape",0
"fitted_shape",0
"fitted_shape",1
"fitted_shape",0
"fitted_shape",0.99537037037037
"fitted_shape",0.645962732919255
"fitted_shape",0
"fitted_shape",0.195
"fitted_shape",0
"fitted_shape",0
"fitted_shape",0
"fitted_shape",0.00934579439252336
"fitted_shape",0.782828282828283
"fitted_shape",0.251282051282051
"fitted_shape",0
"fitted_shape",0
"fitted_shape",1
"fitted_shape",0.912820512820513
"fitted_shape",0
"fitted_shape",0.00480769230769231
"fitted_shape",0
"fitted_shape",0
"fitted_shape",0.147982062780269
"fitted_shape",0.0050761421319797
"fitted_shape",0
"fitted_shape",0
"fitted_shape",0
"fitted_shape",0.903553299492386
"fitted_shape",0
"fitted_shape",0
"fitted_shape",0.018018018018018
"fitted_shape",0.99492385786802
"fitted_shape",0.828282828282828
"fitted_shape",0.410526315789474
"fitted_shape",0
"fitted_shape",1
"fitted_shape",0.0040650406504065
"fitted_shape",0
"fitted_shape",0
"fitted_shape",0.0628019323671498
"fitted_shape",0
"fitted_shape",1
"fitted_shape",0
"fitted_shape",0
"fitted_shape",0
"fitted_shape",0.292929292929293
"fitted_shape",0.0941704035874439
"fitted_shape",0.0040650406504065
"fitted_shape",0
"fitted_shape",0
"fitted_shape",0
"fitted_shape",0
"fitted_shape",0.401869158878505
"fitted_shape",0.641148325358852
"fitted_shape",0.0186335403726708
"fitted_shape",0.255605381165919
"fitted_shape",0
"fitted_shape",0.0757575757575758
"fitted_shape",0.18407960199005
"fitted_shape",0.0512820512820513
"fitted_shape",0
"fitted_shape",1
"fitted_shape",0
"fitted_shape",0
"fitted_shape",0.0434782608695652
"fitted_shape",0.0186915887850467
"fitted_shape",0
"fitted_shape",1
"fitted_shape",1
"fitted_shape",0.779904306220096
"fitted_shape",0
"fitted_shape",0.00900900900900901
"fitted_shape",0
"fitted_shape",0.411214953271028
"fitted_shape",0
"fitted_shape",0.106280193236715
"fitted_shape",0
"fitted_shape",0
"fitted_shape",0.158653846153846
"fitted_shape",0
"fitted_shape",0.698564593301435
"fitted_shape",0.0558375634517767
"fitted_shape",0.94392523364486
"fitted_shape",0
"fitted_shape",0.72
"fitted_shape",0.0430622009569378
"fitted_shape",0
"fitted_shape",0.106481481481481
"fitted_shape",0
"fitted_shape",0.680555555555556
"fitted_shape",0.470873786407767
"fitted_shape",0
"fitted_shape",0.0913461538461538
"fitted_shape",0.960893854748603
"fitted_shape",0.825112107623318
"fitted_shape",0
"fitted_shape",0.479820627802691
"fitted_shape",0.74
"fitted_shape",0.769230769230769
"fitted_shape",0.969230769230769
"fitted_shape",0.981308411214953
"fitted_shape",0
"fitted_shape",0.126530612244898
"fitted_shape",0.958333333333333
"fitted_shape",0
"fitted_shape",1
"fitted_shape",0.015
"fitted_shape",0.385650224215247
"fitted_shape",0
"fitted_shape",0
"fitted_shape",1
"fitted_shape",0
"fitted_shape",0.21025641025641
"fitted_shape",0
"fitted_shape",0.715736040609137
"fitted_shape",0
"fitted_shape",1
"fitted_shape",0
"fitted_shape",0.995
"fitted_shape",0
"fitted_shape",0
"fitted_shape",0
"fitted_shape",0
"fitted_shape",0
"fitted_shape",0
"fitted_shape",0.0298507462686567
"fitted_shape",1
"fitted_shape",0
"fitted_shape",1
"fitted_shape",1
"fitted_shape",0
"fitted_shape",0
"fitted_shape",1
"fitted_shape",0
"fitted_shape",0
"fitted_shape",0
"fitted_shape",0
"fitted_shape",0
"fitted_shape",0.975961538461538
"fitted_shape",0.747663551401869
"fitted_shape",0
"fitted_shape",0
"fitted_shape",0
"fitted_shape",0
"fitted_shape",0
"fitted_shape",0.111801242236025
"fitted_shape",0.00505050505050505
"fitted_shape",0
"fitted_shape",0.763975155279503
"fitted_shape",0.0683229813664596
"fitted_shape",0.00625
"fitted_shape",0
"fitted_shape",0
"fitted_shape",0.439252336448598
"fitted_shape",0.031390134529148
"fitted_shape",0
"fitted_shape",0
"fitted_shape",0
"fitted_shape",0
"fitted_shape",0.597014925373134
"fitted_shape",0
"fitted_shape",0.00478468899521531
"fitted_shape",0.240909090909091
"fitted_shape",0.386792452830189
"fitted_shape",0
"fitted_shape",0
"fitted_shape",0
"fitted_shape",0.0166666666666667
"fitted_shape",0.975124378109453
"fitted_shape",0
"fitted_shape",0.15695067264574
"fitted_shape",0
"fitted_shape",0.12037037037037
"fitted_shape",0
"fitted_shape",0
"fitted_shape",1
"fitted_shape",0
"fitted_shape",0.542056074766355
"fitted_shape",0
"fitted_shape",0.572115384615385
"fitted_shape",0.0512820512820513
"fitted_shape",0.805128205128205
"fitted_shape",0
"fitted_shape",0
"fitted_shape",0
"fitted_shape",0.0101010101010101
"fitted_shape",0.400966183574879
"fitted_shape",0.0559006211180124
"fitted_shape",0.0807174887892377
"fitted_shape",0.561702127659575
"fitted_shape",0.015
"fitted_shape",0.449760765550239
"fitted_shape",0.430493273542601
"fitted_shape",0
"fitted_shape",0
"fitted_shape",0
"fitted_shape",0
"fitted_shape",0
"fitted_shape",0.167701863354037
"fitted_shape",0.342592592592593
"fitted_shape",0.538461538461538
"fitted_shape",0
"fitted_shape",0.821052631578947
"fitted_shape",0.847533632286996
"fitted_shape",0
"fitted_shape",0.850961538461538
"fitted_shape",0.984848484848485
"fitted_shape",0.426395939086294
"fitted_shape",0
"fitted_shape",0.640776699029126
"fitted_shape",0
"fitted_shape",0.607655502392344
"fitted_shape",0
"fitted_shape",0
"fitted_shape",0
"fitted_shape",0
"fitted_shape",0
"fitted_shape",0
"fitted_shape",0.392523364485981
"fitted_shape",0.382775119617225
"fitted_shape",0
"fitted_shape",0
"fitted_shape",0
"fitted_shape",0
"fitted_shape",0.00934579439252336
"fitted_shape",0.0416666666666667
"fitted_shape",0
"fitted_shape",0.0558375634517767
"fitted_shape",0
"fitted_shape",0.327354260089686
"fitted_shape",0.113821138211382
"fitted_shape",0.00408163265306122
"fitted_shape",0
"fitted_shape",0.0283018867924528
"fitted_shape",0
"fitted_shape",0
"fitted_shape",0
"fitted_shape",0.0186915887850467
"fitted_shape",0
"fitted_shape",0.609865470852018
"fitted_shape",0.425837320574163
"fitted_shape",0.00934579439252336
"fitted_shape",0
"fitted_shape",0
"fitted_shape",0
"fitted_shape",0
"fitted_shape",0.412037037037037
"fitted_shape",0
"fitted_shape",0
"fitted_shape",1
"fitted_shape",0.0124223602484472
"fitted_shape",0.0807174887892377
"fitted_shape",0.683544303797468
"fitted_shape",0.995024875621891
"fitted_shape",0
"fitted_shape",0.18974358974359
"fitted_shape",0
"fitted_shape",1
"fitted_shape",0.0403587443946188
"fitted_shape",0
"fitted_shape",0.947115384615385
"fitted_shape",0
"fitted_shape",0
"fitted_shape",0.101851851851852
"fitted_shape",0
"fitted_shape",0
"fitted_shape",0.00462962962962963
"fitted_shape",0
"fitted_shape",0.0717948717948718
"fitted_shape",1
"fitted_shape",1
"fitted_shape",0
"fitted_shape",0
"fitted_shape",0
"fitted_shape",1
"fitted_shape",0
"fitted_shape",0.98780487804878
"fitted_shape",0.689814814814815
"fitted_shape",0
"fitted_shape",0.278846153846154
"fitted_shape",0
"fitted_shape",0
"fitted_shape",0
"fitted_shape",0.0125
"fitted_shape",0.788461538461538
"fitted_shape",0.286885245901639
"fitted_shape",0
"fitted_shape",0
"fitted_shape",1
"fitted_shape",0.878504672897196
"fitted_shape",0
"fitted_shape",0
"fitted_shape",0
"fitted_shape",0
"fitted_shape",0.0934579439252336
"fitted_shape",0.0560747663551402
"fitted_shape",0
"fitted_shape",0
"fitted_shape",0
"fitted_shape",0.841121495327103
"fitted_shape",0
"fitted_shape",0
"fitted_shape",0.0372093023255814
"fitted_shape",1
"fitted_shape",0.912371134020619
"fitted_shape",0.472222222222222
"fitted_shape",0
"fitted_shape",1
"fitted_shape",0
"fitted_shape",0
"fitted_shape",0
"fitted_shape",0.155
"fitted_shape",0
"fitted_shape",1
"fitted_shape",0
"fitted_shape",0
"fitted_shape",0
"fitted_shape",0.377777777777778
"fitted_shape",0.211382113821138
"fitted_shape",0.00462962962962963
"fitted_shape",0
"fitted_shape",0
"fitted_shape",0
"fitted_shape",0
"fitted_shape",0.291479820627803
"fitted_shape",0.716346153846154
"fitted_shape",0
"fitted_shape",0.373205741626794
"fitted_shape",0
"fitted_shape",0.271028037383178
"fitted_shape",0.144186046511628
"fitted_shape",0.0353535353535354
"fitted_shape",0
"fitted_shape",1
"fitted_shape",0
"fitted_shape",0
"fitted_shape",0.112107623318386
"fitted_shape",0.0372670807453416
"fitted_shape",0
"fitted_shape",1
"fitted_shape",0.985576923076923
"fitted_shape",0.793269230769231
"fitted_shape",0
"fitted_shape",0.0062111801242236
"fitted_shape",0
"fitted_shape",0.402439024390244
"fitted_shape",0
"fitted_shape",0.0812182741116751
"fitted_shape",0
"fitted_shape",0
"fitted_shape",0.170103092783505
"fitted_shape",0
"fitted_shape",0.720496894409938
"fitted_shape",0.0466321243523316
"fitted_shape",0.867521367521368
"fitted_shape",0
"fitted_shape",0.607438016528926
"fitted_shape",0.0102564102564103
"fitted_shape",0.0138888888888889
"fitted_shape",0.0923076923076923
"fitted_shape",0
"fitted_shape",0.7625
"fitted_shape",0.596273291925466
"fitted_shape",0
"fitted_shape",0.186915887850467
"fitted_shape",0.950310559006211
"fitted_shape",0.902439024390244
"fitted_shape",0
"fitted_shape",0.389423076923077
"fitted_shape",0.748792270531401
"fitted_shape",0.721153846153846
"fitted_shape",0.957983193277311
"fitted_shape",1
"fitted_shape",0
"fitted_shape",0.0205128205128205
"fitted_shape",0.974226804123711
"fitted_shape",0
"fitted_shape",1
"fitted_shape",0.00515463917525773
"fitted_shape",0.35625
"fitted_shape",0
"fitted_shape",0
"fitted_shape",1
"fitted_shape",0
"fitted_shape",0.215384615384615
"fitted_shape",0
"fitted_shape",0.652777777777778
"fitted_shape",0
"fitted_shape",1
"fitted_shape",0.0045045045045045
"fitted_shape",0.995918367346939
"fitted_shape",0
"fitted_shape",0
"fitted_shape",0
"fitted_shape",0
"fitted_shape",0
"fitted_shape",0.0103626943005181
"fitted_shape",0
"fitted_shape",1
"fitted_shape",0
"fitted_shape",1
"fitted_shape",1
"fitted_shape",0
"fitted_shape",0
"fitted_shape",0.985645933014354
"fitted_shape",0.0105263157894737
"fitted_shape",0
"fitted_shape",0
"fitted_shape",0
"fitted_shape",0
"fitted_shape",0.979695431472081
"fitted_shape",0.768518518518518
"fitted_shape",0
"fitted_shape",0
"fitted_shape",0
"fitted_shape",0
"fitted_shape",0
"fitted_shape",0.107692307692308
"fitted_shape",0.00625
"fitted_shape",0
"fitted_shape",0.650406504065041
"fitted_shape",0.0796019900497512
"fitted_shape",0
"fitted_shape",0
"fitted_shape",0
"fitted_shape",0.383177570093458
"fitted_shape",0.0136363636363636
"fitted_shape",0
"fitted_shape",0
"fitted_shape",0
"fitted_shape",0
"fitted_shape",0.550925925925926
"fitted_shape",0
"fitted_shape",0.0144230769230769
"fitted_shape",0.32520325203252
"fitted_shape",0.447761194029851
"fitted_shape",0
"fitted_shape",0
"fitted_shape",0
"fitted_shape",0.00966183574879227
"fitted_shape",0.990430622009569
"fitted_shape",0
"fitted_shape",0.2
"fitted_shape",0
"fitted_shape",0.095
"fitted_shape",0
"fitted_shape",0
"fitted_shape",1
"fitted_shape",0
"fitted_shape",0.448598130841121
"fitted_shape",0
"fitted_shape",0.532994923857868
"fitted_shape",0.0654205607476635
"fitted_shape",0.824742268041237
"fitted_shape",0
"fitted_shape",0
"fitted_shape",0
"fitted_shape",0.045662100456621
"fitted_shape",0.45625
"fitted_shape",0.0975609756097561
"fitted_shape",0.116161616161616
"fitted_shape",0.430051813471503
"fitted_shape",0.0144230769230769
"fitted_shape",0.477611940298507
"fitted_shape",0.577639751552795
"fitted_shape",0
"fitted_shape",0
"fitted_shape",0
"fitted_shape",0
"fitted_shape",0
"fitted_shape",0.0858585858585859
"fitted_shape",0.169154228855721
"fitted_shape",0.597938144329897
"fitted_shape",0
"fitted_shape",0.846153846153846
"fitted_shape",0.690821256038647
"fitted_shape",0
"fitted_shape",0.904040404040404
"fitted_shape",0.98974358974359
"fitted_shape",0.448598130841121
"fitted_shape",0
"fitted_shape",0.4688995215311
"fitted_shape",0
"fitted_shape",0.671296296296296
"fitted_shape",0
"fitted_shape",0
"fitted_shape",0
"fitted_shape",0
"fitted_shape",0
"fitted_shape",0
"fitted_shape",0.384259259259259
"fitted_shape",0.311004784688995
"fitted_shape",0
"fitted_shape",0
"fitted_shape",0
"fitted_shape",0
"fitted_shape",0
"fitted_shape",0.0186915887850467
"fitted_shape",0.041025641025641
"fitted_shape",0.0934959349593496
"fitted_shape",0
"fitted_shape",0.233830845771144
"fitted_shape",0.0153846153846154
"fitted_shape",0
"fitted_shape",0
"fitted_shape",0.0185185185185185
"fitted_shape",0
"fitted_shape",0
"fitted_shape",0
"fitted_shape",0.0526315789473684
"fitted_shape",0
"fitted_shape",0.663551401869159
"fitted_shape",0.491869918699187
"fitted_shape",0
"fitted_shape",0
"fitted_shape",0
"fitted_shape",0
"fitted_shape",0
"fitted_shape",0.577639751552795
"fitted_shape",0
"fitted_shape",0
"fitted_shape",1
"fitted_shape",0.00462962962962963
"fitted_shape",0.0289855072463768
"fitted_shape",0.771573604060914
"fitted_shape",1
"fitted_shape",0
"fitted_shape",0.167701863354037
"fitted_shape",0
"fitted_shape",1
"fitted_shape",0
"fitted_shape",0
"fitted_shape",0.94392523364486
"fitted_shape",0
"fitted_shape",0
"fitted_shape",0.0585585585585586
"fitted_shape",0
"fitted_shape",0
"fitted_shape",0.0277777777777778
"fitted_shape",0
"fitted_shape",0.0526315789473684
"fitted_shape",1
"fitted_shape",1
"fitted_shape",0
"fitted_shape",0
"fitted_shape",0
"fitted_shape",1
"fitted_shape",0
"fitted_shape",0.994871794871795
"fitted_shape",0.651741293532338
"fitted_shape",0.0062111801242236
"fitted_shape",0.432692307692308
"fitted_shape",0
"fitted_shape",0
"fitted_shape",0
"fitted_shape",0.00896860986547085
"fitted_shape",0.903846153846154
"fitted_shape",0.227272727272727
"fitted_shape",0
"fitted_shape",0
"fitted_shape",1
"fitted_shape",0.897674418604651
"fitted_shape",0
"fitted_shape",0
"fitted_shape",0
"fitted_shape",0
"fitted_shape",0.168224299065421
"fitted_shape",0.00813008130081301
"fitted_shape",0
"fitted_shape",0
"fitted_shape",0.00478468899521531
"fitted_shape",0.93167701863354
"fitted_shape",0
"fitted_shape",0
"fitted_shape",0.0253164556962025
"fitted_shape",1
"fitted_shape",0.893203883495146
"fitted_shape",0.51
"fitted_shape",0
"fitted_shape",1
"fitted_shape",0.005
"fitted_shape",0
"fitted_shape",0
"fitted_shape",0.109452736318408
"fitted_shape",0
"fitted_shape",1
"fitted_shape",0
"fitted_shape",0
"fitted_shape",0
"fitted_shape",0.212121212121212
"fitted_shape",0.204166666666667
"fitted_shape",0.00813008130081301
"fitted_shape",0
"fitted_shape",0
"fitted_shape",0
"fitted_shape",0
"fitted_shape",0.289719626168224
"fitted_shape",0.722448979591837
"fitted_shape",0.0191387559808612
"fitted_shape",0.231578947368421
"fitted_shape",0
"fitted_shape",0.184426229508197
"fitted_shape",0.101449275362319
"fitted_shape",0.00961538461538462
"fitted_shape",0
"fitted_shape",1
"fitted_shape",0
"fitted_shape",0
"fitted_shape",0.101010101010101
"fitted_shape",0.0530612244897959
"fitted_shape",0
"fitted_shape",1
"fitted_shape",0.987341772151899
"fitted_shape",0.764423076923077
"fitted_shape",0
"fitted_shape",0.0191387559808612
"fitted_shape",0
"fitted_shape",0.424242424242424
"fitted_shape",0
"fitted_shape",0.0934579439252336
"fitted_shape",0
"fitted_shape",0
"fitted_shape",0.237668161434978
"fitted_shape",0
"fitted_shape",0.777777777777778
"fitted_shape",0.0412371134020619
"fitted_shape",0.91703056768559
"fitted_shape",0
"fitted_shape",0.679425837320574
"fitted_shape",0.01
"fitted_shape",0.0666666666666667
"fitted_shape",0.165094339622642
"fitted_shape",0
"fitted_shape",0.595555555555556
"fitted_shape",0.517412935323383
"fitted_shape",0
"fitted_shape",0.292307692307692
"fitted_shape",0.99537037037037
"fitted_shape",0.825870646766169
"fitted_shape",0
"fitted_shape",0.412935323383085
"fitted_shape",0.721153846153846
"fitted_shape",0.74375
"fitted_shape",0.979253112033195
"fitted_shape",0.985645933014354
"fitted_shape",0
"fitted_shape",0.00480769230769231
"fitted_shape",0.930555555555556
"fitted_shape",0
"fitted_shape",1
"fitted_shape",0
"fitted_shape",0.438709677419355
"fitted_shape",0
"fitted_shape",0
"fitted_shape",1
"fitted_shape",0
"fitted_shape",0.212962962962963
"fitted_shape",0
"fitted_shape",0.582089552238806
"fitted_shape",0
"fitted_shape",1
"fitted_shape",0
"fitted_shape",1
"fitted_shape",0
"fitted_shape",0
"fitted_shape",0
"fitted_shape",0
"fitted_shape",0
"fitted_shape",0.0280373831775701
"fitted_shape",0.00512820512820513
"fitted_shape",1
"fitted_shape",0
"empirical_rates",0.00452488687782805
"empirical_rates",0.00934579439252336
"empirical_rates",0.9875
"empirical_rates",0
"empirical_rates",0.0824742268041237
"empirical_rates",0.99
"empirical_rates",0.153846153846154
"empirical_rates",0
"empirical_rates",0.133333333333333
"empirical_rates",0.993788819875776
"empirical_rates",0
"empirical_rates",0.85
"empirical_rates",0.991031390134529
"empirical_rates",0
"empirical_rates",0.0974358974358974
"empirical_rates",0.968944099378882
"empirical_rates",0.00961538461538462
"empirical_rates",0.0941704035874439
"empirical_rates",1
"empirical_rates",0
"empirical_rates",0
"empirical_rates",0.354066985645933
"empirical_rates",0.394230769230769
"empirical_rates",0
"empirical_rates",0
"empirical_rates",0.962962962962963
"empirical_rates",0.121212121212121
"empirical_rates",0
"empirical_rates",0.0252525252525253
"empirical_rates",0.985576923076923
"empirical_rates",0
"empirical_rates",0
"empirical_rates",0
"empirical_rates",0
"empirical_rates",0
"empirical_rates",0.00966183574879227
"empirical_rates",0.21
"empirical_rates",0.0480769230769231
"empirical_rates",0.00462962962962963
"empirical_rates",0.976076555023923
"empirical_rates",0
"empirical_rates",0.143564356435644
"empirical_rates",0
"empirical_rates",0.985576923076923
"empirical_rates",0.980099502487562
"empirical_rates",0.605
"empirical_rates",0
"empirical_rates",0
"empirical_rates",0.990338164251208
"empirical_rates",0.327102803738318
"empirical_rates",0.466666666666667
"empirical_rates",0.533333333333333
"empirical_rates",0.990654205607477
"empirical_rates",0.0467289719626168
"empirical_rates",0.672897196261682
"empirical_rates",0.03
"empirical_rates",0.095
"empirical_rates",0.346846846846847
"empirical_rates",0.062780269058296
"empirical_rates",0.14375
"empirical_rates",0.350961538461538
"empirical_rates",0.0134529147982063
"empirical_rates",0.306878306878307
"empirical_rates",0.995192307692308
"empirical_rates",0.970149253731343
"empirical_rates",0
"empirical_rates",0.11214953271028
"empirical_rates",0.0102564102564103
"empirical_rates",0.0358974358974359
"empirical_rates",0.293269230769231
"empirical_rates",0.00505050505050505
"empirical_rates",0.00813008130081301
"empirical_rates",0.990384615384615
"empirical_rates",0
"empirical_rates",0.425
"empirical_rates",0
"empirical_rates",0
"empirical_rates",1
"empirical_rates",0.00512820512820513
"empirical_rates",0.37
"empirical_rates",0.968944099378882
"empirical_rates",0
"empirical_rates",0
"empirical_rates",0.475961538461538
"empirical_rates",0.040650406504065
"empirical_rates",0.334841628959276
"empirical_rates",0
"empirical_rates",0.734234234234234
"empirical_rates",0
"empirical_rates",0
"empirical_rates",0.00925925925925926
"empirical_rates",1
"empirical_rates",0.984615384615385
"empirical_rates",0
"empirical_rates",0
"empirical_rates",0.213930348258706
"empirical_rates",0.0239234449760766
"empirical_rates",0.0144230769230769
"empirical_rates",0
"empirical_rates",0.248447204968944
"empirical_rates",0.62111801242236
"empirical_rates",0.00961538461538462
"empirical_rates",0.0961538461538462
"empirical_rates",0
"empirical_rates",0.0961538461538462
"empirical_rates",0.00505050505050505
"empirical_rates",0.990291262135922
"empirical_rates",0.031055900621118
"empirical_rates",0.397129186602871
"empirical_rates",1
"empirical_rates",0.143540669856459
"empirical_rates",0.0373831775700935
"empirical_rates",0.0289855072463768
"empirical_rates",0.0970873786407767
"empirical_rates",1
"empirical_rates",0
"empirical_rates",0.00934579439252336
"empirical_rates",0
"empirical_rates",0.264423076923077
"empirical_rates",0
"empirical_rates",0.2375
"empirical_rates",0
"empirical_rates",1
"empirical_rates",0.505050505050505
"empirical_rates",0.158653846153846
"empirical_rates",0.0816326530612245
"empirical_rates",0.0203252032520325
"empirical_rates",0.116161616161616
"empirical_rates",0.985576923076923
"empirical_rates",0
"empirical_rates",0.994949494949495
"empirical_rates",0.00896860986547085
"empirical_rates",0.00512820512820513
"empirical_rates",0.984615384615385
"empirical_rates",0.00408163265306122
"empirical_rates",0
"empirical_rates",0
"empirical_rates",0.995192307692308
"empirical_rates",0
"empirical_rates",0.0403587443946188
"empirical_rates",0.0721153846153846
"empirical_rates",0
"empirical_rates",0
"empirical_rates",0.55050505050505
"empirical_rates",0.976076555023923
"empirical_rates",0
"empirical_rates",0.972222222222222
"empirical_rates",0.02
"empirical_rates",0.952830188679245
"empirical_rates",0.0205128205128205
"empirical_rates",0.0573770491803279
"empirical_rates",0
"empirical_rates",0.0062111801242236
"empirical_rates",0.248447204968944
"empirical_rates",0.432692307692308
"empirical_rates",0.95067264573991
"empirical_rates",0.528301886792453
"empirical_rates",0.990654205607477
"empirical_rates",0.0986547085201794
"empirical_rates",0.138755980861244
"empirical_rates",0.00632911392405063
"empirical_rates",0.671794871794872
"empirical_rates",0.103092783505155
"empirical_rates",0.138461538461538
"empirical_rates",0.0191387559808612
"empirical_rates",0.21
"empirical_rates",0.314814814814815
"empirical_rates",0.393203883495146
"empirical_rates",0.0808080808080808
"empirical_rates",0
"empirical_rates",0
"empirical_rates",0.987577639751553
"empirical_rates",0.986111111111111
"empirical_rates",0.282296650717703
"empirical_rates",0.0412371134020619
"empirical_rates",0.474747474747475
"empirical_rates",0.00512820512820513
"empirical_rates",0.00478468899521531
"empirical_rates",0.991869918699187
"empirical_rates",0.50462962962963
"empirical_rates",0.0762331838565022
"empirical_rates",0.112107623318386
"empirical_rates",0.451162790697674
"empirical_rates",0.975124378109453
"empirical_rates",0.025
"empirical_rates",0.075
"empirical_rates",0.975961538461538
"empirical_rates",0
"empirical_rates",0
"empirical_rates",0.730964467005076
"empirical_rates",0
"empirical_rates",0.492307692307692
"empirical_rates",0.153846153846154
"empirical_rates",0.205128205128205
"empirical_rates",0.258373205741627
"empirical_rates",0.507462686567164
"empirical_rates",0.0373831775700935
"empirical_rates",0
"empirical_rates",0.0358974358974359
"empirical_rates",0.235772357723577
"empirical_rates",0.0673076923076923
"empirical_rates",0
"empirical_rates",0.00505050505050505
"empirical_rates",0.993710691823899
"empirical_rates",0.0672645739910314
"empirical_rates",0.981981981981982
"empirical_rates",0.0287081339712919
"empirical_rates",0
"empirical_rates",0.975155279503106
"empirical_rates",1
"empirical_rates",0.969230769230769
"empirical_rates",0
"empirical_rates",0
"empirical_rates",0
"empirical_rates",0.0099502487562189
"empirical_rates",0
"empirical_rates",0.209016393442623
"empirical_rates",0.282786885245902
"empirical_rates",0
"empirical_rates",0.0101010101010101
"empirical_rates",0
"empirical_rates",0.215
"empirical_rates",0
"empirical_rates",0
"empirical_rates",0.124401913875598
"empirical_rates",0.980891719745223
"empirical_rates",0.0062111801242236
"empirical_rates",0.00483091787439614
"empirical_rates",0
"empirical_rates",0.451282051282051
"empirical_rates",0.0480769230769231
"empirical_rates",0.995934959349594
"empirical_rates",0.0199004975124378
"empirical_rates",0.00505050505050505
"empirical_rates",0.966507177033493
"empirical_rates",0.985074626865672
"empirical_rates",0.00465116279069767
"empirical_rates",0.986486486486487
"empirical_rates",0.336448598130841
"empirical_rates",0
"empirical_rates",0.00497512437810945
"empirical_rates",0.990430622009569
"empirical_rates",0
"empirical_rates",0.322115384615385
"empirical_rates",0.0447761194029851
"empirical_rates",0
"empirical_rates",0.869158878504673
"empirical_rates",0.30188679245283
"empirical_rates",0.966019417475728
"empirical_rates",0.968944099378882
"empirical_rates",0
"empirical_rates",0.00934579439252336
"empirical_rates",0.0467289719626168
"empirical_rates",0.347222222222222
"empirical_rates",0.0348258706467662
"empirical_rates",0.00512820512820513
"empirical_rates",0
"empirical_rates",0.0144927536231884
"empirical_rates",0.0045045045045045
"empirical_rates",0
"empirical_rates",0.227848101265823
"empirical_rates",0
"empirical_rates",0.573991031390135
"empirical_rates",0
"empirical_rates",0.390862944162437
"empirical_rates",0.00934579439252336
"empirical_rates",0
"empirical_rates",0
"empirical_rates",0.46
"empirical_rates",0
"empirical_rates",0.990430622009569
"empirical_rates",0.0526315789473684
"empirical_rates",0.013953488372093
"empirical_rates",0.0220994475138122
"empirical_rates",1
"empirical_rates",0
"empirical_rates",0.031055900621118
"empirical_rates",0.994871794871795
"empirical_rates",0.125
"empirical_rates",0.0138888888888889
"empirical_rates",0.085
"empirical_rates",0.995215311004785
"empirical_rates",0
"empirical_rates",0.817307692307692
"empirical_rates",0.990430622009569
"empirical_rates",0
"empirical_rates",0.0448430493273543
"empirical_rates",0.947154471544715
"empirical_rates",0.0239234449760766
"empirical_rates",0.0353535353535354
"empirical_rates",0.982062780269058
"empirical_rates",0.00925925925925926
"empirical_rates",0
"empirical_rates",0.31578947368421
"empirical_rates",0.256756756756757
"empirical_rates",0
"empirical_rates",0
"empirical_rates",0.995215311004785
"empirical_rates",0.0231481481481481
"empirical_rates",0
"empirical_rates",0
"empirical_rates",0.990049751243781
"empirical_rates",0
"empirical_rates",0
"empirical_rates",0
"empirical_rates",0
"empirical_rates",0.00448430493273543
"empirical_rates",0
"empirical_rates",0.200819672131148
"empirical_rates",0.0241545893719807
"empirical_rates",0.0101010101010101
"empirical_rates",1
"empirical_rates",0.0467289719626168
"empirical_rates",0.15527950310559
"empirical_rates",0
"empirical_rates",0.990049751243781
"empirical_rates",0.990384615384615
"empirical_rates",0.485
"empirical_rates",0
"empirical_rates",0
"empirical_rates",0.985576923076923
"empirical_rates",0.181818181818182
"empirical_rates",0.422885572139304
"empirical_rates",0.697435897435897
"empirical_rates",0.986547085201794
"empirical_rates",0.062111801242236
"empirical_rates",0.627329192546584
"empirical_rates",0.0125
"empirical_rates",0.027027027027027
"empirical_rates",0.355769230769231
"empirical_rates",0.0358744394618834
"empirical_rates",0.246636771300448
"empirical_rates",0.442786069651741
"empirical_rates",0.01
"empirical_rates",0.415384615384615
"empirical_rates",0.986111111111111
"empirical_rates",0.98
"empirical_rates",0.0062111801242236
"empirical_rates",0.0505050505050505
"empirical_rates",0.0040983606557377
"empirical_rates",0
"empirical_rates",0.221052631578947
"empirical_rates",0
"empirical_rates",0
"empirical_rates",0.986486486486487
"empirical_rates",0.0202020202020202
"empirical_rates",0.169230769230769
"empirical_rates",0
"empirical_rates",0.0050761421319797
"empirical_rates",0.985576923076923
"empirical_rates",0.00478468899521531
"empirical_rates",0.373831775700935
"empirical_rates",0.995215311004785
"empirical_rates",0.0062111801242236
"empirical_rates",0
"empirical_rates",0.375
"empirical_rates",0
"empirical_rates",0.418269230769231
"empirical_rates",0
"empirical_rates",0.648148148148148
"empirical_rates",0.0597014925373134
"empirical_rates",0
"empirical_rates",0
"empirical_rates",0.97979797979798
"empirical_rates",0.994871794871795
"empirical_rates",0
"empirical_rates",0
"empirical_rates",0.196261682242991
"empirical_rates",0
"empirical_rates",0
"empirical_rates",0
"empirical_rates",0.25
"empirical_rates",0.579439252336449
"empirical_rates",0
"empirical_rates",0.0991735537190083
"empirical_rates",0.0135135135135135
"empirical_rates",0.095959595959596
"empirical_rates",0
"empirical_rates",0.98989898989899
"empirical_rates",0.0303030303030303
"empirical_rates",0.360576923076923
"empirical_rates",0.964102564102564
"empirical_rates",0.173913043478261
"empirical_rates",0.0560747663551402
"empirical_rates",0.0897959183673469
"empirical_rates",0
"empirical_rates",0.986486486486487
"empirical_rates",0
"empirical_rates",0
"empirical_rates",0
"empirical_rates",0.351694915254237
"empirical_rates",0
"empirical_rates",0.3125
"empirical_rates",0
"empirical_rates",0.990049751243781
"empirical_rates",0.343589743589744
"empirical_rates",0.282828282828283
"empirical_rates",0.0941704035874439
"empirical_rates",0.0241545893719807
"empirical_rates",0.0467289719626168
"empirical_rates",0.994949494949495
"empirical_rates",0.005
"empirical_rates",0.98974358974359
"empirical_rates",0
"empirical_rates",0.005
"empirical_rates",1
"empirical_rates",0.0099502487562189
"empirical_rates",0
"empirical_rates",0
"empirical_rates",0.990990990990991
"empirical_rates",0
"empirical_rates",0.0310880829015544
"empirical_rates",0.00956937799043062
"empirical_rates",0
"empirical_rates",0
"empirical_rates",0.378109452736318
"empirical_rates",0.96969696969697
"empirical_rates",0
"empirical_rates",0.990654205607477
"empirical_rates",0.0248447204968944
"empirical_rates",0.976851851851852
"empirical_rates",0.0124223602484472
"empirical_rates",0.0388349514563107
"empirical_rates",0.0145631067961165
"empirical_rates",0.0559006211180124
"empirical_rates",0.333333333333333
"empirical_rates",0.398963730569948
"empirical_rates",0.966019417475728
"empirical_rates",0.477386934673367
"empirical_rates",1
"empirical_rates",0.130841121495327
"empirical_rates",0.158878504672897
"empirical_rates",0.00934579439252336
"empirical_rates",0.563063063063063
"empirical_rates",0.210526315789474
"empirical_rates",0.204968944099379
"empirical_rates",0.00961538461538462
"empirical_rates",0.22051282051282
"empirical_rates",0.174129353233831
"empirical_rates",0.314814814814815
"empirical_rates",0.130841121495327
"empirical_rates",0
"empirical_rates",0
"empirical_rates",1
"empirical_rates",0.990049751243781
"empirical_rates",0.158139534883721
"empirical_rates",0.0961538461538462
"empirical_rates",0.504065040650406
"empirical_rates",0.015
"empirical_rates",0
"empirical_rates",0.993788819875776
"empirical_rates",0.364485981308411
"empirical_rates",0.0269058295964126
"empirical_rates",0.035
"empirical_rates",0.492822966507177
"empirical_rates",0.994845360824742
"empirical_rates",0.0447761194029851
"empirical_rates",0.0185185185185185
"empirical_rates",1
"empirical_rates",0
"empirical_rates",0.0186915887850467
"empirical_rates",0.660287081339713
"empirical_rates",0
"empirical_rates",0.45959595959596
"empirical_rates",0.39
"empirical_rates",0.18974358974359
"empirical_rates",0.29
"empirical_rates",0.569506726457399
"empirical_rates",0.0448430493273543
"empirical_rates",0
"empirical_rates",0.0040983606557377
"empirical_rates",0.301435406698565
"empirical_rates",0.0956937799043062
"empirical_rates",0
"empirical_rates",0
"empirical_rates",1
"empirical_rates",0.0683229813664596
"empirical_rates",1
"empirical_rates",0.00462962962962963
"empirical_rates",0.0062111801242236
"empirical_rates",0.995192307692308
"empirical_rates",0.990654205607477
"empirical_rates",0.990740740740741
"empirical_rates",0
"empirical_rates",0
"empirical_rates",0
"empirical_rates",0.00925925925925926
"empirical_rates",0
"empirical_rates",0.0717488789237668
"empirical_rates",0.477477477477477
"empirical_rates",0
"empirical_rates",0.045
"empirical_rates",0
"empirical_rates",0.401869158878505
"empirical_rates",0.005
"empirical_rates",0.00480769230769231
"empirical_rates",0.062200956937799
"empirical_rates",0.984848484848485
"empirical_rates",0
"empirical_rates",0.00925925925925926
"empirical_rates",0
"empirical_rates",0.509615384615385
"empirical_rates",0.0717703349282297
"empirical_rates",0.980769230769231
"empirical_rates",0
"empirical_rates",0.0231481481481481
"empirical_rates",0.990430622009569
"empirical_rates",0.986046511627907
"empirical_rates",0.0179372197309417
"empirical_rates",1
"empirical_rates",0.333333333333333
"empirical_rates",0
"empirical_rates",0.0124223602484472
"empirical_rates",0.981366459627329
"empirical_rates",0
"empirical_rates",0.318965517241379
"empirical_rates",0
"empirical_rates",0.00497512437810945
"empirical_rates",0.943589743589744
"empirical_rates",0.482587064676617
"empirical_rates",0.985074626865672
"empirical_rates",0.98
"empirical_rates",0
"empirical_rates",0.01
"empirical_rates",0.0564102564102564
"empirical_rates",0.316770186335404
"empirical_rates",0.041025641025641
"empirical_rates",0
"empirical_rates",0.0102564102564103
"empirical_rates",0.00900900900900901
"empirical_rates",0
"empirical_rates",0
"empirical_rates",0.0560747663551402
"empirical_rates",0
"empirical_rates",0.383838383838384
"empirical_rates",0
"empirical_rates",0.580808080808081
"empirical_rates",0.016260162601626
"empirical_rates",0
"empirical_rates",0
"empirical_rates",0.384259259259259
"empirical_rates",0
"empirical_rates",0.959641255605381
"empirical_rates",0.0670103092783505
"empirical_rates",0
"empirical_rates",0.00490196078431373
"empirical_rates",0.971153846153846
"empirical_rates",0
"empirical_rates",0.062111801242236
"empirical_rates",0.98989898989899
"empirical_rates",0.13
"empirical_rates",0
"empirical_rates",0.0956937799043062
"empirical_rates",0.955102040816327
"empirical_rates",0
"empirical_rates",0.906862745098039
"empirical_rates",0.987577639751553
"empirical_rates",0
"empirical_rates",0.0515463917525773
"empirical_rates",0.985436893203884
"empirical_rates",0.00512820512820513
"empirical_rates",0.0373831775700935
"empirical_rates",0.990740740740741
"empirical_rates",0
"empirical_rates",0.00448430493273543
"empirical_rates",0.309278350515464
"empirical_rates",0.413461538461538
"empirical_rates",0
"empirical_rates",0
"empirical_rates",0.979695431472081
"empirical_rates",0.0373831775700935
"empirical_rates",0
"empirical_rates",0.00448430493273543
"empirical_rates",0.985645933014354
"empirical_rates",0
"empirical_rates",0
"empirical_rates",0
"empirical_rates",0
"empirical_rates",0.00485436893203883
"empirical_rates",0.0188679245283019
"empirical_rates",0.216346153846154
"empirical_rates",0.00934579439252336
"empirical_rates",0.00925925925925926
"empirical_rates",0.971153846153846
"empirical_rates",0
"empirical_rates",0.0845771144278607
"empirical_rates",0
"empirical_rates",0.975155279503106
"empirical_rates",0.990990990990991
"empirical_rates",0.54066985645933
"empirical_rates",0.00961538461538462
"empirical_rates",0
"empirical_rates",0.995
"empirical_rates",0.336448598130841
"empirical_rates",0.454545454545455
"empirical_rates",0.555555555555556
"empirical_rates",0.972972972972973
"empirical_rates",0.0406091370558376
"empirical_rates",0.685185185185185
"empirical_rates",0.0205128205128205
"empirical_rates",0.0355329949238579
"empirical_rates",0.405660377358491
"empirical_rates",0.0757575757575758
"empirical_rates",0.0336538461538462
"empirical_rates",0.545918367346939
"empirical_rates",0.0560747663551402
"empirical_rates",0.345
"empirical_rates",0.981308411214953
"empirical_rates",0.975124378109453
"empirical_rates",0
"empirical_rates",0.0280373831775701
"empirical_rates",0
"empirical_rates",0.00497512437810945
"empirical_rates",0.28421052631579
"empirical_rates",0
"empirical_rates",0
"empirical_rates",1
"empirical_rates",0.0143540669856459
"empirical_rates",0.220338983050847
"empirical_rates",0
"empirical_rates",0.0101010101010101
"empirical_rates",0.990430622009569
"empirical_rates",0
"empirical_rates",0.518518518518518
"empirical_rates",0.990654205607477
"empirical_rates",0
"empirical_rates",0
"empirical_rates",0.5
"empirical_rates",0.0186915887850467
"empirical_rates",0.5
"empirical_rates",0
"empirical_rates",0.677018633540373
"empirical_rates",0.00462962962962963
"empirical_rates",0
"empirical_rates",0
"empirical_rates",0.975124378109453
"empirical_rates",0.990338164251208
"empirical_rates",0
"empirical_rates",0.0103092783505155
"empirical_rates",0.259615384615385
"empirical_rates",0
"empirical_rates",0.00518134715025907
"empirical_rates",0
"empirical_rates",0.207207207207207
"empirical_rates",0.593301435406699
"empirical_rates",0
"empirical_rates",0.0252525252525253
"empirical_rates",0.027027027027027
"empirical_rates",0.240740740740741
"empirical_rates",0
"empirical_rates",1
"empirical_rates",0.0555555555555556
"empirical_rates",0.532786885245902
"empirical_rates",0.979508196721312
"empirical_rates",0.252577319587629
"empirical_rates",0.075
"empirical_rates",0.0252525252525253
"empirical_rates",0.00480769230769231
"empirical_rates",0.995918367346939
"empirical_rates",0
"empirical_rates",0
"empirical_rates",0
"empirical_rates",0.177884615384615
"empirical_rates",0
"empirical_rates",0.285714285714286
"empirical_rates",0
"empirical_rates",0.990740740740741
"empirical_rates",0.36231884057971
"empirical_rates",0.17948717948718
"empirical_rates",0.102564102564103
"empirical_rates",0
"empirical_rates",0.130081300813008
"empirical_rates",0.981481481481482
"empirical_rates",0.0062111801242236
"empirical_rates",0.988950276243094
"empirical_rates",0.00505050505050505
"empirical_rates",0.0185185185185185
"empirical_rates",0.980769230769231
"empirical_rates",0.01
"empirical_rates",0
"empirical_rates",0
"empirical_rates",0.987577639751553
"empirical_rates",0
"empirical_rates",0.0153846153846154
"empirical_rates",0.0913705583756345
"empirical_rates",0
"empirical_rates",0.0566037735849057
"empirical_rates",0.632286995515695
"empirical_rates",0.981308411214953
"empirical_rates",0
"empirical_rates",0.987577639751553
"empirical_rates",0.00483091787439614
"empirical_rates",0.972222222222222
"empirical_rates",0.07
"empirical_rates",0.0808080808080808
"empirical_rates",0
"empirical_rates",0.0102564102564103
"empirical_rates",0.251282051282051
"empirical_rates",0.389473684210526
"empirical_rates",0.952153110047847
"empirical_rates",0.590062111801242
"empirical_rates",0.975155279503106
"empirical_rates",0.277777777777778
"empirical_rates",0.121495327102804
"empirical_rates",0.0062111801242236
"empirical_rates",0.537313432835821
"empirical_rates",0.0787037037037037
"empirical_rates",0.121212121212121
"empirical_rates",0.00462962962962963
"empirical_rates",0.170403587443946
"empirical_rates",0.279503105590062
"empirical_rates",0.4125
"empirical_rates",0.181818181818182
"empirical_rates",0
"empirical_rates",0
"empirical_rates",0.99492385786802
"empirical_rates",0.995215311004785
"empirical_rates",0.175925925925926
"empirical_rates",0.058252427184466
"empirical_rates",0.497674418604651
"empirical_rates",0.0062111801242236
"empirical_rates",0.0941704035874439
"empirical_rates",0.986547085201794
"empirical_rates",0.392523364485981
"empirical_rates",0.0505050505050505
"empirical_rates",0.0149253731343284
"empirical_rates",0.392344497607655
"empirical_rates",0.995
"empirical_rates",0.0353535353535354
"empirical_rates",0.0555555555555556
"empirical_rates",0.99537037037037
"empirical_rates",0
"empirical_rates",0.0099502487562189
"empirical_rates",0.66
"empirical_rates",0.00483091787439614
"empirical_rates",0.532710280373832
"empirical_rates",0.359504132231405
"empirical_rates",0.115740740740741
"empirical_rates",0.358851674641148
"empirical_rates",0.608695652173913
"empirical_rates",0.0434782608695652
"empirical_rates",0.00480769230769231
"empirical_rates",0.0138888888888889
"empirical_rates",0.421296296296296
"empirical_rates",0.0288461538461538
"empirical_rates",0
"empirical_rates",0
"empirical_rates",1
"empirical_rates",0.0858585858585859
"empirical_rates",0.995192307692308
"empirical_rates",0
"empirical_rates",0
"empirical_rates",0.98974358974359
"empirical_rates",0.985074626865672
"empirical_rates",0.985
"empirical_rates",0
"empirical_rates",0
"empirical_rates",0.00896860986547085
"empirical_rates",0
"empirical_rates",0
"empirical_rates",0.0858585858585859
"empirical_rates",0.287878787878788
"empirical_rates",0
"empirical_rates",0.105769230769231
"empirical_rates",0
"empirical_rates",0.233644859813084
"empirical_rates",0
"empirical_rates",0.0102564102564103
"empirical_rates",0.0231481481481481
"empirical_rates",0.995192307692308
"empirical_rates",0.0280373831775701
"empirical_rates",0
"empirical_rates",0
"empirical_rates",0.5311004784689
"empirical_rates",0.0186335403726708
"empirical_rates",0.982062780269058
"empirical_rates",0
"empirical_rates",0.0144230769230769
"empirical_rates",0.975609756097561
"empirical_rates",0.981308411214953
"empirical_rates",0
"empirical_rates",0.981308411214953
"empirical_rates",0.279503105590062
"empirical_rates",0
"empirical_rates",0.00483091787439614
"empirical_rates",0.984536082474227
"empirical_rates",0.00478468899521531
"empirical_rates",0.393939393939394
"empirical_rates",0
"empirical_rates",0
"empirical_rates",0.917721518987342
"empirical_rates",0.448598130841121
"empirical_rates",0.975845410628019
"empirical_rates",0.986111111111111
"empirical_rates",0
"empirical_rates",0.00961538461538462
"empirical_rates",0.0643776824034335
"empirical_rates",0.222222222222222
"empirical_rates",0.00478468899521531
"empirical_rates",0
"empirical_rates",0.0324074074074074
"empirical_rates",0.00625
"empirical_rates",0.00512820512820513
"empirical_rates",0
"empirical_rates",0.119402985074627
"empirical_rates",0.00497512437810945
"empirical_rates",0.614213197969543
"empirical_rates",0.0062111801242236
"empirical_rates",0.410041841004184
"empirical_rates",0.0045045045045045
"empirical_rates",0
"empirical_rates",0.00452488687782805
"empirical_rates",0.38
"empirical_rates",0
"empirical_rates",0.981481481481482
"empirical_rates",0.0382775119617225
"empirical_rates",0
"empirical_rates",0
"empirical_rates",0.979274611398964
"empirical_rates",0
"empirical_rates",0.0372670807453416
"empirical_rates",0.993788819875776
"empirical_rates",0.277511961722488
"empirical_rates",0
"empirical_rates",0.130841121495327
"empirical_rates",0.982857142857143
"empirical_rates",0
"empirical_rates",0.885714285714286
"empirical_rates",0.990654205607477
"empirical_rates",0
"empirical_rates",0.093167701863354
"empirical_rates",0.98989898989899
"empirical_rates",0.0143540669856459
"empirical_rates",0.00512820512820513
"empirical_rates",0.982062780269058
"empirical_rates",0
"empirical_rates",0
"empirical_rates",0.373134328358209
"empirical_rates",0.357142857142857
"empirical_rates",0
"empirical_rates",0
"empirical_rates",0.983673469387755
"empirical_rates",0.0062111801242236
"empirical_rates",0
"empirical_rates",0
"empirical_rates",0.974747474747475
"empirical_rates",0.00452488687782805
"empirical_rates",0
"empirical_rates",0
"empirical_rates",0
"empirical_rates",0.0144927536231884
"empirical_rates",0.082051282051282
"empirical_rates",0.158974358974359
"empirical_rates",0.0239234449760766
"empirical_rates",0
"empirical_rates",0.990654205607477
"empirical_rates",0
"empirical_rates",0.102564102564103
"empirical_rates",0
"empirical_rates",0.98989898989899
"empirical_rates",0.994871794871795
"empirical_rates",0.565656565656566
"empirical_rates",0.0143540669856459
"empirical_rates",0
"empirical_rates",0.980769230769231
"empirical_rates",0.263157894736842
"empirical_rates",0.36322869955157
"empirical_rates",0.583732057416268
"empirical_rates",0.97196261682243
"empirical_rates",0.0560747663551402
"empirical_rates",0.571428571428571
"empirical_rates",0.0284552845528455
"empirical_rates",0.0334928229665072
"empirical_rates",0.358585858585859
"empirical_rates",0.095
"empirical_rates",0.15527950310559
"empirical_rates",0.601809954751131
"empirical_rates",0.005
"empirical_rates",0.338383838383838
"empirical_rates",0.99537037037037
"empirical_rates",1
"empirical_rates",0
"empirical_rates",0.0287081339712919
"empirical_rates",0
"empirical_rates",0
"empirical_rates",0.24223602484472
"empirical_rates",0
"empirical_rates",0.00478468899521531
"empirical_rates",0.984848484848485
"empirical_rates",0.0384615384615385
"empirical_rates",0.191919191919192
"empirical_rates",0
"empirical_rates",0.00478468899521531
"empirical_rates",0.977777777777778
"empirical_rates",0
"empirical_rates",0.383084577114428
"empirical_rates",0.995850622406639
"empirical_rates",0
"empirical_rates",0
"empirical_rates",0.392523364485981
"empirical_rates",0
"empirical_rates",0.535353535353535
"empirical_rates",0
"empirical_rates",0.596273291925466
"empirical_rates",0.00497512437810945
"empirical_rates",0.0124223602484472
"empirical_rates",0.00505050505050505
"empirical_rates",0.98974358974359
"empirical_rates",0.974874371859296
"empirical_rates",0
"empirical_rates",0.00961538461538462
"empirical_rates",0.24
"empirical_rates",0
"empirical_rates",0.016260162601626
"empirical_rates",0
"empirical_rates",0.179611650485437
"empirical_rates",0.676767676767677
"empirical_rates",0.0269058295964126
"empirical_rates",0.0280373831775701
"empirical_rates",0.00462962962962963
"empirical_rates",0.0704225352112676
"empirical_rates",0.00462962962962963
"empirical_rates",0.955284552845528
"empirical_rates",0.111111111111111
"empirical_rates",0.224489795918367
"empirical_rates",0.990291262135922
"empirical_rates",0.111801242236025
"empirical_rates",0.0869565217391304
"empirical_rates",0.101851851851852
"empirical_rates",0.0134529147982063
"empirical_rates",1
"empirical_rates",0.00448430493273543
"empirical_rates",0
"empirical_rates",0
"empirical_rates",0.323671497584541
"empirical_rates",0
"empirical_rates",0.200913242009132
"empirical_rates",0.00505050505050505
"empirical_rates",0.994949494949495
"empirical_rates",0.280952380952381
"empirical_rates",0.212962962962963
"empirical_rates",0.0896860986547085
"empirical_rates",0.040650406504065
"empirical_rates",0.050314465408805
"empirical_rates",0.986547085201794
"empirical_rates",0.0062111801242236
"empirical_rates",1
"empirical_rates",0.00961538461538462
"empirical_rates",0
"empirical_rates",0.972222222222222
"empirical_rates",0
"empirical_rates",0
"empirical_rates",0
"empirical_rates",0.990049751243781
"empirical_rates",0
"empirical_rates",0.0144230769230769
"empirical_rates",0.00452488687782805
"empirical_rates",0.0138888888888889
"empirical_rates",0
"empirical_rates",0.367924528301887
"empirical_rates",0.974619289340102
"empirical_rates",0
"empirical_rates",0.991836734693878
"empirical_rates",0.0707070707070707
"empirical_rates",0.991701244813278
"empirical_rates",0.0186915887850467
"empirical_rates",0.0597014925373134
"empirical_rates",0
"empirical_rates",0
"empirical_rates",0.452261306532663
"empirical_rates",0.348717948717949
"empirical_rates",0.95067264573991
"empirical_rates",0.343434343434343
"empirical_rates",0.987551867219917
"empirical_rates",0.11214953271028
"empirical_rates",0.12962962962963
"empirical_rates",0.00925925925925926
"empirical_rates",0.532407407407407
"empirical_rates",0.102040816326531
"empirical_rates",0.121212121212121
"empirical_rates",0.0149253731343284
"empirical_rates",0.13469387755102
"empirical_rates",0.300970873786408
"empirical_rates",0.23444976076555
"empirical_rates",0.102803738317757
"empirical_rates",0.0122448979591837
"empirical_rates",0
"empirical_rates",0.994845360824742
"empirical_rates",0.98974358974359
"empirical_rates",0.228699551569507
"empirical_rates",0.261682242990654
"empirical_rates",0.368421052631579
"empirical_rates",0.0138888888888889
"empirical_rates",0.00961538461538462
"empirical_rates",0.983471074380165
"empirical_rates",0.452914798206278
"empirical_rates",0.0138888888888889
"empirical_rates",0.09375
"empirical_rates",0.308411214953271
"empirical_rates",0.99
"empirical_rates",0.0121951219512195
"empirical_rates",0.00505050505050505
"empirical_rates",0.980861244019139
"empirical_rates",0
"empirical_rates",0.00505050505050505
"empirical_rates",0.755186721991701
"empirical_rates",0
"empirical_rates",0.490384615384615
"empirical_rates",0.384615384615385
"empirical_rates",0.158653846153846
"empirical_rates",0.192546583850932
"empirical_rates",0.45959595959596
"empirical_rates",0.0186335403726708
"empirical_rates",0
"empirical_rates",0.00934579439252336
"empirical_rates",0.292929292929293
"empirical_rates",0.031055900621118
"empirical_rates",0
"empirical_rates",0
"empirical_rates",0.990430622009569
"empirical_rates",0.0865384615384615
"empirical_rates",0.990430622009569
"empirical_rates",0
"empirical_rates",0
"empirical_rates",0.972972972972973
"empirical_rates",0.969230769230769
"empirical_rates",0.990950226244344
"empirical_rates",0
"empirical_rates",0.0099502487562189
"empirical_rates",0
"empirical_rates",0.0186335403726708
"empirical_rates",0
"empirical_rates",0.0582959641255605
"empirical_rates",0.296803652968037
"empirical_rates",0
"empirical_rates",0.056910569105691
"empirical_rates",0
"empirical_rates",0.204968944099379
"empirical_rates",0
"empirical_rates",0
"empirical_rates",0.076555023923445
"empirical_rates",0.994871794871795
"empirical_rates",0
"empirical_rates",0
"empirical_rates",0
"empirical_rates",0.358851674641148
"empirical_rates",0.0576923076923077
"empirical_rates",0.985074626865672
"empirical_rates",0.00462962962962963
"empirical_rates",0.0143540669856459
"empirical_rates",0.975845410628019
"empirical_rates",0.995024875621891
"empirical_rates",0.110552763819095
"empirical_rates",0.984615384615385
"empirical_rates",0.348484848484849
"empirical_rates",0
"empirical_rates",0
"empirical_rates",0.97948717948718
"empirical_rates",0
"empirical_rates",0.27
"empirical_rates",0.00961538461538462
"empirical_rates",0
"empirical_rates",0.902777777777778
"empirical_rates",0.430493273542601
"empirical_rates",0.980676328502415
"empirical_rates",0.993788819875776
"empirical_rates",0
"empirical_rates",0
"empirical_rates",0.03
"empirical_rates",0.407407407407407
"empirical_rates",0
"empirical_rates",0
"empirical_rates",0.00497512437810945
"empirical_rates",0.0149253731343284
"empirical_rates",0
"empirical_rates",0
"empirical_rates",0.192546583850932
"empirical_rates",0.0257731958762887
"empirical_rates",0.52020202020202
"empirical_rates",0
"empirical_rates",0.555555555555556
"empirical_rates",0
"empirical_rates",0
"empirical_rates",0
"empirical_rates",0.29951690821256
"empirical_rates",0.00462962962962963
"empirical_rates",0.986547085201794
"empirical_rates",0.0199004975124378
"empirical_rates",0
"empirical_rates",0
"empirical_rates",0.990697674418605
"empirical_rates",0
"empirical_rates",0.0808080808080808
"empirical_rates",0.990384615384615
"empirical_rates",0.144230769230769
"empirical_rates",0
"empirical_rates",0.126016260162602
"empirical_rates",0.990049751243781
"empirical_rates",0
"empirical_rates",0.817307692307692
"empirical_rates",0.995192307692308
"empirical_rates",0
"empirical_rates",0.192546583850932
"empirical_rates",0.973094170403587
"empirical_rates",0
"empirical_rates",0.0769230769230769
"empirical_rates",0.99537037037037
"empirical_rates",0
"empirical_rates",0
"empirical_rates",0.350253807106599
"empirical_rates",0.261538461538462
"empirical_rates",0
"empirical_rates",0
"empirical_rates",0.980582524271845
"empirical_rates",0.00467289719626168
"empirical_rates",0
"empirical_rates",0.00956937799043062
"empirical_rates",0.985645933014354
"empirical_rates",0
"empirical_rates",0
"empirical_rates",0
"empirical_rates",0
"empirical_rates",0
"empirical_rates",0
"empirical_rates",0.186602870813397
"empirical_rates",0.0382775119617225
"empirical_rates",0.00497512437810945
"empirical_rates",0.9875
"empirical_rates",0.00448430493273543
"empirical_rates",0.0941704035874439
"empirical_rates",0.00485436893203883
"empirical_rates",0.982062780269058
"empirical_rates",0.971291866028708
"empirical_rates",0.492753623188406
"empirical_rates",0.0747663551401869
"empirical_rates",0
"empirical_rates",0.986046511627907
"empirical_rates",0.13
"empirical_rates",0.524663677130045
"empirical_rates",0.598870056497175
"empirical_rates",0.961538461538462
"empirical_rates",0.032520325203252
"empirical_rates",0.492822966507177
"empirical_rates",0.00512820512820513
"empirical_rates",0.045
"empirical_rates",0.273148148148148
"empirical_rates",0.0416666666666667
"empirical_rates",0.149532710280374
"empirical_rates",0.438679245283019
"empirical_rates",0.0807453416149068
"empirical_rates",0.205607476635514
"empirical_rates",0.990384615384615
"empirical_rates",0.975845410628019
"empirical_rates",0
"empirical_rates",0.0336538461538462
"empirical_rates",0
"empirical_rates",0.031390134529148
"empirical_rates",0.23469387755102
"empirical_rates",0
"empirical_rates",0
"empirical_rates",0.984615384615385
"empirical_rates",0.0138888888888889
"empirical_rates",0.184615384615385
"empirical_rates",0
"empirical_rates",0
"empirical_rates",0.991266375545852
"empirical_rates",0
"empirical_rates",0.409090909090909
"empirical_rates",1
"empirical_rates",0
"empirical_rates",0
"empirical_rates",0.607476635514019
"empirical_rates",0.0303030303030303
"empirical_rates",0.393518518518519
"empirical_rates",0
"empirical_rates",0.695067264573991
"empirical_rates",0.00411522633744856
"empirical_rates",0
"empirical_rates",0
"empirical_rates",0.995
"empirical_rates",0.995
"empirical_rates",0
"empirical_rates",0
"empirical_rates",0.180555555555556
"empirical_rates",0
"empirical_rates",0
"empirical_rates",0
"empirical_rates",0.191919191919192
"empirical_rates",0.658536585365854
"empirical_rates",0.00480769230769231
"empirical_rates",0.118012422360248
"empirical_rates",0.0050761421319797
"empirical_rates",0.0889830508474576
"empirical_rates",0.0040650406504065
"empirical_rates",1
"empirical_rates",0.0307692307692308
"empirical_rates",0.467592592592593
"empirical_rates",0.97948717948718
"empirical_rates",0.0676328502415459
"empirical_rates",0.129807692307692
"empirical_rates",0.062111801242236
"empirical_rates",0
"empirical_rates",0.98974358974359
"empirical_rates",0
"empirical_rates",0
"empirical_rates",0.00480769230769231
"empirical_rates",0.258373205741627
"empirical_rates",0.00465116279069767
"empirical_rates",0.363636363636364
"empirical_rates",0.00462962962962963
"empirical_rates",0.993788819875776
"empirical_rates",0.378640776699029
"empirical_rates",0.339805825242718
"empirical_rates",0.0574162679425837
"empirical_rates",0.0240384615384615
"empirical_rates",0.072463768115942
"empirical_rates",0.995215311004785
"empirical_rates",0.00512820512820513
"empirical_rates",0.956937799043062
"empirical_rates",0.0124223602484472
"empirical_rates",0.0303030303030303
"empirical_rates",0.97948717948718
"empirical_rates",0.00512820512820513
"empirical_rates",0
"empirical_rates",0
"empirical_rates",0.995515695067265
"empirical_rates",0.0099502487562189
"empirical_rates",0.0769230769230769
"empirical_rates",0.0253807106598985
"empirical_rates",0
"empirical_rates",0
"empirical_rates",0.346153846153846
"empirical_rates",1
"empirical_rates",0
"empirical_rates",0.964102564102564
"empirical_rates",0.111111111111111
"empirical_rates",0.968325791855204
"empirical_rates",0.0462962962962963
"empirical_rates",0.0416666666666667
"empirical_rates",0
"empirical_rates",0.0670103092783505
"empirical_rates",0.383177570093458
"empirical_rates",0.436548223350254
"empirical_rates",0.97
"empirical_rates",0.430894308943089
"empirical_rates",0.956937799043062
"empirical_rates",0.115384615384615
"empirical_rates",0.149068322981366
"empirical_rates",0.00497512437810945
"empirical_rates",0.533333333333333
"empirical_rates",0.248447204968944
"empirical_rates",0.17948717948718
"empirical_rates",0
"empirical_rates",0.211711711711712
"empirical_rates",0.338461538461538
"empirical_rates",0.384615384615385
"empirical_rates",0.1875
"empirical_rates",0
"empirical_rates",0
"empirical_rates",1
"empirical_rates",0.963963963963964
"empirical_rates",0.143540669856459
"empirical_rates",0.216346153846154
"empirical_rates",0.37037037037037
"empirical_rates",0.005
"empirical_rates",0
"empirical_rates",0.994974874371859
"empirical_rates",0.48780487804878
"empirical_rates",0.0050761421319797
"empirical_rates",0.0454545454545455
"empirical_rates",0.446153846153846
"empirical_rates",0.993788819875776
"empirical_rates",0.0152284263959391
"empirical_rates",0.00925925925925926
"empirical_rates",0.995215311004785
"empirical_rates",0
"empirical_rates",0.00934579439252336
"empirical_rates",0.642276422764228
"empirical_rates",0.00625
"empirical_rates",0.359223300970874
"empirical_rates",0.317757009345794
"empirical_rates",0.245098039215686
"empirical_rates",0.329268292682927
"empirical_rates",0.524390243902439
"empirical_rates",0.0439024390243902
"empirical_rates",0
"empirical_rates",0.0143540669856459
"empirical_rates",0.345360824742268
"empirical_rates",0.024390243902439
"empirical_rates",0
"empirical_rates",0.0186915887850467
"empirical_rates",0.984848484848485
"empirical_rates",0.115740740740741
"empirical_rates",0.97979797979798
"empirical_rates",0.00512820512820513
"empirical_rates",0
"empirical_rates",0.985576923076923
"empirical_rates",0.990990990990991
"empirical_rates",0.99009900990099
"empirical_rates",0
"empirical_rates",0.00408163265306122
"empirical_rates",0
"empirical_rates",0.00934579439252336
"empirical_rates",0
"empirical_rates",0.133333333333333
"empirical_rates",0.367088607594937
"empirical_rates",0
"empirical_rates",0.0606060606060606
"empirical_rates",0
"empirical_rates",0.369230769230769
"empirical_rates",0
"empirical_rates",0
"empirical_rates",0.056910569105691
"empirical_rates",0.977578475336323
"empirical_rates",0
"empirical_rates",0.00436681222707424
"empirical_rates",0
"empirical_rates",0.473429951690821
"empirical_rates",0.0432692307692308
"empirical_rates",0.984615384615385
"empirical_rates",0.00956937799043062
"empirical_rates",0.00448430493273543
"empirical_rates",0.995215311004785
"empirical_rates",0.993788819875776
"empirical_rates",0.0307692307692308
"empirical_rates",0.974226804123711
"empirical_rates",0.347222222222222
"empirical_rates",0
"empirical_rates",0
"empirical_rates",0.980099502487562
"empirical_rates",0.0252525252525253
"empirical_rates",0.323232323232323
"empirical_rates",0.041025641025641
"empirical_rates",0
"empirical_rates",0.891752577319588
"empirical_rates",0.355855855855856
"empirical_rates",0.981308411214953
"empirical_rates",0.990566037735849
"empirical_rates",0.0062111801242236
"empirical_rates",0.0358974358974359
"empirical_rates",0.0560747663551402
"empirical_rates",0.322869955156951
"empirical_rates",0.0240384615384615
"empirical_rates",0.0979591836734694
"empirical_rates",0.0398009950248756
"empirical_rates",0.00896860986547085
"empirical_rates",0.016260162601626
"empirical_rates",0
"empirical_rates",0.215311004784689
"empirical_rates",0
"empirical_rates",0.53030303030303
"empirical_rates",0.00515463917525773
"empirical_rates",0.55050505050505
"empirical_rates",0.00448430493273543
"empirical_rates",0
"empirical_rates",0
"empirical_rates",0.355329949238579
"empirical_rates",0
"empirical_rates",0.975
"empirical_rates",0.0248756218905473
"empirical_rates",0.0101010101010101
"empirical_rates",0.00961538461538462
"empirical_rates",0.995192307692308
"empirical_rates",0
"empirical_rates",0.0248447204968944
"empirical_rates",0.984848484848485
"empirical_rates",0.121495327102804
"empirical_rates",0
"empirical_rates",0.09375
"empirical_rates",0.990990990990991
"empirical_rates",0
"empirical_rates",0.864734299516908
"empirical_rates",1
"empirical_rates",0
"empirical_rates",0.209302325581395
"empirical_rates",0.995192307692308
"empirical_rates",0.0252525252525253
"empirical_rates",0.0505050505050505
"empirical_rates",0.991031390134529
"empirical_rates",0.00478468899521531
"empirical_rates",0.00418410041841004
"empirical_rates",0.289256198347107
"empirical_rates",0.426008968609865
"empirical_rates",0
"empirical_rates",0.050761421319797
"empirical_rates",0.994949494949495
"empirical_rates",0.065
"empirical_rates",0
"empirical_rates",0.0062111801242236
"empirical_rates",0.995169082125604
"empirical_rates",0
"empirical_rates",0.00505050505050505
"empirical_rates",0
"empirical_rates",0
"empirical_rates",0
"empirical_rates",0.00505050505050505
"empirical_rates",0.229665071770335
"empirical_rates",0.031055900621118
"empirical_rates",0
"empirical_rates",0.981981981981982
"empirical_rates",0
"empirical_rates",0.153846153846154
"empirical_rates",0
"empirical_rates",0.986547085201794
"empirical_rates",1
"empirical_rates",0.583732057416268
"empirical_rates",0.00505050505050505
"empirical_rates",0
"empirical_rates",0.985645933014354
"empirical_rates",0.16
"empirical_rates",0.652777777777778
"empirical_rates",0.592592592592593
"empirical_rates",0.975155279503106
"empirical_rates",0.045
"empirical_rates",0.576744186046512
"empirical_rates",0.0062111801242236
"empirical_rates",0.0509259259259259
"empirical_rates",0.303030303030303
"empirical_rates",0.235807860262009
"empirical_rates",0.211538461538462
"empirical_rates",0.348484848484849
"empirical_rates",0.0179372197309417
"empirical_rates",0.287179487179487
"empirical_rates",0.987577639751553
"empirical_rates",0.990740740740741
"empirical_rates",0
"empirical_rates",0.112820512820513
"empirical_rates",0
"empirical_rates",0.0205128205128205
"empirical_rates",0.333333333333333
"empirical_rates",0
"empirical_rates",0
"empirical_rates",1
"empirical_rates",0.0149253731343284
"empirical_rates",0.264227642276423
"empirical_rates",0
"empirical_rates",0.0817307692307692
"empirical_rates",0.986046511627907
"empirical_rates",0
"empirical_rates",0.45959595959596
"empirical_rates",0.980861244019139
"empirical_rates",0
"empirical_rates",0
"empirical_rates",0.486111111111111
"empirical_rates",0.0787037037037037
"empirical_rates",0.459349593495935
"empirical_rates",0
"empirical_rates",0.8375
"empirical_rates",0
"empirical_rates",0
"empirical_rates",0
"empirical_rates",0.994949494949495
"empirical_rates",0.995495495495496
"empirical_rates",0
"empirical_rates",0
"empirical_rates",0.197309417040359
"empirical_rates",0.00497512437810945
"empirical_rates",0.00480769230769231
"empirical_rates",0
"empirical_rates",0.411214953271028
"empirical_rates",0.697115384615385
"empirical_rates",0.00925925925925926
"empirical_rates",0.05
"empirical_rates",0.0203252032520325
"empirical_rates",0.0434782608695652
"empirical_rates",0.01
"empirical_rates",0.986111111111111
"empirical_rates",0.0240384615384615
"empirical_rates",0.503105590062112
"empirical_rates",0.984615384615385
"empirical_rates",0.122171945701357
"empirical_rates",0.0869565217391304
"empirical_rates",0.0135135135135135
"empirical_rates",0.0430622009569378
"empirical_rates",1
"empirical_rates",0
"empirical_rates",0
"empirical_rates",0
"empirical_rates",0.196969696969697
"empirical_rates",0
"empirical_rates",0.208333333333333
"empirical_rates",0
"empirical_rates",0.990384615384615
"empirical_rates",0.515527950310559
"empirical_rates",0.148325358851675
"empirical_rates",0.143589743589744
"empirical_rates",0
"empirical_rates",0.0757575757575758
"empirical_rates",0.98989898989899
"empirical_rates",0.0240384615384615
"empirical_rates",0.99537037037037
"empirical_rates",0.0144230769230769
"empirical_rates",0.0240384615384615
"empirical_rates",0.995024875621891
"empirical_rates",0
"empirical_rates",0.0099502487562189
"empirical_rates",0
"empirical_rates",1
"empirical_rates",0
"empirical_rates",0.0287081339712919
"empirical_rates",0.00483091787439614
"empirical_rates",0.00448430493273543
"empirical_rates",0
"empirical_rates",0.323076923076923
"empirical_rates",0.990049751243781
"empirical_rates",0
"empirical_rates",0.990950226244344
"empirical_rates",0.0465116279069767
"empirical_rates",0.987577639751553
"empirical_rates",0.0384615384615385
"empirical_rates",0.196969696969697
"empirical_rates",0
"empirical_rates",0.00485436893203883
"empirical_rates",0.273684210526316
"empirical_rates",0.574358974358974
"empirical_rates",0.956937799043062
"empirical_rates",0.439393939393939
"empirical_rates",0.98
"empirical_rates",0.082051282051282
"empirical_rates",0.151515151515152
"empirical_rates",0.0191387559808612
"empirical_rates",0.629807692307692
"empirical_rates",0.0897959183673469
"empirical_rates",0.191387559808612
"empirical_rates",0.015
"empirical_rates",0.131313131313131
"empirical_rates",0.336538461538462
"empirical_rates",0.258196721311475
"empirical_rates",0.0966386554621849
"empirical_rates",0
"empirical_rates",0
"empirical_rates",0.995215311004785
"empirical_rates",0.985645933014354
"empirical_rates",0.28
"empirical_rates",0.0580912863070539
"empirical_rates",0.507462686567164
"empirical_rates",0.00934579439252336
"empirical_rates",0
"empirical_rates",0.97948717948718
"empirical_rates",0.348717948717949
"empirical_rates",0.0257731958762887
"empirical_rates",0.0353535353535354
"empirical_rates",0.48780487804878
"empirical_rates",0.980769230769231
"empirical_rates",0.0193236714975845
"empirical_rates",0.037037037037037
"empirical_rates",1
"empirical_rates",0
"empirical_rates",0.0045045045045045
"empirical_rates",0.618834080717489
"empirical_rates",0.0336538461538462
"empirical_rates",0.336448598130841
"empirical_rates",0.656565656565657
"empirical_rates",0.319444444444444
"empirical_rates",0.297674418604651
"empirical_rates",0.381165919282511
"empirical_rates",0.0961538461538462
"empirical_rates",0.00478468899521531
"empirical_rates",0.0045045045045045
"empirical_rates",0.297979797979798
"empirical_rates",0.148325358851675
"empirical_rates",0
"empirical_rates",0
"empirical_rates",0.97948717948718
"empirical_rates",0.143497757847534
"empirical_rates",0.985849056603774
"empirical_rates",0.00497512437810945
"empirical_rates",0
"empirical_rates",0.946188340807175
"empirical_rates",0.974747474747475
"empirical_rates",0.953271028037383
"empirical_rates",0
"empirical_rates",0
"empirical_rates",0.0062111801242236
"empirical_rates",0.00515463917525773
"empirical_rates",0
"empirical_rates",0.0731707317073171
"empirical_rates",0.38125
"empirical_rates",0
"empirical_rates",0.031055900621118
"empirical_rates",0
"empirical_rates",0.346153846153846
"empirical_rates",0
"empirical_rates",0
"empirical_rates",0.0606060606060606
"empirical_rates",0.984771573604061
"empirical_rates",0.00925925925925926
"empirical_rates",0
"empirical_rates",0
"empirical_rates",0.397321428571429
"empirical_rates",0.0186335403726708
"empirical_rates",0.97196261682243
"empirical_rates",0.00934579439252336
"empirical_rates",0.0597014925373134
"empirical_rates",0.981308411214953
"empirical_rates",0.99537037037037
"empirical_rates",0.0675675675675676
"empirical_rates",0.99537037037037
"empirical_rates",0.338308457711443
"empirical_rates",0
"empirical_rates",0.0459183673469388
"empirical_rates",0.991031390134529
"empirical_rates",0
"empirical_rates",0.483091787439614
"empirical_rates",0.0205128205128205
"empirical_rates",0
"empirical_rates",0.905829596412556
"empirical_rates",0.409326424870466
"empirical_rates",0.995215311004785
"empirical_rates",0.983673469387755
"empirical_rates",0
"empirical_rates",0.00813008130081301
"empirical_rates",0.062780269058296
"empirical_rates",0.302884615384615
"empirical_rates",0
"empirical_rates",0.00497512437810945
"empirical_rates",0.00471698113207547
"empirical_rates",0.123711340206186
"empirical_rates",0
"empirical_rates",0
"empirical_rates",0.121951219512195
"empirical_rates",0
"empirical_rates",0.345360824742268
"empirical_rates",0
"empirical_rates",0.527777777777778
"empirical_rates",0.0124223602484472
"empirical_rates",0
"empirical_rates",0
"empirical_rates",0.390134529147982
"empirical_rates",0.00934579439252336
"empirical_rates",0.981308411214953
"empirical_rates",0.0143540669856459
"empirical_rates",0
"empirical_rates",0.00454545454545455
"empirical_rates",1
"empirical_rates",0
"empirical_rates",0.0135135135135135
"empirical_rates",0.979381443298969
"empirical_rates",0.152777777777778
"empirical_rates",0
"empirical_rates",0.1
"empirical_rates",1
"empirical_rates",0
"empirical_rates",0.869565217391304
"empirical_rates",0.990430622009569
"empirical_rates",0
"empirical_rates",0.146464646464646
"empirical_rates",0.994871794871795
"empirical_rates",0.00505050505050505
"empirical_rates",0.130841121495327
"empirical_rates",0.984615384615385
"empirical_rates",0.00961538461538462
"empirical_rates",0
"empirical_rates",0.363636363636364
"empirical_rates",0.255
"empirical_rates",0
"empirical_rates",0.00934579439252336
"empirical_rates",0.956521739130435
"empirical_rates",0.0124223602484472
"empirical_rates",0
"empirical_rates",0.00448430493273543
"empirical_rates",0.991031390134529
"empirical_rates",0
"empirical_rates",0
"empirical_rates",0
"empirical_rates",0.0149253731343284
"empirical_rates",0
"empirical_rates",0.00462962962962963
"empirical_rates",0.291457286432161
"empirical_rates",0.0654205607476635
"empirical_rates",0.0202020202020202
"empirical_rates",0.981308411214953
"empirical_rates",0
"empirical_rates",0.102564102564103
"empirical_rates",0
"empirical_rates",1
"empirical_rates",1
"empirical_rates",0.327102803738318
"empirical_rates",0.0040650406504065
"empirical_rates",0
"empirical_rates",0.975124378109453
"empirical_rates",0.246153846153846
"empirical_rates",0.484304932735426
"empirical_rates",0.591928251121076
"empirical_rates",0.981308411214953
"empirical_rates",0.0377358490566038
"empirical_rates",0.520179372197309
"empirical_rates",0.0618556701030928
"empirical_rates",0.168269230769231
"empirical_rates",0.360576923076923
"empirical_rates",0.125560538116592
"empirical_rates",0.1
"empirical_rates",0.572115384615385
"empirical_rates",0.0353535353535354
"empirical_rates",0.457399103139013
"empirical_rates",1
"empirical_rates",0.969543147208122
"empirical_rates",0
"empirical_rates",0.15
"empirical_rates",0
"empirical_rates",0.00934579439252336
"empirical_rates",0.277777777777778
"empirical_rates",0
"empirical_rates",0
"empirical_rates",1
"empirical_rates",0.0315315315315315
"empirical_rates",0.25462962962963
"empirical_rates",0
"empirical_rates",0.00480769230769231
"empirical_rates",0.97979797979798
"empirical_rates",0
"empirical_rates",0.476851851851852
"empirical_rates",0.980676328502415
"empirical_rates",0.00480769230769231
"empirical_rates",0
"empirical_rates",0.383838383838384
"empirical_rates",0.00975609756097561
"empirical_rates",0.401869158878505
"empirical_rates",0
"empirical_rates",0.729508196721312
"empirical_rates",0
"empirical_rates",0
"empirical_rates",0.0404040404040404
"empirical_rates",0.970149253731343
"empirical_rates",0.962616822429907
"empirical_rates",0
"empirical_rates",0
"empirical_rates",0.157360406091371
"empirical_rates",0.0045045045045045
"empirical_rates",0.00956937799043062
"empirical_rates",0
"empirical_rates",0.355102040816327
"empirical_rates",0.523364485981308
"empirical_rates",0.0099502487562189
"empirical_rates",0.085
"empirical_rates",0.0192307692307692
"empirical_rates",0.0555555555555556
"empirical_rates",0
"empirical_rates",0.990430622009569
"empirical_rates",0.0858585858585859
"empirical_rates",0.477611940298507
"empirical_rates",0.98989898989899
"empirical_rates",0.191387559808612
"empirical_rates",0.0669856459330144
"empirical_rates",0.018018018018018
"empirical_rates",0.0050761421319797
"empirical_rates",0.977578475336323
"empirical_rates",0.0358744394618834
"empirical_rates",0
"empirical_rates",0
"empirical_rates",0.17948717948718
"empirical_rates",0
"empirical_rates",0.17
"empirical_rates",0
"empirical_rates",0.97196261682243
"empirical_rates",0.36734693877551
"empirical_rates",0.117886178861789
"empirical_rates",0.0564102564102564
"empirical_rates",0.0447761194029851
"empirical_rates",0.0880829015544041
"empirical_rates",0.987577639751553
"empirical_rates",0.0045045045045045
"empirical_rates",0.970149253731343
"empirical_rates",0.0673076923076923
"empirical_rates",0.00956937799043062
"empirical_rates",0.961722488038278
"empirical_rates",0.015
"empirical_rates",0
"empirical_rates",0.0101010101010101
"empirical_rates",0.994871794871795
"empirical_rates",0
"empirical_rates",0.0225225225225225
"empirical_rates",0
"empirical_rates",0.0186915887850467
"empirical_rates",0
"empirical_rates",0.457943925233645
"empirical_rates",0.975124378109453
"empirical_rates",0
"empirical_rates",0.995192307692308
"empirical_rates",0.0240384615384615
"empirical_rates",0.970873786407767
"empirical_rates",0.0194174757281553
"empirical_rates",0.0654205607476635
"empirical_rates",0
"empirical_rates",0
"empirical_rates",0.18
"empirical_rates",0.4
"empirical_rates",0.954545454545455
"empirical_rates",0.336448598130841
"empirical_rates",0.995515695067265
"empirical_rates",0.0683229813664596
"empirical_rates",0.135
"empirical_rates",0.00478468899521531
"empirical_rates",0.654205607476635
"empirical_rates",0.093167701863354
"empirical_rates",0.0833333333333333
"empirical_rates",0.0138888888888889
"empirical_rates",0.194029850746269
"empirical_rates",0.237113402061856
"empirical_rates",0.298076923076923
"empirical_rates",0.106060606060606
"empirical_rates",0
"empirical_rates",0
"empirical_rates",0.979591836734694
"empirical_rates",0.974747474747475
"empirical_rates",0.22360248447205
"empirical_rates",0.0865384615384615
"empirical_rates",0.482587064676617
"empirical_rates",0.00478468899521531
"empirical_rates",0
"empirical_rates",0.995
"empirical_rates",0.44
"empirical_rates",0.00497512437810945
"empirical_rates",0.0149253731343284
"empirical_rates",0.320388349514563
"empirical_rates",0.963414634146341
"empirical_rates",0.0186915887850467
"empirical_rates",0.0153846153846154
"empirical_rates",1
"empirical_rates",0
"empirical_rates",0.00448430493273543
"empirical_rates",0.54228855721393
"empirical_rates",0.00961538461538462
"empirical_rates",0.274038461538462
"empirical_rates",0.324074074074074
"empirical_rates",0.086734693877551
"empirical_rates",0.38
"empirical_rates",0.485981308411215
"empirical_rates",0.0138888888888889
"empirical_rates",0
"empirical_rates",0
"empirical_rates",0.293023255813953
"empirical_rates",0.0528846153846154
"empirical_rates",0.0153846153846154
"empirical_rates",0
"empirical_rates",0.994949494949495
"empirical_rates",0.184615384615385
"empirical_rates",1
"empirical_rates",0
"empirical_rates",0
"empirical_rates",0.995495495495496
"empirical_rates",0.976076555023923
"empirical_rates",0.990740740740741
"empirical_rates",0
"empirical_rates",0.015625
"empirical_rates",0
"empirical_rates",0.0769230769230769
"empirical_rates",0
"empirical_rates",0.0448430493273543
"empirical_rates",0.201923076923077
"empirical_rates",0
"empirical_rates",0.0253807106598985
"empirical_rates",0
"empirical_rates",0.373831775700935
"empirical_rates",0
"empirical_rates",0
"empirical_rates",0.0509259259259259
"empirical_rates",1
"empirical_rates",0
"empirical_rates",0
"empirical_rates",0
"empirical_rates",0.423076923076923
"empirical_rates",0.0941704035874439
"empirical_rates",1
"empirical_rates",0.005
"empirical_rates",0
"empirical_rates",0.981308411214953
"empirical_rates",0.980769230769231
"empirical_rates",0.0154639175257732
"empirical_rates",0.993710691823899
"empirical_rates",0.272727272727273
"empirical_rates",0
"empirical_rates",0.0062111801242236
"empirical_rates",0.995934959349594
"empirical_rates",0
"empirical_rates",0.304932735426009
"empirical_rates",0.031390134529148
"empirical_rates",0
"empirical_rates",0.94392523364486
"empirical_rates",0.439252336448598
"empirical_rates",0.985074626865672
"empirical_rates",0.972093023255814
"empirical_rates",0
"empirical_rates",0.00497512437810945
"empirical_rates",0.0560747663551402
"empirical_rates",0.403846153846154
"empirical_rates",0.0134529147982063
"empirical_rates",0
"empirical_rates",0.0099502487562189
"empirical_rates",0.0124223602484472
"empirical_rates",0
"empirical_rates",0.00448430493273543
"empirical_rates",0.110047846889952
"empirical_rates",0
"empirical_rates",0.64
"empirical_rates",0.0040983606557377
"empirical_rates",0.443946188340807
"empirical_rates",0
"empirical_rates",0
"empirical_rates",0.00961538461538462
"empirical_rates",0.263888888888889
"empirical_rates",0
"empirical_rates",0.984771573604061
"empirical_rates",0.0934579439252336
"empirical_rates",0.0099502487562189
"empirical_rates",0.00454545454545455
"empirical_rates",0.961538461538462
"empirical_rates",0
"empirical_rates",0.013953488372093
"empirical_rates",1
"empirical_rates",0.0980392156862745
"empirical_rates",0
"empirical_rates",0.135135135135135
"empirical_rates",0.985576923076923
"empirical_rates",0.00515463917525773
"empirical_rates",0.873469387755102
"empirical_rates",0.98989898989899
"empirical_rates",0
"empirical_rates",0.119402985074627
"empirical_rates",0.975155279503106
"empirical_rates",0.120192307692308
"empirical_rates",0.150943396226415
"empirical_rates",0.986547085201794
"empirical_rates",0
"empirical_rates",0
"empirical_rates",0.411214953271028
"empirical_rates",0.297674418604651
"empirical_rates",0.00462962962962963
"empirical_rates",0.0280373831775701
"empirical_rates",0.993788819875776
"empirical_rates",0.0062111801242236
"empirical_rates",0
"empirical_rates",0
"empirical_rates",1
"empirical_rates",0
"empirical_rates",0
"empirical_rates",0
"empirical_rates",0
"empirical_rates",0
"empirical_rates",0
"empirical_rates",0.228855721393035
"empirical_rates",0.0461538461538462
"empirical_rates",0
"empirical_rates",0.980769230769231
"empirical_rates",0
"empirical_rates",0.0869565217391304
"empirical_rates",0.00480769230769231
"empirical_rates",0.974489795918367
"empirical_rates",0.98974358974359
"empirical_rates",0.600961538461538
"empirical_rates",0.0045045045045045
"empirical_rates",0
"empirical_rates",0.985645933014354
"empirical_rates",0.349282296650718
"empirical_rates",0.512437810945274
"empirical_rates",0.652777777777778
"empirical_rates",0.97979797979798
"empirical_rates",0.056910569105691
"empirical_rates",0.547085201793722
"empirical_rates",0.0406091370558376
"empirical_rates",0.093167701863354
"empirical_rates",0.341614906832298
"empirical_rates",0.134328358208955
"empirical_rates",0.102564102564103
"empirical_rates",0.412935323383085
"empirical_rates",0.00478468899521531
"empirical_rates",0.292929292929293
"empirical_rates",1
"empirical_rates",0.990697674418605
"empirical_rates",0
"empirical_rates",0.0412371134020619
"empirical_rates",0
"empirical_rates",0.0298507462686567
"empirical_rates",0.219626168224299
"empirical_rates",0.0248756218905473
"empirical_rates",0.0153846153846154
"empirical_rates",0.990384615384615
"empirical_rates",0.0124223602484472
"empirical_rates",0.177570093457944
"empirical_rates",0
"empirical_rates",0
"empirical_rates",0.971544715447154
"empirical_rates",0.00813008130081301
"empirical_rates",0.309417040358744
"empirical_rates",0.98780487804878
"empirical_rates",0
"empirical_rates",0
"empirical_rates",0.538116591928251
"empirical_rates",0
"empirical_rates",0.363636363636364
"empirical_rates",0
"empirical_rates",0.781094527363184
"empirical_rates",0.0102564102564103
"empirical_rates",0
"empirical_rates",0
"empirical_rates",1
"empirical_rates",0.973094170403587
"empirical_rates",0
"empirical_rates",0
"empirical_rates",0.27363184079602
"empirical_rates",0
"empirical_rates",0.0186915887850467
"empirical_rates",0
"empirical_rates",0.270642201834862
"empirical_rates",0.573991031390135
"empirical_rates",0.0144927536231884
"empirical_rates",0.0582959641255605
"empirical_rates",0.0149253731343284
"empirical_rates",0.17948717948718
"empirical_rates",0.00816326530612245
"empirical_rates",0.989473684210526
"empirical_rates",0.0925925925925926
"empirical_rates",0.381443298969072
"empirical_rates",0.990867579908676
"empirical_rates",0.12962962962963
"empirical_rates",0.0471698113207547
"empirical_rates",0.0099502487562189
"empirical_rates",0.124401913875598
"empirical_rates",0.990049751243781
"empirical_rates",0
"empirical_rates",0
"empirical_rates",0
"empirical_rates",0.186915887850467
"empirical_rates",0
"empirical_rates",0.297777777777778
"empirical_rates",0
"empirical_rates",0.983606557377049
"empirical_rates",0.275
"empirical_rates",0.182203389830508
"empirical_rates",0.0650406504065041
"empirical_rates",0
"empirical_rates",0.0757575757575758
"empirical_rates",0.995024875621891
"empirical_rates",0.0149253731343284
"empirical_rates",0.985
"empirical_rates",0.0125
"empirical_rates",0
"empirical_rates",0.977578475336323
"empirical_rates",0.00956937799043062
"empirical_rates",0
"empirical_rates",0
"empirical_rates",0.991869918699187
"empirical_rates",0
"empirical_rates",0.00478468899521531
"empirical_rates",0.00512820512820513
"empirical_rates",0
"empirical_rates",0
"empirical_rates",0.466346153846154
"empirical_rates",0.991869918699187
"empirical_rates",0
"empirical_rates",1
"empirical_rates",0.138461538461538
"empirical_rates",0.990740740740741
"empirical_rates",0.0993788819875776
"empirical_rates",0.0403587443946188
"empirical_rates",0
"empirical_rates",0
"empirical_rates",0.230769230769231
"empirical_rates",0.53416149068323
"empirical_rates",0.962616822429907
"empirical_rates",0.464646464646465
"empirical_rates",0.964102564102564
"empirical_rates",0.168421052631579
"empirical_rates",0.177884615384615
"empirical_rates",0
"empirical_rates",0.723076923076923
"empirical_rates",0.106060606060606
"empirical_rates",0.0913461538461538
"empirical_rates",0.00465116279069767
"empirical_rates",0.221153846153846
"empirical_rates",0.233183856502242
"empirical_rates",0.314720812182741
"empirical_rates",0.0505050505050505
"empirical_rates",0
"empirical_rates",0
"empirical_rates",0.984771573604061
"empirical_rates",0.990049751243781
"empirical_rates",0.253731343283582
"empirical_rates",0.198198198198198
"empirical_rates",0.517766497461929
"empirical_rates",0
"empirical_rates",0
"empirical_rates",0.981981981981982
"empirical_rates",0.469387755102041
"empirical_rates",0.0772357723577236
"empirical_rates",0.126262626262626
"empirical_rates",0.342465753424658
"empirical_rates",0.980676328502415
"empirical_rates",0.0315315315315315
"empirical_rates",0.138461538461538
"empirical_rates",0.985
"empirical_rates",0
"empirical_rates",0.00896860986547085
"empirical_rates",0.631313131313131
"empirical_rates",0
"empirical_rates",0.398373983739837
"empirical_rates",0.333333333333333
"empirical_rates",0.109756097560976
"empirical_rates",0.254807692307692
"empirical_rates",0.570093457943925
"empirical_rates",0.0280373831775701
"empirical_rates",0
"empirical_rates",0
"empirical_rates",0.381165919282511
"empirical_rates",0.0138888888888889
"empirical_rates",0
"empirical_rates",0
"empirical_rates",1
"empirical_rates",0.1875
"empirical_rates",0.994871794871795
"empirical_rates",0
"empirical_rates",0
"empirical_rates",0.981366459627329
"empirical_rates",0.962616822429907
"empirical_rates",0.98780487804878
"empirical_rates",0
"empirical_rates",0
"empirical_rates",0
"empirical_rates",0
"empirical_rates",0.0045045045045045
"empirical_rates",0.037037037037037
"empirical_rates",0.364485981308411
"empirical_rates",0
"empirical_rates",0.0386473429951691
"empirical_rates",0
"empirical_rates",0.316770186335404
"empirical_rates",0
"empirical_rates",0.00956937799043062
"empirical_rates",0.0574162679425837
"empirical_rates",0.99492385786802
"empirical_rates",0
"empirical_rates",0
"empirical_rates",0
"empirical_rates",0.555023923444976
"empirical_rates",0.121076233183857
"empirical_rates",0.990740740740741
"empirical_rates",0.0151515151515152
"empirical_rates",0.00925925925925926
"empirical_rates",0.995145631067961
"empirical_rates",0.99537037037037
"empirical_rates",0.0528846153846154
"empirical_rates",0.983240223463687
"empirical_rates",0.255605381165919
"empirical_rates",0
"empirical_rates",0
"empirical_rates",0.99
"empirical_rates",0.0102564102564103
"empirical_rates",0.302564102564103
"empirical_rates",0.0186915887850467
"empirical_rates",0
"empirical_rates",0.951020408163265
"empirical_rates",0.453703703703704
"empirical_rates",0.99
"empirical_rates",0.990430622009569
"empirical_rates",0
"empirical_rates",0.00448430493273543
"empirical_rates",0.0683229813664596
"empirical_rates",0.382775119617225
"empirical_rates",0.00512820512820513
"empirical_rates",0
"empirical_rates",0
"empirical_rates",0.031055900621118
"empirical_rates",0.0812182741116751
"empirical_rates",0.0769230769230769
"empirical_rates",0.338383838383838
"empirical_rates",0
"empirical_rates",0.58
"empirical_rates",0
"empirical_rates",0.436123348017621
"empirical_rates",0.00480769230769231
"empirical_rates",0.00934579439252336
"empirical_rates",0
"empirical_rates",0.254807692307692
"empirical_rates",0.00497512437810945
"empirical_rates",0.98125
"empirical_rates",0.031055900621118
"empirical_rates",0.0194174757281553
"empirical_rates",0.0206185567010309
"empirical_rates",0.991031390134529
"empirical_rates",0
"empirical_rates",0.161616161616162
"empirical_rates",0.981395348837209
"empirical_rates",0.130044843049327
"empirical_rates",0
"empirical_rates",0.181818181818182
"empirical_rates",0.99537037037037
"empirical_rates",0.00480769230769231
"empirical_rates",0.897196261682243
"empirical_rates",0.975609756097561
"empirical_rates",0
"empirical_rates",0.167464114832536
"empirical_rates",1
"empirical_rates",0
"empirical_rates",0.0683229813664596
"empirical_rates",0.984848484848485
"empirical_rates",0
"empirical_rates",0
"empirical_rates",0.503105590062112
"empirical_rates",0.28125
"empirical_rates",0
"empirical_rates",0.00505050505050505
"empirical_rates",0.981308411214953
"empirical_rates",0.0717488789237668
"empirical_rates",0
"empirical_rates",0
"empirical_rates",0.995024875621891
"empirical_rates",0
"empirical_rates",0
"empirical_rates",0
"empirical_rates",0
"empirical_rates",0
"empirical_rates",0.0188679245283019
"empirical_rates",0.153846153846154
"empirical_rates",0.031390134529148
"empirical_rates",0
"empirical_rates",0.983333333333333
"empirical_rates",0.00497512437810945
"empirical_rates",0.115384615384615
"empirical_rates",0.00448430493273543
"empirical_rates",0.99537037037037
"empirical_rates",0.99537037037037
"empirical_rates",0.437158469945355
"empirical_rates",0.0040650406504065
"empirical_rates",0
"empirical_rates",0.995169082125604
"empirical_rates",0.373831775700935
"empirical_rates",0.587939698492462
"empirical_rates",0.519230769230769
"empirical_rates",0.953846153846154
"empirical_rates",0.0461538461538462
"empirical_rates",0.5
"empirical_rates",0.00625
"empirical_rates",0.02
"empirical_rates",0.434343434343434
"empirical_rates",0.072463768115942
"empirical_rates",0.254658385093168
"empirical_rates",0.381165919282511
"empirical_rates",0.00425531914893617
"empirical_rates",0.285
"empirical_rates",0.976076555023923
"empirical_rates",1
"empirical_rates",0
"empirical_rates",0.00934579439252336
"empirical_rates",0
"empirical_rates",0.0127659574468085
"empirical_rates",0.313432835820896
"empirical_rates",0
"empirical_rates",0.0416666666666667
"empirical_rates",0.995192307692308
"empirical_rates",0.115384615384615
"empirical_rates",0.305263157894737
"empirical_rates",0
"empirical_rates",0.0126582278481013
"empirical_rates",0.971153846153846
"empirical_rates",0
"empirical_rates",0.406091370558376
"empirical_rates",1
"empirical_rates",0.00970873786407767
"empirical_rates",0
"empirical_rates",0.598086124401914
"empirical_rates",0
"empirical_rates",0.363636363636364
"empirical_rates",0
"empirical_rates",0.695067264573991
"empirical_rates",0
"empirical_rates",0
"empirical_rates",0.00467289719626168
"empirical_rates",0.985645933014354
"empirical_rates",0.986111111111111
"empirical_rates",0
"empirical_rates",0
"empirical_rates",0.214953271028037
"empirical_rates",0.00934579439252336
"empirical_rates",0.00925925925925926
"empirical_rates",0
"empirical_rates",0.34010152284264
"empirical_rates",0.631313131313131
"empirical_rates",0.031390134529148
"empirical_rates",0.101626016260163
"empirical_rates",0.0204081632653061
"empirical_rates",0.167464114832536
"empirical_rates",0
"empirical_rates",0.98
"empirical_rates",0.0683229813664596
"empirical_rates",0.373831775700935
"empirical_rates",0.97196261682243
"empirical_rates",0.0654205607476635
"empirical_rates",0.112107623318386
"empirical_rates",0.076555023923445
"empirical_rates",0.00934579439252336
"empirical_rates",0.994845360824742
"empirical_rates",0
"empirical_rates",0.0576923076923077
"empirical_rates",0
"empirical_rates",0.236111111111111
"empirical_rates",0
"empirical_rates",0.287081339712919
"empirical_rates",0.00497512437810945
"empirical_rates",0.981366459627329
"empirical_rates",0.269058295964126
"empirical_rates",0.145569620253165
"empirical_rates",0.0348258706467662
"empirical_rates",0.00934579439252336
"empirical_rates",0.0666666666666667
"empirical_rates",1
"empirical_rates",0.0303030303030303
"empirical_rates",0.995515695067265
"empirical_rates",0.0404040404040404
"empirical_rates",0.00480769230769231
"empirical_rates",0.98780487804878
"empirical_rates",0.0101522842639594
"empirical_rates",0
"empirical_rates",0
"empirical_rates",0.990654205607477
"empirical_rates",0
"empirical_rates",0.0199004975124378
"empirical_rates",0.0102564102564103
"empirical_rates",0.00505050505050505
"empirical_rates",0
"empirical_rates",0.478468899521531
"empirical_rates",0.960199004975124
"empirical_rates",0
"empirical_rates",0.981366459627329
"empirical_rates",0.0124223602484472
"empirical_rates",0.975609756097561
"empirical_rates",0.0324074074074074
"empirical_rates",0.0745341614906832
"empirical_rates",0
"empirical_rates",0.0186915887850467
"empirical_rates",0.303030303030303
"empirical_rates",0.41025641025641
"empirical_rates",0.93125
"empirical_rates",0.442307692307692
"empirical_rates",0.995901639344262
"empirical_rates",0.164102564102564
"empirical_rates",0.0945945945945946
"empirical_rates",0.00515463917525773
"empirical_rates",0.551401869158878
"empirical_rates",0.104477611940299
"empirical_rates",0.241025641025641
"empirical_rates",0.0151515151515152
"empirical_rates",0.120192307692308
"empirical_rates",0.299065420560748
"empirical_rates",0.364485981308411
"empirical_rates",0.196261682242991
"empirical_rates",0
"empirical_rates",0
"empirical_rates",1
"empirical_rates",0.987577639751553
"empirical_rates",0.309417040358744
"empirical_rates",0.0883720930232558
"empirical_rates",0.4688995215311
"empirical_rates",0.0103092783505155
"empirical_rates",0.00925925925925926
"empirical_rates",0.969072164948454
"empirical_rates",0.448598130841121
"empirical_rates",0.0154639175257732
"empirical_rates",0.0497512437810945
"empirical_rates",0.49537037037037
"empirical_rates",1
"empirical_rates",0.0135135135135135
"empirical_rates",0.048780487804878
"empirical_rates",0.987577639751553
"empirical_rates",0
"empirical_rates",0.0103092783505155
"empirical_rates",0.782222222222222
"empirical_rates",0.0040650406504065
"empirical_rates",0.342592592592593
"empirical_rates",0.346153846153846
"empirical_rates",0.082051282051282
"empirical_rates",0.202020202020202
"empirical_rates",0.408163265306122
"empirical_rates",0.00896860986547085
"empirical_rates",0
"empirical_rates",0.0512820512820513
"empirical_rates",0.253588516746411
"empirical_rates",0.0776699029126214
"empirical_rates",0
"empirical_rates",0
"empirical_rates",0.97979797979798
"empirical_rates",0.0807174887892377
"empirical_rates",1
"empirical_rates",0.00925925925925926
"empirical_rates",0
"empirical_rates",0.982062780269058
"empirical_rates",0.981366459627329
"empirical_rates",0.98989898989899
"empirical_rates",0
"empirical_rates",0.00480769230769231
"empirical_rates",0
"empirical_rates",0.0186915887850467
"empirical_rates",0
"empirical_rates",0.048780487804878
"empirical_rates",0.41869918699187
"empirical_rates",0
"empirical_rates",0.0609137055837563
"empirical_rates",0
"empirical_rates",0.236111111111111
"empirical_rates",0
"empirical_rates",0
"empirical_rates",0.136645962732919
"empirical_rates",0.989637305699482
"empirical_rates",0.00854700854700855
"empirical_rates",0.00480769230769231
"empirical_rates",0
"empirical_rates",0.533333333333333
"empirical_rates",0.0277777777777778
"empirical_rates",0.984615384615385
"empirical_rates",0.0099502487562189
"empirical_rates",0.0125
"empirical_rates",0.987577639751553
"empirical_rates",0.987577639751553
"empirical_rates",0.00934579439252336
"empirical_rates",1
"empirical_rates",0.280487804878049
"empirical_rates",0
"empirical_rates",0
"empirical_rates",1
"empirical_rates",0.00480769230769231
"empirical_rates",0.390756302521008
"empirical_rates",0.0149253731343284
"empirical_rates",0
"empirical_rates",0.974358974358974
"empirical_rates",0.469072164948454
"empirical_rates",0.991031390134529
"empirical_rates",0.995169082125604
"empirical_rates",0
"empirical_rates",0
"empirical_rates",0.0284552845528455
"empirical_rates",0.37888198757764
"empirical_rates",0.0138888888888889
"empirical_rates",0
"empirical_rates",0.0205128205128205
"empirical_rates",0.0134529147982063
"empirical_rates",0
"empirical_rates",0.005
"empirical_rates",0.147058823529412
"empirical_rates",0
"empirical_rates",0.555102040816327
"empirical_rates",0
"empirical_rates",0.38755980861244
"empirical_rates",0
"empirical_rates",0
"empirical_rates",0.00462962962962963
"empirical_rates",0.362694300518135
"empirical_rates",0
"empirical_rates",0.959641255605381
"empirical_rates",0.00956937799043062
"empirical_rates",0.0334928229665072
"empirical_rates",0.0125
"empirical_rates",0.962732919254658
"empirical_rates",0
"empirical_rates",0.0526315789473684
"empirical_rates",1
"empirical_rates",0.175
"empirical_rates",0
"empirical_rates",0.224215246636771
"empirical_rates",0.990430622009569
"empirical_rates",0
"empirical_rates",0.773148148148148
"empirical_rates",0.990740740740741
"empirical_rates",0
"empirical_rates",0.110576923076923
"empirical_rates",0.990384615384615
"empirical_rates",0.0103092783505155
"empirical_rates",0.0358974358974359
"empirical_rates",0.98125
"empirical_rates",0
"empirical_rates",0
"empirical_rates",0.238805970149254
"empirical_rates",0.29
"empirical_rates",0.00934579439252336
"empirical_rates",0.0062111801242236
"empirical_rates",0.97196261682243
"empirical_rates",0.0409090909090909
"empirical_rates",0
"empirical_rates",0.00497512437810945
"empirical_rates",0.980676328502415
"empirical_rates",0.00512820512820513
"empirical_rates",0
"empirical_rates",0
"empirical_rates",0.00480769230769231
"empirical_rates",0
"empirical_rates",0.00497512437810945
"empirical_rates",0.16260162601626
"empirical_rates",0.0330578512396694
"empirical_rates",0
"empirical_rates",0.995169082125604
"empirical_rates",0
"empirical_rates",0.0372670807453416
"empirical_rates",0
"empirical_rates",0.975961538461538
"empirical_rates",0.975
"empirical_rates",0.447115384615385
"empirical_rates",0.00480769230769231
"empirical_rates",0
"empirical_rates",0.96875
"empirical_rates",0.233644859813084
"empirical_rates",0.608695652173913
"empirical_rates",0.634517766497462
"empirical_rates",0.990654205607477
"empirical_rates",0.0463917525773196
"empirical_rates",0.629807692307692
"empirical_rates",0.058252427184466
"empirical_rates",0.025
"empirical_rates",0.26027397260274
"empirical_rates",0.13125
"empirical_rates",0.142276422764228
"empirical_rates",0.282828282828283
"empirical_rates",0.00518134715025907
"empirical_rates",0.221153846153846
"empirical_rates",0.990049751243781
"empirical_rates",0.993788819875776
"empirical_rates",0
"empirical_rates",0.00816326530612245
"empirical_rates",0
"empirical_rates",0.0358974358974359
"empirical_rates",0.174887892376682
"empirical_rates",0.0101010101010101
"empirical_rates",0.00497512437810945
"empirical_rates",0.984536082474227
"empirical_rates",0
"empirical_rates",0.336538461538462
"empirical_rates",0
"empirical_rates",0.00512820512820513
"empirical_rates",0.974747474747475
"empirical_rates",0.0256410256410256
"empirical_rates",0.532710280373832
"empirical_rates",0.994949494949495
"empirical_rates",0
"empirical_rates",0
"empirical_rates",0.527777777777778
"empirical_rates",0
"empirical_rates",0.393782383419689
"empirical_rates",0
"empirical_rates",0.742857142857143
"empirical_rates",0
"empirical_rates",0
"empirical_rates",0.00462962962962963
"empirical_rates",0.995215311004785
"empirical_rates",0.954545454545455
"empirical_rates",0
"empirical_rates",0
"empirical_rates",0.235576923076923
"empirical_rates",0.00448430493273543
"empirical_rates",0.00934579439252336
"empirical_rates",0
"empirical_rates",0.25609756097561
"empirical_rates",0.598086124401914
"empirical_rates",0.164179104477612
"empirical_rates",0.0564102564102564
"empirical_rates",0
"empirical_rates",0.0648148148148148
"empirical_rates",0
"empirical_rates",1
"empirical_rates",0.0676328502415459
"empirical_rates",0.323232323232323
"empirical_rates",0.980861244019139
"empirical_rates",0.111650485436893
"empirical_rates",0.102803738317757
"empirical_rates",0.032520325203252
"empirical_rates",0.00465116279069767
"empirical_rates",0.990430622009569
"empirical_rates",0
"empirical_rates",0
"empirical_rates",0
"empirical_rates",0.298136645962733
"empirical_rates",0
"empirical_rates",0.334841628959276
"empirical_rates",0
"empirical_rates",1
"empirical_rates",0.371980676328502
"empirical_rates",0.203045685279188
"empirical_rates",0.0398009950248756
"empirical_rates",0.0315789473684211
"empirical_rates",0.118012422360248
"empirical_rates",0.981308411214953
"empirical_rates",0.005
"empirical_rates",0.987577639751553
"empirical_rates",0.0288461538461538
"empirical_rates",0
"empirical_rates",1
"empirical_rates",0.00925925925925926
"empirical_rates",0
"empirical_rates",0.00480769230769231
"empirical_rates",0.994845360824742
"empirical_rates",0
"empirical_rates",0.0358974358974359
"empirical_rates",0.0143540669856459
"empirical_rates",0
"empirical_rates",0.0040650406504065
"empirical_rates",0.611111111111111
"empirical_rates",0.980676328502415
"empirical_rates",0
"empirical_rates",0.990384615384615
"empirical_rates",0.0124223602484472
"empirical_rates",0.984615384615385
"empirical_rates",0.0149253731343284
"empirical_rates",0.0248447204968944
"empirical_rates",0
"empirical_rates",0
"empirical_rates",0.319796954314721
"empirical_rates",0.354037267080745
"empirical_rates",0.901345291479821
"empirical_rates",0.495192307692308
"empirical_rates",0.995454545454545
"empirical_rates",0.30622009569378
"empirical_rates",0.153846153846154
"empirical_rates",0.0134529147982063
"empirical_rates",0.525581395348837
"empirical_rates",0.126016260162602
"empirical_rates",0.139303482587065
"empirical_rates",0.110047846889952
"empirical_rates",0.257575757575758
"empirical_rates",0.168224299065421
"empirical_rates",0.272357723577236
"empirical_rates",0.181818181818182
"empirical_rates",0.0101010101010101
"empirical_rates",0
"empirical_rates",0.993788819875776
"empirical_rates",0.983673469387755
"empirical_rates",0.22360248447205
"empirical_rates",0.10126582278481
"empirical_rates",0.5
"empirical_rates",0.0194174757281553
"empirical_rates",0
"empirical_rates",1
"empirical_rates",0.547368421052632
"empirical_rates",0.01
"empirical_rates",0.0154639175257732
"empirical_rates",0.467289719626168
"empirical_rates",0.990049751243781
"empirical_rates",0.0203252032520325
"empirical_rates",0.01
"empirical_rates",0.990654205607477
"empirical_rates",0.00420168067226891
"empirical_rates",0
"empirical_rates",0.646464646464647
"empirical_rates",0
"empirical_rates",0.439024390243902
"empirical_rates",0.396396396396396
"empirical_rates",0.158878504672897
"empirical_rates",0.398148148148148
"empirical_rates",0.483720930232558
"empirical_rates",0.0186915887850467
"empirical_rates",0
"empirical_rates",0.00956937799043062
"empirical_rates",0.378947368421053
"empirical_rates",0.0865384615384615
"empirical_rates",0.0040983606557377
"empirical_rates",0
"empirical_rates",1
"empirical_rates",0.11734693877551
"empirical_rates",0.989847715736041
"empirical_rates",0
"empirical_rates",0
"empirical_rates",0.984848484848485
"empirical_rates",0.987755102040816
"empirical_rates",0.995192307692308
"empirical_rates",0
"empirical_rates",0
"empirical_rates",0
"empirical_rates",0.00448430493273543
"empirical_rates",0
"empirical_rates",0.0787037037037037
"empirical_rates",0.338383838383838
"empirical_rates",0
"empirical_rates",0
"empirical_rates",0
"empirical_rates",0.338461538461538
"empirical_rates",0
"empirical_rates",0.00448430493273543
"empirical_rates",0.202020202020202
"empirical_rates",0.989690721649485
"empirical_rates",0.00436681222707424
"empirical_rates",0
"empirical_rates",0
"empirical_rates",0.52
"empirical_rates",0.041025641025641
"empirical_rates",0.976415094339623
"empirical_rates",0
"empirical_rates",0.00444444444444444
"empirical_rates",0.965174129353234
"empirical_rates",0.981366459627329
"empirical_rates",0.0307692307692308
"empirical_rates",0.981481481481482
"empirical_rates",0.328358208955224
"empirical_rates",0
"empirical_rates",0.0099502487562189
"empirical_rates",1
"empirical_rates",0
"empirical_rates",0.327800829875519
"empirical_rates",0.00956937799043062
"empirical_rates",0
"empirical_rates",0.870192307692308
"empirical_rates",0.467592592592593
"empirical_rates",0.972222222222222
"empirical_rates",1
"empirical_rates",0
"empirical_rates",0.00645161290322581
"empirical_rates",0.00934579439252336
"empirical_rates",0.267080745341615
"empirical_rates",0.00956937799043062
"empirical_rates",0
"empirical_rates",0.00925925925925926
"empirical_rates",0.0256410256410256
"empirical_rates",0.0149253731343284
"empirical_rates",0
"empirical_rates",0.222222222222222
"empirical_rates",0
"empirical_rates",0.476923076923077
"empirical_rates",0
"empirical_rates",0.61244019138756
"empirical_rates",0
"empirical_rates",0
"empirical_rates",0.00925925925925926
"empirical_rates",0.336448598130841
"empirical_rates",0.00512820512820513
"empirical_rates",0.994871794871795
"empirical_rates",0.015
